destination,place_name,category,address,rating,review_count,url,latitude,longitude
atraksi dekat Mandalika,Sirkuit Internasional Pertamina Mandalika,Lintasan balap mobil,"
Jl. Sengkol, Kuta, Kec. Pujut, Kabupaten Lombok Tengah, Nusa Tenggara Bar. 83573","4,7",4687.0,"https://www.google.com/maps/place/Sirkuit+Internasional+Pertamina+Mandalika/@-8.8951575,116.304228,17z/data=!3m1!4b1!4m6!3m5!1s0x2dcd071ecdcec477:0x44f271f670057e58!8m2!3d-8.8951575!4d116.304228!16s%2Fg%2F11qsjf5778?authuser=0&hl=id&entry=ttu&g_ep=EgoyMDI2MDYwMS4wIKXMDSoASAFQAw%3D%3D",-8.8951575,116.304228
atraksi dekat Mandalika,Bukit seger sirkuit mandalika,Tujuan Wisata,"
37VW+6W3, Sengkol, Kec. Pujut, Kabupaten Lombok Tengah, Nusa Tenggara Bar. 83573","4,7",440.0,https://www.google.com/maps/place/Bukit+seger+sirkuit+mandalika/data=!4m7!3m6!1s0x2dcd010141bbc6d5:0x37b4417293bdb1a0!8m2!3d-8.9069779!4d116.2972849!16s%2Fg%2F11pdzn9vc2!19sChIJ1ca7QQEBzS0RoLG9k3JBtDc?authuser=0&hl=id&rclk=1,-8.9069779,116.2972849
atraksi dekat Mandalika,Pantai Torok Bare,Tujuan Wisata,"
38R6+X4V, Jl. Beach Walk, Kuta, Kec. Pujut, Kabupaten Lombok Tengah, Nusa Tenggara Bar. 83573","4,2",65.0,https://www.google.com/maps/place/Pantai+Torok+Bare/data=!4m7!3m6!1s0x2dcd0745cb611781:0xb6b7c6c067e5428a!8m2!3d-8.907521!4d116.3102901!16s%2Fg%2F11ddzs5yty!19sChIJgRdhy0UHzS0RikLlZ8DGt7Y?authuser=0&hl=id&rclk=1,-8.907521,116.3102901
atraksi dekat Mandalika,Pantai Seger Kuta Lombok,Tujuan Wisata,"
Kuta, Kec. Pujut, Kabupaten Lombok Tengah, Nusa Tenggara Bar. 83573","4,5",1713.0,https://www.google.com/maps/place/Pantai+Seger+Kuta+Lombok/data=!4m7!3m6!1s0x2dcd07688be32eb3:0x4a2b5a1298bb615b!8m2!3d-8.907198!4d116.2970394!16s%2Fg%2F11cjh_bn9b!19sChIJsy7ji2gHzS0RW2G7mBJaK0o?authuser=0&hl=id&rclk=1,-8.907198,116.2970394
atraksi dekat Mandalika,BATU BERANG BEACH,Tujuan Wisata,"
Serenang, Desa, Mertak, Kec. Pujut, Kabupaten Lombok Tengah, Nusa Tenggara Bar. 83573","3,9",55.0,https://www.google.com/maps/place/BATU+BERANG+BEACH/data=!4m7!3m6!1s0x2dcd01b73fec915d:0xa4a7aa4b6e7a61b7!8m2!3d-8.8974961!4d116.3452859!16s%2Fg%2F11h2pkjs58!19sChIJXZHsP7cBzS0Rt2F6bkuqp6Q?authuser=0&hl=id&rclk=1,-8.8974961,116.3452859
atraksi dekat Mandalika,Bukit Merese,Tujuan Wisata,"
Jl. Kuta Lombok, Kuta, Kec. Pujut, Kabupaten Lombok Tengah, Nusa Tenggara Bar. 83573","4,7",8695.0,https://www.google.com/maps/place/Bukit+Merese/data=!4m7!3m6!1s0x2dcdb3a83b5a599f:0xf8cf6a8d2d088cc!8m2!3d-8.9139299!4d116.3190063!16s%2Fg%2F11c1p92mc8!19sChIJn1laO6izzS0RzIjQ0qj2jA8?authuser=0&hl=id&rclk=1,-8.9139299,116.3190063
atraksi dekat Mandalika,Bukit Seger,Tujuan Wisata,"
37RX+VR3, Jl. beach walk, Kuta, Kec. Pujut, Kabupaten Lombok Tengah, Nusa Tenggara Bar. 83573","4,7",879.0,https://www.google.com/maps/place/Bukit+Seger/data=!4m7!3m6!1s0x2dcd0780b770192d:0x60587e267f3f1e8b!8m2!3d-8.9078631!4d116.299562!16s%2Fg%2F11hdx7q1dm!19sChIJLRlwt4AHzS0Rix4_fyZ-WGA?authuser=0&hl=id&rclk=1,-8.9078631,116.299562
atraksi dekat Mandalika,Taman Wisata Pusuk Sembalun (Tourist Park),Tujuan Wisata,"
HGMQ+W7X, Jl. Wisata Gn. Rinjani, Sembalun Bumbung, Kec. Sembalun, Kabupaten Lombok Timur, Nusa Tenggara Bar. 83656","4,6",1001.0,https://www.google.com/maps/place/Taman+Wisata+Pusuk+Sembalun+%28Tourist+Park%29/data=!4m7!3m6!1s0x2dcc31485c05687f:0x39e62678d75c6c75!8m2!3d-8.4151495!4d116.5382383!16s%2Fg%2F11swlx_wz1!19sChIJf2gFXEgxzC0RdWxc13gm5jk?authuser=0&hl=id&rclk=1,-8.4151495,116.5382383
atraksi dekat Mandalika,Sade Village,Tujuan Wisata,,"4,5",10792.0,https://www.google.com/maps/place/Sade+Village/data=!4m7!3m6!1s0x2dcda9172d983baf:0xfa9eed5a2752a97c!8m2!3d-8.839459!4d116.2926278!16s%2Fg%2F11b86pb7tm!19sChIJrzuYLRepzS0RfKlSJ1rtnvo?authuser=0&hl=id&rclk=1,-8.839459,116.2926278
atraksi dekat Labuan Bajo,Paket Wisata Labuan Bajo - Sunrise Indonesia,Tujuan Wisata,,"4,6",73.0,https://www.google.com/maps/place/Paket+Wisata+Labuan+Bajo+-+Sunrise+Indonesia/data=!4m7!3m6!1s0x2db465a132d7fe81:0x7ed98c06ad586ee9!8m2!3d-8.4868113!4d119.8857285!16s%2Fg%2F11jn2p16db!19sChIJgf7XMqFltC0R6W5YrQaM2X4?authuser=0&hl=id&rclk=1,-8.4868113,119.8857285
atraksi dekat Labuan Bajo,Kanawa Island,Tujuan Wisata,,"4,6",188.0,https://www.google.com/maps/place/Kanawa+Island/data=!4m7!3m6!1s0x2db467f1c4d0ca0d:0x5b9902ce7ec279f9!8m2!3d-8.4948685!4d119.7587178!16s%2Fg%2F11h3ngc844!19sChIJDcrQxPFntC0R-XnCfs4CmVs?authuser=0&hl=id&rclk=1,-8.4948685,119.7587178
atraksi dekat Labuan Bajo,Pelabuhan Labuan Bajo,Tujuan Wisata,"
GV4F+5VW, Labuan Bajo, Kec. Komodo, Kabupaten Manggarai Barat, Nusa Tenggara Tim.","4,6",244.0,https://www.google.com/maps/place/Pelabuhan+Labuan+Bajo/data=!4m7!3m6!1s0x2db4676c37550521:0xd7603e1fb6ae6b62!8m2!3d-8.4945214!4d119.8747102!16s%2Fg%2F11rcwwptns!19sChIJIQVVN2xntC0RYmuuth8-YNc?authuser=0&hl=id&rclk=1,-8.4945214,119.8747102
atraksi dekat Labuan Bajo,Sylvia Hill,Area Mendaki,,"4,7",686.0,https://www.google.com/maps/place/Sylvia+Hill/data=!4m7!3m6!1s0x2db467199dee388b:0x8927f550fde97467!8m2!3d-8.4633578!4d119.8756064!16s%2Fg%2F11h_4872fk!19sChIJizjunRlntC0RZ3Tp_VD1J4k?authuser=0&hl=id&rclk=1,-8.4633578,119.8756064
atraksi dekat Labuan Bajo,Gua Rangko,Tujuan Wisata,"
Tj. Boleng, Kec. Boleng, Kabupaten Manggarai Barat, Nusa Tenggara Tim.","4,4",97.0,https://www.google.com/maps/place/Gua+Rangko/data=!4m7!3m6!1s0x2db469c69631e4d3:0xbd8b0886f7871e96!8m2!3d-8.4337237!4d119.9635698!16s%2Fg%2F11kj59h6_9!19sChIJ0-QxlsZptC0Rlh6H94YIi70?authuser=0&hl=id&rclk=1,-8.4337237,119.9635698
atraksi dekat Labuan Bajo,Gua Batu Cermin,Cagar Alam,"
Labuan Bajo, Kec. Komodo, Kabupaten Manggarai Barat, Nusa Tenggara Tim.","4,4",1584.0,https://www.google.com/maps/place/Gua+Batu+Cermin/data=!4m7!3m6!1s0x2db465cc00000001:0x4117d8cde8e0be40!8m2!3d-8.479371!4d119.8991958!16s%2Fg%2F11c1q3xz9c!19sChIJAQAAAMxltC0RQL7g6M3YF0E?authuser=0&hl=id&rclk=1,-8.479371,119.8991958
atraksi dekat Labuan Bajo,Manjarite Beach,Tujuan Wisata,,"4,6",375.0,https://www.google.com/maps/place/Manjarite+Beach/data=!4m7!3m6!1s0x2db4610c3a69c3a5:0xd3b71cdc8e43ca35!8m2!3d-8.5687785!4d119.80841!16s%2Fg%2F11grp_8chq!19sChIJpcNpOgxhtC0RNcpDjtwct9M?authuser=0&hl=id&rclk=1,-8.5687785,119.80841
atraksi dekat Labuan Bajo,Pondok Pohon Tanjung Bunga,Tujuan Wisata,"
HV67+4GX, Labuan Bajo, Kec. Komodo, Kabupaten Manggarai Barat, Nusa Tenggara Tim.","4,8",177.0,https://www.google.com/maps/place/Pondok+Pohon+Tanjung+Bunga/data=!4m7!3m6!1s0x2db46905cb92cfe7:0xddfba3425ae611cb!8m2!3d-8.439637!4d119.8638557!16s%2Fg%2F11syy46wqn!19sChIJ58-SywVptC0RyxHmWkKj-90?authuser=0&hl=id&rclk=1,-8.439637,119.8638557
atraksi dekat Labuan Bajo,Pulau Bidadari,Museum Sejarah Lokal,"
GR8Q+FMC, Labuan Bajo, Kec. Komodo, Kabupaten Manggarai Barat, Nusa Tenggara Tim.","4,6",8.0,https://www.google.com/maps/place/Pulau+Bidadari/data=!4m7!3m6!1s0x2db467f635eec13f:0xbc9df4a06369a829!8m2!3d-8.483821!4d119.8391312!16s%2Fg%2F11hvmgqbjq!19sChIJP8HuNfZntC0RKahpY6D0nbw?authuser=0&hl=id&rclk=1,-8.483821,119.8391312
atraksi dekat Labuan Bajo,Bukit Amelia,Tujuan Wisata,"
GVPG+4CH, Labuan Bajo, Kec. Komodo, Labuan Bajo, Flores, Kabupaten Manggarai Barat, Nusa Tenggara Tim.","4,7",917.0,https://www.google.com/maps/place/Bukit+Amelia/data=!4m7!3m6!1s0x2db46608b4f62881:0x6cc6b4b4b94522dc!8m2!3d-8.4646875!4d119.8761094!16s%2Fg%2F11c2pkgznq!19sChIJgSj2tAhmtC0R3CJFubS0xmw?authuser=0&hl=id&rclk=1,-8.4646875,119.8761094
atraksi dekat Likupang,"Bukit Larata, Desa Kinunang",Area Rekreasi Alam,"
Pulisan, Kec. Likupang Tim., Kabupaten Minahasa Utara, Sulawesi Utara","4,6",164.0,"https://www.google.com/maps/place/Bukit+Larata,+Desa+Kinunang/data=!4m7!3m6!1s0x3287b3a50cec6d99:0x2a7eac46c94fd571!8m2!3d1.6663828!4d125.1621136!16s%2Fg%2F11dx99dch7!19sChIJmW3sDKWzhzIRcdVPyUasfio?authuser=0&hl=id&rclk=1",1.6663828,125.1621136
atraksi dekat Likupang,Bukit Savana Pulisan,Tujuan Wisata,"
M5H2+PWV, Pulisan, Kec. Likupang Tim., Kabupaten Minahasa Utara, Sulawesi Utara","4,6",131.0,https://www.google.com/maps/place/Bukit+Savana+Pulisan/data=!4m7!3m6!1s0x3287b393aff99b0f:0xba3d48ddf0ee2322!8m2!3d1.6793692!4d125.1522821!16s%2Fg%2F11gfhbhhtq!19sChIJD5v5r5OzhzIRIiPu8N1IPbo?authuser=0&hl=id&rclk=1,1.6793692,125.1522821
atraksi dekat Likupang,Kawasan Ekonomi Khusus Likupang,Tujuan Wisata,"
M5H2+4R9, Pulisan, Kec. Likupang Tim., Kabupaten Minahasa Utara, Sulawesi Utara","4,5",27.0,https://www.google.com/maps/place/Kawasan+Ekonomi+Khusus+Likupang/data=!4m7!3m6!1s0x3287b3b225f71191:0xe96d6bb768da8c59!8m2!3d1.6777944!4d125.1521127!16s%2Fg%2F11hzstfh14!19sChIJkRH3JbKzhzIRWYzaaLdrbek?authuser=0&hl=id&rclk=1,1.6777944,125.1521127
atraksi dekat Likupang,Kawasan Wisata Pantai Surabaya,Tujuan Wisata,"
M474+QJ6, Jl. Likupang-Girian, Wineru, Kec. Likupang Tim., Kabupaten Minahasa Utara, Sulawesi Utara","4,1",311.0,https://www.google.com/maps/place/Kawasan+Wisata+Pantai+Surabaya/data=!4m7!3m6!1s0x3287b173455ed187:0x2a14222d6adcc420!8m2!3d1.6644095!4d125.1065074!16s%2Fg%2F1hm34wlg6!19sChIJh9FeRXOxhzIRIMTcai0iFCo?authuser=0&hl=id&rclk=1,1.6644095,125.1065074
atraksi dekat Danau Toba,Pelabuhan Tiga Raja,Otoritas Pelabuhan,"
MW6J+C5X, Tiga Raja, Kec. Girsang Sipangan Bolon, Kabupaten Simalungun, Sumatera Utara 21174","4,3",325.0,https://www.google.com/maps/place/Pelabuhan+Tiga+Raja/data=!4m7!3m6!1s0x3031ec0276b2062d:0x97a650e7d99fa3e2!8m2!3d2.6611171!4d98.9304763!16s%2Fg%2F11b7zhw0f3!19sChIJLQaydgLsMTAR4qOf2edQppc?authuser=0&hl=id&rclk=1,2.6611171,98.9304763
atraksi dekat Danau Toba,Sapo Juma,Taman,"
Pangambatan, Kec. Merek, Kabupaten Karo, Sumatera Utara 22173","4,4",1690.0,https://www.google.com/maps/place/Sapo+Juma/data=!4m7!3m6!1s0x3031ad6384f85c4b:0x6593b5bb185cfed1!8m2!3d2.9099556!4d98.519545!16s%2Fg%2F11f_j7jvpj!19sChIJS1z4hGOtMTAR0f5cGLu1k2U?authuser=0&hl=id&rclk=1,2.9099556,98.519545
atraksi dekat Danau Toba,Taman Bunga Sapo Juma,Taman,"
WG69+M82, Tongging, Kec. Merek, Kabupaten Karo, Sumatera Utara 22173","4,4",276.0,https://www.google.com/maps/place/Taman+Bunga+Sapo+Juma/data=!4m7!3m6!1s0x3031ad7b3eb96f95:0x8c556fb716258d29!8m2!3d2.9116491!4d98.5182663!16s%2Fg%2F11f4r12135!19sChIJlW-5PnutMTARKY0lFrdvVYw?authuser=0&hl=id&rclk=1,2.9116491,98.5182663
atraksi dekat Danau Toba,Sabana Bukit Gundul,Area Mendaki,"
WGHM+HQ5, Situnggaling, Kec. Merek, Kabupaten Karo, Sumatera Utara 22173","4,8",31.0,https://www.google.com/maps/place/Sabana+Bukit+Gundul/data=!4m7!3m6!1s0x3031ad471f44d399:0x705d7273bd994163!8m2!3d2.9288934!4d98.5344836!16s%2Fg%2F11g4y_0rd5!19sChIJmdNEH0etMTARY0GZvXNyXXA?authuser=0&hl=id&rclk=1,2.9288934,98.5344836
atraksi dekat Danau Toba,Huta Siallagan,Tujuan Wisata,"
MRHP+JG6, Jl. Lkr. Tuktuk, Desa Siallagan, Pindaraya, Kabupaten Samosir, Sumatera Utara 22395","4,7",1545.0,https://www.google.com/maps/place/Huta+Siallagan/data=!4m7!3m6!1s0x3031c125fc54fdc5:0x1b8c3a82e22fd9!8m2!3d2.6790415!4d98.8362653!16s%2Fg%2F11rj5kn9zt!19sChIJxf1U_CXBMTAR2S_igjqMGwA?authuser=0&hl=id&rclk=1,2.6790415,98.8362653
atraksi dekat Danau Toba,Bukit Sibeabea,Tujuan Wisata,"
Turpuk Sihotang, Kec. Harian, Kabupaten Samosir, Sumatera Utara 22396","4,6",3488.0,https://www.google.com/maps/place/Bukit+Sibeabea/data=!4m7!3m6!1s0x3031db06803ec9f5:0xc95cb1fb76492ad6!8m2!3d2.5506701!4d98.6735887!16s%2Fg%2F11rgg_wcd1!19sChIJ9ck-gAbbMTAR1ipJdvuxXMk?authuser=0&hl=id&rclk=1,2.5506701,98.6735887
atraksi dekat Danau Toba,Pemandian Air Panas Rianiate,Tujuan Wisata,"
GPJM+6F5, Rianiate, Kec. Pangururan, Kabupaten Samosir, Sumatera Utara 22393","4,2",165.0,https://www.google.com/maps/place/Pemandian+Air+Panas+Rianiate/data=!4m7!3m6!1s0x3031db9325239f09:0x29816421eb92fb5f!8m2!3d2.5305201!4d98.7337322!16s%2Fg%2F11bcf1rndb!19sChIJCZ8jJZPbMTARX_uS6yFkgSk?authuser=0&hl=id&rclk=1,2.5305201,98.7337322
atraksi dekat Danau Toba,Pantai Paris,Tujuan Wisata,"
Tigaras, Kec. Dolok Pardamean, Kabupaten Simalungun, Sumatera Utara 21163","4,3",913.0,https://www.google.com/maps/place/Pantai+Paris/data=!4m7!3m6!1s0x3031be4dacbb753f:0x66d6b7ab5cf56d7b!8m2!3d2.80154!4d98.780056!16s%2Fg%2F11b86lnmg0!19sChIJP3W7rE2-MTARe231XKu31mY?authuser=0&hl=id&rclk=1,2.80154,98.780056
atraksi dekat Danau Toba,Danau Toba Parapat,Tujuan Wisata,"
MWMG+GCG, Jl. Siborongborong - Parapat, Sibaganding, Kec. Girsang Sipangan Bolon, Kabupaten Simalungun, Sumatera Utara 21174","4,7",4717.0,https://www.google.com/maps/place/Danau+Toba+Parapat/data=!4m7!3m6!1s0x3031ec0aec8857d1:0x64c153b8e68294d4!8m2!3d2.68382!4d98.926076!16s%2Fg%2F11ckr980kr!19sChIJ0VeI7ArsMTAR1JSC5rhTwWQ?authuser=0&hl=id&rclk=1,2.68382,98.926076
atraksi dekat Danau Toba,Air terjun Lae Pendaroh,Tujuan Wisata,"
P9MJ+XQ8, Unnamed Road, Sitinjo I, Kec. Sitinjo, Kabupaten Dairi, Sumatera Utara 22281","3,9",89.0,https://www.google.com/maps/place/Air+terjun+Lae+Pendaroh/data=!4m7!3m6!1s0x303037d34a044057:0xe3f3752787a63aff!8m2!3d2.7349183!4d98.3819565!16s%2Fg%2F11rfrspj56!19sChIJV0AEStM3MDAR_zqmhyd18-M?authuser=0&hl=id&rclk=1,2.7349183,98.3819565
atraksi dekat Danau Toba,Bukit Holbung Samosir,Tujuan Wisata,"
Jl. Sisingamangaraja, Hariara Pohan, Kec. Harian, Kabupaten Samosir, Sumatera Utara","4,7",3250.0,https://www.google.com/maps/place/Bukit+Holbung+Samosir/data=!4m7!3m6!1s0x3031da4bba9d523f:0xf1e39423315c1cfc!8m2!3d2.5300058!4d98.6973274!16s%2Fg%2F11fyx7qq1b!19sChIJP1KdukvaMTAR_BxcMSOU4_E?authuser=0&hl=id&rclk=1,2.5300058,98.6973274
atraksi dekat Danau Toba,The Kaldera,Tujuan Wisata,"
Sigapiton, Kec. Ajibata, Toba, Sumatera Utara 22386","4,6",3648.0,https://www.google.com/maps/place/The+Kaldera/data=!4m7!3m6!1s0x3031ef11fbe7a0f9:0x75154767a18d02c8!8m2!3d2.6067911!4d98.9459367!16s%2Fg%2F11fkn47m3h!19sChIJ-aDn-xHvMTARyAKNoWdHFXU?authuser=0&hl=id&rclk=1,2.6067911,98.9459367
atraksi dekat Danau Toba,Pertunjukan Tari Sigalegale,Tujuan Wisata,"
MV26+P89, Tomok, Simanindo, Kabupaten Samosir, Sumatera Utara 22395","4,5",3350.0,https://www.google.com/maps/place/Pertunjukan+Tari+Sigalegale/data=!4m7!3m6!1s0x3031e99379597965:0x42576a71501b7b55!8m2!3d2.6517853!4d98.8608458!16s%2Fg%2F11cjhyxd61!19sChIJZXlZeZPpMTARVXsbUHFqV0I?authuser=0&hl=id&rclk=1,2.6517853,98.8608458
atraksi dekat Danau Toba,Bukit Beta Tuk-tuk,Area Mendaki,"
MR6W+CQ2, tuk tuk danau, Toba, South Siantar, Pematang Siantar City, North Sumatra","4,6",420.0,https://www.google.com/maps/place/Bukit+Beta+Tuk-tuk/data=!4m7!3m6!1s0x3031e9fa043cf24d:0xfb8ed278d029a861!8m2!3d2.6610216!4d98.846906!16s%2Fg%2F11c5_62xh7!19sChIJTfI8BPrpMTARYagp0HjSjvs?authuser=0&hl=id&rclk=1,2.6610216,98.846906
atraksi dekat Danau Toba,Patung Sigalegale,Patung,"
MV26+P8P, Tomok, Simanindo, Kabupaten Samosir, Sumatera Utara 22395","4,6",285.0,https://www.google.com/maps/place/Patung+Sigalegale/data=!4m7!3m6!1s0x3031e9e509861bff:0xce93e15adc7ccb68!8m2!3d2.6518456!4d98.8608304!16s%2Fg%2F11fn4b3rxv!19sChIJ_xuGCeXpMTARaMt83Frhk84?authuser=0&hl=id&rclk=1,2.6518456,98.8608304
atraksi dekat Danau Toba,"Taman Wisata Iman Sitinjo, Dairi",Tempat Religius,,"4,5",722.0,"https://www.google.com/maps/place/Taman+Wisata+Iman+Sitinjo,+Dairi/data=!4m7!3m6!1s0x3030361389203e7f:0xd7767655bdf03125!8m2!3d2.7287357!4d98.383084!16s%2Fg%2F123975lc!19sChIJfz4giRM2MDARJTHwvVV2dtc?authuser=0&hl=id&rclk=1",2.7287357,98.383084
atraksi dekat Danau Toba,Bukit Indah Simarjarunjung,Titik Pemandangan,"
Jl. Simarjarunjung, Butu Bayu Pane Raja, Kec. Dolok Pardamean, Kabupaten Simalungun, Sumatera Utara 21163","4,3",7279.0,https://www.google.com/maps/place/Bukit+Indah+Simarjarunjung/data=!4m7!3m6!1s0x3031be7326c429cd:0x934e4a3527a57ab5!8m2!3d2.8137612!4d98.781632!16s%2Fg%2F11dx8yz3zg!19sChIJzSnEJnO-MTARtXqlJzVKTpM?authuser=0&hl=id&rclk=1,2.8137612,98.781632
atraksi dekat Danau Toba,Museum Huta Bolon Simanindo,Museum,"
QP2V+VJX, Jalan Pelabuhan, Simanindo Sangkal, Simanindo, Samosir Regency, North Sumatra 22395","4,2",406.0,https://www.google.com/maps/place/Museum+Huta+Bolon+Simanindo/data=!4m7!3m6!1s0x3031b8ac44688e05:0xdb20e0beafe625bd!8m2!3d2.7522486!4d98.7441026!16s%2Fg%2F11byvwrylm!19sChIJBY5oRKy4MTARvSXmr77gINs?authuser=0&hl=id&rclk=1,2.7522486,98.7441026
atraksi dekat Danau Toba,bukit gajah bobok,Tujuan Wisata,"
VGX6+J96, Tongging, Kec. Merek, Kabupaten Karo, Sumatera Utara 22173","4,5",204.0,https://www.google.com/maps/place/bukit+gajah+bobok/data=!4m7!3m6!1s0x3031b34843090c27:0x1620a69ecb49e4f0!8m2!3d2.8990462!4d98.5108769!16s%2Fg%2F11p_5r5drm!19sChIJJwwJQ0izMTAR8ORJy56mIBY?authuser=0&hl=id&rclk=1,2.8990462,98.5108769
atraksi dekat Danau Toba,Air Terjun Dumasari Nauli,Tujuan Wisata,"
PW5P+2CH, Sibaganding, Kec. Girsang Sipangan Bolon, Kabupaten Simalungun, Sumatera Utara 21174","4,9",12.0,https://www.google.com/maps/place/Air+Terjun+Dumasari+Nauli/data=!4m7!3m6!1s0x3031ed1221899c07:0xbd9b7b62ccc939f4!8m2!3d2.7075536!4d98.9361045!16s%2Fg%2F11j7yxbtrq!19sChIJB5yJIRLtMTAR9DnJzGJ7m70?authuser=0&hl=id&rclk=1,2.7075536,98.9361045
atraksi dekat Danau Toba,Aek Rangat Pangururan,Tujuan Wisata,"
Aek Rangat, Kec. Pangururan, Kabupaten Samosir, Sumatera Utara 22392","4,3",1672.0,https://www.google.com/maps/place/Aek+Rangat+Pangururan/data=!4m7!3m6!1s0x3031db9325239f09:0xb4ecb7e34f9a528f!8m2!3d2.6186837!4d98.6755199!16s%2Fg%2F11fz7h1129!19sChIJCZ8jJZPbMTARj1KaT-O37LQ?authuser=0&hl=id&rclk=1,2.6186837,98.6755199
atraksi dekat Danau Toba,Pesanggrahan Bung Karno,Museum,"
Pantai mercusuar, Parapat, Kec. Girsang Sipangan Bolon, Kabupaten Simalungun, Sumatera Utara 21174","4,6",351.0,https://www.google.com/maps/place/Pesanggrahan+Bung+Karno/data=!4m7!3m6!1s0x3031eea3f25aef29:0xfb99de4919f47cf5!8m2!3d2.6654975!4d98.926417!16s%2Fg%2F11bzt8yjf9!19sChIJKe9a8qPuMTAR9Xz0GUnemfs?authuser=0&hl=id&rclk=1,2.6654975,98.926417
atraksi dekat Danau Toba,Air Terjun Sipisopiso,Titik Pemandangan,"
Tongging, Kec. Merek, Kabupaten Karo, Sumatera Utara 22173","4,5",3221.0,https://www.google.com/maps/place/Air+Terjun+Sipisopiso/data=!4m7!3m6!1s0x3031ad70b69431e9:0x8d2b0d8b4069f47f!8m2!3d2.9164873!4d98.5195038!16s%2Fg%2F11c1g6qdhc!19sChIJ6TGUtnCtMTARf_RpQIsNK40?authuser=0&hl=id&rclk=1,2.9164873,98.5195038
atraksi dekat Danau Toba,Huta BOLON,Komplek perumahan,"
JVP6+9Q6, Tomok, Simanindo, Kabupaten Samosir, Sumatera Utara 22395","4,3",64.0,https://www.google.com/maps/place/Huta+BOLON/data=!4m7!3m6!1s0x3031e9b76e71f86f:0xfdaf98f4d000c507!8m2!3d2.6359229!4d98.8619042!16s%2Fg%2F11cjj02gm4!19sChIJb_hxbrfpMTARB8UA0PSYr_0?authuser=0&hl=id&rclk=1,2.6359229,98.8619042
atraksi dekat Danau Toba,,,,,126.0,https://www.google.com/maps/place/Air+Terjun+Siringo/data=!4m7!3m6!1s0x3031b5c720b67c65:0xf2dd7c5fe34cda93!8m2!3d2.7727056!4d98.5527984!16s%2Fg%2F11g6nr6593!19sChIJZXy2IMe1MTARk9pM41983fI?authuser=0&hl=id&rclk=1,2.7727056,98.5527984
atraksi dekat Danau Toba,Wisata Bukit Gibeon,Tujuan Wisata,"
HXRX+84Q, Unnamed Road, Sionggang Utara, Kec. Lumban Julu, Toba, Sumatera Utara 21174","4,5",475.0,https://www.google.com/maps/place/Wisata+Bukit+Gibeon/data=!4m7!3m6!1s0x3031eff6c71c6fd7:0x56ef2b4447dda14!8m2!3d2.5908281!4d98.9978528!16s%2Fg%2F11d_8bbvln!19sChIJ128cx_bvMTARFNp9RLTybgU?authuser=0&hl=id&rclk=1,2.5908281,98.9978528
atraksi dekat Danau Toba,Pemandian alam Bah Damanik,Tujuan Wisata,"
Ambarisan, Kec. Sidamanik, Kabupaten Simalungun, Sumatera Utara 21161","4,3",1943.0,https://www.google.com/maps/place/Pemandian+alam+Bah+Damanik/data=!4m7!3m6!1s0x3031972b9e8f00a1:0x54d664c2f512aec0!8m2!3d2.8650376!4d98.9208046!16s%2Fg%2F11b69xx6cg!19sChIJoQCPniuXMTARwK4S9cJk1lQ?authuser=0&hl=id&rclk=1,2.8650376,98.9208046
atraksi dekat Danau Toba,Air Mancur Menari Water Front Pangururan,Tujuan Wisata,"
JM3X+GWV, Pardomuan I, Kec. Pangururan, Kabupaten Samosir, Sumatera Utara 22392","4,6",1113.0,https://www.google.com/maps/place/Air+Mancur+Menari+Water+Front+Pangururan/data=!4m7!3m6!1s0x3031c5004b96a6ef:0x6db8f05ea2ad6dba!8m2!3d2.6038544!4d98.6997962!16s%2Fg%2F11lcqr5jgt!19sChIJ76aWSwDFMTARum2tol7wuG0?authuser=0&hl=id&rclk=1,2.6038544,98.6997962
atraksi dekat Danau Toba,Monkey Forest Umar Manik Sibaganding,Tujuan Wisata,"
MWVG+7Q9, Jl. Siborongborong - Parapat, Sibaganding, Kec. Girsang Sipangan Bolon, Kabupaten Simalungun, Sumatera Utara 21174","4,9",48.0,https://www.google.com/maps/place/Monkey+Forest+Umar+Manik+Sibaganding/data=!4m7!3m6!1s0x3031ed88c3a8253b:0x895b849241557858!8m2!3d2.6931522!4d98.9269824!16s%2Fg%2F11fmq9zlkq!19sChIJOyWow4jtMTARWHhVQZKEW4k?authuser=0&hl=id&rclk=1,2.6931522,98.9269824
atraksi dekat Danau Toba,Pantai Grace,Hotel,"
RQ2J+HC5, Tigaras, Kec. Dolok Pardamean, Kabupaten Simalungun, Sumatera Utara 21163","4,7",15.0,https://www.google.com/maps/place/Pantai+Grace/data=!4m7!3m6!1s0x3031bf045e934ffd:0xe41bb01ffc496e93!8m2!3d2.8013891!4d98.7810963!16s%2Fg%2F11k9s2lwyf!19sChIJ_U-TXgS_MTARk25J_B-wG-Q?authuser=0&hl=id&rclk=1,2.8013891,98.7810963
atraksi dekat Danau Toba,Bukit Senyum Motung,Tujuan Wisata,"
JWPC+8C4, Motung, Kec. Ajibata, Toba, Sumatera Utara","4,7",884.0,https://www.google.com/maps/place/Bukit+Senyum+Motung/data=!4m7!3m6!1s0x3031e92d8ff12afb:0x95ba3b586458e443!8m2!3d2.6357725!4d98.9210627!16s%2Fg%2F11cmnmjg7m!19sChIJ-yrxjy3pMTARQ-RYZFg7upU?authuser=0&hl=id&rclk=1,2.6357725,98.9210627
atraksi dekat Danau Toba,Bukit Sipolha,Area Rekreasi Alam,"
PVM5+XP3 Bukit Sipolha, Sipolha Horison, Pematang Sidamanik, Simalungun Regency, North Sumatra 21186","4,6",479.0,https://www.google.com/maps/place/Bukit+Sipolha/data=!4m7!3m6!1s0x3031ebfd0df859b3:0xc96ac4b809eb62a!8m2!3d2.7348781!4d98.8593015!16s%2Fg%2F11g0w44mpm!19sChIJs1n4Df3rMTARKraegEuslgw?authuser=0&hl=id&rclk=1,2.7348781,98.8593015
atraksi dekat Danau Toba,Pantai Raya,Hotel,"
RQ2H+PW9, Tigaras, Kec. Dolok Pardamean, Kabupaten Simalungun, Sumatera Utara 21163","4,2",77.0,https://www.google.com/maps/place/Pantai+Raya/data=!4m7!3m6!1s0x3031beeda281cbf3:0x812ad8a56e85057d!8m2!3d2.8017876!4d98.7798438!16s%2Fg%2F11c5qsrvdc!19sChIJ88uBou2-MTARfQWFbqXYKoE?authuser=0&hl=id&rclk=1,2.8017876,98.7798438
atraksi dekat Danau Toba,Bukit Pahoda,Tujuan Wisata,"
82XR+J4W, Lumban Silintong, Kec. Balige, Toba, Sumatera Utara 22312","4,6",101.0,https://www.google.com/maps/place/Bukit+Pahoda/data=!4m7!3m6!1s0x302e049c02d6f0f9:0x51ad0eefbe2ba85d!8m2!3d2.349122!4d99.0403375!16s%2Fg%2F11c617g39v!19sChIJ-fDWApwELjARXagrvu8OrVE?authuser=0&hl=id&rclk=1,2.349122,99.0403375
atraksi dekat Danau Toba,Menara Pandang Tele,Titik Pemandangan,"
Tele Desa Partungkotnaginjang, Turpuk Limbong, Kec. Harian, Kabupaten Samosir, Sumatera Utara 22396","4,5",4753.0,https://www.google.com/maps/place/Menara+Pandang+Tele/data=!4m7!3m6!1s0x3031d060f0e3180b:0xb561ba45f008aa18!8m2!3d2.5520625!4d98.6398125!16s%2Fg%2F11c55sb9rm!19sChIJCxjj8GDQMTARGKoI8EW6YbU?authuser=0&hl=id&rclk=1,2.5520625,98.6398125
atraksi dekat Danau Toba,Makam Tua Raja Sidabutar,Pemakaman,"
MV26+G6G, Tomok, Simanindo, Kabupaten Samosir, Sumatera Utara 22395","4,4",173.0,https://www.google.com/maps/place/Makam+Tua+Raja+Sidabutar/data=!4m7!3m6!1s0x3031e99483a8f875:0xc42e0195b5b2968a!8m2!3d2.6513151!4d98.860582!16s%2Fg%2F11c5rvmg6c!19sChIJdfiog5TpMTARipaytZUBLsQ?authuser=0&hl=id&rclk=1,2.6513151,98.860582
atraksi dekat Danau Toba,Pantai Batu Papan Indah,Tujuan Wisata,"
VM5Q+W9M, Kec. Haranggaol Horison, Sumatera Utara 21165","4,0",29.0,https://www.google.com/maps/place/Pantai+Batu+Papan+Indah/data=!4m7!3m6!1s0x3031bb8965989bf5:0xd6b257f1c05591b0!8m2!3d2.8598346!4d98.6884205!16s%2Fg%2F11nnqc8jzx!19sChIJ9ZuYZYm7MTARsJFVwPFXstY?authuser=0&hl=id&rclk=1,2.8598346,98.6884205
atraksi dekat Danau Toba,Air Terjun Sigura-Gura,Tujuan Wisata,"
H833+VRV, Halado, Kec. Pintu Pohan Merant, Toba, Sumatera Utara 21274","4,4",292.0,https://www.google.com/maps/place/Air+Terjun+Sigura-Gura/data=!4m7!3m6!1s0x303204f4ef7ff827:0xa9089e4d7ca29038!8m2!3d2.55474!4d99.3045489!16s%2Fg%2F11c4wx4cvm!19sChIJJ_h_7_QEMjAROJCifE2eCKk?authuser=0&hl=id&rclk=1,2.55474,99.3045489
atraksi dekat Danau Toba,PEA POROHAN (WISATA ALAM),Tujuan Wisata,"
JPFM+PJX, Salaon Toba, Kec. Ronggur Nihuta, Kabupaten Samosir, Sumatera Utara 22392","4,7",7.0,https://www.google.com/maps/place/PEA+POROHAN+%28WISATA+ALAM%29/data=!4m7!3m6!1s0x3031c5900904bb3d:0x304eee46818a008d!8m2!3d2.6243546!4d98.7341014!16s%2Fg%2F11rc90hvwm!19sChIJPbsECZDFMTARjQCKgUbuTjA?authuser=0&hl=id&rclk=1,2.6243546,98.7341014
atraksi dekat Danau Toba,Desa Wisata Pardomuan Ajibata,Penginapan Dalam Ruangan,"
JWMX+FQC, Pardomuan Ajibata, Kec. Ajibata, Toba, Sumatera Utara 22386","4,8",6.0,https://www.google.com/maps/place/Desa+Wisata+Pardomuan+Ajibata/data=!4m7!3m6!1s0x3031ef6541b48a07:0xf17b6b085237d56c!8m2!3d2.6336795!4d98.9493751!16s%2Fg%2F11h3jdhx7n!19sChIJB4q0QWXvMTARbNU3Ughre_E?authuser=0&hl=id&rclk=1,2.6336795,98.9493751
atraksi dekat Danau Toba,Toba Village inn,,"
Kampung Tuktuk Siadong, Kecamatan Simanindo, Ambarita, Tuktuk Siadong, Simanindo, Kabupaten Samosir, Sumatera Utara 22395","4,5",785.0,https://www.google.com/maps/place/Toba+Village+inn/data=!4m10!3m9!1s0x3031ea1e9c164ee3:0x7dbec97f1bd8bf80!5m2!4m1!1i2!8m2!3d2.6689794!4d98.8536002!16s%2Fg%2F11btmcjjc8!19sChIJ404WnB7qMTARgL_YG3_Jvn0?authuser=0&hl=id&rclk=1,2.6689794,98.8536002
atraksi dekat Danau Toba,Pantai Batuhoda,Tujuan Wisata,"
JL. Raya, Cinta Dame, Simanindo, Kabupaten Samosir, Sumatera Utara 22395","4,4",1689.0,https://www.google.com/maps/place/Pantai+Batuhoda/data=!4m7!3m6!1s0x3031c715b0bed547:0x346964c80c83147!8m2!3d2.759845!4d98.725414!16s%2Fg%2F11rtsn0zhj!19sChIJR9W-sBXHMTARRzHIgEyWRgM?authuser=0&hl=id&rclk=1,2.759845,98.725414
atraksi dekat Danau Toba,Desa Wisata Tomok Parsaoran,Tujuan Wisata,"
Jl. Makam Sidabutar Jalan, Tomok, Simanindo, Kabupaten Samosir, Sumatera Utara 22395","4,4",56.0,https://www.google.com/maps/place/Desa+Wisata+Tomok+Parsaoran/data=!4m7!3m6!1s0x3031e9ba15354255:0xc2c6218271f054a5!8m2!3d2.6517983!4d98.8610551!16s%2Fg%2F11mvlmmp9f!19sChIJVUI1FbrpMTARpVTwcYIhxsI?authuser=0&hl=id&rclk=1,2.6517983,98.8610551
atraksi dekat Danau Toba,Tao Silalahi Hotel,Tujuan Wisata,"
QGRM+85C, Silalahi I, Silalahi III, Kec. Silahsabungan, Kabupaten Dairi, Sumatera Utara 22281","4,5",499.0,https://www.google.com/maps/place/Tao+Silalahi+Hotel/data=!4m7!3m6!1s0x3031b59aaaaaaaab:0xf04f21347b36fb9!8m2!3d2.7908139!4d98.5329025!16s%2Fg%2F11c2qthb08!19sChIJq6qqqpq1MTARuW-zRxPyBA8?authuser=0&hl=id&rclk=1,2.7908139,98.5329025
atraksi dekat Borobudur,OFFICE DESA WISATA BOROBUDUR,Kantor Perusahaan,"
XIII, Jl. Medang Kamulan No.9Dusun, Dusun XIII, Borobudur, Kec. Borobudur, Kabupaten Magelang, Jawa Tengah 56553","5,0",13.0,https://www.google.com/maps/place/OFFICE+DESA+WISATA+BOROBUDUR/data=!4m7!3m6!1s0x2e7a8d002506dd85:0xa369bb3ee328acd9!8m2!3d-7.6044603!4d110.2085382!16s%2Fg%2F11vkb72fzg!19sChIJhd0GJQCNei4R2awo4z67aaM?authuser=0&hl=id&rclk=1,-7.6044603,110.2085382
atraksi dekat Borobudur,Lintang Waterpark Tempuran,Kolam Renang,"
C5JQ+348, Kasuran, Sumberarum, Kec. Tempuran, Kabupaten Magelang, Jawa Tengah 56161","4,1",921.0,https://www.google.com/maps/place/Lintang+Waterpark+Tempuran/data=!4m7!3m6!1s0x2e7a8d82403cba6d:0x11fe64f09546de7f!8m2!3d-7.5698425!4d110.187842!16s%2Fg%2F11tmkyn0sp!19sChIJbbo8QIKNei4Rf95GlfBk_hE?authuser=0&hl=id&rclk=1,-7.5698425,110.187842
atraksi dekat Borobudur,Kampoeng Dolanan Nusantara Borobudur,Tujuan Wisata,"
C672+H3C, Sodongan, RT.17/RW.6, Dusun I, Bumiharjo, Kec. Borobudur, Kabupaten Magelang, Jawa Tengah 56553","4,4",349.0,https://www.google.com/maps/place/Kampoeng+Dolanan+Nusantara+Borobudur/data=!4m7!3m6!1s0x2e7a8c456138b931:0xc5fea7564a444930!8m2!3d-7.5868028!4d110.2004594!16s%2Fg%2F11cssqjmwd!19sChIJMbk4YUWMei4RMElESlan_sU?authuser=0&hl=id&rclk=1,-7.5868028,110.2004594
atraksi dekat Borobudur,Borobudur Edupark,Taman Hiburan,"
Jl. Magelang - Yogyakarta, Batikan, Pabelan, Kec. Mungkid, Kabupaten Magelang, Jawa Tengah 56512","4,3",340.0,https://www.google.com/maps/place/Borobudur+Edupark/data=!4m7!3m6!1s0x2e7a8bc08e39f255:0x2655b1234badd43f!8m2!3d-7.5731478!4d110.2613076!16s%2Fg%2F1pzsmp7zh!19sChIJVfI5jsCLei4RP9StSyOxVSY?authuser=0&hl=id&rclk=1,-7.5731478,110.2613076
atraksi dekat Borobudur,Ibarbo Park,Tujuan Wisata,"
Jl. Magelang No.14, Jetis, Caturharjo, Kec. Sleman, Kabupaten Sleman, Daerah Istimewa Yogyakarta 55515","4,3",11097.0,https://www.google.com/maps/place/Ibarbo+Park/data=!4m7!3m6!1s0x2e7a5f40b8f7af93:0x2d4d22c7100ea043!8m2!3d-7.6850212!4d110.3389997!16s%2Fg%2F11tjlkkg7t!19sChIJk6_3uEBfei4RQ6AOEMciTS0?authuser=0&hl=id&rclk=1,-7.6850212,110.3389997
atraksi dekat Borobudur,VW Tour Borobudur (by SVARGA WISATA),Biro Wisata,"
Perum Griya Kencana Permai Blok AIV No 7 Sigug, Srigetan, Bumiharjo, Kec. Borobudur, Kabupaten Magelang, Jawa Tengah 56553","4,7",181.0,https://www.google.com/maps/place/VW+Tour+Borobudur+%28by+SVARGA+WISATA%29/data=!4m7!3m6!1s0x2e7a8db748a5e1a7:0xdc345a44e0831634!8m2!3d-7.5943332!4d110.2023058!16s%2Fg%2F11h030jkky!19sChIJp-GlSLeNei4RNBaD4ERaNNw?authuser=0&hl=id&rclk=1,-7.5943332,110.2023058
atraksi dekat Borobudur,Pinus Warna Gerotan,Hutan Nasional,"
Jl. Ketep Kopeng, Area Kebun/Hutan, Ketundan, Kec. Pakis, Kabupaten Magelang, Jawa Tengah 56193","4,3",101.0,https://www.google.com/maps/place/Pinus+Warna+Gerotan/data=!4m7!3m6!1s0x2e7a7d0b0083e535:0xca218b533ba8633b!8m2!3d-7.4591049!4d110.3881587!16s%2Fg%2F11j23h3zzm!19sChIJNeWDAAt9ei4RO2OoO1OLIco?authuser=0&hl=id&rclk=1,-7.4591049,110.3881587
atraksi dekat Borobudur,DWANU Resto Borobudur | DWANU eatery & artisan steak,Restoran,"
Dusun 1, Wanurejo, Kec. Borobudur, Kabupaten Magelang, Jawa Tengah 56553","4,9",2138.0,https://www.google.com/maps/place/DWANU+Resto+Borobudur+%7C+DWANU+eatery+%26+artisan+steak/data=!4m7!3m6!1s0x2e7a8dd45dc4c2eb:0xb87a7053a1d60001!8m2!3d-7.6161838!4d110.2184006!16s%2Fg%2F11ss53pw8q!19sChIJ68LEXdSNei4RAQDWoVNwerg?authuser=0&hl=id&rclk=1,-7.6161838,110.2184006
atraksi dekat Borobudur,Shankara Borobudur,,"
Jl. Balaputradewa No.1, Dusun XVI, Borobudur, Kec. Borobudur, Kabupaten Magelang, Jawa Tengah 56553","4,5",1150.0,https://www.google.com/maps/place/Shankara+Borobudur/data=!4m10!3m9!1s0x2e7a8c8d102d8b1b:0xe506cdea40ecfa24!5m2!4m1!1i2!8m2!3d-7.6064227!4d110.213956!16s%2Fg%2F11dxb2225b!19sChIJG4stEI2Mei4RJPrsQOrNBuU?authuser=0&hl=id&rclk=1,-7.6064227,110.213956
atraksi dekat Borobudur,Borobudur Land,Tujuan Wisata,"
Jl. Sentanu, Jetis Gayu, Wringinputih, Kec. Borobudur, Kabupaten Magelang, Jawa Tengah 56553","4,3",1479.0,https://www.google.com/maps/place/Borobudur+Land/data=!4m7!3m6!1s0x2e7a8dd5ea1fc837:0x455cb46b7f83306f!8m2!3d-7.5864109!4d110.1915888!16s%2Fg%2F11t_s4wkbh!19sChIJN8gf6tWNei4RbzCDf2u0XEU?authuser=0&hl=id&rclk=1,-7.5864109,110.1915888
atraksi dekat Borobudur,,,,,,https://www.google.com/maps/place/Mendut+Buddhist+Monastery/data=!4m7!3m6!1s0x2e7a8c8483c43bfd:0x5b1e47a0860b6b39!8m2!3d-7.6053791!4d110.2293808!16s%2Fm%2F03c72hv!19sChIJ_TvEg4SMei4ROWsLhqBHHls?authuser=0&hl=id&rclk=1,-7.6053791,110.2293808
atraksi dekat Borobudur,Balkondes Candirejo,,"
96GJ+64R, Sangen, Candirejo, Kec. Borobudur, Kabupaten Magelang, Jawa Tengah 56553","4,7",17.0,https://www.google.com/maps/place/Balkondes+Candirejo/data=!4m10!3m9!1s0x2e7a8dec9a75fa3d:0x84b37f1442c196c0!5m2!4m1!1i2!8m2!3d-7.6244703!4d110.2302919!16s%2Fg%2F11t6wsmhz3!19sChIJPfp1muyNei4RwJbBQhR_s4Q?authuser=0&hl=id&rclk=1,-7.6244703,110.2302919
atraksi dekat Borobudur,Bukit Rhema Gereja Ayam,Gereja,"
Karangrejo Gombong, Kurahan, Kembanglimus, Kec. Borobudur, Kabupaten Magelang, Jawa Tengah 56553","4,8",24295.0,https://www.google.com/maps/place/Bukit+Rhema+Gereja+Ayam/data=!4m7!3m6!1s0x2e7a8d0411951787:0x24751ba0cf5dde6b!8m2!3d-7.6057093!4d110.180484!16s%2Fg%2F11cncb9270!19sChIJhxeVEQSNei4Ra95dz6AbdSQ?authuser=0&hl=id&rclk=1,-7.6057093,110.180484
atraksi dekat Borobudur,Tuk Udal Grabag,Tujuan Wisata,"
H77X+RCW, Lb. Kidul, Lebak, Kec. Grabag, Kabupaten Magelang, Jawa Tengah 56196","4,5",163.0,https://www.google.com/maps/place/Tuk+Udal+Grabag/data=!4m7!3m6!1s0x2e7a87a42138f2eb:0xb99d7818a6796874!8m2!3d-7.4353771!4d110.2985891!16s%2Fg%2F11cm88j1gx!19sChIJ6_I4IaSHei4RdGh5phh4nbk?authuser=0&hl=id&rclk=1,-7.4353771,110.2985891
atraksi dekat Borobudur,Desa Wisata Tlatar Kandangan,Tujuan Wisata,"
99QH+MGV, Tlatar Kandangan, Sempu, Wono Kerto, Turi, Sleman Regency, Special Region of Yogyakarta 55551","4,7",116.0,https://www.google.com/maps/place/Desa+Wisata+Tlatar+Kandangan/data=!4m7!3m6!1s0x2e7a6060030cfac9:0xeadbb96e26a4d9f0!8m2!3d-7.6107602!4d110.3788082!16s%2Fg%2F11c6dd6rmq!19sChIJyfoMA2Bgei4R8NmkJm652-o?authuser=0&hl=id&rclk=1,-7.6107602,110.3788082
atraksi dekat Borobudur,Spot sunrise,Taman,"
96X6+7QW, Dusun XV, Borobudur, Kec. Borobudur, Kabupaten Magelang, Jawa Tengah 56553",,,https://www.google.com/maps/place/Spot+sunrise/data=!4m7!3m6!1s0x2e7a8d007d65d99b:0xe696f6f078a4771e!8m2!3d-7.6017595!4d110.2119615!16s%2Fg%2F11w3l3r7pk!19sChIJm9llfQCNei4RHnekePD2luY?authuser=0&hl=id&rclk=1,-7.6017595,110.2119615
atraksi dekat Borobudur,Top Selfie Pinusan Kragilan,Taman,"
G9QP+M62, Jl. Magelang - Boyolali, Area Kebun/Hutan, Pogalan, Kec. Pakis, Kabupaten Magelang, Jawa Tengah 56193","4,3",7943.0,https://www.google.com/maps/place/Top+Selfie+Pinusan+Kragilan/data=!4m7!3m6!1s0x2e7a7cd684129269:0x876c62c2c01cd747!8m2!3d-7.4608559!4d110.3855312!16s%2Fg%2F11clsczgkd!19sChIJaZIShNZ8ei4RR9ccwMJibIc?authuser=0&hl=id&rclk=1,-7.4608559,110.3855312
atraksi dekat Borobudur,Svargabumi Borobudur,Pusat Rekreasi,"
Jl. Borobudur - Ngadiharjo, Sawah, Borobudur, Kec. Borobudur, Kabupaten Magelang, Jawa Tengah 56553","4,8",10060.0,https://www.google.com/maps/place/Svargabumi+Borobudur/data=!4m7!3m6!1s0x2e7a8d5dd6da471b:0x1703e19059b28f5c!8m2!3d-7.6133916!4d110.2055066!16s%2Fg%2F11jgs2wpxq!19sChIJG0fa1l2Nei4RXI-yWZDhAxc?authuser=0&hl=id&rclk=1,-7.6133916,110.2055066
atraksi dekat Borobudur,Wisata Kelinci Borobudur,Tujuan Wisata,"
Dusun Parakan, Ngargogondo, Kec. Borobudur, Kabupaten Magelang, Jawa Tengah 56553","4,3",540.0,https://www.google.com/maps/place/Wisata+Kelinci+Borobudur/data=!4m7!3m6!1s0x2e7a8cbc6186b079:0xd776f7edf237339e!8m2!3d-7.6226367!4d110.2218084!16s%2Fg%2F11c4bcww0b!19sChIJebCGYbyMei4RnjM38u33dtc?authuser=0&hl=id&rclk=1,-7.6226367,110.2218084
atraksi dekat Borobudur,Puunee Borobudur,Restoran,"
Sikepan, Mendut, Kec. Mungkid, Kabupaten Magelang, Jawa Tengah 56512","4,1",619.0,https://www.google.com/maps/place/Puunee+Borobudur/data=!4m7!3m6!1s0x2e7a8d6a30ebb4c7:0x1f83d27fbadd0907!8m2!3d-7.6075088!4d110.228298!16s%2Fg%2F11p_2dhbz2!19sChIJx7TrMGqNei4RBwndun_Sgx8?authuser=0&hl=id&rclk=1,-7.6075088,110.228298
atraksi dekat Borobudur,Gerbang Samudra Raksa,Taman,"
Jagalan, Jl. Nanggulan Mendut Klangon, Klangan, Banjaroyo, Kec. Kalibawang, Kabupaten Kulon Progo, Daerah Istimewa Yogyakarta 55672","4,5",147.0,https://www.google.com/maps/place/Gerbang+Samudra+Raksa/data=!4m7!3m6!1s0x2e7af504cd329775:0xc77e5baa16200f75!8m2!3d-7.6426803!4d110.2540437!16s%2Fg%2F11sr__hf3f!19sChIJdZcyzQT1ei4RdQ8gFqpbfsc?authuser=0&hl=id&rclk=1,-7.6426803,110.2540437
atraksi dekat Borobudur,Wisata Alam Pos Mati,Tujuan Wisata,"
Kedok, Giritengah, Kec. Borobudur, Kabupaten Magelang, Jawa Tengah 56553","4,5",101.0,https://www.google.com/maps/place/Wisata+Alam+Pos+Mati/data=!4m7!3m6!1s0x2e7a8d2a54d74467:0xc1f5cc93491a50ef!8m2!3d-7.6264157!4d110.1789032!16s%2Fg%2F11bwc559h2!19sChIJZ0TXVCqNei4R71AaSZPM9cE?authuser=0&hl=id&rclk=1,-7.6264157,110.1789032
atraksi dekat Borobudur,Polengan Edupark,Tujuan Wisata,"
C8FJ+JFW, Gejayan, Polengan, Kec. Srumbung, Kabupaten Magelang, Jawa Tengah 56483","4,4",160.0,https://www.google.com/maps/place/Polengan+Edupark/data=!4m7!3m6!1s0x2e7a6156165459f3:0x265830f387a59d59!8m2!3d-7.5764768!4d110.3315369!16s%2Fg%2F11kwr1zlb4!19sChIJ81lUFlZhei4RWZ2lh_MwWCY?authuser=0&hl=id&rclk=1,-7.5764768,110.3315369
atraksi dekat Borobudur,Watu putih view,Tujuan Wisata,"
malangan, Ngargogondo, Kec. Borobudur, Kabupaten Magelang, Jawa Tengah 56553","4,3",294.0,https://www.google.com/maps/place/Watu+putih+view/data=!4m7!3m6!1s0x2e7a8db5e6426b05:0x7680267ba9701960!8m2!3d-7.6278418!4d110.2077821!16s%2Fg%2F11rkwwx9d6!19sChIJBWtC5rWNei4RYBlwqXsmgHY?authuser=0&hl=id&rclk=1,-7.6278418,110.2077821
atraksi dekat Borobudur,Manohara Borobudur Sunrise Temple,Vihara,"
Manohara Hotel, Jalan, Kw. Candi Borobudur, Borobudur, Kec. Borobudur, Kabupaten Magelang, Jawa Tengah 56553","4,5",11.0,https://www.google.com/maps/place/Manohara+Borobudur+Sunrise+Temple/data=!4m7!3m6!1s0x2e7a8d71a25f82ef:0x1d22777f8d75cf1a!8m2!3d-7.6035562!4d110.1998445!16s%2Fg%2F11h4ls8jth!19sChIJ74JfonGNei4RGs91jX93Ih0?authuser=0&hl=id&rclk=1,-7.6035562,110.1998445
atraksi dekat Borobudur,WANA Mukti Siguede Kebonlegi,Tujuan Wisata,"
Jl. Raya Bandongan-Mangli, Area Sawah, Kebonlegi, Kec. Kaliangkrik, Kabupaten Magelang, Jawa Tengah 56411","4,6",357.0,https://www.google.com/maps/place/WANA+Mukti+Siguede+Kebonlegi/data=!4m7!3m6!1s0x2e7a9b2ae1dbbd7d:0xb742bf13edb0f82a!8m2!3d-7.4271749!4d110.1199341!16s%2Fg%2F11mx754w05!19sChIJfb3b4Sqbei4RKviw7RO_Qrc?authuser=0&hl=id&rclk=1,-7.4271749,110.1199341
atraksi dekat Borobudur,Curug Sigetik,Tujuan Wisata,"
G3PG+8GP, Kopeng Wetan, Sutopati, Kec. Kajoran, Kabupaten Magelang, Jawa Tengah 56163","4,1",57.0,https://www.google.com/maps/place/Curug+Sigetik/data=!4m7!3m6!1s0x2e7a9a68e01f325f:0xc637c5123a27a132!8m2!3d-7.4641562!4d110.076314!16s%2Fg%2F11c6z6sz9b!19sChIJXzIf4Giaei4RMqEnOhLFN8Y?authuser=0&hl=id&rclk=1,-7.4641562,110.076314
atraksi dekat Borobudur,Borobudur Jeep Parang Menoreh Adventure,Biro Perjalanan dan Wisata,"
Jl. Badrawati, Karang Bawang, Majaksingi, Kec. Borobudur, Kabupaten Magelang, Jawa Tengah 56553","5,0",211.0,https://www.google.com/maps/place/Borobudur+Jeep+Parang+Menoreh+Adventure/data=!4m7!3m6!1s0x2e7a8df9cc82828b:0xf48f1723766e8904!8m2!3d-7.6245648!4d110.2027641!16s%2Fg%2F11hyl64y8f!19sChIJi4KCzPmNei4RBIludiMXj_Q?authuser=0&hl=id&rclk=1,-7.6245648,110.2027641
atraksi dekat Borobudur,Enam Langit by Plataran,Restoran,"
Butuh, Candirejo, Kec. Borobudur, Kabupaten Magelang, Jawa Tengah 56553","4,6",2257.0,https://www.google.com/maps/place/Enam+Langit+by+Plataran/data=!4m7!3m6!1s0x2e7a8d5cd7c9f0a9:0xffa1500cf1249ad0!8m2!3d-7.6350116!4d110.2187796!16s%2Fg%2F11fm_m1_2s!19sChIJqfDJ11yNei4R0Jok8QxQof8?authuser=0&hl=id&rclk=1,-7.6350116,110.2187796
atraksi dekat Borobudur,Kolam renang Sumber arum,Tujuan Wisata,"
C5JP+HW7, RT.Dimajar/RW.1, Kasuran, Sumberarum, Tempuran, Magelang Regency, Central Java 56161","4,4",66.0,https://www.google.com/maps/place/Kolam+renang+Sumber+arum/data=!4m7!3m6!1s0x2e7a8d0aad45ef53:0xa30458671c628533!8m2!3d-7.5685915!4d110.1873008!16s%2Fg%2F11p3g_7bfw!19sChIJU-9FrQqNei4RM4ViHGdYBKM?authuser=0&hl=id&rclk=1,-7.5685915,110.1873008
atraksi dekat Borobudur,Wisata Edukasi Borobudur,Biro Perjalanan dan Wisata,"
Jowahan, Wanurejo, Kec. Borobudur, Kabupaten Magelang, Jawa Tengah 56553","5,0",19.0,https://www.google.com/maps/place/Wisata+Edukasi+Borobudur/data=!4m7!3m6!1s0x2e7a8d15ca6f2cd1:0x7a83a47c672a7596!8m2!3d-7.615836!4d110.2147953!16s%2Fg%2F11j02825tj!19sChIJ0SxvyhWNei4RlnUqZ3ykg3o?authuser=0&hl=id&rclk=1,-7.615836,110.2147953
atraksi dekat Borobudur,Candi Pawon,Vihara,"
96V9+GRV, Brojonalan, Dusun 1, Wanurejo, Kec. Borobudur, Kabupaten Magelang, Jawa Tengah 56553","4,5",2943.0,https://www.google.com/maps/place/Candi+Pawon/data=!4m7!3m6!1s0x2e7a8cf1c4ff2bc1:0x880152c6c83e297b!8m2!3d-7.6061348!4d110.2195624!16s%2Fm%2F03c42gx!19sChIJwSv_xPGMei4Reyk-yMZSAYg?authuser=0&hl=id&rclk=1,-7.6061348,110.2195624
atraksi dekat Borobudur,Kedai Bukit Rhema,Restoran,"
Kurahan, Karangrejo, Kec. Borobudur, Kabupaten Magelang, Jawa Tengah 56553","4,9",11107.0,https://www.google.com/maps/place/Kedai+Bukit+Rhema/data=!4m7!3m6!1s0x2e7a8d043ee88385:0xca01a8a7bc84d8f!8m2!3d-7.6056792!4d110.1803617!16s%2Fg%2F11gf96yb0f!19sChIJhYPoPgSNei4Rj03Ie4oaoAw?authuser=0&hl=id&rclk=1,-7.6056792,110.1803617
atraksi dekat Borobudur,ARUNG JERAM SUNGAI ELO Magelang,Operator Wisata Rafting,"
Jl. Parengisor No.10 KM 8, Pare, Blondo, Kec. Mungkid, Kabupaten Magelang, Jawa Tengah 56512","4,8",969.0,https://www.google.com/maps/place/ARUNG+JERAM+SUNGAI+ELO+Magelang/data=!4m7!3m6!1s0x2e7a895c0a5d9b07:0xb779e770b6014e5a!8m2!3d-7.5447974!4d110.2412978!16s%2Fg%2F11fj6g38md!19sChIJB5tdClyJei4RWk4BtnDnebc?authuser=0&hl=id&rclk=1,-7.5447974,110.2412978
atraksi dekat Borobudur,Wisata Edukasi Pati Aren,Tujuan Wisata,"
Tukeongo 01, Tuksongo, Kec. Borobudur, Kabupaten Magelang, Jawa Tengah 56553","4,7",3.0,https://www.google.com/maps/place/Wisata+Edukasi+Pati+Aren/data=!4m7!3m6!1s0x2e7a8d7c83c6c925:0xfe5d181ade13141b!8m2!3d-7.6212071!4d110.204183!16s%2Fg%2F11p5nb2mqh!19sChIJJcnGg3yNei4RGxQT3hoYXf4?authuser=0&hl=id&rclk=1,-7.6212071,110.204183
atraksi dekat Borobudur,Plataran Borobudur Resort & Spa,,"
Jl. Dusun Tanjungan, Dusun II, Borobudur, Kec. Borobudur, Kabupaten Magelang, Jawa Tengah 56553","4,7",4789.0,https://www.google.com/maps/place/Plataran+Borobudur+Resort+%26+Spa/data=!4m10!3m9!1s0x2e7a8cfb7841476f:0x3b850d9d05724dcf!5m2!4m1!1i2!8m2!3d-7.6062789!4d110.1920929!16s%2Fg%2F1hc2hk9vb!19sChIJb0dBePuMei4Rz01yBZ0NhTs?authuser=0&hl=id&rclk=1,-7.6062789,110.1920929
atraksi dekat Borobudur,Javanava Travelcafe,Biro Wisata,"
Jl. Pramudyawardhani No.20B, Dusun XIII, Borobudur, Kec. Borobudur, Kabupaten Magelang, Jawa Tengah 56553","4,7",20.0,https://www.google.com/maps/place/Javanava+Travelcafe/data=!4m7!3m6!1s0x2e7a8cf4a82e9055:0x248276f7631c80a!8m2!3d-7.6030106!4d110.2110113!16s%2Fg%2F11b7q6rm10!19sChIJVZAuqPSMei4RCsgxdm8nSAI?authuser=0&hl=id&rclk=1,-7.6030106,110.2110113
atraksi dekat Borobudur,Punthuk Mongkrong,Tujuan Wisata,"
Desa Giritengah, Kec. Borobudur, Olgung, Giripurno, Kec. Borobudur, Kabupaten Magelang, Jawa Tengah 56553","4,3",459.0,https://www.google.com/maps/place/Punthuk+Mongkrong/data=!4m7!3m6!1s0x2e7a8d2decb4bde9:0x705f1bbd610ec241!8m2!3d-7.6345!4d110.174606!16s%2Fg%2F11clt0y2pf!19sChIJ6b207C2Nei4RQcIOYb0bX3A?authuser=0&hl=id&rclk=1,-7.6345,110.174606
atraksi dekat Borobudur,Taman Kyai Langgeng - Tempat Wisata Magelang,Tujuan Wisata,"
Jl. Cemp. No.6, Kemirirejo, Kec. Magelang Tengah, Kota Magelang, Jawa Tengah 56122","4,3",14025.0,https://www.google.com/maps/place/Taman+Kyai+Langgeng+-+Tempat+Wisata+Magelang/data=!4m7!3m6!1s0x2e7a8f5d664f46d1:0xc3462bdf7e60f183!8m2!3d-7.4843948!4d110.2105462!16s%2Fg%2F11b75hsvlt!19sChIJ0UZPZl2Pei4Rg_Fgft8rRsM?authuser=0&hl=id&rclk=1,-7.4843948,110.2105462
atraksi dekat Borobudur,Desa Wisata Candirejo,Tujuan Wisata,"
Jl. Raya Candirejo, Sangen, Candirejo, Kec. Borobudur, Kabupaten Magelang, Jawa Tengah 56553","4,7",446.0,https://www.google.com/maps/place/Desa+Wisata+Candirejo/data=!4m7!3m6!1s0x2e7a8cae518c90b9:0xd284783079b4ea34!8m2!3d-7.6247362!4d110.2287948!16s%2Fg%2F11gh0l4m3j!19sChIJuZCMUa6Mei4RNOq0eTB4hNI?authuser=0&hl=id&rclk=1,-7.6247362,110.2287948
atraksi dekat Borobudur,Wisata Borobudur,Tujuan Wisata,"
Vw Tour by Wisata, Tuksongo, Kec. Borobudur, Kabupaten Magelang, Jawa Tengah 56553","4,9",67.0,https://www.google.com/maps/place/Wisata+Borobudur/data=!4m7!3m6!1s0x2e7a8d8f42c40d31:0x3f7d042289aa5460!8m2!3d-7.6213579!4d110.2041804!16s%2Fg%2F11j9lzyrz3!19sChIJMQ3EQo-Nei4RYFSqiSIEfT8?authuser=0&hl=id&rclk=1,-7.6213579,110.2041804
atraksi dekat Borobudur,Omah Mbudur,Restoran,"
Dusun jowahan, Dusun 3, Wanurejo, Kec. Borobudur, Kabupaten Magelang, Jawa Tengah 56553","4,6",951.0,https://www.google.com/maps/place/Omah+Mbudur/data=!4m7!3m6!1s0x2e7a8c950fa76ea5:0x816b44306d5c02c!8m2!3d-7.616503!4d110.2147419!16s%2Fg%2F11f1t68qbz!19sChIJpW6nD5WMei4RLMDVBkO0Fgg?authuser=0&hl=id&rclk=1,-7.616503,110.2147419
atraksi dekat Borobudur,"Goa Maria Ratuning Katentreman, Gantang",Tempat Religius,"
F9V3+MFW, Gantang, Kec. Sawangan, Kabupaten Magelang, Jawa Tengah 56481","4,8",178.0,"https://www.google.com/maps/place/Goa+Maria+Ratuning+Katentreman,+Gantang/data=!4m7!3m6!1s0x2e7a628b3c8ad657:0x76fefa4031e4a6c!8m2!3d-7.5057694!4d110.3537035!16s%2Fg%2F11c6cr47dv!19sChIJV9aKPItiei4RbEoeA6Tvbwc?authuser=0&hl=id&rclk=1",-7.5057694,110.3537035
atraksi dekat Borobudur,Bukit Barede,Tujuan Wisata,"
Sendaren 2, Karangrejo, Kec. Borobudur, Kabupaten Magelang, Jawa Tengah 56553","4,3",482.0,https://www.google.com/maps/place/Bukit+Barede/data=!4m7!3m6!1s0x2e7a8d024ed9068b:0xd6d8b6fb3edf0909!8m2!3d-7.6054056!4d110.1855641!16s%2Fg%2F11btxk10y0!19sChIJiwbZTgKNei4RCQnfPvu22NY?authuser=0&hl=id&rclk=1,-7.6054056,110.1855641
atraksi dekat Borobudur,Taman Seribu Cinta Kali Blongkeng,Taman,"
C74V+H65, Dangean, Gulon, Kec. Salam, Kabupaten Magelang, Jawa Tengah 56484","4,5",357.0,https://www.google.com/maps/place/Taman+Seribu+Cinta+Kali+Blongkeng/data=!4m7!3m6!1s0x2e7a8b3948a6932b:0x8fb49e14bca3e666!8m2!3d-7.5936248!4d110.2931049!16s%2Fg%2F11gy7sg9m2!19sChIJK5OmSDmLei4RZuajvBSetI8?authuser=0&hl=id&rclk=1,-7.5936248,110.2931049
atraksi dekat Borobudur,Alun-Alun Kota Magelang,Taman Kota,"
Jl. Pemuda, Kemirirejo, Kec. Magelang Tengah, Kota Magelang, Jawa Tengah 56117","4,6",22006.0,https://www.google.com/maps/place/Alun-Alun+Kota+Magelang/data=!4m7!3m6!1s0x2e7a8f58daad1f53:0x4b0a5805f3d4b333!8m2!3d-7.4770388!4d110.2182762!16s%2Fg%2F11bx1z80mr!19sChIJUx-t2liPei4RM7PU8wVYCks?authuser=0&hl=id&rclk=1,-7.4770388,110.2182762
atraksi dekat Borobudur,Desa Wisata Wanurejo,Tujuan Wisata,"
Brojonalan, Dusun 1, Wanurejo, Kec. Borobudur, Kabupaten Magelang, Jawa Tengah 56553","4,5",301.0,https://www.google.com/maps/place/Desa+Wisata+Wanurejo/data=!4m7!3m6!1s0x2e7a8c916084d8b7:0x9752a8bc98b11c83!8m2!3d-7.6117993!4d110.2179225!16s%2Fg%2F11bwgw6d3t!19sChIJt9iEYJGMei4RgxyxmLyoUpc?authuser=0&hl=id&rclk=1,-7.6117993,110.2179225
atraksi dekat Borobudur,Curug Silawe,Tujuan Wisata,"
G3RF+M36, Area Sawah, Sutopati, Kec. Kajoran, Kabupaten Magelang, Jawa Tengah 56163","4,2",597.0,https://www.google.com/maps/place/Curug+Silawe/data=!4m7!3m6!1s0x2e7a9a4108377a65:0x34321bec393d296f!8m2!3d-7.4583289!4d110.0726528!16s%2Fg%2F11bzs1plmr!19sChIJZXo3CEGaei4Rbyk9OewbMjQ?authuser=0&hl=id&rclk=1,-7.4583289,110.0726528
atraksi dekat Borobudur,Komplek Eks. Karesidenan Kedu,Bangunan Bersejarah,"
Jl. Alibasah Sentot No.751, Magelang, Kec. Magelang Tengah, Kota Magelang, Jawa Tengah 56117","4,6",175.0,https://www.google.com/maps/place/Komplek+Eks.+Karesidenan+Kedu/data=!4m7!3m6!1s0x2e7a85f559252d5d:0x9699beee795bcc68!8m2!3d-7.4746419!4d110.2127987!16s%2Fg%2F11c209gkpf!19sChIJXS0lWfWFei4RaMxbee6-mZY?authuser=0&hl=id&rclk=1,-7.4746419,110.2127987
atraksi dekat Borobudur,Jembatan Gantung klangi polkadot,Tujuan Wisata,"
Dusun 1, Klakah, Kec. Selo, Kabupaten Boyolali, Jawa Tengah 57363","4,3",160.0,https://www.google.com/maps/place/Jembatan+Gantung+klangi+polkadot/data=!4m7!3m6!1s0x2e7a630d11f987f9:0x428681e4d6cfcaca!8m2!3d-7.4982445!4d110.4001794!16s%2Fg%2F11c60h85rm!19sChIJ-Yf5EQ1jei4RysrP1uSBhkI?authuser=0&hl=id&rclk=1,-7.4982445,110.4001794
atraksi dekat Borobudur,Kampung Inggris Borobudur,Sekolah Bahasa Inggris,"
Parakan rt/rw 02, Area Sawah/Kebun, Ngargogondo, Kec. Borobudur, Kabupaten Magelang, Jawa Tengah 56553","4,6",274.0,https://www.google.com/maps/place/Kampung+Inggris+Borobudur/data=!4m7!3m6!1s0x2e7a8cbc63dded47:0xd2f36742b73be096!8m2!3d-7.6226458!4d110.2219451!16s%2Fg%2F11bwh5jvdr!19sChIJR-3dY7yMei4RluA7t0Jn89I?authuser=0&hl=id&rclk=1,-7.6226458,110.2219451
atraksi dekat Borobudur,Punthuk Setumbu,Titik Pemandangan,"
Kurahan, Karangrejo, Kec. Borobudur, Kabupaten Magelang, Jawa Tengah 56553","4,6",9233.0,https://www.google.com/maps/place/Punthuk+Setumbu/data=!4m7!3m6!1s0x2e7a8d05a1ccd491:0x6717b6315e12cdb1!8m2!3d-7.6093756!4d110.1777919!16s%2Fg%2F11b7y84zv5!19sChIJkdTMoQWNei4Rsc0SXjG2F2c?authuser=0&hl=id&rclk=1,-7.6093756,110.1777919
atraksi dekat Borobudur,Wisata Propang Akmil,Peternakan,"
Jl. Kelud No.8, Sukosari Lor, Mertoyudan, Kec. Mertoyudan, Kabupaten Magelang, Jawa Tengah 56172","4,7",768.0,https://www.google.com/maps/place/Wisata+Propang+Akmil/data=!4m7!3m6!1s0x2e7a8ee15293d7c3:0x3a3c65ff03d04c42!8m2!3d-7.5211771!4d110.2064551!16s%2Fg%2F11c5zqym97!19sChIJw9eTUuGOei4RQkzQA_9lPDo?authuser=0&hl=id&rclk=1,-7.5211771,110.2064551
atraksi dekat Borobudur,Mangli Sky View,Tujuan Wisata,"
Kebonlegi, Mangli, Kec. Kaliangkrik, Kabupaten Magelang, Jawa Tengah 56153","4,6",1919.0,https://www.google.com/maps/place/Mangli+Sky+View/data=!4m7!3m6!1s0x2e7a9b7a77039791:0x1a1f5caba90c786f!8m2!3d-7.4082278!4d110.1006209!16s%2Fg%2F11c5_t338f!19sChIJkZcDd3qbei4Rb3gMqatcHxo?authuser=0&hl=id&rclk=1,-7.4082278,110.1006209
atraksi dekat Borobudur,Balkondes Wringinputih,,"
Bojong, Wringinputih, Kec. Borobudur, Kabupaten Magelang, Jawa Tengah 56553","4,4",880.0,https://www.google.com/maps/place/Balkondes+Wringinputih/data=!4m10!3m9!1s0x2e7a8c49ede4a853:0xe6da05c2c90c7f38!5m2!4m1!1i2!8m2!3d-7.579677!4d110.1944544!16s%2Fg%2F11dyls9yh9!19sChIJU6jk7UmMei4ROH8MycIF2uY?authuser=0&hl=id&rclk=1,-7.579677,110.1944544
atraksi dekat Borobudur,WISMA DEWA KEMBAR,,"
Kalangan Adikarto No.3, Dusun 2, Wanurejo, Kec. Borobudur, Kabupaten Magelang, Jawa Tengah 56553","4,4",26.0,https://www.google.com/maps/place/WISMA+DEWA+KEMBAR/data=!4m10!3m9!1s0x2e7a8c924f6c1b1b:0xa2be1666594b6575!5m2!4m1!1i2!8m2!3d-7.6098441!4d110.215516!16s%2Fg%2F11cscqxcym!19sChIJGxtsT5KMei4RdWVLWWYWvqI?authuser=0&hl=id&rclk=1,-7.6098441,110.215516
atraksi dekat Borobudur,MUSEUM & KAMPUNG SENI BOROBUDUR,Tujuan Wisata,"
Jl. Medang Kamulan No.4, Kw. Candi Borobudur, Kujon, Kec. Borobudur, Kabupaten Magelang, Jawa Tengah 56553","4,6",1004.0,https://www.google.com/maps/place/MUSEUM+%26+KAMPUNG+SENI+BOROBUDUR/data=!4m7!3m6!1s0x2e7a8d00102b8007:0xe245f7aa10e51ab0!8m2!3d-7.6015413!4d110.1977852!16s%2Fg%2F11vxw8fg1k!19sChIJB4ArEACNei4RsBrlEKr3ReI?authuser=0&hl=id&rclk=1,-7.6015413,110.1977852
atraksi dekat Borobudur,Ketep Pass Magelang,Tujuan Wisata,"
Jl. Ketep Kopeng, Ketep Pas, Ketep, Kec. Sawangan, Kabupaten Magelang, Jawa Tengah 56481","4,5",20786.0,https://www.google.com/maps/place/Ketep+Pass+Magelang/data=!4m7!3m6!1s0x2e7a631c52d78667:0xd6899eb201af0678!8m2!3d-7.4944699!4d110.3815682!16s%2Fg%2F1229cx9l!19sChIJZ4bXUhxjei4ReAavAbKeidY?authuser=0&hl=id&rclk=1,-7.4944699,110.3815682
atraksi dekat Borobudur,Watu Putih Resort,Penginapan,"
96C5+92H, Krajan 1, Majaksingi, Kec. Borobudur, Kabupaten Magelang, Jawa Tengah 56553","4,4",244.0,https://www.google.com/maps/place/Watu+Putih+Resort/data=!4m7!3m6!1s0x2e7a8d964d3f9c89:0x5fa668a58616e0b9!8m2!3d-7.6290508!4d110.2075983!16s%2Fg%2F11hdwpzlrw!19sChIJiZw_TZaNei4RueAWhqVopl8?authuser=0&hl=id&rclk=1,-7.6290508,110.2075983
atraksi dekat Bangka Belitung,Pantai Jerangkat,Pusat Informasi Pariwisata,"
Desa Ketap,Dusun Tayu, Ketap, Kec. Jebus, Kabupaten Bangka Barat, Kepulauan Bangka Belitung","4,6",121.0,https://www.google.com/maps/place/Pantai+Jerangkat/data=!4m7!3m6!1s0x2e23992364930d3b:0x517f8cb9694a2edc!8m2!3d-1.6525946!4d105.3595717!16s%2Fg%2F11h0l48q29!19sChIJOw2TZCOZIy4R3C5KabmMf1E?authuser=0&hl=id&rclk=1,-1.6525946,105.3595717
atraksi dekat Bangka Belitung,Panorama Belitung Tour,Biro Perjalanan dan Wisata,"
Jl. Air Ketekok No.08, Paal Satu, Kec. Tj. Pandan, Kabupaten Belitung, Kepulauan Bangka Belitung 33412","5,0",88.0,https://www.google.com/maps/place/Panorama+Belitung+Tour/data=!4m7!3m6!1s0x2e171798b1ca236b:0xd90a5507c34cdb0!8m2!3d-2.7331052!4d107.6543195!16s%2Fg%2F11grv3_b_d!19sChIJayPKsZgXFy4RsM00fFClkA0?authuser=0&hl=id&rclk=1,-2.7331052,107.6543195
atraksi dekat Bangka Belitung,Kampoeng Selarai Indah,Taman,"
5R3M+XHF, Jl. Sekayu - Bandar Jaya, Serasan Jaya, Kec. Sekayu, Kabupaten Musi Banyuasin, Sumatera Selatan 30711","4,4",105.0,https://www.google.com/maps/place/Kampoeng+Selarai+Indah/data=!4m7!3m6!1s0x2e3a920f832c64b3:0x83f3b80eabb8f36a!8m2!3d-2.8450565!4d103.8339309!16s%2Fg%2F11f31r8p6z!19sChIJs2Qsgw-SOi4RavO4qw6484M?authuser=0&hl=id&rclk=1,-2.8450565,103.8339309
atraksi dekat Bangka Belitung,Kampung Wisata Berseri Eka Jaya,Tujuan Wisata,"
Jl Arjuna, Lrg. Marene Gg. Serati RT29, Eka Jaya, Kec. Jambi Sel., Kota Jambi, Jambi 36135","5,0",2.0,https://www.google.com/maps/place/Kampung+Wisata+Berseri+Eka+Jaya/data=!4m7!3m6!1s0x2e258fc5a96a44b5:0x8759c0e33df7ae7f!8m2!3d-1.6087103!4d103.6602219!16s%2Fg%2F11sc25hpt4!19sChIJtURqqcWPJS4Rf673PePAWYc?authuser=0&hl=id&rclk=1,-1.6087103,103.6602219
atraksi dekat Bangka Belitung,Pantai Batu Dinding,Tujuan Wisata,"
9P7R+W25, Teluk Kelabat, Air Jukung, Belinyu, Kabupaten Bangka, Kepulauan Bangka Belitung 33253","4,4",762.0,https://www.google.com/maps/place/Pantai+Batu+Dinding/data=!4m7!3m6!1s0x2e23ada084542649:0x8371d22892e424d8!8m2!3d-1.6352351!4d105.7401094!16s%2Fg%2F11c1q7nvxn!19sChIJSSZUhKCtIy4R2CTkkijScYM?authuser=0&hl=id&rclk=1,-1.6352351,105.7401094
atraksi dekat Bangka Belitung,Sungai Air Itam Camp,Tujuan Wisata,"
2J3M+PCG, Pulo Kerto, Kec. Gandus, Kota Palembang, Sumatera Selatan 30149","4,5",38.0,https://www.google.com/maps/place/Sungai+Air+Itam+Camp/data=!4m7!3m6!1s0x2e3b0b7de6b8b2bd:0xfcf6a26d9a8c1816!8m2!3d-2.9956876!4d104.6335634!16s%2Fg%2F11p19c06pm!19sChIJvbK45n0LOy4RFhiMmm2i9vw?authuser=0&hl=id&rclk=1,-2.9956876,104.6335634
atraksi dekat Bangka Belitung,Pulau Kulong Selumar.,Tujuan Wisata,"
Air Selumar, Sijuk, Kabupaten Belitung, Kepulauan Bangka Belitung 33414","4,1",96.0,https://www.google.com/maps/place/Pulau+Kulong+Selumar./data=!4m7!3m6!1s0x2e1740d685daec71:0xf74d4c54ec2efd35!8m2!3d-2.6105969!4d107.757091!16s%2Fg%2F11c6ljzwsc!19sChIJcezahdZAFy4RNf0u7FRMTfc?authuser=0&hl=id&rclk=1,-2.6105969,107.757091
atraksi dekat Bangka Belitung,Alun-Alun Taman Merdeka Kota Pangkal Pinang,Taman Kota,"
33127, Batin Tikal, Kec. Taman Sari, Kota Pangkal Pinang, Kepulauan Bangka Belitung 33684","4,4",10606.0,https://www.google.com/maps/place/Alun-Alun+Taman+Merdeka+Kota+Pangkal+Pinang/data=!4m7!3m6!1s0x2e22c0df150fcbd9:0xb86b04688320caeb!8m2!3d-2.1211299!4d106.1127796!16s%2Fg%2F1hm3k2g6p!19sChIJ2csPFd_AIi4R68ogg2gEa7g?authuser=0&hl=id&rclk=1,-2.1211299,106.1127796
atraksi dekat Bangka Belitung,Pantai Butun DARU,Vila,"
54QC+6Q, Sinar Baru, Sungai Liat, Kabupaten Bangka, Kepulauan Bangka Belitung 33211","4,2",5.0,https://www.google.com/maps/place/Pantai+Butun+DARU/data=!4m7!3m6!1s0x2e22f5001ab0f135:0xef59c542634f5e47!8m2!3d-1.811906!4d106.1219618!16s%2Fg%2F11y2y_hchm!19sChIJNfGwGgD1Ii4RR15PY0LFWe8?authuser=0&hl=id&rclk=1,-1.811906,106.1219618
atraksi dekat Bangka Belitung,BN Zoo Sungailiat,Kebun Binatang,"
Sinar Baru, Sungai Liat, Kabupaten Bangka, Kepulauan Bangka Belitung 33212","4,4",210.0,https://www.google.com/maps/place/BN+Zoo+Sungailiat/data=!4m7!3m6!1s0x2e22f52073348353:0x957771035ff528a!8m2!3d-1.828607!4d106.1188453!16s%2Fg%2F11ln1w6cjv!19sChIJU4M0cyD1Ii4RilL_NRB3Vwk?authuser=0&hl=id&rclk=1,-1.828607,106.1188453
atraksi dekat Bangka Belitung,Pantai Nek Aji,Tujuan Wisata,"
XFP2+568, Jl. Jend. Sudirman, Tj. Ketapang, Kec. Toboali, Kabupaten Bangka Selatan, Kepulauan Bangka Belitung 33783","4,3",884.0,https://www.google.com/maps/place/Pantai+Nek+Aji/data=!4m7!3m6!1s0x2e3d819e21fd8453:0x5592c27df078baee!8m2!3d-3.0145779!4d106.4505726!16s%2Fg%2F11b6sgb197!19sChIJU4T9IZ6BPS4R7rp48H3CklU?authuser=0&hl=id&rclk=1,-3.0145779,106.4505726
atraksi dekat Bangka Belitung,Kelenteng Hok Tek Che,Kuil Penganut Agama Tao,"
7J4J+XJV, Jl. Siburik Timur, Tj. Pandan, Kec. Tj. Pandan, Kabupaten Belitung, Kepulauan Bangka Belitung 33411","4,4",31.0,https://www.google.com/maps/place/Kelenteng+Hok+Tek+Che/data=!4m7!3m6!1s0x2e1716678a0480c1:0x38099b524fc8d409!8m2!3d-2.7425178!4d107.6315422!16s%2Fg%2F11cjnns571!19sChIJwYAEimcWFy4RCdTIT1KbCTg?authuser=0&hl=id&rclk=1,-2.7425178,107.6315422
atraksi dekat Bangka Belitung,DESA WISATA KREATIF TERONG,Tujuan Wisata,"
Aik Rusa Berehun, Terong, Sijuk, Kabupaten Belitung, Kepulauan Bangka Belitung 33451","4,6",106.0,https://www.google.com/maps/place/DESA+WISATA+KREATIF+TERONG/data=!4m7!3m6!1s0x2e176ab5d1a1770f:0x4a1d2b5e1e3dc14c!8m2!3d-2.6431517!4d107.6476933!16s%2Fg%2F11f018qjqd!19sChIJD3eh0bVqFy4RTME9Hl4rHUo?authuser=0&hl=id&rclk=1,-2.6431517,107.6476933
atraksi dekat Bangka Belitung,Bubble Waterboom Pangkalpinang,Kolam Renang,"
North Boulevard The Greenland City, Selindung, Gabek, Selindung, Kec. Gabek, Kota Pangkal Pinang, Kepulauan Bangka Belitung 33172","3,9",318.0,https://www.google.com/maps/place/Bubble+Waterboom+Pangkalpinang/data=!4m7!3m6!1s0x2e22c1b69dd2e17b:0xed0ef1a020f77424!8m2!3d-2.0830864!4d106.1054717!16s%2Fg%2F11c1lygjgj!19sChIJe-HSnbbBIi4RJHT3IKDxDu0?authuser=0&hl=id&rclk=1,-2.0830864,106.1054717
atraksi dekat Bangka Belitung,Pantai Laskar Pelangi,Tujuan Wisata,"
CPX7+RVG, Pulau Belitung, Kepulauan Bangka Belitung 33414","4,8",2058.0,https://www.google.com/maps/place/Pantai+Laskar+Pelangi/data=!4m7!3m6!1s0x2e1743dcdecee061:0xade3d4c4ffe015bc!8m2!3d-2.5504323!4d107.7147056!16s%2Fg%2F11h_c7kls_!19sChIJYeDO3txDFy4RvBXg_8TU460?authuser=0&hl=id&rclk=1,-2.5504323,107.7147056
atraksi dekat Bangka Belitung,Wisata Air Panas Kater Desa Nyelanding,Tujuan Wisata,"
77XF+R6Q, Nyelanding, Kec. Air Gegas, Kabupaten Bangka Selatan, Kepulauan Bangka Belitung 33782","4,1",158.0,https://www.google.com/maps/place/Wisata+Air+Panas+Kater+Desa+Nyelanding/data=!4m7!3m6!1s0x2e3d699f2b68ef65:0x94089c708bd63c0e!8m2!3d-2.7004123!4d106.2731224!16s%2Fg%2F11f_d6r371!19sChIJZe9oK59pPS4RDjzWi3CcCJQ?authuser=0&hl=id&rclk=1,-2.7004123,106.2731224
atraksi dekat Bangka Belitung,Danau pading,Tujuan Wisata,"
CG6F+JJX, Perlang, Kec. Lubuk Besar, Kabupaten Bangka Tengah, Kepulauan Bangka Belitung 33681","4,7",119.0,https://www.google.com/maps/place/Danau+pading/data=!4m7!3m6!1s0x2e3d5f5d1141f5cd:0x1388e9fe221716cb!8m2!3d-2.588395!4d106.5240946!16s%2Fg%2F11vcbdjvxx!19sChIJzfVBEV1fPS4RyxYXIv7piBM?authuser=0&hl=id&rclk=1,-2.588395,106.5240946
atraksi dekat Bangka Belitung,Pantai Kubu Toboali,Tujuan Wisata,"
WH99+HW7, Toboali, Kec. Toboali, Kabupaten Bangka Selatan, Kepulauan Bangka Belitung","4,4",16.0,https://www.google.com/maps/place/Pantai+Kubu+Toboali/data=!4m7!3m6!1s0x2e1629e9391ec045:0x6e7501163d79024d!8m2!3d-3.0810752!4d106.5698015!16s%2Fg%2F11m45fv1pj!19sChIJRcAeOekpFi4RTQJ5PRYBdW4?authuser=0&hl=id&rclk=1,-3.0810752,106.5698015
atraksi dekat Bangka Belitung,Pesanggrahan Menumbing,Bangunan pusaka,"
X5MJ+63J, Tanjung, Kec. Muntok, Kabupaten Bangka Barat, Kepulauan Bangka Belitung 33351","4,6",1033.0,https://www.google.com/maps/place/Pesanggrahan+Menumbing/data=!4m7!3m6!1s0x2e23665c402def67:0x16e5d4de219fb676!8m2!3d-2.0169197!4d105.180156!16s%2Fg%2F11q8h3fwq3!19sChIJZ-8tQFxmIy4RdrafId7U5RY?authuser=0&hl=id&rclk=1,-2.0169197,105.180156
atraksi dekat Bangka Belitung,Pulau Kepayang,Tujuan Wisata,"
FM22+C8Q, Keciput, Sijuk, Kabupaten Belitung, Kepulauan Bangka Belitung 33414","4,7",722.0,https://www.google.com/maps/place/Pulau+Kepayang/data=!4m7!3m6!1s0x2e1769c15e42ec17:0x3438066846f2018e!8m2!3d-2.5489247!4d107.6508575!16s%2Fg%2F11c20qsfyj!19sChIJF-xCXsFpFy4RjgHyRmgGODQ?authuser=0&hl=id&rclk=1,-2.5489247,107.6508575
atraksi dekat Bangka Belitung,WISATA MANGROVE DESA TUKAK,Tujuan Wisata,"
2JFX+P7G, Jalan Raya Desa, Tukak, Tukak Sadai, South Bangka Regency, Bangka Belitung Islands 33783","4,3",189.0,https://www.google.com/maps/place/WISATA+MANGROVE+DESA+TUKAK/data=!4m7!3m6!1s0x2e162cb72269dd91:0x7c583c7546a972fa!8m2!3d-2.9756941!4d106.6481984!16s%2Fg%2F11fx_0q_05!19sChIJkd1pIrcsFi4R-nKpRnU8WHw?authuser=0&hl=id&rclk=1,-2.9756941,106.6481984
atraksi dekat Bangka Belitung,Pura Desa Giri Jati,Pura,"
9RJ6+M2X, Sijuk, Kabupaten Belitung, Kepulauan Bangka Belitung 33414","4,5",28.0,https://www.google.com/maps/place/Pura+Desa+Giri+Jati/data=!4m7!3m6!1s0x2e1747083afbb7b1:0x77baa2305af12031!8m2!3d-2.6182733!4d107.810109!16s%2Fg%2F11c603t1kt!19sChIJsbf7OghHFy4RMSDxWjCiunc?authuser=0&hl=id&rclk=1,-2.6182733,107.810109
atraksi dekat Bangka Belitung,Pantai Parai Tenggiri,Pantai,"
Sinar Baru, Sungai Liat, Kabupaten Bangka, Kepulauan Bangka Belitung","4,5",2120.0,https://www.google.com/maps/place/Pantai+Parai+Tenggiri/data=!4m7!3m6!1s0x2e22f4e5d4c78d53:0xf41a1faffb56928a!8m2!3d-1.8043515!4d106.1284172!16s%2Fg%2F121yhbjv!19sChIJU43H1OX0Ii4RipJW-68fGvQ?authuser=0&hl=id&rclk=1,-1.8043515,106.1284172
atraksi dekat Bangka Belitung,Pantai Punggur Tuing,Tujuan Wisata,"
92XW+X5R tuing, Mapur, Kec. Riau Silip, Kabupaten Bangka, Kepulauan Bangka Belitung 33253","4,5",132.0,https://www.google.com/maps/place/Pantai+Punggur+Tuing/data=!4m7!3m6!1s0x2e2244b2ea63fab1:0xc47da1d3f854bbf5!8m2!3d-1.6000204!4d106.045386!16s%2Fg%2F11c4649krl!19sChIJsfpj6rJEIi4R9btU-NOhfcQ?authuser=0&hl=id&rclk=1,-1.6000204,106.045386
atraksi dekat Bangka Belitung,Leebong Island Resort,,"
Pegantungan, Badau, Kabupaten Belitung, Kepulauan Bangka Belitung 33452","4,7",976.0,https://www.google.com/maps/place/Leebong+Island+Resort/data=!4m10!3m9!1s0x2e16e27b0abb21d3:0xc3840fdc06ad1c08!5m2!4m1!1i2!8m2!3d-2.9613387!4d107.5339965!16s%2Fg%2F11bzrhbvjp!19sChIJ0yG7CnviFi4RCBytBtwPhMM?authuser=0&hl=id&rclk=1,-2.9613387,107.5339965
atraksi dekat Bangka Belitung,Dusun Mengguru,Tujuan Wisata,"
CX86+2G, Cendil, Kec. Klp. Kampit, Kabupaten Belitung Timur, Kepulauan Bangka Belitung 33571","4,3",8.0,https://www.google.com/maps/place/Dusun+Mengguru/data=!4m7!3m6!1s0x2e174b10d9eda665:0x3f52899f53af5cd!8m2!3d-2.5848976!4d107.9612886!16s%2Fg%2F11sdt3hnrr!19sChIJZabt2RBLFy4RzfU69Zko9QM?authuser=0&hl=id&rclk=1,-2.5848976,107.9612886
atraksi dekat Bangka Belitung,Desa Wisata Muara Telang,Tujuan Wisata,"
Telang, Kec. Bayung Lencir, Kabupaten Musi Banyuasin, Sumatera Selatan 30756","3,0",2.0,https://www.google.com/maps/place/Desa+Wisata+Muara+Telang/data=!4m7!3m6!1s0x2e255d8959815041:0x1da80e17ef849237!8m2!3d-2.154994!4d103.699112!16s%2Fg%2F11rv2l34l2!19sChIJQVCBWYldJS4RN5KE7xcOqB0?authuser=0&hl=id&rclk=1,-2.154994,103.699112
atraksi dekat Bangka Belitung,Pantai Batu Ketak,Tujuan Wisata,"
452P+7JR, Parit Padang, Sungai Liat, Kabupaten Bangka, Kepulauan Bangka Belitung 33211","4,7",210.0,https://www.google.com/maps/place/Pantai+Batu+Ketak/data=!4m7!3m6!1s0x2e228d6306a533c1:0x5f141ed3334be933!8m2!3d-1.8993648!4d106.1858205!16s%2Fg%2F11rhdw3_w2!19sChIJwTOlBmONIi4RM-lLM9MeFF8?authuser=0&hl=id&rclk=1,-1.8993648,106.1858205
atraksi dekat Bangka Belitung,Jembatan Emas,Jembatan,"
Air Anyir, Kec. Merawang, Kabupaten Bangka, Kepulauan Bangka Belitung","4,6",387.0,https://www.google.com/maps/place/Jembatan+Emas/data=!4m7!3m6!1s0x2e22c1d1bf3bff27:0xd75aa4d9d818f1bc!8m2!3d-2.0856689!4d106.1575!16s%2Fg%2F11jz92x756!19sChIJJ_87v9HBIi4RvPEY2NmkWtc?authuser=0&hl=id&rclk=1,-2.0856689,106.1575
atraksi dekat Bangka Belitung,Graha Timah,Gedung Pertemuan,"
Jl. Jendral Sudirman No.51, Gedung Nasional, Kec. Taman Sari, Kota Pangkal Pinang, Kepulauan Bangka Belitung 33684","4,6",329.0,https://www.google.com/maps/place/Graha+Timah/data=!4m7!3m6!1s0x2e22c0e179e92841:0xde3a76d1cdd4f695!8m2!3d-2.1132985!4d106.1142861!16s%2Fg%2F11f3ng7f2z!19sChIJQSjpeeHAIi4RlfbUzdF2Ot4?authuser=0&hl=id&rclk=1,-2.1132985,106.1142861
atraksi dekat Bangka Belitung,Taman Asih Sidomulyo,Tujuan Wisata,"
3224+CW, Sidomulyo, Kec. Air Kumbang, Kab. Banyuasin, Sumatera Selatan 30962","4,5",283.0,https://www.google.com/maps/place/Taman+Asih+Sidomulyo/data=!4m7!3m6!1s0x2e3b7f8d10e53f03:0x746198553ee7f0fb!8m2!3d-2.9489105!4d105.0073715!16s%2Fg%2F11rhd_0qcn!19sChIJAz_lEI1_Oy4R-_DnPlWYYXQ?authuser=0&hl=id&rclk=1,-2.9489105,105.0073715
atraksi dekat Bangka Belitung,Yoraparla Waterpark,Kolam Renang Umum,"
XFP7+WJM, Jl. Dr. Wahidin, Toboali, Kec. Toboali, Kabupaten Bangka Selatan, Kepulauan Bangka Belitung 33783","4,3",73.0,https://www.google.com/maps/place/Yoraparla+Waterpark/data=!4m7!3m6!1s0x2e3d8158b4a6c143:0xe306b7540d669533!8m2!3d-3.0126671!4d106.4640326!16s%2Fg%2F11fm4rltlv!19sChIJQ8GmtFiBPS4RM5VmDVS3BuM?authuser=0&hl=id&rclk=1,-3.0126671,106.4640326
atraksi dekat Bangka Belitung,Phak Kak Liang,Tujuan Wisata,"
8QMR+RC3, Gn. Muda, Belinyu, Kabupaten Bangka, Kepulauan Bangka Belitung 33253","4,2",217.0,https://www.google.com/maps/place/Phak+Kak+Liang/data=!4m7!3m6!1s0x2e225337202a0685:0xfa9e6090a39bdaa9!8m2!3d-1.6654849!4d105.7910345!16s%2Fg%2F11c1ww0s71!19sChIJhQYqIDdTIi4Rqdqbo5Bgnvo?authuser=0&hl=id&rclk=1,-1.6654849,105.7910345
atraksi dekat Bangka Belitung,Desa wisata padang kandis,Tujuan Wisata,"
RH4W+79G, Jl. Tlk. Gembira, RT.02/RW.01, Padang Kandis, Membalong, Kabupaten Belitung, Kepulauan Bangka Belitung 33452","3,7",3.0,https://www.google.com/maps/place/Desa+wisata+padang+kandis/data=!4m7!3m6!1s0x2e16eb5bf37e1cd1:0x23135a26b6def7b2!8m2!3d-3.1943194!4d107.5959572!16s%2Fg%2F11s180qddv!19sChIJ0Rx-81vrFi4RsvfetiZaEyM?authuser=0&hl=id&rclk=1,-3.1943194,107.5959572
atraksi dekat Bangka Belitung,Manau Kuning,Tujuan Wisata,"
RP46+CX6, Jl. Genjer, Setia Jaya, Kec. Sungai Keruh, Kabupaten Musi Banyuasin, Sumatera Selatan 30757","4,4",30.0,https://www.google.com/maps/place/Manau+Kuning/data=!4m7!3m6!1s0x2e3a71e4525c13e1:0x18bdf10ce3ad5490!8m2!3d-3.193967!4d103.712405!16s%2Fg%2F11q1l5qfvb!19sChIJ4RNcUuRxOi4RkFSt4wzxvRg?authuser=0&hl=id&rclk=1,-3.193967,103.712405
atraksi dekat Bangka Belitung,Suak Parak Mangrove,Tujuan Wisata,"
Jl. Pak Tahau, RT.16 RW08, Air Saga, Kec. Tj. Pandan, Kabupaten Belitung, Kepulauan Bangka Belitung 33415","4,8",17.0,https://www.google.com/maps/place/Suak+Parak+Mangrove/data=!4m7!3m6!1s0x2e17154f284e2199:0x848b28789bc471b5!8m2!3d-2.7045815!4d107.6244655!16s%2Fg%2F11lgdkpqv1!19sChIJmSFOKE8VFy4RtXHEm3goi4Q?authuser=0&hl=id&rclk=1,-2.7045815,107.6244655
atraksi dekat Bangka Belitung,Desa Wisata Lalang,Tujuan Wisata,"
Lalang, Kec. Manggar, Kabupaten Belitung Timur, Kepulauan Bangka Belitung 33511","5,0",3.0,https://www.google.com/maps/place/Desa+Wisata+Lalang/data=!4m7!3m6!1s0x2e10d922206468e3:0x1746c385014c31bf!8m2!3d-2.8773965!4d108.2822389!16s%2Fg%2F11t3113_cp!19sChIJ42hkICLZEC4RvzFMAYXDRhc?authuser=0&hl=id&rclk=1,-2.8773965,108.2822389
atraksi dekat Bangka Belitung,Bangka Botanical Garden,Kebun Raya,"
Jl. Raya Pasir Padi - Kelurahan Temberan, Kecamatan Bukit Intan, Air Itam, Bukit Intan, Air Itam, Kec. Bukitintan, Kota Pangkal Pinang, Kepulauan Bangka Belitung 33684","4,4",882.0,https://www.google.com/maps/place/Bangka+Botanical+Garden/data=!4m7!3m6!1s0x2e22bf5dd4b6e19b:0xe1fc6f4939f90107!8m2!3d-2.1147717!4d106.1602651!16s%2Fg%2F11b871gzb1!19sChIJm-G21F2_Ii4RBwH5OUlv_OE?authuser=0&hl=id&rclk=1,-2.1147717,106.1602651
atraksi dekat Bangka Belitung,desa wisata baru,Tujuan Wisata,"
Baru, Kec. Manggar, Kabupaten Belitung Timur, Kepulauan Bangka Belitung 33512","4,6",5.0,https://www.google.com/maps/place/desa+wisata+baru/data=!4m7!3m6!1s0x2e10db222b77d88b:0xd2953d66a0ff99c6!8m2!3d-2.860403!4d108.2962167!16s%2Fg%2F11t318rfkm!19sChIJi9h3KyLbEC4Rxpn_oGY9ldI?authuser=0&hl=id&rclk=1,-2.860403,108.2962167
atraksi dekat Bangka Belitung,Taman Tani Merdeka,Taman bermain,"
M8XP+VWW, Martapura, Kabupaten Ogan Komering, Paku Sengkunyit, Kec. Martapura, Ulu Timur, Sumatera Selatan 32313","4,2",784.0,https://www.google.com/maps/place/Taman+Tani+Merdeka/data=!4m7!3m6!1s0x2e38fe55ec2e33ff:0xb6eaa01c80b2d261!8m2!3d-4.3002618!4d104.3373295!16s%2Fg%2F11c45w4vxn!19sChIJ_zMu7FX-OC4RYdKygByg6rY?authuser=0&hl=id&rclk=1,-4.3002618,104.3373295
atraksi dekat Bangka Belitung,Taman Rusa Pusri,Kebun Binatang,"
2RJ2+9Q2, Sei Selayur, Kec. Kalidoni, Kota Palembang, Sumatera Selatan 30119","4,3",441.0,https://www.google.com/maps/place/Taman+Rusa+Pusri/data=!4m7!3m6!1s0x2e3b77b30e6d3af9:0xf7be0cee206de725!8m2!3d-2.9691047!4d104.8018972!16s%2Fg%2F11b76twtgy!19sChIJ-TptDrN3Oy4RJedtIO4Mvvc?authuser=0&hl=id&rclk=1,-2.9691047,104.8018972
atraksi dekat Bangka Belitung,Air Terjun Lakedang,Tujuan Wisata,"
4VX7+749, Berbura, Kec. Riau Silip, Kabupaten Bangka, Kepulauan Bangka Belitung 33253","4,5",8.0,https://www.google.com/maps/place/Air+Terjun+Lakedang/data=!4m7!3m6!1s0x2e22fd30a63a6d7d:0x90cfa4f78025dcce!8m2!3d-1.8518431!4d105.8628735!16s%2Fg%2F11p56_vxx3!19sChIJfW06pjD9Ii4RztwlgPekz5A?authuser=0&hl=id&rclk=1,-1.8518431,105.8628735
atraksi dekat Bangka Belitung,OPEN PIT NAM SALU GEOSITE,Kantor Perusahaan,"
Kampong Gunong, Senyubuk, Kec. Klp. Kampit, Kabupaten Belitung Timur, Kepulauan Bangka Belitung 33571","4,5",221.0,https://www.google.com/maps/place/OPEN+PIT+NAM+SALU+GEOSITE/data=!4m7!3m6!1s0x2e10cb6ea94c8949:0xc51c3e64b4533232!8m2!3d-2.7032526!4d108.0724434!16s%2Fg%2F11fn6kqd43!19sChIJSYlMqW7LEC4RMjJTtGQ-HMU?authuser=0&hl=id&rclk=1,-2.7032526,108.0724434
atraksi dekat Bangka Belitung,Danau Kaolin,Tujuan Wisata,"
Jl. Raya Toboali, Nibung, Kec. Koba, Kabupaten Bangka Tengah, Kepulauan Bangka Belitung 33782","4,6",3997.0,https://www.google.com/maps/place/Danau+Kaolin/data=!4m7!3m6!1s0x2e3d4513bce66569:0xb60b7ec414d881df!8m2!3d-2.5478741!4d106.3528592!16s%2Fg%2F11bwc_w9b6!19sChIJaWXmvBNFPS4R34HYFMR-C7Y?authuser=0&hl=id&rclk=1,-2.5478741,106.3528592
atraksi dekat Bangka Belitung,La Lucia Hotel by Prasanthi,,"
Jl. Air Saga No.3, Air Saga, Kec. Tj. Pandan, Kabupaten Belitung, Kepulauan Bangka Belitung 33415","4,5",863.0,https://www.google.com/maps/place/La+Lucia+Hotel+by+Prasanthi/data=!4m10!3m9!1s0x2e1715d6e48b31c7:0xe8312232e3879385!5m2!4m1!1i2!8m2!3d-2.7203717!4d107.6299218!16s%2Fg%2F11c6cf99k9!19sChIJxzGL5NYVFy4RhZOH4zIiMeg?authuser=0&hl=id&rclk=1,-2.7203717,107.6299218
atraksi dekat Bangka Belitung,KAMPONG REKLAMASI SELINSING PT TIMAH TBK,Tujuan Wisata,"
355J+P58, Unnamed Road, Selingsing, Kec. Gantung, Kabupaten Belitung Timur, Kepulauan Bangka Belitung 33516","4,5",135.0,https://www.google.com/maps/place/KAMPONG+REKLAMASI+SELINSING+PT+TIMAH+TBK/data=!4m7!3m6!1s0x2e10d79e8a6a58ad:0x9af7a85e07939a7f!8m2!3d-2.9407034!4d108.1804663!16s%2Fg%2F11h7sqcbth!19sChIJrVhqip7XEC4Rf5qTB16o95o?authuser=0&hl=id&rclk=1,-2.9407034,108.1804663
atraksi dekat Bangka Belitung,Museum Timah Indonesia,Museum,"
Batin Tikal, Kec. Taman Sari, Kota Pangkal Pinang, Kepulauan Bangka Belitung 33684","4,6",1341.0,https://www.google.com/maps/place/Museum+Timah+Indonesia/data=!4m7!3m6!1s0x2e22c12016178f93:0x6347a4211f64652d!8m2!3d-2.1183289!4d106.109491!16s%2Fg%2F11b6ryv9p_!19sChIJk48XFiDBIi4RLWVkHyGkR2M?authuser=0&hl=id&rclk=1,-2.1183289,106.109491
atraksi dekat Bangka Belitung,Danau Kaolin....,Tujuan Wisata,"
Perawas, Kec. Tj. Pandan, Kabupaten Belitung, Kepulauan Bangka Belitung 33411","4,3",3188.0,https://www.google.com/maps/place/Danau+Kaolin..../data=!4m7!3m6!1s0x2e173df206524849:0x542448144f40cf88!8m2!3d-2.736802!4d107.6818554!16s%2Fg%2F11b7k77p3s!19sChIJSUhSBvI9Fy4RiM9ATxRIJFQ?authuser=0&hl=id&rclk=1,-2.736802,107.6818554
atraksi dekat Bangka Belitung,Pantai Tikus Emas,Pantai,"
Parit Padang, Sungai Liat, Kabupaten Bangka, Kepulauan Bangka Belitung","4,4",3296.0,https://www.google.com/maps/place/Pantai+Tikus+Emas/data=!4m7!3m6!1s0x2e228d3952a5c399:0x6220ec7874def469!8m2!3d-1.886576!4d106.1756851!16s%2Fg%2F11b_1sg8p3!19sChIJmcOlUjmNIi4RafTedHjsIGI?authuser=0&hl=id&rclk=1,-1.886576,106.1756851
atraksi dekat Bangka Belitung,Stadion tuatunu,Lapangan Sepak Bola,"
V3V6+CFX, Tua Tunu, Kec. Gerunggang, Kota Pangkal Pinang, Kepulauan Bangka Belitung 33173","4,0",41.0,https://www.google.com/maps/place/Stadion+tuatunu/data=!4m7!3m6!1s0x2e22c30001c0e465:0xd0f8dfc8c81d8f56!8m2!3d-2.1063664!4d106.0612761!16s%2Fg%2F11xdwm8x8d!19sChIJZeTAAQDDIi4RVo8dyMjf-NA?authuser=0&hl=id&rclk=1,-2.1063664,106.0612761
atraksi dekat Bangka Belitung,Pantai batu rakit Muntok Bangka Barat,Tujuan Wisata,"
W4FR+3JR, Jl. Muntok-Pangkalpinang, Tanjung, Kec. Muntok, Kabupaten Bangka Barat, Kepulauan Bangka Belitung 33351","4,4",18.0,https://www.google.com/maps/place/Pantai+batu+rakit+Muntok+Bangka+Barat/data=!4m7!3m6!1s0x2e235d18e6945cd1:0x1c2314b65e8f679d!8m2!3d-2.0779566!4d105.1406514!16s%2Fg%2F11t1lc8xyk!19sChIJ0VyU5hhdIy4RnWePXrYUIxw?authuser=0&hl=id&rclk=1,-2.0779566,105.1406514
atraksi dekat Bangka Belitung,Danau Kapuk,Tujuan Wisata,"
Modong, Tanah Abang, Kabupaten Muara Enim, Sumatera Selatan 31357","5,0",10.0,https://www.google.com/maps/place/Danau+Kapuk/data=!4m7!3m6!1s0x2e3a4baea1f2eed5:0x3a871e5754d6295e!8m2!3d-3.2813594!4d104.2272443!16s%2Fg%2F11q7bbxq26!19sChIJ1e7yoa5LOi4RXinWVFcehzo?authuser=0&hl=id&rclk=1,-3.2813594,104.2272443
atraksi dekat Bangka Belitung,VNI Arena,Lapangan Futsal,"
7MF7+W83, Jl. Sijuk No.31, Air Merbau, Kec. Tj. Pandan, Kabupaten Belitung, Kepulauan Bangka Belitung 33414","4,8",6.0,https://www.google.com/maps/place/VNI+Arena/data=!4m7!3m6!1s0x2e1717007a75cfa9:0x780aa88ed8cbbd1e!8m2!3d-2.7250797!4d107.6633609!16s%2Fg%2F11vk683kf7!19sChIJqc91egAXFy4RHr3L2I6oCng?authuser=0&hl=id&rclk=1,-2.7250797,107.6633609
atraksi dekat Bangka Belitung,Pantai Batu Perahu,Tujuan Wisata,"
452P+5JW, Parit Padang, Sungai Liat, Kabupaten Bangka, Kepulauan Bangka Belitung","4,8",6.0,https://www.google.com/maps/place/Pantai+Batu+Perahu/data=!4m7!3m6!1s0x2e228da4bd6bb307:0xd8dee90ea6e6ace7!8m2!3d-1.8995166!4d106.1865919!16s%2Fg%2F11qh1h4ff2!19sChIJB7NrvaSNIi4R56zmpg7p3tg?authuser=0&hl=id&rclk=1,-1.8995166,106.1865919
atraksi dekat Bangka Belitung,Water Boom Gunung Sari Jost,Wahana Taman Hiburan,"
Jl. Palembang-jambi Km127 desa sri gunung kec. Sungai lilin, Bukit Jaya, Sekayu,Musi Banyuasin, Kabupaten Musi Banyuasin, Sumatera Selatan 30755","4,0",219.0,https://www.google.com/maps/place/Water+Boom+Gunung+Sari+Jost/data=!4m7!3m6!1s0x2e3acfa6e1601733:0x22edcb246fc7ad0f!8m2!3d-2.515946!4d104.0530633!16s%2Fg%2F11cjkphpp7!19sChIJMxdg4abPOi4RD63HbyTL7SI?authuser=0&hl=id&rclk=1,-2.515946,104.0530633
atraksi dekat Bangka Belitung,Kelenteng Dharma Suci Manggar,Tempat Ibadah,"
572Q+XHG, Baru, Kec. Manggar, Kabupaten Belitung Timur, Kepulauan Bangka Belitung 33512","4,9",7.0,https://www.google.com/maps/place/Kelenteng+Dharma+Suci+Manggar/data=!4m7!3m6!1s0x2e10dbca6803123b:0x48902ddafe0b4074!8m2!3d-2.847571!4d108.2889506!16s%2Fg%2F11bv2p7q51!19sChIJOxIDaMrbEC4RdEAL_totkEg?authuser=0&hl=id&rclk=1,-2.847571,108.2889506
atraksi dekat Bangka Belitung,Hutan Pelawan,Hutan Nasional,"
Namang, Kec. Namang, Kabupaten Bangka Tengah, Kepulauan Bangka Belitung 33684","3,9",258.0,https://www.google.com/maps/place/Hutan+Pelawan/data=!4m7!3m6!1s0x2e3d4aca213ed8f3:0x6c845f27e0405001!8m2!3d-2.3675692!4d106.1833851!16s%2Fg%2F11dfh55z3_!19sChIJ89g-IcpKPS4RAVBA4CdfhGw?authuser=0&hl=id&rclk=1,-2.3675692,106.1833851
atraksi dekat Bangka Belitung,Desa Tanjung pura,Tempat Ibadah,"
JRH7+F3Q, Tj. Pura, Kec. Sungai Selan, Kabupaten Bangka Tengah, Kepulauan Bangka Belitung 33675","4,0",2.0,https://www.google.com/maps/place/Desa+Tanjung+pura/data=!4m7!3m6!1s0x2e3d2b362f3960cd:0xa5f2b9db0ef6a164!8m2!3d-2.3712793!4d105.8127231!16s%2Fg%2F11k40lh3cx!19sChIJzWA5LzYrPS4RZKH2Dtu58qU?authuser=0&hl=id&rclk=1,-2.3712793,105.8127231
atraksi dekat Bangka Belitung,Danau Telok Putih,Tujuan Wisata,"
PMVQ+G2V, Unnamed Road, Sakatiga, Kec. Indralaya, Kabupaten Ogan Ilir, Sumatera Selatan 30862","4,6",170.0,https://www.google.com/maps/place/Danau+Telok+Putih/data=!4m7!3m6!1s0x2e3b956860d67839:0x2ccf089cb297edbb!8m2!3d-3.2561385!4d104.6875435!16s%2Fg%2F11j0zsxbg8!19sChIJOXjWYGiVOy4Ru-2XspwIzyw?authuser=0&hl=id&rclk=1,-3.2561385,104.6875435
atraksi dekat Bangka Belitung,Pemandian Air Panas Tirta Tapta Pemali Bangka hot spring,Tujuan Wisata,"
42QW+PMG, Unnamed Rd, Penyamun, Kec. Pemali, Kabupaten Bangka, Kepulauan Bangka Belitung 33211","3,9",628.0,https://www.google.com/maps/place/Pemandian+Air+Panas+Tirta+Tapta+Pemali+Bangka+hot+spring/data=!4m7!3m6!1s0x2e22f16e9dab3ab9:0x2a781bdf22fcb148!8m2!3d-1.8606851!4d106.0467064!16s%2Fg%2F11b6hwcs41!19sChIJuTqrnW7xIi4RSLH8It8beCo?authuser=0&hl=id&rclk=1,-1.8606851,106.0467064
atraksi dekat Bangka Belitung,Tj. Binga,,,,,https://www.google.com/maps/place/Tj.+Binga/data=!4m7!3m6!1s0x2e176a0554600245:0x437d1576ee753d04!8m2!3d-2.5924767!4d107.6407705!16s%2Fg%2F12hhhqd16!19sChIJRQJgVAVqFy4RBD117nYVfUM?authuser=0&hl=id&rclk=1,-2.5924767,107.6407705
atraksi dekat Bangka Belitung,Pelangi Alam Mesir,Tujuan Wisata,"
Aji Mesir, Kec. Gedung Aji, Kab. Tulang Bawang, Lampung 34596","4,8",23.0,https://www.google.com/maps/place/Pelangi+Alam+Mesir/data=!4m7!3m6!1s0x2e3efdc992f027a7:0x2f8b938b97650da8!8m2!3d-4.2264203!4d105.5960768!16s%2Fg%2F11r2yjmjz1!19sChIJpyfwksn9Pi4RqA1ll4uTiy8?authuser=0&hl=id&rclk=1,-4.2264203,105.5960768
atraksi dekat Bangka Belitung,Masjid Nurussalam,Masjid,"
Bencah, Kec. Air Gegas, Kabupaten Bangka Selatan, Kepulauan Bangka Belitung 33782","4,0",7.0,https://www.google.com/maps/place/Masjid+Nurussalam/data=!4m7!3m6!1s0x2e3d64213ee756cb:0xe00784956e31026e!8m2!3d-2.7448683!4d106.41234!16s%2Fg%2F11gcmqykd4!19sChIJy1bnPiFkPS4RbgIxbpWEB-A?authuser=0&hl=id&rclk=1,-2.7448683,106.41234
atraksi dekat Bangka Belitung,Pantai Pesaren,Tujuan Wisata,"
FRHX+358, Pantai, Pesaren, Belinyu, Kabupaten Bangka, Kepulauan Bangka Belitung 33253","4,6",51.0,https://www.google.com/maps/place/Pantai+Pesaren/data=!4m7!3m6!1s0x2e224b72d1dd4cff:0xa067d8b40819f008!8m2!3d-1.5223413!4d105.8479446!16s%2Fg%2F11frsvxqt0!19sChIJ_0zd0XJLIi4RCPAZCLTYZ6A?authuser=0&hl=id&rclk=1,-1.5223413,105.8479446
atraksi dekat Bangka Belitung,Taman Kota Sungailiat,Taman Kota,"
44X9+CCC, Sungailiat, Sungai Liat, Kabupaten Bangka, Kepulauan Bangka Belitung 33211","4,3",474.0,https://www.google.com/maps/place/Taman+Kota+Sungailiat/data=!4m7!3m6!1s0x2e22f3e16f449c23:0xa0b8bcb7556bb5ab!8m2!3d-1.851441!4d106.1185158!16s%2Fg%2F11hyyf5h6w!19sChIJI5xEb-HzIi4Rq7VrVbe8uKA?authuser=0&hl=id&rclk=1,-1.851441,106.1185158
atraksi dekat Bangka Belitung,Pantai Tanjung Pao,Tujuan Wisata,"
Jalan Dusun Burak, Desa, Bukit Terap, Kec. Tukak Sadai, Kabupaten Bangka Selatan, Kepulauan Bangka Belitung 33783","4,6",32.0,https://www.google.com/maps/place/Pantai+Tanjung+Pao/data=!4m7!3m6!1s0x2e162d8e3930cba7:0x314b7d65742b376!8m2!3d-2.9633365!4d106.6278542!16s%2Fg%2F11hyv02_58!19sChIJp8swOY4tFi4RdrNCV9a3FAM?authuser=0&hl=id&rclk=1,-2.9633365,106.6278542
atraksi dekat Bangka Belitung,Curup Napal Carik,Tujuan Wisata,"
3P92+CFQ, Muara Emil, Kec. Tj. Agung, Kabupaten Muara Enim, Sumatera Selatan 31355","4,0",24.0,https://www.google.com/maps/place/Curup+Napal+Carik/data=!4m7!3m6!1s0x2e39e7af892864bb:0x3079958a05d36e92!8m2!3d-3.9314136!4d103.7012366!16s%2Fg%2F11g1nrqgvq!19sChIJu2Qoia_nOS4Rkm7TBYqVeTA?authuser=0&hl=id&rclk=1,-3.9314136,103.7012366
atraksi dekat Bangka Belitung,Vihara Dewi Kwan Im,Vihara,"
762W+JJG, Burong Mandi, K ecamatan Damar, Kabupaten Belitung Timur, Kepulauan Bangka Belitung 33571","4,5",880.0,https://www.google.com/maps/place/Vihara+Dewi+Kwan+Im/data=!4m7!3m6!1s0x2e10c58398b43ad5:0x594b781abe22879!8m2!3d-2.7484322!4d108.2465794!16s%2Fg%2F11b7lhbd3_!19sChIJ1Tq0mIPFEC4ReSjiq4G3lAU?authuser=0&hl=id&rclk=1,-2.7484322,108.2465794
atraksi dekat Bangka Belitung,Taman Publik POM IX Taman TVRI,Taman Kota,"
2PFQ+5G9, Jl. POM IX, Lorok Pakjo, Kec. Ilir Bar. I, Kota Palembang, Sumatera Selatan 30126","4,4",2592.0,https://www.google.com/maps/place/Taman+Publik+POM+IX+Taman+TVRI/data=!4m7!3m6!1s0x2e3b75e8170e04f1:0xb836eac4682097f0!8m2!3d-2.977076!4d104.7388498!16s%2Fg%2F11bw4vnxty!19sChIJ8QQOF-h1Oy4R8JcgaMTqNrg?authuser=0&hl=id&rclk=1,-2.977076,104.7388498
atraksi dekat Bangka Belitung,Dusun sadap,Komplek perumahan,"
9GWC+W7 sadap, Perlang, Kec. Lubuk Besar, Kabupaten Bangka Tengah, Kepulauan Bangka Belitung 33681","5,0",1.0,https://www.google.com/maps/place/Dusun+sadap/data=!4m7!3m6!1s0x2e3d5f00488f3083:0x134a753a811e9f64!8m2!3d-2.6026576!4d106.5206404!16s%2Fg%2F11y39524ml!19sChIJgzCPSABfPS4RZJ8egTp1ShM?authuser=0&hl=id&rclk=1,-2.6026576,106.5206404
atraksi dekat Bangka Belitung,Pagoda Pulo Kemaro,Bangunan Bersejarah,"
1 Ilir, Kec. Ilir Tim. II, Kota Palembang, Sumatera Selatan 30119","4,7",378.0,https://www.google.com/maps/place/Pagoda+Pulo+Kemaro/data=!4m7!3m6!1s0x2e3b77c785e6187d:0x69813130180bb7cc!8m2!3d-2.9804927!4d104.8134288!16s%2Fg%2F11swqwq63l!19sChIJfRjmhcd3Oy4RzLcLGDAxgWk?authuser=0&hl=id&rclk=1,-2.9804927,104.8134288
atraksi dekat Bangka Belitung,Pantai Menung,Tujuan Wisata,"
Q6C6+G33, Kayu Besi, Kec. Namang, Kabupaten Bangka Tengah, Kepulauan Bangka Belitung","4,3",97.0,https://www.google.com/maps/place/Pantai+Menung/data=!4m7!3m6!1s0x2e22b77497d9d245:0xb482255f3db8e7f5!8m2!3d-2.2287443!4d106.2101602!16s%2Fg%2F11g9vw8kjg!19sChIJRdLZl3S3Ii4R9ee4PV8lgrQ?authuser=0&hl=id&rclk=1,-2.2287443,106.2101602
atraksi dekat Bangka Belitung,Bhayangkara Park Bangka Belitung,Taman,"
R5W6+R8F, Air Itam, Kec. Bukitintan, Kota Pangkal Pinang, Kepulauan Bangka Belitung 33684","4,5",52.0,https://www.google.com/maps/place/Bhayangkara+Park+Bangka+Belitung/data=!4m7!3m6!1s0x2e22b8a05242d2e9:0x58cc695898642d2b!8m2!3d-2.1529325!4d106.1608041!16s%2Fg%2F11ggr4p580!19sChIJ6dJCUqC4Ii4RKy1kmFhpzFg?authuser=0&hl=id&rclk=1,-2.1529325,106.1608041
atraksi dekat Bangka Belitung,Pokdarwis Sukma Beransai,Pusat Informasi Pariwisata,"
Desa, RT.007/RW.003, Sukamandi, K ecamatan Damar, Kabupaten Belitung Timur, Kepulauan Bangka Belitung 33513",,,https://www.google.com/maps/place/Pokdarwis+Sukma+Beransai/data=!4m7!3m6!1s0x2e10d7dddd4b69b9:0x53aa1423e8176311!8m2!3d-2.8767326!4d108.1784455!16s%2Fg%2F11t310r00t!19sChIJuWlL3d3XEC4REWMX6CMUqlM?authuser=0&hl=id&rclk=1,-2.8767326,108.1784455
atraksi dekat Bangka Belitung,Gurog Meranti,Tujuan Wisata,"
DSN BANGEK, RT.,004/RW.000, Simpang Tiga, Kec. Simpang Renggiang, Kabupaten Belitung Timur, Kepulauan Bangka Belitung 33563","4,9",16.0,https://www.google.com/maps/place/Gurog+Meranti/data=!4m7!3m6!1s0x2e172f007e4a8b7f:0x2e440a2f7c635917!8m2!3d-2.8100682!4d107.8620891!16s%2Fg%2F11vk1q7b60!19sChIJf4tKfgAvFy4RF1ljfC8KRC4?authuser=0&hl=id&rclk=1,-2.8100682,107.8620891
atraksi dekat Bangka Belitung,Pulau Batu Berlayar,Tujuan Wisata,"
CMR4+GQ5 ilha de Granito ""Batu Berlayar"" em Belitong, South China, Sea, Sijuk, Kabupaten Belitung, Kepulauan Bangka Belitung 33414","4,9",14.0,https://www.google.com/maps/place/Pulau+Batu+Berlayar/data=!4m7!3m6!1s0x2e176900368c221b:0x797413b8fd08051a!8m2!3d-2.5579476!4d107.6566908!16s%2Fg%2F11w9slysy5!19sChIJGyKMNgBpFy4RGgUI_bgTdHk?authuser=0&hl=id&rclk=1,-2.5579476,107.6566908
atraksi dekat Bangka Belitung,Padepokan Puri Tri Agung,Vihara,"
452M+4MF Pantai Tikus, Parit Padang, Sungai Liat, Bangka Regency, Bangka Belitung Islands 33211","4,6",1801.0,https://www.google.com/maps/place/Padepokan+Puri+Tri+Agung/data=!4m7!3m6!1s0x2e228d687ea9df91:0x4de25e33093ce685!8m2!3d-1.8995636!4d106.1839935!16s%2Fg%2F11b6tdqz14!19sChIJkd-pfmiNIi4RheY8CTNe4k0?authuser=0&hl=id&rclk=1,-1.8995636,106.1839935
atraksi dekat Bangka Belitung,Wisata Alam Batu Belimbing Bangka Selatan,Tujuan Wisata,"
XCVW+P5W, Tj. Ketapang, Bang Toboali, Kabupaten Bangka Selatan, Kepulauan Bangka Belitung 33783","4,4",1169.0,https://www.google.com/maps/place/Wisata+Alam+Batu+Belimbing+Bangka+Selatan/data=!4m7!3m6!1s0x2e3d818144341489:0x6f0369c2d3fc067c!8m2!3d-3.0056437!4d106.4454459!16s%2Fg%2F11bw47chv5!19sChIJiRQ0RIGBPS4RfAb808JpA28?authuser=0&hl=id&rclk=1,-3.0056437,106.4454459
atraksi dekat Bangka Belitung,Bukit Peramun,Tujuan Wisata,"
Jl. Peramun, Air Selumar, Sijuk, Kabupaten Belitung, Kepulauan Bangka Belitung 33414","4,6",382.0,https://www.google.com/maps/place/Bukit+Peramun/data=!4m7!3m6!1s0x2e1740e6c6eb4e0f:0xd80d27096e19d44d!8m2!3d-2.6156831!4d107.7358083!16s%2Fg%2F11c6f0qfj8!19sChIJD07rxuZAFy4RTdQZbgknDdg?authuser=0&hl=id&rclk=1,-2.6156831,107.7358083
atraksi dekat Bangka Belitung,Pesona Bay Hotel,,"
Jl. Pantai Rebo, Parit Padang, Sungai Liat, Parit Padang, Sungai Liat, Kabupaten Bangka, Kepulauan Bangka Belitung 33211","4,3",373.0,https://www.google.com/maps/place/Pesona+Bay+Hotel/data=!4m10!3m9!1s0x2e228d3b436c4695:0x1c55dafa12715b1d!5m2!4m1!1i2!8m2!3d-1.8856953!4d106.173987!16s%2Fg%2F11c6cxh1mq!19sChIJlUZsQzuNIi4RHVtxEvraVRw?authuser=0&hl=id&rclk=1,-1.8856953,106.173987
atraksi dekat Bangka Belitung,Wisata Alam Batu Mentas,Tujuan Wisata,"
6R4P+F5W, Wisata Alam Batu Mentas, jl. Tengah Manggar, dusun Kelekak Datuk, Badau, Kabupaten Belitung, Kepulauan Bangka Belitung 33451","4,6",158.0,https://www.google.com/maps/place/Wisata+Alam+Batu+Mentas/data=!4m7!3m6!1s0x2e173b38bc226701:0x13763c66a00bb090!8m2!3d-2.7937514!4d107.8354653!16s%2Fg%2F11s5wl63g4!19sChIJAWcivDg7Fy4RkLALoGY8dhM?authuser=0&hl=id&rclk=1,-2.7937514,107.8354653
atraksi dekat Bangka Belitung,Wisata Pantai Batu Keranji,Tujuan Wisata,"
Rambat, Kec. Simpang Teritip, Kabupaten Bangka Barat, Kepulauan Bangka Belitung 33366","4,4",20.0,https://www.google.com/maps/place/Wisata+Pantai+Batu+Keranji/data=!4m7!3m6!1s0x2e23718064b8cb2d:0x7be05e504323adff!8m2!3d-1.8989684!4d105.2554472!16s%2Fg%2F11ks2smj1c!19sChIJLcu4ZIBxIy4R_60jQ1Be4Hs?authuser=0&hl=id&rclk=1,-1.8989684,105.2554472
atraksi dekat Bangka Belitung,Pemakaman Dusun Kelekak Datuk Desa Badau Kecamatan badau Belitung,Restoran,"
5RMC+3XR, Badau, Kabupaten Belitung, Kepulauan Bangka Belitung 33451","4,7",13.0,https://www.google.com/maps/place/Pemakaman+Dusun+Kelekak+Datuk+Desa+Badau+Kecamatan+badau+Belitung/data=!4m7!3m6!1s0x2e172508cce5ea49:0x28fa7c4c91ba7ae1!8m2!3d-2.8172726!4d107.8224038!16s%2Fg%2F11h10b1vgr!19sChIJSerlzAglFy4R4Xq6kUx8-ig?authuser=0&hl=id&rclk=1,-2.8172726,107.8224038
atraksi dekat Bangka Belitung,Simpang Tempilang,Area Mendaki,"
Jl. Pangkalpinang-Muntok, Maras Senang, Kec. Klp., Kabupaten Bangka Barat, Kepulauan Bangka Belitung 33364","4,4",32.0,https://www.google.com/maps/place/Simpang+Tempilang/data=!4m7!3m6!1s0x2e2303b3ac69b473:0x152bb871e4797176!8m2!3d-1.8941146!4d105.7031073!16s%2Fg%2F11sfjl1qd4!19sChIJc7RprLMDIy4RdnF55HG4KxU?authuser=0&hl=id&rclk=1,-1.8941146,105.7031073
atraksi dekat Bangka Belitung,Pantai air anyir,Tujuan Wisata,"
Air Anyir, Kec. Merawang, Kabupaten Bangka, Kepulauan Bangka Belitung 33172","4,1",182.0,https://www.google.com/maps/place/Pantai+air+anyir/data=!4m7!3m6!1s0x2e22eb2b0a47de21:0xbf9235a23fca198f!8m2!3d-2.0193529!4d106.1552899!16s%2Fg%2F11bxdwycxp!19sChIJId5HCivrIi4RjxnKP6I1kr8?authuser=0&hl=id&rclk=1,-2.0193529,106.1552899
atraksi dekat Bangka Belitung,Pan Semujur Beach,Pantai,"
Jl. Tapak Dewa, Tj. Gn., Kec. Pangkalan Baru, Kabupaten Bangka Tengah, Kepulauan Bangka Belitung","4,2",567.0,https://www.google.com/maps/place/Pan+Semujur+Beach/data=!4m7!3m6!1s0x2e22b84954c5dbf7:0x44f6856cf2ec02c5!8m2!3d-2.1875126!4d106.1990149!16s%2Fg%2F11f0krdgr2!19sChIJ99vFVEm4Ii4RxQLs8myF9kQ?authuser=0&hl=id&rclk=1,-2.1875126,106.1990149
atraksi dekat Bangka Belitung,Pantai BABUSSALAM Air Hitam Laut Kec Sadu Kab Tanjabtim Jambi,Pantai,"
Air Hitam Laut, Kec. Sadu, Kabupaten Tanjung Jabung Timur, Jambi 36773","4,0",36.0,https://www.google.com/maps/place/Pantai+BABUSSALAM+Air+Hitam+Laut+Kec+Sadu+Kab+Tanjabtim+Jambi/data=!4m7!3m6!1s0x2e242fdee124a559:0xe7d3a0f7e5d637f0!8m2!3d-1.3204677!4d104.4448978!16s%2Fg%2F11bxfx7vgy!19sChIJWaUk4d4vJC4R8DfW5feg0-c?authuser=0&hl=id&rclk=1,-1.3204677,104.4448978
atraksi dekat Bangka Belitung,Tj. Pendam,,,,,https://www.google.com/maps/place/Tj.+Pendam/data=!4m7!3m6!1s0x2e17167a7de532ab:0xe6b14227da0d4f23!8m2!3d-2.7272344!4d107.6318903!16s%2Fg%2F12hhhkw3t!19sChIJqzLlfXoWFy4RI08N2idCseY?authuser=0&hl=id&rclk=1,-2.7272344,107.6318903
atraksi dekat Bangka Belitung,Pantai Tj. Pendam,Pantai,"
Kepulauan Bangka Belitung","4,5",479.0,https://www.google.com/maps/place/Pantai+Tj.+Pendam/data=!4m7!3m6!1s0x2e171660f94aa8e7:0xdb205eed8b15f1!8m2!3d-2.7411811!4d107.6246944!16s%2Fg%2F1ydp5gj9x!19sChIJ56hK-WAWFy4R8RWL7V4g2wA?authuser=0&hl=id&rclk=1,-2.7411811,107.6246944
atraksi dekat Bangka Belitung,Pantai Burong Mandi,Tujuan Wisata,"
7743+R6, Burong Mandi, Kabupaten Belitung Timur, Kepulauan Bangka Belitung","4,3",161.0,https://www.google.com/maps/place/Pantai+Burong+Mandi/data=!4m7!3m6!1s0x2e10c54da58413f9:0x2b85cad9211548bb!8m2!3d-2.7429629!4d108.2530099!16s%2Fg%2F11ssyy5gc5!19sChIJ-ROEpU3FEC4Ru0gVIdnKhSs?authuser=0&hl=id&rclk=1,-2.7429629,108.2530099
atraksi dekat Bangka Belitung,Simpang Gong,,,,,https://www.google.com/maps/place/Simpang+Gong/data=!4m7!3m6!1s0x2e23720678bc3ffd:0x41c53e94ff94db8e!8m2!3d-1.8939731!4d105.3189726!16s%2Fg%2F12lqk0fj6!19sChIJ_T-8eAZyIy4RjtuU_5Q-xUE?authuser=0&hl=id&rclk=1,-1.8939731,105.3189726
atraksi dekat Bangka Belitung,Taman Kolam Bahari,Tujuan Wisata,"
Jl. Pakri 1 No.21, Duku, Kec. Ilir Tim. II, Kota Palembang, Sumatera Selatan 30163","4,8",148.0,https://www.google.com/maps/place/Taman+Kolam+Bahari/data=!4m7!3m6!1s0x2e3b776a26b35425:0xa78666ea5ff91482!8m2!3d-2.9573938!4d104.7712355!16s%2Fg%2F11mw7rh3my!19sChIJJVSzJmp3Oy4RghT5X-pmhqc?authuser=0&hl=id&rclk=1,-2.9573938,104.7712355
atraksi dekat Bangka Belitung,Kampoeng FIFI,Tujuan Wisata,"
25J8+MRP, Lenggang, Kec. Gantung, Kabupaten Belitung Timur, Kepulauan Bangka Belitung 33516","4,2",2833.0,https://www.google.com/maps/place/Kampoeng+FIFI/data=!4m7!3m6!1s0x2e1129bdf3df1775:0xe307fd6abe1abc01!8m2!3d-2.9682904!4d108.1670653!16s%2Fg%2F11cp3jphly!19sChIJdRff870pES4RAbwavmr9B-M?authuser=0&hl=id&rclk=1,-2.9682904,108.1670653
atraksi dekat Bangka Belitung,TRENDGYM,Tempat Fitness,"
7JFR+W5H, Jl. Gatot Subroto, Paal Satu, Kec. Tj. Pandan, Kabupaten Belitung, Kepulauan Bangka Belitung 33411","4,2",17.0,https://www.google.com/maps/place/TRENDGYM/data=!4m7!3m6!1s0x2e1717bff90c35c9:0x8fb734549da53092!8m2!3d-2.7251942!4d107.6404893!16s%2Fg%2F11h336myxk!19sChIJyTUM-b8XFy4RkjClnVQ0t48?authuser=0&hl=id&rclk=1,-2.7251942,107.6404893
atraksi dekat Bangka Belitung,Rumah Keong Belitung,Tujuan Wisata,"
25Q2+FRV, Lenggang, Kec. Gantung, Kabupaten Belitung Timur, Kepulauan Bangka Belitung 33562","4,3",494.0,https://www.google.com/maps/place/Rumah+Keong+Belitung/data=!4m7!3m6!1s0x2e1129f2e3a1b433:0x6ae77976bfdd76c7!8m2!3d-2.9612504!4d108.1520326!16s%2Fg%2F11cs3zxgbh!19sChIJM7Sh4_IpES4Rx3bdv3Z552o?authuser=0&hl=id&rclk=1,-2.9612504,108.1520326
atraksi dekat Bangka Belitung,Bukit Pagoda Nusantara,Tujuan Wisata,"
Jl. Pagoda, Parit Padang, Sungai Liat, Kabupaten Bangka, Kepulauan Bangka Belitung 33211","4,3",232.0,https://www.google.com/maps/place/Bukit+Pagoda+Nusantara/data=!4m7!3m6!1s0x2e22ed4c812b8e23:0x9c546154be27204d!8m2!3d-1.9092473!4d106.1575792!16s%2Fg%2F11vcm1vxzt!19sChIJI44rgUztIi4RTSAnvlRhVJw?authuser=0&hl=id&rclk=1,-1.9092473,106.1575792
atraksi dekat Bangka Belitung,Danau Ulak Lia Sekayu,Tujuan Wisata,"
4RC7+J9Q, Balai Agung, Kec. Sekayu, Kabupaten Musi Banyuasin, Sumatera Selatan 30711","4,4",152.0,https://www.google.com/maps/place/Danau+Ulak+Lia+Sekayu/data=!4m7!3m6!1s0x2e3a8fa895355f2f:0x851b73738cb64e1c!8m2!3d-2.8784083!4d103.813475!16s%2Fg%2F11h3x442b3!19sChIJL181laiPOi4RHE62jHNzG4U?authuser=0&hl=id&rclk=1,-2.8784083,103.813475
atraksi dekat Bangka Belitung,Desa Wisata Balok,Tujuan Wisata,"
Jl. Raya Desa Balok, RT.07, Balok, Kec. Dendang, Kabupaten Belitung Timur, Kepulauan Bangka Belitung 33561","4,7",3.0,https://www.google.com/maps/place/Desa+Wisata+Balok/data=!4m7!3m6!1s0x2e16d75a47c40563:0x3a8d3df55ff44b38!8m2!3d-3.0163227!4d107.8967687!16s%2Fg%2F11kqt_5ytp!19sChIJYwXER1rXFi4ROEv0X_U9jTo?authuser=0&hl=id&rclk=1,-3.0163227,107.8967687
atraksi dekat Bangka Belitung,WISATA OTOMOTIF PASIR PICAY,Tujuan Wisata,"
56QR+PF6, Jalan panggung pelita, Dsn garumedang, Sukamandi, K ecamatan Damar, Kabupaten Belitung Timur, Kepulauan Bangka Belitung 33515","4,4",23.0,https://www.google.com/maps/place/WISATA+OTOMOTIF+PASIR+PICAY/data=!4m7!3m6!1s0x2e10db6c075ee639:0xbbc6278cdcfe4860!8m2!3d-2.8107115!4d108.2411322!16s%2Fg%2F11fm_1mxp_!19sChIJOeZeB2zbEC4RYEj-3Iwnxrs?authuser=0&hl=id&rclk=1,-2.8107115,108.2411322
atraksi dekat Bromo,Explore Bromo,Biro Perjalanan dan Wisata,"
Jl. Raya Bromo, Cemorolawang, Ngadisari, Kec. Sukapura, Kabupaten Probolinggo, Jawa Timur 67254","4,7",95.0,https://www.google.com/maps/place/Explore+Bromo/data=!4m7!3m6!1s0x2e7887608c60bee7:0xc6e495ae9a8b5d5a!8m2!3d-7.9209746!4d112.9645686!16s%2Fg%2F11gc9m3rdx!19sChIJ575gjGCHeC4RWl2Lmq6V5MY?authuser=0&hl=id&rclk=1,-7.9209746,112.9645686
atraksi dekat Bromo,Lautan Pasir Bromo,Tujuan Wisata,"
Cemorolawang, Ngadisari, Kec. Sukapura, Kabupaten Probolinggo, Jawa Timur 67254","4,8",10937.0,https://www.google.com/maps/place/Lautan+Pasir+Bromo/data=!4m7!3m6!1s0x2dd6365873d6ae09:0x42c2b14a434816da!8m2!3d-7.9291214!4d112.9543344!16s%2Fg%2F11c0phrzth!19sChIJCa7Wc1g21i0R2hZIQ0qxwkI?authuser=0&hl=id&rclk=1,-7.9291214,112.9543344
atraksi dekat Bromo,Bromo Hillside,Tujuan Wisata,"
2WGG+6C2, Jl. Jemplang, Dusun Jarak Ijo, Ngadas, Kec. Poncokusumo, Kabupaten Malang, Jawa Timur 65157","4,8",7199.0,https://www.google.com/maps/place/Bromo+Hillside/data=!4m7!3m6!1s0x2dd6377616504031:0xa294e98df7f7df1b!8m2!3d-7.9739736!4d112.9258767!16s%2Fg%2F11sf85hmk4!19sChIJMUBQFnY31i0RG9_3943plKI?authuser=0&hl=id&rclk=1,-7.9739736,112.9258767
atraksi dekat Bromo,Tour Agency Wisata Gunung Bromo,Biro Wisata,"
Perum Bumi Mondoroko Raya Blk. BB No.22, Krajan, Watugede, Kec. Singosari, Kabupaten Malang, Jawa Timur 65153","4,7",164.0,https://www.google.com/maps/place/Tour+Agency+Wisata+Gunung+Bromo/data=!4m7!3m6!1s0x2dd62be59f494bff:0xccc55330620ab40a!8m2!3d-7.9092633!4d112.6661001!16s%2Fg%2F11fsz1yxyt!19sChIJ_0tJn-Ur1i0RCrQKYjBTxcw?authuser=0&hl=id&rclk=1,-7.9092633,112.6661001
atraksi dekat Bromo,Mentigen Hill,Titik Pemandangan,"
3XC9+FW3, Unnamed Road, Ngadisari, Sukapura, Probolinggo Regency, East Java 67254","4,7",874.0,https://www.google.com/maps/place/Mentigen+Hill/data=!4m7!3m6!1s0x2dd636446fce4da7:0x8280d0d5476c7a64!8m2!3d-7.9288644!4d112.9697946!16s%2Fg%2F11gfp24m29!19sChIJp03Ob0Q21i0RZHpsR9XQgII?authuser=0&hl=id&rclk=1,-7.9288644,112.9697946
atraksi dekat Bromo,Kawah Gunung Bromo,Tujuan Wisata,"
3X63+65P, Cemorolawang, Podokoyo, Kec. Sukapura, Kabupaten Lumajang, Jawa Timur 67177","4,7",720.0,https://www.google.com/maps/place/Kawah+Gunung+Bromo/data=!4m7!3m6!1s0x2dd637c78bebaa97:0xa7a0b97b68ca6dfb!8m2!3d-7.9394213!4d112.9529423!16s%2Fg%2F11shnhcqn0!19sChIJl6rri8c31i0R-23KaHu5oKc?authuser=0&hl=id&rclk=1,-7.9394213,112.9529423
atraksi dekat Bromo,Air Terjun Madakaripura,Tujuan Wisata,"
Tersono, Sapih, Kec. Lumbang, Kabupaten Probolinggo, Jawa Timur 67183","4,5",3561.0,https://www.google.com/maps/place/Air+Terjun+Madakaripura/data=!4m7!3m6!1s0x2dd64a8134d45011:0x8d14c8dbff7a3823!8m2!3d-7.8478713!4d113.0161214!16s%2Fm%2F064mbnz!19sChIJEVDUNIFK1i0RIzh6_9vIFI0?authuser=0&hl=id&rclk=1,-7.8478713,113.0161214
atraksi dekat Bromo,Pasir Berbisik,Tujuan Wisata,"
Krajan I, Ngadas, Kec. Sukapura, Kabupaten Probolinggo, Jawa Timur 67254","4,8",1829.0,https://www.google.com/maps/place/Pasir+Berbisik/data=!4m7!3m6!1s0x2dd6364c6d33285d:0xfe280532e12495e9!8m2!3d-7.9379202!4d112.9704424!16s%2Fg%2F11c20cvplm!19sChIJXSgzbUw21i0R6ZUk4TIFKP4?authuser=0&hl=id&rclk=1,-7.9379202,112.9704424
atraksi dekat Bromo,Bukit Red Flower Puspo,Tujuan Wisata,"
Jalan Bromo Tosari No.Dusun, Sentong, Punjul, Kec. Puspo, Pasuruan, Jawa Timur 67176","4,5",396.0,https://www.google.com/maps/place/Bukit+Red+Flower+Puspo/data=!4m7!3m6!1s0x2dd633dfa818a147:0xff73ce5767d10cb9!8m2!3d-7.8434958!4d112.8697261!16s%2Fg%2F11h3whn38g!19sChIJR6EYqN8z1i0RuQzRZ1fOc_8?authuser=0&hl=id&rclk=1,-7.8434958,112.8697261
atraksi dekat Bromo,Puncak B29,Tujuan Wisata,"
2XRV+8W4, Argosari, Senduro, Nganjir, Sariwani, Kec. Sukapura, Kabupaten Lumajang, Jawa Timur 67254","4,7",3723.0,https://www.google.com/maps/place/Puncak+B29/data=!4m7!3m6!1s0x2dd647e555555555:0x5cf5334088ce710e!8m2!3d-7.9592318!4d112.9948334!16s%2Fg%2F11clycqvj3!19sChIJVVVVVeVH1i0RDnHOiEAz9Vw?authuser=0&hl=id&rclk=1,-7.9592318,112.9948334
atraksi dekat Bromo,Lembah Watangan Bromo Tengger Semeru Nasional Park,Tujuan Wisata,"
2XG4+769, Jl. Raya Ngadas, Gedong, Sariwani, Kec. Sukapura, Kabupaten Probolinggo, Jawa Timur 67254","4,7",6734.0,https://www.google.com/maps/place/Lembah+Watangan+Bromo+Tengger+Semeru+Nasional+Park/data=!4m7!3m6!1s0x2dd63782c2f16875:0x1776e28e9e8372ff!8m2!3d-7.974333!4d112.9556027!16s%2Fg%2F11gf5p8r9p!19sChIJdWjxwoI31i0R_3KDno7idhc?authuser=0&hl=id&rclk=1,-7.974333,112.9556027
atraksi dekat Bromo,Taman Edelweiss Desa Wonokitri,Tujuan Wisata,"
Jl. Sekar Sari, Wonokitri, Kec. Tosari, Pasuruan, Jawa Timur 67177","4,6",1535.0,https://www.google.com/maps/place/Taman+Edelweiss+Desa+Wonokitri/data=!4m7!3m6!1s0x2dd63529ba39997d:0xdc2ad7fdcf65ae08!8m2!3d-7.8834024!4d112.912341!16s%2Fg%2F11h1yfrtnv!19sChIJfZk5uik11i0RCK5lz_3XKtw?authuser=0&hl=id&rclk=1,-7.8834024,112.912341
atraksi dekat Bromo,Lembah Widodari,Tujuan Wisata,"
3WCQ+2JV, Area Pegunungan, Wonokitri, Kec. Tosari, Pasuruan, Jawa Timur 67177","4,8",256.0,https://www.google.com/maps/place/Lembah+Widodari/data=!4m7!3m6!1s0x2dd637821beae19f:0x8f320e83f72bfd36!8m2!3d-7.9298922!4d112.9390313!16s%2Fg%2F11h6m50_h0!19sChIJn-HqG4I31i0RNv0r94MOMo8?authuser=0&hl=id&rclk=1,-7.9298922,112.9390313
atraksi dekat Bromo,Air Terjun Umbulan,Tujuan Wisata,"
4372+GM5, Watulumpang, Sukapura, Kec. Sukapura, Kabupaten Probolinggo, Jawa Timur 67254","4,3",239.0,https://www.google.com/maps/place/Air+Terjun+Umbulan/data=!4m7!3m6!1s0x2dd64bcd7f3f3d4b:0x7bb8c6a853295e6f!8m2!3d-7.8862376!4d113.0517307!16s%2Fg%2F11by_jxp13!19sChIJSz0_f81L1i0Rb14pU6jGuHs?authuser=0&hl=id&rclk=1,-7.8862376,113.0517307
atraksi dekat Bromo,Bukit Cinta Taman Nasional Bromo Tengger Semeru,Tujuan Wisata,"
Area Pegunungan, Wonokitri, Kec. Tosari, Pasuruan, Jawa Timur 67177","4,7",4738.0,https://www.google.com/maps/place/Bukit+Cinta+Taman+Nasional+Bromo+Tengger+Semeru/data=!4m7!3m6!1s0x2dd6369067f2b2eb:0xa5fa6bec5355c261!8m2!3d-7.9144666!4d112.9396027!16s%2Fg%2F11cm0k70ng!19sChIJ67LyZ5A21i0RYcJVU-xr-qU?authuser=0&hl=id&rclk=1,-7.9144666,112.9396027
atraksi dekat Bromo,Pura Luhur Poten Bromo Ngadisari,Pura,"
3X83+MJ3, Cemorolawang, Ngadisari, Kec. Sukapura, Kabupaten Probolinggo, Jawa Timur 67254","4,7",717.0,https://www.google.com/maps/place/Pura+Luhur+Poten+Bromo+Ngadisari/data=!4m7!3m6!1s0x2dd63657e4896a5f:0xd88881d00969460d!8m2!3d-7.9333614!4d112.9540332!16s%2Fg%2F11b5wk1dwg!19sChIJX2qJ5Fc21i0RDUZpCdCBiNg?authuser=0&hl=id&rclk=1,-7.9333614,112.9540332
atraksi dekat Bromo,LEMBAH BROMO,Tujuan Wisata,"
Jalan coban pelangi, Gubukklakah, Gubugklakah, Kec. Poncokusumo, Kabupaten Malang, Jawa Timur 65157","4,6",458.0,https://www.google.com/maps/place/LEMBAH+BROMO/data=!4m7!3m6!1s0x2dd63b77d6df9df1:0x8d8df71e22157f9b!8m2!3d-8.032122!4d112.8273153!16s%2Fg%2F11sk91hrg7!19sChIJ8Z3f1nc71i0Rm38VIh73jY0?authuser=0&hl=id&rclk=1,-8.032122,112.8273153
atraksi dekat Bromo,Seruni Point Bromo,Tujuan Wisata,"
3XQ2+HFP, Ngadisari, Sukapura, Area Pegunungan, Keduwung, Kec. Puspo, Kabupaten Probolinggo, Jawa Timur 67254","4,7",5851.0,https://www.google.com/maps/place/Seruni+Point+Bromo/data=!4m7!3m6!1s0x2dd636878a222227:0x104b279a5845f3f9!8m2!3d-7.9110252!4d112.9512032!16s%2Fg%2F11cjjhp1q7!19sChIJJyIiioc21i0R-fNFWJonSxA?authuser=0&hl=id&rclk=1,-7.9110252,112.9512032
atraksi dekat Bromo,Bukit Prau View Panorama Lisser Adventure,Dek Observasi,"
3WVX+CW6 bukit penanjakan TNBTS, Cemorolawang, Ngadisari, Kec. Sukapura, Kabupaten Probolinggo, Jawa Timur 67254","4,7",93.0,https://www.google.com/maps/place/Bukit+Prau+View+Panorama+Lisser+Adventure/data=!4m7!3m6!1s0x2dd637622246bc35:0xce9ece82db7c6df5!8m2!3d-7.9064589!4d112.9497669!16s%2Fg%2F11j59wkxz7!19sChIJNbxGImI31i0R9W1824LOns4?authuser=0&hl=id&rclk=1,-7.9064589,112.9497669
atraksi dekat Bromo,Taman Nasional Bromo Tengger Semeru,Taman Nasional,"
XXH2+7X4, Ranupani, Jawa Timur","4,8",46887.0,https://www.google.com/maps/place/Taman+Nasional+Bromo+Tengger+Semeru/data=!4m7!3m6!1s0x2dd63f365f69c945:0x36aec022815992c9!8m2!3d-8.0218747!4d112.9524384!16s%2Fm%2F027jvy8!19sChIJRclpXzY_1i0RyZJZgSLArjY?authuser=0&hl=id&rclk=1,-8.0218747,112.9524384
atraksi dekat Bromo,Plataran Bromo,,"
Wonopolo, Ngadiwono, Kec. Tosari, Pasuruan, Jawa Timur 67177","4,7",1782.0,https://www.google.com/maps/place/Plataran+Bromo/data=!4m10!3m9!1s0x2dd633ef8dfee069:0xa042bdc2bd9db3d9!5m2!4m1!1i2!8m2!3d-7.8950989!4d112.8920126!16s%2Fg%2F11fy_10976!19sChIJaeD-je8z1i0R2bOdvcK9QqA?authuser=0&hl=id&rclk=1,-7.8950989,112.8920126
atraksi dekat Bromo,King Kong Hill,Dek Observasi,"
3WRX+XJ7, Cemorolawang, Ngadisari, Kec. Sukapura, Kabupaten Probolinggo, Jawa Timur 67176","4,7",3817.0,https://www.google.com/maps/place/King+Kong+Hill/data=!4m7!3m6!1s0x2dd63686a3af0229:0x4721d46b5aeaf34!8m2!3d-7.9075466!4d112.9490559!16s%2Fg%2F11bzr5w45l!19sChIJKQKvo4Y21i0RNK-utUYdcgQ?authuser=0&hl=id&rclk=1,-7.9075466,112.9490559
atraksi dekat Raja Ampat,Kalibiru (Blue River) - Raja Ampat,Area Rekreasi Alam,"
MWXM+6MW, Warsamdim, Kec. Tlk. Mayalibit, Kabupaten Raja Ampat, Papua Barat Daya 98482","4,8",204.0,https://www.google.com/maps/place/Kalibiru+%28Blue+River%29+-+Raja+Ampat/data=!4m7!3m6!1s0x2d5f17b39f5f5823:0xde8037d6519a03c7!8m2!3d-0.3018819!4d130.9342084!16s%2Fg%2F11j0j21v9d!19sChIJI1hfn7MXXy0RxwOaUdY3gN4?authuser=0&hl=id&rclk=1,-0.3018819,130.9342084
atraksi dekat Raja Ampat,Piaynemo Raja Ampat,Tujuan Wisata,"
Groot Fam Saukabu Kepulauan, Saukabu, Distrik Waigeo Barat Kepulauan, Kabupaten Raja Ampat, Papua Barat 98481","4,9",2261.0,https://www.google.com/maps/place/Piaynemo+Raja+Ampat/data=!4m7!3m6!1s0x2d5e37819775a0bf:0xb98db4c6e60649fb!8m2!3d-0.5642076!4d130.2708139!16s%2Fg%2F11b8_qyrb5!19sChIJv6B1l4E3Xi0R-0kG5sa0jbk?authuser=0&hl=id&rclk=1,-0.5642076,130.2708139
atraksi dekat Raja Ampat,Pantai Saleo,Pantai,"
Waisai, Distrik Kota Waisai, Kabupaten Raja Ampat, Papua Barat Daya 98482","4,6",29.0,https://www.google.com/maps/place/Pantai+Saleo/data=!4m7!3m6!1s0x2d5f02b7e2e27a55:0x848c26d0dfb12814!8m2!3d-0.4411768!4d130.7875287!16s%2Fg%2F11hbgb87rf!19sChIJVXri4rcCXy0RFCix39AmjIQ?authuser=0&hl=id&rclk=1,-0.4411768,130.7875287
atraksi dekat Raja Ampat,Rufas Island,Tujuan Wisata,"
C7PM+4QG, Saukabu, Distrik Waigeo Barat Kepulauan, Kabupaten Raja Ampat, Papua Barat Daya","4,9",44.0,https://www.google.com/maps/place/Rufas+Island/data=!4m7!3m6!1s0x2d5e3786269ee29b:0xc72ff76f6140ef02!8m2!3d-0.5646867!4d130.2844519!16s%2Fg%2F11j3r_3g3_!19sChIJm-KeJoY3Xi0RAu9AYW_3L8c?authuser=0&hl=id&rclk=1,-0.5646867,130.2844519
atraksi dekat Raja Ampat,Geosite PIAYNEMO,Bangunan Bersejarah,"
C7JC+CCC, Saukabu, Distrik Waigeo Barat Kepulauan, Kabupaten Raja Ampat, Papua Barat Daya 98481","4,8",12.0,https://www.google.com/maps/place/Geosite+PIAYNEMO/data=!4m7!3m6!1s0x2d5e373034355351:0x1bc535887cc5756f!8m2!3d-0.5693565!4d130.2711016!16s%2Fg%2F11vhx4fm49!19sChIJUVM1NDA3Xi0Rb3XFfIg1xRs?authuser=0&hl=id&rclk=1,-0.5693565,130.2711016
atraksi dekat Raja Ampat,Lenmakana Stingless Jellyfish Lake,Tujuan Wisata,"
2G89+R54, Usaha Jaya, Distrik Misool Timur, Kabupaten Raja Ampat, Papua Barat Daya 98483","4,9",17.0,https://www.google.com/maps/place/Lenmakana+Stingless+Jellyfish+Lake/data=!4m7!3m6!1s0x2d42d1f0e3a47065:0xde9ad22a1027d858!8m2!3d-1.9829927!4d130.5179628!16s%2Fg%2F11j1sd1531!19sChIJZXCk4_DRQi0RWNgnECrSmt4?authuser=0&hl=id&rclk=1,-1.9829927,130.5179628
atraksi dekat Raja Ampat,Telaga Bintang - Raja Ampat,Tujuan Wisata,"
C7JC+CCC, Saukabu, Distrik Waigeo Barat Kepulauan, Kabupaten Raja Ampat, Papua Barat Daya 98481","4,8",354.0,https://www.google.com/maps/place/Telaga+Bintang+-+Raja+Ampat/data=!4m7!3m6!1s0x2d5e378304e3ffef:0xd8183d736d58a779!8m2!3d-0.5689417!4d130.2710209!16s%2Fg%2F11hd56btv7!19sChIJ7__jBIM3Xi0ReadYbXM9GNg?authuser=0&hl=id&rclk=1,-0.5689417,130.2710209
atraksi dekat Raja Ampat,Raja Ampat Wisata,Tujuan Wisata,"
HRF6+J44, Jl. Jend. Sudirman, Waisai, Kec. Waigeo Sel., Kabupaten Raja Ampat, Papua Barat Daya 98482","4,4",212.0,https://www.google.com/maps/place/Raja+Ampat+Wisata/data=!4m7!3m6!1s0x2d5f1cd88da77cd1:0xc9830efc9db967e!8m2!3d-0.4259795!4d130.8103396!16s%2Fg%2F11c746fm89!19sChIJ0XynjdgcXy0Rfpbbye8wmAw?authuser=0&hl=id&rclk=1,-0.4259795,130.8103396
atraksi dekat Morotai,Air Kaca,Tujuan Wisata,"
28RM+6J7, Wawama, Kec. Morotai Sel., Kabupaten Pulau Morotai, Maluku Utara","4,3",50.0,https://www.google.com/maps/place/Air+Kaca/data=!4m7!3m6!1s0x3290a2be46b0f8bd:0x773782b116e0512d!8m2!3d2.0405274!4d128.334034!16s%2Fg%2F11fylw07j3!19sChIJvfiwRr6ikDIRLVHgFrGCN3c?authuser=0&hl=id&rclk=1,2.0405274,128.334034
atraksi dekat Morotai,Museum Trikora,Museum,"
Unnamed Road, Sel., Kabupaten, Wawama, Morotai Selatan, Morotai Island Regency, North Maluku","4,3",462.0,https://www.google.com/maps/place/Museum+Trikora/data=!4m7!3m6!1s0x3290986825ffe283:0xf9eb728799497114!8m2!3d2.034022!4d128.2958195!16s%2Fg%2F11dxq564zl!19sChIJg-L_JWiYkDIRFHFJmYdy6_k?authuser=0&hl=id&rclk=1,2.034022,128.2958195
atraksi dekat Morotai,Dodola Seaport and Beach,Tujuan Wisata,"
35MV+RQP, Dodola Island, Morotai Selatan, Morotai Island Regency, North Maluku","4,7",212.0,https://www.google.com/maps/place/Dodola+Seaport+and+Beach/data=!4m7!3m6!1s0x329090f97051e6bd:0x92447d8bb376f074!8m2!3d2.0845797!4d128.1944575!16s%2Fg%2F11hb4fr70b!19sChIJveZRcPmQkDIRdPB2s4t9RJI?authuser=0&hl=id&rclk=1,2.0845797,128.1944575
atraksi dekat Morotai,Taman Morotai Daloha,Park and ride,"
373V+746, Daruba, Kec. Morotai Sel., Kabupaten Pulau Morotai, Maluku Utara","4,3",460.0,https://www.google.com/maps/place/Taman+Morotai+Daloha/data=!4m7!3m6!1s0x329098210aea0af5:0xd726d7a5b0d51e02!8m2!3d2.0531653!4d128.2927558!16s%2Fg%2F11ddxs2l2r!19sChIJ9QrqCiGYkDIRAh7VsKXXJtc?authuser=0&hl=id&rclk=1,2.0531653,128.2927558
atraksi dekat Morotai,Pantai Nunuhu,Tujuan Wisata,"
7JWX+24R, Bido, Kec. Morotai Utara, Kabupaten Pulau Morotai, Maluku Utara","4,6",115.0,https://www.google.com/maps/place/Pantai+Nunuhu/data=!4m7!3m6!1s0x3290cd55fe365d47:0xf4308fef9afe0805!8m2!3d2.2951021!4d128.6477653!16s%2Fg%2F11fxw6ybmg!19sChIJR102_lXNkDIRBQj-mu-PMPQ?authuser=0&hl=id&rclk=1,2.2951021,128.6477653
atraksi dekat Morotai,Pulau Dodola Kecil Morotai,Pantai Umum,"
35HV+MP3, Pulau Dodola Kecil, Kolorai, Morotai Selatan, Morotai Island Regency, North Maluku","4,7",50.0,https://www.google.com/maps/place/Pulau+Dodola+Kecil+Morotai/data=!4m7!3m6!1s0x32909154cff8274b:0x655af42c69cff8f!8m2!3d2.0772396!4d128.1943751!16s%2Fg%2F11h6qk0bym!19sChIJSyf4z1SRkDIRj_-cxkKvVQY?authuser=0&hl=id&rclk=1,2.0772396,128.1943751
atraksi dekat Morotai,Museum Perang Dunia II,Museum Sejarah,"
277M+G7P, Juanga, Kec. Morotai Sel., Kabupaten Pulau Morotai, Maluku Utara","4,1",133.0,https://www.google.com/maps/place/Museum+Perang+Dunia+II/data=!4m7!3m6!1s0x329098e5db1252c9:0xf4e5bfd07f9312e!8m2!3d2.0138474!4d128.2832038!16s%2Fg%2F11ckvlm2d5!19sChIJyVIS2-WYkDIRLjH5B_1bTg8?authuser=0&hl=id&rclk=1,2.0138474,128.2832038
atraksi dekat Morotai,Pantai Pulau Tabailenge,Tujuan Wisata,"
9MJJ+689, Kenari, Kec. Morotai Utara, Kabupaten Pulau Morotai, Maluku Utara","4,8",22.0,https://www.google.com/maps/place/Pantai+Pulau+Tabailenge/data=!4m7!3m6!1s0x32972bc25f36498b:0x57a050df936a1c49!8m2!3d2.3805427!4d128.6808611!16s%2Fg%2F11q1kr93cr!19sChIJi0k2X8IrlzIRSRxqk99QoFc?authuser=0&hl=id&rclk=1,2.3805427,128.6808611
atraksi dekat Morotai,Pasir Timbul Dodola,Tujuan Wisata,"
35JV+HCM, Kolorai, Kec. Morotai Sel., Kabupaten Pulau Morotai, Maluku Utara","4,8",188.0,https://www.google.com/maps/place/Pasir+Timbul+Dodola/data=!4m7!3m6!1s0x329090f76c6c6fdb:0xfe057e3e201fe8b6!8m2!3d2.0814543!4d128.1935487!16s%2Fg%2F11gd4v0qt6!19sChIJ229sbPeQkDIRtugfID5-Bf4?authuser=0&hl=id&rclk=1,2.0814543,128.1935487
atraksi dekat Morotai,Pantai Gorango,Tujuan Wisata,"
FMXC+8F8, Bere Bere, Kec. Morotai Utara, Kabupaten Pulau Morotai, Maluku Utara","4,5",65.0,https://www.google.com/maps/place/Pantai+Gorango/data=!4m7!3m6!1s0x3296d33f9a259b5d:0x79ea964ce4c7fb0b!8m2!3d2.4982956!4d128.6711927!16s%2Fg%2F11c5xtsmj3!19sChIJXZslmj_TljIRC_vH5EyW6nk?authuser=0&hl=id&rclk=1,2.4982956,128.6711927
atraksi dekat Morotai,Ekor Pari Tanjung Pandanga,Tujuan Wisata,"
X7J5+6WW, Juanga, Kec. Morotai Sel., Kabupaten Pulau Morotai, Maluku Utara","4,3",29.0,https://www.google.com/maps/place/Ekor+Pari+Tanjung+Pandanga/data=!4m7!3m6!1s0x32909ec237c1fbe1:0x76e2981969c5a6f1!8m2!3d1.9806169!4d128.259819!16s%2Fg%2F11c6smc5qk!19sChIJ4fvBN8KekDIR8abFaRmY4nY?authuser=0&hl=id&rclk=1,1.9806169,128.259819
atraksi dekat Morotai,Army Dock Beach,Tujuan Wisata,"
27MP+GXH, Darame, Kec. Morotai Sel., Kabupaten Pulau Morotai, Maluku Utara","4,6",175.0,https://www.google.com/maps/place/Army+Dock+Beach/data=!4m7!3m6!1s0x3290992e161740b7:0x5bc14d8434f622db!8m2!3d2.0338191!4d128.2874916!16s%2Fg%2F11h3x4s8h0!19sChIJt0AXFi6ZkDIR2yL2NIRNwVs?authuser=0&hl=id&rclk=1,2.0338191,128.2874916
