destination,hotel_name,rating,review_count,price,distance
mandalika,Pullman Lombok Merujani Mandalika Beach Resort,4.8,"1,980",Rp 1.981.000,"1,1 km away"
mandalika,Novotel Lombok Resort and Villas,4.5,"3,815",Rp 1.161.600,"1,1 km away"
mandalika,New Bintang Mandalika,4.7,90,Rp 347.727,920 m away
mandalika,Truntum Boutique Mandalika Hotel & Restaurant,4.8,291,Rp 799.280,"1,5 km away"
mandalika,Origin Lombok,4.5,"1,416",Rp 1.085.889,910 m away
mandalika,Hotel Kuta Paradise,4.4,267,Rp 318.816,"1,6 km away"
mandalika,Ocean View Villas,3.4,67,Rp 358.656,"1,7 km away"
mandalika,Sky Mountain View,3.9,61,Rp 757.350,2 km away
mandalika,Kuta Cabana Lodge,,,Rp 352.392,920 m away
mandalika,Turtle House Lombok,4.7,56,Rp 301.385,930 m away
mandalika,Batatu Resort,4.7,449,Rp 1.400.774,810 m away
mandalika,Florida Hotel Kuta Mandalika,4.3,16,Rp 409.091,940 m away
mandalika,Birru Inn & Cafe,4.2,200,Rp 340.200,"1,7 km away"
mandalika,BALE LANGGAK COTTAGES,4.8,17,Rp 204.546,"1,1 km away"
mandalika,Villa Mandalika Lombok,4.4,39,Rp 1.253.943,820 m away
mandalika,TT Homestay - Double Room,3.9,61,Rp 182.012,"1,6 km away"
mandalika,Metis Eco Lodge,4.3,176,Rp 309.091,920 m away
mandalika,ANDRE HOME STAY,4.1,17,Rp 218.182,540 m away
mandalika,VILLA VALITO,4.9,92,Rp 1.458.000,"1,5 km away"
mandalika,sunshine Homestay - Standard Double Room,,,Rp 250.379,630 m away
mandalika,Mar Bella Beachfront,4.4,36,Rp 726.750,"1,8 km away"
mandalika,Waru Homestay,4.3,16,Rp 171.818,"1,3 km away"
mandalika,Villa Teraum,4.9,51,Rp 1.279.886,"1,7 km away"
mandalika,Fullmoon homestay,4.6,36,Rp 213.818,950 m away
mandalika,Khadijah Homestay - Deluxe Room (2 Adults + 1 Child),3.0,4,Rp 149.261,"1,4 km away"
mandalika,Palm Homestay,3.8,22,Rp 109.091,"1,4 km away"
mandalika,JEEVA Mandalika Villas,4.6,18,Rp 4.000.000,"1,5 km away"
mandalika,Bamboo Lombok Homestay,4.8,26,Rp 131.100,"1,4 km away"
mandalika,PAN Homestay,4.9,25,Rp 294.546,"1,2 km away"
mandalika,TT Homestay - Standard Double Room,5.0,8,Rp 182.012,"1,6 km away"
mandalika,Sulis homestay Mandalika,4.7,39,Rp 220.909,1 km away
mandalika,Kuta Mountain Bungalows,4.7,28,Rp 308.365,"1,4 km away"
mandalika,The luxe villas lombok,4.8,37,Rp 972.001,"1,1 km away"
mandalika,Nanda Homestay,4.5,70,Rp 135.000,"1,4 km away"
mandalika,Ilham homestay,4.8,46,Rp 227.273,"1,2 km away"
mandalika,Putri Nyale Bungalows & Rooms,4.3,38,Rp 136.364,"1,3 km away"
mandalika,Perwita Homestay - Double Room with Garden View,5.0,8,Rp 141.565,"1,4 km away"
mandalika,Perwita homestay,4.2,58,Rp 118.182,"1,4 km away"
mandalika,The kind Homestay,4.6,21,Rp 431.818,890 m away
mandalika,THe Kind Homestay - Double Room with Terrace,5.0,8,Rp 480.534,870 m away
mandalika,Jati Homestay Lombok - Budget Double Room,,,Rp 384.249,"1,2 km away"
mandalika,Diki Bungalows - Superior Bungalow,,,Rp 302.996,"1,3 km away"
mandalika,Batatu Resort - Adults Only - One-Bedroom Deluxe Villa with Private Pool,4.4,8,Rp 1.832.831,780 m away
mandalika,DONI homestay,5.0,22,Rp 231.818,"1,2 km away"
mandalika,Azka Homestay,3.9,66,Rp 163.636,"1,1 km away"
mandalika,Roby Home Stay,4.3,73,Rp 173.380,"1,4 km away"
mandalika,DONI Homestay - Double Room,,,Rp 255.390,"1,2 km away"
mandalika,Roy Homestay,4.1,122,Rp 127.273,"1,4 km away"
mandalika,Roby Homestay - Superior Double Room,4.8,5,Rp 189.171,"1,4 km away"
mandalika,Nadil Homestay,4.5,34,Rp 163.636,"1,4 km away"
mandalika,Breeze Hostel,4.4,69,Rp 168.800,"1,4 km away"
mandalika,GANI HOMESTAY,3.5,24,Rp 245.455,"1,3 km away"
mandalika,Marsha Homestay,4.9,22,Rp 318.182,980 m away
mandalika,Ramdan Homestay,4.0,37,Rp 227.273,"1,3 km away"
mandalika,Teman Homestay,4.7,19,Rp 350.000,990 m away
mandalika,PINK GUEST HOUSE,5.0,2,Rp 204.546,"1,4 km away"
mandalika,Kampung Homestay,4.4,9,Rp 213.636,"1,5 km away"
mandalika,Tide and Tribe hostel,5.0,14,Rp 236.364,"1,6 km away"
mandalika,Defa Homestay,4.4,54,Rp 247.686,"1,3 km away"
mandalika,Sisca Homestay,5.0,1,Rp 259.091,"1,1 km away"
mandalika,Gani Homestay - Superior Double Room,5.0,8,Rp 273.108,"1,3 km away"
mandalika,Zahra Bungalows - Double Room with Garden View,,,Rp 473.375,"1,1 km away"
mandalika,The luxe villas lombok - One-Bedroom Villa,5.0,8,Rp 730.734,"1,1 km away"
mandalika,Teman Homestay - Double Room,,,Rp 354.003,980 m away
mandalika,Romantic Homestay,,,Rp 140.670,"1,3 km away"
mandalika,JATI Homestay Lombok,4.9,13,Rp 345.455,"1,2 km away"
mandalika,Maeza Homestay,5.0,5,Rp 357.955,1 km away
mandalika,The Habitat Villas and Hotel,4.9,58,,"1,4 km away"
mandalika,NOVA HOMESTAY,,,Rp 130.909,"1,5 km away"
mandalika,Honey house,,,Rp 384.546,880 m away
mandalika,Villa Alasa,4.6,96,,"1,5 km away"
mandalika,Home Pood Mandalika,4.0,4,,"1,3 km away"
mandalika,T&T HOMESTAY & Luggage Storage,4.1,82,Rp 163.636,"1,6 km away"
mandalika,Sasak Lombok Bungalow,4.0,109,,"1,4 km away"
mandalika,VILLA SEGER,4.9,44,,"1,4 km away"
mandalika,The GARE'S VILLA MANDALIKA,5.0,4,,"1,1 km away"
mandalika,Diki Bungalow,4.4,38,,"1,3 km away"
mandalika,Fabulous Place Lombok,5.0,5,,"1,7 km away"
mandalika,Raya Homestay,4.5,14,,1 km away
mandalika,Sakila homestay,4.6,9,,1 km away
mandalika,La Docta Lombok - 1BR Modern Villa Near Mandalika Circuit & 7 Min to Tanjung Aan Beach,4.5,1,Rp 695.455,"1,1 km away"
mandalika,Sulis homestay - Double Room,5.0,8,Rp 245.905,1.000 m away
mandalika,The Luxe Villas Lombok,4.2,10,Rp 974.133,"1,1 km away"
mandalika,Azka Homestay - Standard Double Room with Fan,5.0,8,Rp 313.555,"1,1 km away"
mandalika,Junior Suite 1 - VILLA VALITO\n,,,Rp 1.700.214,"1,5 km away"
mandalika,Ladiva Shore Hotel & Restaurant,4.3,36,,"1,8 km away"
mandalika,Drop In Surfcamp & Lodge,4.7,142,,"1,6 km away"
mandalika,Cocoon Hut,3.0,2,,"1,7 km away"
mandalika,Local Room Mandalika Lombok,,,,"1,1 km away"
mandalika,Ramay Homestay,3.4,31,,"1,5 km away"
mandalika,D'BALE OYAAN,4.2,16,,810 m away
mandalika,Two One Homestay,5.0,15,,"1,5 km away"
mandalika,Surf & Yoga Retreats Lombok II All Inclusive Surf Camp & Yoga Retreat,4.9,202,,"1,7 km away"
mandalika,Pink swing homestay,4.1,7,,"1,1 km away"
mandalika,CENA Homestay,5.0,23,,"1,8 km away"
mandalika,Gania Guest house,4.6,10,,"1,1 km away"
mandalika,Diyah Homestay,4.4,117,,"1,4 km away"
mandalika,OYO 93729 Radesa Family Homestay,2.8,16,,900 m away
mandalika,Qurnia Homestay,4.3,47,,2 km away
mandalika,Bulan Biru Kuta,5.0,22,,"1,7 km away"
mandalika,HOMESTAY SRY AYU,5.0,1,,900 m away
mandalika,RASTI 2 HOMESTAY,4.1,83,,2 km away
mandalika,Penginapan Dewi Hotel Kuta Mandalika Lombok,3.5,10,,"1,5 km away"
mandalika,Eco Mr. Lamun,4.5,18,,1.000 m away
mandalika,ADELYA HOMESTAY,3.5,8,,"1,4 km away"
mandalika,Telage Indah Guest House,3.8,10,,1 km away
mandalika,Bebelove Homestay,4.5,4,,"1,3 km away"
mandalika,Maria Homestay,4.0,7,,"1,1 km away"
mandalika,Villa Make Life Beautiful,,,,"1,4 km away"
mandalika,Ayana Homestay Kuta,5.0,2,,780 m away
mandalika,Gading Local Room,,,,"1,1 km away"
mandalika,Rara Guest House,5.0,1,,"1,2 km away"
mandalika,Villa Mango Kuta Lombok,2.5,2,Rp 2.454.546,990 m away
mandalika,Sry Ayu Bale Tani Local Room - Double Room,,,,900 m away
mandalika,Ocean View Villas Kuta Mandalika,,,,"1,7 km away"
mandalika,"Kuta Mansion 1 - Best Deal in town, 2bedroom, Full AC, Kuta, Lombok",5.0,3,,780 m away
mandalika,COVE VILLAS Mandalika,,,,"1,4 km away"
mandalika,Gadek Bale Tani Local Room - Double Room,,,,750 m away
mandalika,Kintsugi Private Villa Mandalika - Two-Bedroom Villa,4.2,27,,"1,6 km away"
mandalika,Kuta Cabana Eco Lodge,4.4,1,,830 m away
mandalika,Gania Bale Tani Local Room - Double Room,,,,"1,1 km away"
mandalika,Cena Homestay - Double Room with Mountain View,,,,"1,8 km away"
mandalika,Lightstars Monkey Villa Mandalika - Deluxe Villa,,,,990 m away
mandalika,"Villa Bliss - Villa, 4 Bedrooms",5.0,8,,"1,6 km away"
mandalika,Rasti 2 homestay - Standard Double Room,5.0,16,,2 km away
mandalika,Kuta Mountain Bungalows - Bungalow,,,,"1,4 km away"
mandalika,Zakyla Homestay - Double Room,,,,"1,1 km away"
mandalika,Telage Indah Homestay - Standard Double Room,4.5,8,,"1,1 km away"
mandalika,Villa Bintang Mandalika,,,,920 m away
mandalika,COVE VILLAS LoMboK - Two-Bedroom Villa,,,,"1,4 km away"
mandalika,Jeeva Mandalika - Two-Bedroom Villa,4.7,3,,"1,5 km away"
mandalika,Charming 2Bedroom villa with Pool,,,,"1,4 km away"
mandalika,Villa Mandalika Lombok - Suite,5.0,16,,860 m away
mandalika,Rara Bale Tani Local Room - Double Room,,,,"1,2 km away"
mandalika,The Habitat Lombok - Two-Bedroom Villa,5.0,8,,"1,5 km away"
mandalika,Bale Baleku Homestay - Budget Double Room,4.4,6,,"1,8 km away"
mandalika,Villa Ayu Lombok,4.6,4,,"1,4 km away"
mandalika,Waru Homestay - Double Room,3.4,4,,"1,3 km away"
mandalika,Kiora 1 BR Superior Double Or Twin Room,,,,1 km away
mandalika,Luxury Villa Ocean View Sunset View Mandalika Circuit View - Villa,,,,"1,4 km away"
mandalika,Splendide appartement.,,,,"1,4 km away"
mandalika,Stouffer The Mandalika Resort,,,,"1,4 km away"
mandalika,Villa Mandalika - Presidential Suite,5.0,3,,860 m away
mandalika,Welcome to Our Bungalows In Kuta LR 12,,,,"1,6 km away"
mandalika,Homestay Saptia Dewi - Double Room with Private Bathroom,,,,750 m away
mandalika,Anaya Cozy 1 BR Bungalow With Bathtub,,,,820 m away
mandalika,Kusuma Homestay,,,,900 m away
mandalika,Lightstar Modern Villa Mandalika,5.0,1,,940 m away
mandalika,Nimra 1 BR Deluxe King Or Twin Room With Balcony,,,,950 m away
mandalika,Kuta HomePod,3.9,7,,"1,3 km away"
mandalika,Bale Langgak Cottage - One-Bedroom Apartment,,,,"1,1 km away"
mandalika,Luxury Ocean View Villas with Private Cook and Free Gym Membership - Two-Bedroom Villa,5.0,8,,"1,6 km away"
mandalika,Roy Homestay - Standard Double Room,5.0,8,,"1,4 km away"
mandalika,ADELYA HOMESTAY - Standard Double Room with Fan,4.9,8,,"1,4 km away"
mandalika,Two One Homestay - Double Room,,,,"1,5 km away"
mandalika,BALE oyan - Double Room with Private Bathroom,,,,870 m away
mandalika,Diyah Homestay - Superior Double Room,5.0,8,,"1,4 km away"
mandalika,HomePod Mandalika - Double Room with Balcony,4.3,8,,"1,3 km away"
mandalika,Kuta HomePod - Two-Bedroom Apartment,,,,"1,3 km away"
mandalika,"Villa 4, The Habitat, Kuta Lombok - Gym Membership Included",4.3,2,,"1,4 km away"
mandalika,BEBELOVE HOMESTAY - Standard Double Room,2.5,1,,"1,3 km away"
mandalika,"Kuta Mansion 2 - Up to 6 people, full AC, Kuta",,,,770 m away
mandalika,OYO 93737 Bale Oyan Homestay - Deluxe King Room,,,,810 m away
mandalika,Krisna House - Three-Bedroom House,,,,670 m away
mandalika,AER VILLAS LOMBOK - One-Bedroom Villa,3.5,1,,"1,1 km away"
mandalika,Gania Guest House - Double Room,,,,"1,1 km away"
mandalika,Lightstars Mango Villa Mandalika - One-Bedroom Villa,,,,1.000 m away
mandalika,Lightstars Villa Lombok - Deluxe Double Room,,,,960 m away
mandalika,"Villa Alasa - Panoramic Villa, 4 Bedrooms, Private Pool, Sea View",4.5,19,,"1,5 km away"
mandalika,Villa Bintang - Deluxe Villa,3.0,1,,910 m away
mandalika,VILLA TERAUM - Villa with Sea View,,,,"1,7 km away"
mandalika,Villa Teraum\n,,,,"1,7 km away"
mandalika,Eco Lamun - Rooms,,,,1 km away
mandalika,BALE G-SHOQ - Double Room,,,,"1,2 km away"
mandalika,Bulan Biru - One-Bedroom Apartment,4.4,12,,"1,7 km away"
mandalika,ROY HOMESTAY KUTA,4.1,75,,"1,4 km away"
mandalika,Nusa Flux Villa - Luxury Ocean View Villa with Privaty Pool - Three-Bedroom Villa,,,,"1,7 km away"
mandalika,FabuLou's Place,3.8,2,,890 m away
mandalika,Eco Lamun - Apartment,,,,1 km away
mandalika,Cute Studio Perfect for digital nomad - One-Bedroom House,,,,950 m away
mandalika,GAWAH HOMESTAY - Budget Double Room,,,,"1,4 km away"
mandalika,SRY AYU HOMESTAY - Double Room,1.0,1,,900 m away
mandalika,Anjani Homestay,,,,"1,4 km away"
mandalika,Coral Homestay - Standard Double Room,2.4,4,,"1,3 km away"
mandalika,Junior Suite 2 - VILLA VALITO,,,,"1,5 km away"
mandalika,Waru Homestay Lombok,,,,"1,3 km away"
mandalika,Rara Guest House - Double Room,5.0,1,,"1,2 km away"
mandalika,Villa Seger Lombok - Villa,,,,"2,2 km away"
mandalika,Kencana Guest House - Room 1347549201,,,,1 km away
mandalika,Villa Seger Lombok,,,,"2,2 km away"
mandalika,Surf Yoga Retreats Lombok,,,,"1,5 km away"
mandalika,Nusa & Flux Villa - Luxury Ocean View Villa with Privaty Pool,5.0,2,,"1,7 km away"
mandalika,Villa Make Life Beautiful - Three-Bedroom Villa,,,,"1,3 km away"
mandalika,Nyiur Gading Local Room - Double Room,,,,"1,1 km away"
mandalika,Perwita Homestay - Deluxe Double Room with Balcony,5.0,8,Rp 182.012,"1,4 km away"
mandalika,Khadijah Homestay - Budget Double Room,3.0,2,Rp 150.872,"1,4 km away"
mandalika,Gani Homestay - Deluxe Double Room with Balcony,5.0,8,Rp 273.108,"1,3 km away"
mandalika,The luxe villas lombok - Superior Villa,5.0,16,Rp 606.887,"1,1 km away"
mandalika,Azka Homestay - Superior Double Room,5.0,8,Rp 313.555,"1,1 km away"
mandalika,Roby Homestay - Standard Double Room,4.8,5,Rp 189.171,"1,4 km away"
mandalika,Gani Homestay - Standard Twin Room,5.0,8,Rp 404.651,"1,3 km away"
mandalika,THe Kind Homestay - Twin Room with Terrace,5.0,8,,870 m away
mandalika,Romantic Homestay - Double Room with Terrace,,,,"1,3 km away"
mandalika,Villa Mandalika - King Room with Balcony,5.0,3,,860 m away
mandalika,COVE VILLAS LoMboK - One-Bedroom Villa,,,,"1,4 km away"
mandalika,Luxury Ocean View Villas with Private Cook and Free Gym Membership,5.0,70,,"1,6 km away"
mandalika,Diyah Homestay - Superior Twin Room,5.0,16,,"1,4 km away"
mandalika,Villa Bintang - Superior Villa,3.0,1,,910 m away
mandalika,THe Kind Homestay - Deluxe Double Room,5.0,8,,870 m away
mandalika,Diyah Homestay - Standard Double Room,5.0,8,,"1,4 km away"
mandalika,Diyah Homestay - Standard Twin Room,5.0,8,,"1,4 km away"
mandalika,The Habitat Lombok - One-Bedroom Villa,5.0,16,,"1,5 km away"
mandalika,Rasti 2 homestay - Superior Double Room,5.0,8,,2 km away
mandalika,Roby Homestay - Deluxe Double Room,4.8,5,,"1,4 km away"
mandalika,Villa Bintang - Standard Villa,3.0,1,,910 m away
mandalika,Rasti 2 homestay - Deluxe Room,5.0,8,,2 km away
mandalika,The luxe villas lombok - Standard Villa,5.0,8,,"1,1 km away"
mandalika,Roy Homestay - Superior Twin Room,5.0,8,,"1,4 km away"
mandalika,"Belvedere - Dreams do come true - 4 Beds, Sea views",4.6,4,,"1,4 km away"
mandalika,Roy Homestay - Standard Twin Room,5.0,8,,"1,4 km away"
mandalika,Jeeva Mandalika - Three-Bedroom Villa,4.7,3,,"1,5 km away"
mandalika,Roy Homestay - Superior Double Room,5.0,8,,"1,4 km away"
mandalika,ADELYA HOMESTAY - Superior Double Room,4.9,8,,"1,4 km away"
mandalika,Luxury Ocean View Villas with Private Cook and Free Gym Membership - Three-Bedroom Villa,5.0,8,,"1,6 km away"
mandalika,Junior Suite 3 - VILLA VALITO,,,,"1,5 km away"
mandalika,Jeeva Mandalika,,,,"1,5 km away"
mandalika,Diyah Homestay - Vacation Home,5.0,8,,"1,4 km away"
mandalika,Sulis homestay - Economy Double Room,5.0,8,,1.000 m away
mandalika,ADELYA HOMESTAY - Budget Triple Room,4.9,8,,"1,4 km away"
mandalika,Villa Seger Luxury Villa MotoGP Sea Views - Villa,4.4,6,,"1,4 km away"
mandalika,Gani Homestay,4.3,23,,"1,3 km away"
mandalika,Kencana Guest House - Room 1347549202,,,,1 km away
mandalika,Perwita Homestay,4.3,88,,"1,4 km away"
mandalika,Villa Jeeva Mandalika,,,Rp 18.666.668,"1,5 km away"
labuan bajo,Meruorah Komodo Labuan Bajo,4.5,"1,718",Rp 1.997.943,
labuan bajo,Seaesta Komodo Hostel & Hotel,4.6,"1,535",Rp 508.092,
labuan bajo,Waecicu Beach Inn,3.7,458,Rp 227.185,
labuan bajo,AYANA Komodo Waecicu Beach,4.7,"3,920",Rp 3.263.290,
labuan bajo,Bayview Gardens Hotel,4.2,493,Rp 1.495.000,
labuan bajo,Welabajo Hotel,4.5,286,Rp 293.636,
labuan bajo,Loccal Collection Hotel,4.2,"1,984",Rp 1.270.750,
labuan bajo,Sunset Hill Hotel,4.0,522,Rp 673.706,
labuan bajo,Green Hill Boutique Hotel,4.1,478,Rp 724.908,
labuan bajo,Sylvia Resort Komodo,4.2,"1,938",Rp 644.068,
labuan bajo,The Seraya Resort Komodo,4.7,210,Rp 2.972.484,
labuan bajo,Flamingo Bajo,4.5,122,Rp 714.844,
labuan bajo,Katamaran Hotel & Resort Komodo,4.7,449,Rp 3.111.867,
labuan bajo,Komodo Suites Downtown,4.7,78,Rp 702.457,
labuan bajo,Crowne Plaza Labuan Bajo by IHG,4.8,71,Rp 2.121.856,
labuan bajo,Eco Tree O'tel,4.2,953,Rp 464.000,
labuan bajo,Hotel Dejavu 2.0 Labuan Bajo | Flores | Sea View | Harbor Nearby,3.8,119,Rp 523.395,
labuan bajo,Flamingo Avia Bajo,4.2,317,Rp 535.306,
labuan bajo,One Day Tour Komodo 6 Destination With Exclusive Speedboat Labuan Bajo - Mobile Home,,,Rp 1.414.757,
labuan bajo,Triple 8 Suites - Studio Suite Double,5.0,8,Rp 1.024.066,
labuan bajo,Harbour komodo hotel,4.5,259,Rp 782.715,
labuan bajo,Mohini Resort,4.4,443,Rp 1.049.690,
labuan bajo,La Cecile Komodo Hotel and Cafe,4.5,"1,545",Rp 1.038.251,
labuan bajo,Mawar Hotel,4.0,445,Rp 208.210,
labuan bajo,Pesona Bali,3.8,392,Rp 293.636,
labuan bajo,Oh!Julia Hotel Komodo,4.6,105,Rp 791.273,
labuan bajo,Exotic Komodo Hotel,4.2,812,Rp 297.104,
labuan bajo,Waecicu Eden Beach Hotel,3.8,183,Rp 1.001.196,
labuan bajo,"TA’AKTANA, a Luxury Collection Resort & Spa, Labuan Bajo",4.7,272,Rp 9.922.000,
labuan bajo,Parlezo Hotel,4.4,288,Rp 609.194,
labuan bajo,El Ora Inn & Eatery Labuan Bajo,4.7,423,Rp 323.633,
labuan bajo,Casa de Capulet,4.8,62,Rp 938.600,
labuan bajo,La Colina Komodo,4.4,8,Rp 359.738,
labuan bajo,Hotel Monte Prundi,4.6,11,Rp 850.490,
labuan bajo,"Sudamala Resort, Seraya",4.6,518,Rp 5.070.956,
labuan bajo,Blue Ocean Hotel,4.0,301,Rp 697.200,
labuan bajo,Manta Manta Guesthouse - Superior Double Room with AC,5.0,8,Rp 313.555,
labuan bajo,AYANA Komodo Waecicu Beach - Ocean View Room,4.9,8,Rp 3.676.759,
labuan bajo,Plataran Komodo Resort & Spa,4.7,750,,
labuan bajo,La Boheme Bajo Hostel,4.2,480,Rp 360.000,
labuan bajo,de nata,4.8,103,Rp 360.000,
labuan bajo,Maxima Pearl Hotel,4.2,109,Rp 338.355,
labuan bajo,Komodo Indah Hotel and Hostel,3.8,109,Rp 270.314,
labuan bajo,Hostel Labuan ORA,5.0,3,,
labuan bajo,Pu’u Pau Hostel & Coffee Shop,4.8,296,Rp 535.455,
labuan bajo,Villa Tasya,5.0,5,Rp 290.909,
labuan bajo,Green Prundi Hotel,4.1,434,Rp 222.459,
labuan bajo,Hotel Bonne Nuit,4.3,258,Rp 520.000,
labuan bajo,Komodo Lodge,4.1,482,Rp 545.988,
labuan bajo,Selini on the Hill Villas & Spa,3.7,285,Rp 709.857,
labuan bajo,Ntala Homestay,4.5,22,Rp 330.000,
labuan bajo,Siola Hotel,3.7,304,Rp 164.666,
labuan bajo,Paradise Garage,4.9,70,Rp 8.000.000,
labuan bajo,Elang Hillside Bamboo Villa,4.7,128,Rp 2.870.000,
labuan bajo,Pieterhomestay,4.5,25,Rp 225.000,
labuan bajo,Flamingo Ceria,4.4,95,Rp 675.075,
labuan bajo,DEJAVU 2.0 HOTEL BAJO KOMODO - Deluxe Double Room with Sea View,,,Rp 945.677,
labuan bajo,Triple 888 Suites - Junior Studio,,,Rp 1.127.511,
labuan bajo,Blue Parrot Komodo,4.5,127,,
labuan bajo,Palulu Garden Homestay,4.1,79,Rp 190.389,
labuan bajo,TRIPLE 888 SUITES,4.1,136,Rp 1.232.500,
labuan bajo,Matahari Hotel,3.8,340,Rp 406.876,
labuan bajo,Larensia,3.9,130,Rp 490.909,
labuan bajo,Sylvia Beach Villa,4.0,125,Rp 2.597.567,
labuan bajo,Bajo Bunk House,4.7,47,Rp 302.272,
labuan bajo,Back to Bajo Hostel Labuan Bajo,4.9,58,Rp 320.000,
labuan bajo,Golo Hilltop Hotel,4.5,356,,
labuan bajo,L Bajo Hotel,3.8,662,Rp 381.922,
labuan bajo,Orange Hotel,3.5,171,Rp 229.339,
labuan bajo,Coconut Beach Resort,4.2,70,,
labuan bajo,homestay nelayan,5.0,4,Rp 200.625,
labuan bajo,"Escape Bajo (Brew, Bite, Bed)",4.6,"1,548",,
labuan bajo,Angel Island Eco Resort,4.5,175,,
labuan bajo,Alila Purnama,5.0,3,,
labuan bajo,Bertus Guesthouse,4.4,31,Rp 272.727,
labuan bajo,Bajo Hotel,3.7,43,Rp 250.737,
labuan bajo,Bertus GuestHouse - Double Room with Private Bathroom,,,Rp 303.354,
labuan bajo,Triple 888 Suites,4.0,6,Rp 1.307.912,
labuan bajo,Harbourmaster Pool Villas,3.3,3,,
labuan bajo,Andira Home stay Labuan Bajo,3.1,21,Rp 270.424,
labuan bajo,Golo Tango Homestay,4.5,124,Rp 427.782,
labuan bajo,Manta Manta Homestay,4.0,208,Rp 310.000,
labuan bajo,FX hotel,,,Rp 207.247,
labuan bajo,Mehara Hotel,4.2,30,Rp 318.182,
labuan bajo,Vanesa hotel,4.2,18,,
labuan bajo,Tarsan Homestay,4.4,119,Rp 339.167,
labuan bajo,happy komodo hostel,3.5,27,Rp 1.336.501,
labuan bajo,Spring Hill Hotel,4.4,19,,
labuan bajo,Cempaka Hostel,4.3,23,,
labuan bajo,Bajo Nature Backpackers,4.4,192,,
labuan bajo,PW Homestay,4.8,59,,
labuan bajo,Bajo Sunset Hostel and Grill,3.9,170,Rp 530.000,
labuan bajo,Pembangunan Kawasan Labuan Bajo Inaya Bay komodo,3.8,10,,
labuan bajo,HOTEL DAN RESTORAN FRANS BERNARD,5.0,1,,
labuan bajo,Kos Mama Ros,3.5,8,Rp 309.091,
labuan bajo,Aulya Hotel Labuhanbajo,3.8,114,Rp 441.632,
labuan bajo,Pesona bali Room and restaurant - Deluxe Family Room,4.4,5,Rp 343.085,
labuan bajo,RedDoorz near Pantai Pede - Double Room,3.0,1,Rp 178.075,
labuan bajo,Vila Alam Flores Labuan Bajo,,,,
labuan bajo,Flores Ethnic,3.1,14,,
labuan bajo,EduTel,4.5,6,,
labuan bajo,Dorme Tree,4.4,77,,
labuan bajo,La Colina Komodo Hotel,3.3,175,Rp 440.500,
labuan bajo,Agus Family Homestay,4.1,10,Rp 163.636,
labuan bajo,Villa Seirama Alam,4.5,24,,
labuan bajo,Ecolodges Indonesia,,,,
labuan bajo,Andamari Luxury Phinisi,3.0,1,,
labuan bajo,sesesta hotel,,,,
labuan bajo,Wejang Asi Home Stay,5.0,1,,
labuan bajo,Angel Island Resort,,,,
labuan bajo,Blessing Hotel,3.7,104,,
labuan bajo,Hotel Surya,3.6,65,,
labuan bajo,Tutup,4.4,239,,
labuan bajo,Hotel Mutiara,3.9,141,,
labuan bajo,P.Adi Backpacker Homestay,4.2,5,,
labuan bajo,プラタナンコモドリゾート,,,,
labuan bajo,Agus Lodge - One-Bedroom Apartment,,,Rp 200.267,
labuan bajo,Golo Nara Seaside Villas - Double Room with Balcony and Sea View,,,Rp 2.136.006,
labuan bajo,Friedenshaus Kost & Hostel,5.0,2,,
labuan bajo,OYO 91230 Kelimutu Eco Village,,,,
labuan bajo,Bajo View (TEMPORARY CLOSED) Since 01 Dec 2017,3.6,56,,
labuan bajo,Casa Selini Cafe,3.7,10,,
labuan bajo,OYO 90974 Homestay Golo Koe Sejahtera,1.0,2,,
labuan bajo,bajo komodo dormitory,2.3,3,,
labuan bajo,Marvelous Phinisi,,,,
labuan bajo,HARMONI HOSTEL FOR BACKPACKER,3.3,7,,
labuan bajo,Clarita Homestay Labuan Bajo,,,,
labuan bajo,Agus Lodge,2.5,4,Rp 181.818,
labuan bajo,The Loft by Smoke House - Central Stay - Stairs Access - Deluxe Double Room with Balcony and Sea View,,,Rp 1.229.524,
labuan bajo,Waecicu Eden Beach Hotel - Premium Double Room with Sea View,4.5,8,Rp 2.660.209,
labuan bajo,Escape Bajo - 4-Bed Mixed Dormitory Room,5.0,8,Rp 736.282,
labuan bajo,Andira Homestay Labuan Bajo - Double or Twin Room,4.3,8,Rp 270.424,
labuan bajo,dAlvin: Room 5 | 10 Minutes From Airport,,,Rp 393.376,
labuan bajo,Komodo Shores Homestay - Double Room,,,,
labuan bajo,Nautilus Private Villa in Labuan Bajo with Pool,4.7,5,,
labuan bajo,Komodo tour 3Days2Night Depart every Friday Monday - Double Room with Private Bathroom,,,,
labuan bajo,Blue Parrot - Deluxe Double Room with Sea View,4.8,8,,
labuan bajo,Phinisi Hena Komodo Journey 4 Personer,,,,
labuan bajo,Komodo cruise,,,,
labuan bajo,De Chocolate Labuan Bajo,,,,
labuan bajo,"69 Resort & Beach Club by Loccal Collection, Labuan Bajo",,,,
labuan bajo,komodo 2 day 1 night,,,,
labuan bajo,Epic Sails Around Flores Sea!,,,,
labuan bajo,Paradise Garage Komodo Villa,,,,
labuan bajo,LaUnua,,,,
labuan bajo,AYANA Lako di'a,,,,
labuan bajo,The Container,3.8,18,,
labuan bajo,Blue Marlin Dive Komodo - Standard Double Room,4.8,8,,
labuan bajo,Dav-Venture - Deluxe Double Room with Sea View,,,,
labuan bajo,Plataran Phinisi Komodo,,,,
labuan bajo,Nyaman Boat,,,,
labuan bajo,Plataran Phinisi Malayeka,,,,
labuan bajo,Cave One Bedroom Near the Beach LA1,,,,
labuan bajo,Villa Nautilus,4.9,7,,
labuan bajo,Perjuangan Boat 2,,,,
labuan bajo,Komodo live a board Cruise - Double Room,,,,
labuan bajo,Family labuan bajo - Twin Room,,,,
labuan bajo,Kamma Sail - Mobile Home,,,,
labuan bajo,Cruise on gorgeous Indonesian Phinisi Boat,,,,
labuan bajo,Open Trip Labuan Bajo 2D1N - Double Room,2.5,1,,
labuan bajo,Open trip Komodo 3 Days 2 Night depart every monday to wednesday - Double Room,1.0,1,,
labuan bajo,Homie Suite Bajo,,,,
labuan bajo,Helena Liveaboard,,,,
labuan bajo,Lako trip - Agen Perjalanan Wisata Labuan bajo - Mobile Home,,,,
labuan bajo,Mmb Komodo Tour - Mobile Home,,,,
labuan bajo,Royal Fortuna,,,,
labuan bajo,Love Komodo Apartment 2,,,,
labuan bajo,Plataran Phinisi Waecicu,,,,
labuan bajo,KLM Presley Jalasena ll - Mobile Home,,,,
labuan bajo,Komodo Tour 1-6 Pax 2 Days 1Night - Mobile Home,,,,
labuan bajo,Kelana Boat,,,,
labuan bajo,Snorkeling trip and komodo tour - Double Room,3.5,1,,
labuan bajo,Situju 7 Cruises - Lombok Cabinette,5.0,7,,
labuan bajo,Phinisi Fortune Komodo Journey 5 Pax,,,,
labuan bajo,Shared Boat Komodo 3 days 2 Night - Double Room,,,,
labuan bajo,Luxury Phinisi Yacht,,,,
labuan bajo,Tour komodo - Caravan,,,,
labuan bajo,Exploring komodo island - Double Room with Private Bathroom,,,,
labuan bajo,Share/Open trip komodo 2Days 1 Night - Double Room,,,,
labuan bajo,Thalassa Pinisi 1 - Mobile Home,,,,
labuan bajo,KLM Senayla - Mobile Home,,,,
labuan bajo,familykomodocruise - Mobile Home,,,,
labuan bajo,Phinisi Semi Deluxe Komodo - Mobile Home,,,,
labuan bajo,Komodo Pirate Boat - Phinisi Liveaboard,,,,
labuan bajo,"Plataran Phinisi Felicia, a Luxury Private Cruise - Special Offer - Liveaboard Experience Package at Cabin - Private with Seaview",5.0,2,,
labuan bajo,Sayang Katanya Boat Trip - Standard Double Room,4.3,8,,
labuan bajo,"Cosy liveaboard with AC for small groups, Komodo National Park",,,,
labuan bajo,Komodo Sea Dragon - Mobile Home,,,,
labuan bajo,Phinisi Fortune Komodo Journey 10 Pax,,,,
labuan bajo,Sumba Ocean Phinisi,,,,
labuan bajo,Sharing Trips 3D2N Phinisi Boat - Double Room,4.5,7,,
labuan bajo,Ara Vista Phinisi,,,,
labuan bajo,Samara II Liveaboard,,,,
labuan bajo,XPirates Dive Camp,,,,
labuan bajo,Ara Vista - Mobile Home,3.5,1,,
labuan bajo,Samara I Liveaboard,,,,
labuan bajo,FLORESTA PHINISI BOAT - Mobile Home,,,,
labuan bajo,LBJ Boat Charter - Double Room,,,,
labuan bajo,Phinisi Hena Komodo Journey 8 Persons,,,,
labuan bajo,Komodo Pirate Boat - Phinisi Liveaboard - Twin Room,,,,
labuan bajo,Traditional Phinisi Medium,,,,
labuan bajo,Phinisi Floresta Komodo - Mobile Home,,,,
labuan bajo,Komodo Indah's Phinisi Pirate Boat Liveaboard Charters - Deluxe King Room,,,,
labuan bajo,Komodo trip - Mobile Home,,,,
labuan bajo,Stay on Authentic Pirate Boat,,,,
labuan bajo,Komodo Liveaboard 3 Days 2 Night - Double Room,2.5,2,,
labuan bajo,Leticia Liveaboard - Mobile Home,,,,
labuan bajo,Kos Mama Ros - Standard Double Room,,,,
labuan bajo,Liveaboard 3 days 2 Night Depart every Friday - Double Room with Private Bathroom,,,,
labuan bajo,Komodo Trip - I Liveaboard,,,,
labuan bajo,Manta Manta Guesthouse - Superior Double Room With Ac,5.0,8,Rp 313.555,
labuan bajo,Manta Manta Guesthouse - Double Room with Patio,5.0,8,Rp 313.555,
labuan bajo,Triple 8 Suites,4.0,230,Rp 1.086.329,
labuan bajo,Manta Manta Guesthouse - Standard Triple Room with AC,5.0,8,Rp 333.958,
labuan bajo,Waecicu Eden Beach Hotel - King Room with Sea View,4.5,16,Rp 1.594.980,
labuan bajo,Waecicu Eden Beach Hotel - Superior Double Room,4.5,8,Rp 1.594.980,
labuan bajo,Waecicu Eden Beach Hotel - Deluxe Double Room,4.5,8,Rp 2.159.451,
labuan bajo,Escape Bajo - Private Room Standard,5.0,8,,
labuan bajo,Triple 8 Suites - Junior Suite,5.0,8,,
labuan bajo,Escape Bajo - Private Room with Balcony,5.0,8,,
labuan bajo,Escape Bajo - Double Room,5.0,8,,
labuan bajo,Fullday trip to komodo national Park with speed boat - Double Room,,,,
labuan bajo,Komodo liveabord 3 Days 2 Night Depart every Friday-Sunday - Deluxe Room (2 Adults + 1 Child),,,,
labuan bajo,Fullday Trip by speedboat - Mobile Home,,,,
labuan bajo,Phinisi sailing Komodo 3 days 2 night - Double Room with Private Bathroom,,,,
labuan bajo,Sharing Daily Trip by Speed Boat - Double Room,,,,
labuan bajo,Share trip Komodo 3 Days 2 Night - Double Room,,,,
labuan bajo,Laislabonita,,,,
labuan bajo,sharing trip 3Days 2 Night - One-Bedroom Apartment,,,,
labuan bajo,Phinisi Boat Segara Private Charter,,,,
labuan bajo,"Plataran Phinisi Ambasi, a Luxury Private Cruise - Special Offer - Liveaboard Experience Package at Cabin - Private with Seaview",,,,
labuan bajo,Flores One Love Homestay & Tours,,,,
labuan bajo,Regina Liveaboard,,,,
labuan bajo,Paradise Garage Komodo Villa - Villa with Sea View (Room based on number guests booking),5.0,8,Rp 12.081.724,
labuan bajo,39 Meter Traditional Phinisi Boat,,,Rp 78.979.440,
labuan bajo,Phinisi Shared Boat Komodo - Double Room,,,Rp 20.070.404,
labuan bajo,Buat perjalanan 2hari 1malam yang tidak terlupakan,,,Rp 15.189.178,
labuan bajo,Labuan Bajo Boat Charter - Mobile Home,,,Rp 21.848.114,
likupang,Paradise Hotel Golf & Resort,4.2,485,Rp 741.193,
likupang,Bastianos Bangka Dive Resort,4.6,82,,
likupang,Gangga Island Resort & Spa,4.5,221,Rp 5.756.747,
likupang,Urbanest Inn Castle Resort,4.1,7,,
likupang,Lihaga Beach Club,4.6,69,,
likupang,Kinaari Resort,4.4,410,,
likupang,La Merry Resort,4.3,264,,
likupang,The Pulisan,5.0,24,,
likupang,SunMoon Private Resort & Villas,4.6,133,Rp 2.781.818,
likupang,Pondok Wisata Noah,5.0,1,Rp 1.431.581,
likupang,Coral Eye,4.9,178,,
likupang,Murex Resorts Bangka,4.7,191,,
likupang,Kalinaun Resort,4.4,65,,
likupang,Ethan Homestay,,,,
likupang,Matthew homestay,,,,
likupang,Asoka Homestay,5.0,1,,
likupang,Airy Tarabitan Minahasa Utara,,,,
likupang,Mawar Homestay,4.9,7,,
likupang,Pondok Wisata Noah - Double Room with Private Bathroom,5.0,8,Rp 1.711.311,
likupang,Miracle Homestay,5.0,2,,
likupang,Sari Homestay,,,,
likupang,Dranli Homestay,5.0,5,,
likupang,Felchia Homestay,5.0,4,,
likupang,GHIA HOMESTAY,5.0,3,,
likupang,Pondok Wisata ANGELIQ,3.7,3,,
likupang,Lenna Homestay,,,,
likupang,Kristensen,,,,
likupang,Dior Homestay,5.0,4,,
likupang,Dave Homestay,5.0,3,,
likupang,Richie Homestay,5.0,1,,
likupang,3 D Homestay,5.0,1,,
likupang,OYO Homes 91101 Homesstay Desa Wisata Marinsow Near Gereja Pantekosta Marinsow,4.4,7,Rp 48.317,
likupang,Radika Homestay,,,,
likupang,Key Home Stay,,,,
likupang,Kim Homestay,5.0,2,,
likupang,Lisa Homestay,5.0,2,,
likupang,Pondok Wisata Tasya Marawuwung - Double Room,4.0,1,Rp 652.882,
likupang,homestay noah - One-Bedroom Cottage,4.3,4,Rp 592.033,
likupang,Olivia Homestay,5.0,1,,
likupang,Maxwell Homestay Pulisan,,,,
likupang,Ade Leon,,,,
likupang,Lionel Homestay,,,,
likupang,Xiao Fei Fei Homestay,5.0,1,,
likupang,Wahyu Homestay,5.0,1,,
likupang,Glory Homestay,,,,
likupang,Homestay REIVI,5.0,1,,
likupang,Junior Homestay,4.0,1,,
likupang,Sandriko Homestay,5.0,1,,
likupang,Cahaya Homestay,,,,
likupang,Uria Homestay,,,,
likupang,Injil HS Homestay,5.0,1,,
likupang,Alfa & Omega Homestay,,,,
likupang,Anggrek Homestay,,,,
likupang,Bright Homestay,,,,
likupang,Samudra Homestay,,,,
likupang,OYO Homes 91148 Homesstay Desa Wisata Bahoi Near Ekowisata Mangrove Desa Bahoi,,,Rp 67.114,
likupang,Eifel Homestay,,,,
likupang,Aulia Homestay,,,,
likupang,Anugrah Homestay,,,,
likupang,Widia Homestay,,,,
likupang,Homesteylililulu,,,,
likupang,Anggun Homestay,,,,
likupang,Vicran Homestay,,,,
likupang,Rendy Homestay,,,,
likupang,Airin Homestay,,,,
likupang,Junaidi Homestay,,,,
likupang,Mikhaila Homestay,,,,
likupang,Brayen Homestay,,,,
likupang,Orzora Homestay,,,,
likupang,Andreano Homestay,,,,
likupang,Frinski Homestay,,,,
likupang,Rahel Homestay,,,,
likupang,Rerirey Homestay,,,,
likupang,Casabaio Likupang Paradise Resort,3.0,1,,
likupang,Lihaga Island Beach Club - Deluxe Double or Twin Room with Ocean View,5.0,8,,
likupang,Lordy Homestay,,,,
likupang,Debby Homestay,,,,
likupang,Geovani Homestay,,,,
likupang,Raeesah Homestay,,,,
likupang,Dortji Homestay,,,,
likupang,Cio Homestay,,,,
likupang,Jesica Homestay,,,,
likupang,Imanuel Homestay,,,,
likupang,Risal Homestay,,,,
likupang,Vera Homestay,,,,
likupang,Ebi Homestay,,,,
likupang,Eklesia Homestay,,,,
likupang,Ignasius Homestay,,,,
likupang,Sarah Homestay,,,,
likupang,Juandri Homestay,,,,
likupang,Homestay suciami,,,,
likupang,Vannia Homestay,,,,
likupang,Kesya Homestay,,,,
likupang,Velove Homestay,,,,
likupang,Diki Homestay,,,,
likupang,Ketlyn Homestay,,,,
likupang,Homestay Marly,,,,
likupang,Fitri Homestay,,,,
likupang,Putra Homestay,,,,
likupang,OYO 91246 Pulisan Ekowisata Homestay Near Wisata Pantai Desa Pulisan (Pulisan Beach Tour),1.0,2,Rp 39.517,
likupang,Echa Icha,,,,
likupang,Ayu Homestay,,,,
likupang,Frida Homestay,,,,
likupang,Homestay juniver,,,,
likupang,Enjelo Homestay,2.0,1,,
likupang,Ricardo Homestay,5.0,1,,
likupang,Sege Homestay,,,,
likupang,Wahyu Homestay - Standard Double Room,,,,
likupang,MAXWELL Pondok Wisata,,,,
likupang,Dave Homestay - Family Studio,,,,
likupang,SunMoon Cafe Beach Private Villas - Family Room,,,,
likupang,Jesica Homestay - One-Bedroom Bungalow,,,,
likupang,TOURISM VILLAGE CLUB - Tent,,,,
likupang,Homestay Miracle,,,,
likupang,Camping Rein apwisindo desa sarawet - Tent,,,,
likupang,Jenifer Homestay - Double Room,,,,
likupang,Likupang Homestay/Pondok Wisata - One-Bedroom Apartment,2.5,2,,
likupang,Vicran Homestay - Double Room,,,,
likupang,Fitri Homestay - Standard Double Room,,,,
likupang,Uria Homestay - Standard Double Room,,,,
likupang,Homestay Chio - Standard Double Room,,,,
likupang,Suciami homestay,,,,
likupang,Pondok Wisata Palaes jaga1 - Double Room,,,,
danau toba,Homestay Rumah Putih,,,Rp 206.889,
danau toba,Samosir Cottages,4.3,"4,017",Rp 465.859,
danau toba,Anara Villa Samosir,3.8,169,Rp 668.910,
danau toba,Samosir Villa Resort,4.3,"1,911",Rp 512.000,
danau toba,"Bobocabin Patra Parapat, Toba",4.5,121,Rp 1.110.151,
danau toba,Sibayak Guesthouse - Superior Queen Room,4.6,8,Rp 129.932,
danau toba,Taman Simalem Resort,4.6,"4,257",Rp 1.202.597,
danau toba,TOBA RETREAT MANSION AND VILLAS,4.4,57,Rp 862.531,
danau toba,"Marianna Resort & Convention Tuktuk - Samosir, Marclan Collection",4.9,"9,098",Rp 2.600.000,
danau toba,KHAS Parapat Hotel,4.4,"4,819",Rp 692.972,
danau toba,Danau Toba International Cottage Parapat,4.2,"2,159",Rp 272.750,
danau toba,Tabo Cottages,4.6,"1,437",,
danau toba,Vandu's View Guest house Restaurant - Deluxe Room,5.0,8,Rp 430.602,
danau toba,Hotel Niagara Parapat,4.5,"5,406",Rp 647.105,
danau toba,"Labersa Hotel & Convention Center Samosir, Simarmata",4.8,"1,521",Rp 964.469,
danau toba,Toba Retreat Mansion and Villas,,,Rp 1.001.646,
danau toba,Damar Toba ~ Lakeside Eatery & Stay,4.8,"6,256",Rp 1.002.225,
danau toba,TOBA RETREAT MANSION AND VILLAS - Grand Double Room,,,Rp 1.278.203,
danau toba,Pondok Berata Dapdap,4.8,105,,
danau toba,Damar Toba,5.0,24,Rp 1.218.631,
danau toba,Zoes Paradise Waterfront Hotel,4.5,544,Rp 890.000,
danau toba,Lodge A - Taman Simalem Resort,4.6,8,Rp 1.302.317,
danau toba,Patra Comfort Parapat,,,Rp 619.773,
danau toba,Hotel Tiara Bunga,4.3,472,Rp 854.070,
danau toba,Toba Village Inn,4.5,784,Rp 535.500,
danau toba,Carolina Hotel,4.2,"1,311",,
danau toba,Leokap Homestay,4.4,73,Rp 216.818,
danau toba,LOPO Hotel & Resort,4.5,325,Rp 607.180,
danau toba,Marlin Homestay,4.8,34,Rp 1.408.315,
danau toba,TOBA CREST VUE by HELOCUS,5.0,6,Rp 531.818,
danau toba,Rogate Beach Hotel,4.3,452,,
danau toba,HuB Tata - Cafe & Guesthouse,4.7,212,,
danau toba,Beta Home Stay . Bukit Beta . Tuk tuk . Samosir,4.4,33,Rp 134.317,
danau toba,SAPADIA VILLA LUMBAN SILINTONG,4.5,57,Rp 762.696,
danau toba,Tongging Beach,4.2,246,,
danau toba,D'Flo Homestay & Cafe,4.7,80,Rp 245.827,
danau toba,Reggae Guesthouse and Restaurant,4.3,159,Rp 302.672,
danau toba,Alice Villa2 - Villa,,,Rp 4.545.455,
danau toba,ARA HOME,5.0,12,,
danau toba,Simbolon Homestay Samosir,4.9,18,,
danau toba,Prima Hotel samosir,4.7,44,Rp 97.746,
danau toba,Matraville Homestay Tuk Tuk Lake Toba,4.9,68,Rp 344.666,
danau toba,Hutana Godang,5.0,3,Rp 319.819,
danau toba,sinok homestay parapat,5.0,8,Rp 300.000,
danau toba,Hotel Tuk-Tuk Timbul,4.4,363,Rp 277.959,
danau toba,The Boat Homestay,4.3,22,,
danau toba,PENGINAPAN KAREN HOME'S NBH,4.9,122,,
danau toba,Bagus Bay Guest House,4.1,323,Rp 137.033,
danau toba,Mas Cottages,3.6,570,Rp 376.603,
danau toba,Toba View Homestay,4.5,2,Rp 335.000,
danau toba,Maruba inn tuk tuk,4.6,37,Rp 261.818,
danau toba,"Labersa Hotel and Convention Center Toba, Balige",4.5,"2,305",Rp 875.728,
danau toba,TOBA BOI,4.8,27,Rp 485.009,
danau toba,Toba Sunset - Bungalow with Patio,5.0,8,Rp 708.184,
danau toba,Reggae Guest House - Superior Double Room,5.0,8,Rp 330.557,
danau toba,Aurora Homestay Parapat,4.6,5,,
danau toba,The Parapat View Hotel,4.1,"1,015",Rp 537.607,
danau toba,hotel gondang sivali,4.9,28,Rp 334.005,
danau toba,TAMA VIEW Bed & Breakfast,4.5,24,Rp 304.546,
danau toba,Sibayak Guest House (Tuktuk - Lake Toba),4.0,183,Rp 113.737,
danau toba,Alice Villa 1,5.0,10,,
danau toba,Patra Parapat Hotel,4.3,"1,395",Rp 600.292,
danau toba,Laster Jony's Guest House,4.8,22,Rp 150.514,
danau toba,Wisma PLN Parapat,4.2,78,,
danau toba,Lekjon Cottage,3.9,455,Rp 230.256,
danau toba,Ecovillage Silimalombu homestay/farmstay,4.6,183,,
danau toba,M VILLA,4.8,17,Rp 1.446.569,
danau toba,Toba Beach Hotel,4.2,523,Rp 533.671,
danau toba,Wisma Sibayak,4.0,182,,
danau toba,Unedo penginapan dan homestay,5.0,3,Rp 332.500,
danau toba,RedDoorz @ Tuktuk Danau Toba,3.3,224,Rp 100.928,
danau toba,HOMESTAY AKATAR,4.8,52,,
danau toba,RedDoorz @ Exaudi Homestay Parbaba Samosir,4.4,14,Rp 138.737,
danau toba,Damar Toba - Deluxe Room (2 Adults + 1 Child),,,Rp 1.201.067,
danau toba,Danau Toba Dreamstay,,,Rp 204.546,
danau toba,closed prop - inactive,4.6,196,Rp 150.000,
danau toba,Sharon Home's Samosir,4.3,75,,
danau toba,BLOOM HOMESTAY 💐,4.9,56,Rp 204.546,
danau toba,Hariara Guest House,4.5,83,Rp 727.273,
danau toba,Hotel 78 Parapat Mitra RedDoorz,3.6,168,Rp 84.653,
danau toba,villa borneo,4.7,10,,
danau toba,Hotel Debang Resort,3.9,994,,
danau toba,Marysca Souvenir Shop,4.5,55,,
danau toba,Talpe villa,4.9,10,,
danau toba,Anugrah Tongging Hotel,4.0,126,,
danau toba,Brussels Homestay,4.6,57,Rp 253.636,
danau toba,Matahari Guesthouse & Restaurant,4.3,59,Rp 200.000,
danau toba,Toledo Inn,4.3,516,Rp 533.688,
danau toba,the Aljulens Homestay,5.0,13,Rp 431.318,
danau toba,ASKARA TOBA,4.3,3,Rp 167.114,
danau toba,Grand Tamaro Hotel,4.2,470,Rp 402.500,
danau toba,Le Shangri-La Accomodation,4.5,36,,
danau toba,My Nasha Tigaras,3.8,401,Rp 393.205,
danau toba,Toba Living Homestay,,,Rp 223.712,
danau toba,Bobocabin Patra Parapat,5.0,2,Rp 1.718.827,
danau toba,Horas Family Home,4.9,276,Rp 1.220.361,
danau toba,Galatio Family Guest House,4.8,20,,
danau toba,Thyesza Hotel Resort,4.1,512,Rp 416.763,
danau toba,Batajaya Residence,4.9,41,,
danau toba,HOTEL & RESTO WATER BOOM ANUGERAH SOAMBATON,4.3,35,,
danau toba,Arthuro Homestay,4.9,14,Rp 371.250,
danau toba,Vany Villa Balige,4.7,205,Rp 676.000,
danau toba,TUK-TUK SARAPAN RESTAURANT & GUEST HOUSE,4.7,28,,
danau toba,Atsari Hotel,4.4,"1,695",Rp 637.570,
danau toba,Parbaba Beach Hotel,4.0,378,Rp 357.000,
danau toba,Romlan Guesthouse,4.5,456,Rp 352.917,
danau toba,Matahari guest house,4.8,12,Rp 181.818,
danau toba,Pondok Ganda,4.8,45,Rp 500.001,
danau toba,Toba sunset,4.7,92,Rp 458.333,
danau toba,Sere Nauli Hotel,4.1,"1,095",Rp 435.750,
danau toba,Vania Homestay,5.0,3,,
danau toba,Penginapan Tarian,5.0,2,Rp 286.650,
danau toba,UNIQDO INN TOMOK,4.9,21,,
danau toba,Reggae Guest House - Double Room with Lake View,5.0,8,Rp 367.962,
danau toba,Balige JJ Guesthouse 1 rumah 3 kamar tidur,,,Rp 822.009,
danau toba,Homestay Ita Pagar Batu,4.5,33,,
danau toba,Hotel Danau Toba International,4.1,176,,
danau toba,Christina Acc,5.0,1,,
danau toba,Hotel Nabasa,4.1,756,Rp 305.025,
danau toba,Marbun guesthouse,5.0,13,,
danau toba,Sibigo Cottage,4.0,326,,
danau toba,Hotel Aek Sere,4.2,96,Rp 314.091,
danau toba,Anju Cottage,3.9,492,Rp 343.613,
danau toba,Donny’s Guest House,4.4,30,Rp 328.000,
danau toba,JE TEA House - Seasoning Tea,4.5,8,,
danau toba,SADAMA Cottage,,,Rp 522.727,
danau toba,Siantar Hotel Parapat,4.0,478,Rp 359.193,
danau toba,Sopo Toba Hotel,4.1,102,,
danau toba,Lago Hotel & Resto,4.5,564,Rp 348.964,
danau toba,Oasis,4.8,68,Rp 244.470,
danau toba,JWP INN,4.5,32,Rp 182.180,
danau toba,Home Stay op lamhot,4.8,11,,
danau toba,Ramot Cottages,4.8,57,,
danau toba,Alice Villa - Two-Bedroom Villa,,,Rp 2.863.636,
danau toba,Yolanda homestay,,,Rp 2.359.182,
danau toba,Hotel Barbara,4.0,83,Rp 214.005,
danau toba,Op. Sintong Home stay,5.0,4,,
danau toba,Raja Hotel Samosir,3.6,373,Rp 282.394,
danau toba,Sanggam Beach Hotel,3.6,128,Rp 315.409,
danau toba,Marie'z villa,4.6,9,Rp 500.758,
danau toba,Mutiara Balige Hotel,4.1,725,Rp 325.944,
danau toba,Bernard Guest House,4.4,95,Rp 231.818,
danau toba,Airy Sipora Pora 4 Parapat,4.8,4,,
danau toba,Dumasari Hotel,3.7,268,Rp 554.177,
danau toba,"Agro Hall, Taman Simalem Resort",4.5,46,,
danau toba,Aman's Guesthouse,3.9,65,Rp 155.950,
danau toba,Hotel Ompu Herti,4.1,962,Rp 348.600,
danau toba,Hisar's Guest House,4.3,55,Rp 307.273,
danau toba,TONYS GUEST HOUSE,4.6,17,,
danau toba,D'POS GUEST HOUSE,4.6,15,,
danau toba,Sarah's Cottage Lake Toba Samosir,4.0,15,Rp 595.455,
danau toba,Hotel Wisata Bahari,3.9,734,,
danau toba,Senior Bakara Hotel,4.4,158,Rp 348.600,
danau toba,Juma cottages - Double Room with Lake View,5.0,8,Rp 1.264.244,
danau toba,Ruma Kaca Simanindo BedBreakfast - Bungalow,,,Rp 1.191.582,
danau toba,Merlyn Acc,,,,
danau toba,Collection O Gapura Hotel Near Parapat Penatapan Danau Toba,3.7,218,Rp 240.536,
danau toba,Elsina Acc,,,,
danau toba,Tamado Cottages,4.0,112,,
danau toba,Hotel Dio Refael,4.5,223,Rp 356.515,
danau toba,Hotel Pandu Lakeside Parapat,4.1,"1,022",Rp 331.737,
danau toba,Judita Cottage,4.1,157,Rp 387.450,
danau toba,Yolanda Homestay,4.9,12,Rp 2.354.887,
danau toba,Pandu Lake Side Hotel,4.0,2,Rp 178.500,
danau toba,Samiangel Homestay,4.8,8,,
danau toba,Gokhon Guest House,4.5,158,Rp 386.364,
danau toba,Star Beach Hotel,3.7,303,Rp 219.805,
danau toba,Sony Cottage Samosir,3.8,76,,
danau toba,Horisan,3.7,111,,
danau toba,Chantika Hotel Balige,4.8,115,,
danau toba,BLESS HOMESTAY,4.8,14,,
danau toba,Royal Toba Inn,4.0,50,Rp 217.875,
danau toba,HOTEL SILINTONG,4.0,339,,
danau toba,Danau Toba Dreamstay - One-Bedroom House,,,Rp 225.323,
danau toba,Villa Durian,4.5,23,Rp 1.598.196,
danau toba,Balige Beach Hotel,4.3,251,,
danau toba,Marina cottage,4.8,17,,
danau toba,Garoga Guest House,4.1,7,Rp 300.391,
danau toba,Lake Toba Cats Garden,4.5,39,,
danau toba,Vandu's View Guest House,4.5,89,Rp 390.909,
danau toba,Andaliman House- BATAK Style,4.6,9,Rp 412.365,
danau toba,Penginapan Ernest,5.0,4,,
danau toba,Hotel ANUGERAH Situngkir 3,4.4,85,,
danau toba,Syafitri Guest House Syariah,5.0,6,,
danau toba,Agape Hotel Haranggaol,4.2,175,Rp 470.610,
danau toba,Merlyn Guesthouse,4.1,35,,
danau toba,OYO 94772 Gapura Hotel,1.0,2,Rp 126.713,
danau toba,Pandu Lakeside - Tuk Tuk,4.2,359,Rp 161.789,
danau toba,RedDoorz near Danau Toba Parapat,4.1,298,Rp 182.724,
danau toba,Pevi homestay,,,,
danau toba,Gurning Inn,5.0,1,,
danau toba,Gemma Hotel Balige,4.4,120,Rp 564.291,
danau toba,Valencia Homestay Mitra RedDoorz,4.4,51,Rp 95.242,
danau toba,Blesshomestay Samosir,4.2,5,Rp 1.390.909,
danau toba,Tuk Tuk Timbul Bungalows - Superior Double Room,4.1,111,Rp 381.206,
danau toba,penginapan,4.5,2,,
danau toba,Hotel Toba Shanda By Helocus,2.8,6,Rp 142.818,
danau toba,Sapadia Hotel and Cottage Parapat,4.0,518,Rp 209.037,
danau toba,RedDoorz @ Pariban Homestay Parbaba,1.9,10,Rp 129.146,
danau toba,Rose’s Homestay,4.9,10,,
danau toba,Homestay Narco,,,,
danau toba,Homestay oppung Gibran Rumhorbo,,,,
danau toba,Janji Maria Cottage,3.0,6,,
danau toba,Orari Restaurant,4.1,213,,
danau toba,Ita Soposurung Hotel,4.4,172,,
danau toba,CLOSE PROP,4.1,69,,
danau toba,SITIO-TIO,3.8,409,,
danau toba,Aquino Marito Homestay,4.2,92,,
danau toba,Simangande View & Resto by Staigo,3.7,22,Rp 316.982,
danau toba,Antony Homestay near Pantai Pasir Putih Parbaba RedPartner,4.0,29,Rp 121.789,
danau toba,RedDoorz Plus @ Vantas Hotel Parbaba,3.8,251,Rp 300.815,
danau toba,OYO 1694 Pariban Homestay,4.0,105,Rp 164.021,
danau toba,Airy Nelson Purba 4 Parapat,5.0,3,,
danau toba,Hisar Guest House - Double Room with Lake View,5.0,8,Rp 342.012,
danau toba,Tobay Family Home - Two-Bedroom Apartment,4.5,3,Rp 910.241,
danau toba,Sapadia Villa Balige,4.1,54,Rp 306.428,
danau toba,Melissa Palace Hotel and Karaoke,3.6,144,Rp 180.500,
danau toba,Capital O 93393 Hermina Hotel,3.3,76,Rp 167.033,
danau toba,Airy Premier Pulau Samosir 9 Parapat,,,,
danau toba,Saulina Resort,4.2,944,,
danau toba,SAPADIA VILLA BALIGE II,4.2,20,Rp 623.643,
danau toba,MAFIR HOTEL AND RESTAURANT,2.0,22,Rp 445.000,
danau toba,VYNS GUEST HOUSE / COLLECTION,4.6,34,,
danau toba,Closed Prop,4.1,199,Rp 174.297,
danau toba,Sinaga Homestay,3.5,2,,
danau toba,J&J Guest House 1 Rumah,4.3,35,Rp 822.009,
danau toba,Parnas Homestay And Bar,4.5,15,,
danau toba,HOMESTAY CHRISTIAN,4.5,10,,
danau toba,Villa Sahala Simanjuntak,3.7,3,,
danau toba,Penginapan Nur Ulina,4.9,7,,
danau toba,Ingot Kiran Villa,5.0,3,,
danau toba,Gading home stay,4.5,11,,
danau toba,Purnama Balige Hotel,4.0,259,Rp 481.669,
danau toba,Sinok Homestay Parapat,,,Rp 360.000,
danau toba,Villa Hasian tuk-tuk - Two-Bedroom Villa,,,Rp 334.495,
danau toba,ABADI Guest House,4.0,43,Rp 249.511,
danau toba,Martha guest house,4.3,15,,
danau toba,JTS Hotel,4.0,845,,
danau toba,Ambaroba Hotel,3.3,194,,
danau toba,Roman Sinasi Hotel,3.7,121,,
danau toba,Sibayak Gh,2.0,1,,
danau toba,Tuk-tuk View Inn,3.2,85,,
danau toba,Star Hotel,3.9,156,,
danau toba,RAP Hotel Balige,4.0,244,Rp 258.329,
danau toba,GRAND TOBA HOTEL,4.2,51,Rp 261.881,
danau toba,Viona's Guest House,5.0,8,,
danau toba,Penginapan Rindu Alam Soala Gogo,3.8,20,Rp 125.174,
danau toba,Longgut Corner,4.3,4,,
danau toba,Hotel Dainang,3.6,458,,
danau toba,OYO 3202 Hans Homestay,3.4,5,,
danau toba,Family Homestay Sibolahotang,5.0,29,,
danau toba,Marroan Guest House,3.4,26,,
danau toba,PENGINAPAN Ano Victory,,,,
danau toba,Sapadia Villa Balige 2,,,Rp 638.386,
danau toba,"Melissa Palace - Deluxe Triple Room, 1 Bedroom, Terrace, Lake View",3.4,8,Rp 255.390,
danau toba,STAR HOME STAY,4.8,23,,
danau toba,OPRISS HOTEL,3.8,146,,
danau toba,MARINA HOTEL SAMOSIR,4.5,138,,
danau toba,Penginapan Marysca,4.5,11,,
danau toba,Penginapan & Villa Martua & Raymond Sirait,2.5,8,,
danau toba,OYO 3275 Hotel Harapan Isyes,4.1,15,,
danau toba,OYO 2901 Kings Guest House,4.1,30,Rp 208.636,
danau toba,Guest House Raja Deang,3.5,2,,
danau toba,Hotel Olibert Parapat Ajibata Mitra RedDoorz,4.0,85,Rp 123.836,
danau toba,Shopamen,3.6,166,,
danau toba,Home Stay Bagasan,,,,
danau toba,Penginapan Sinaga,3.7,30,,
danau toba,Hotel Aek Rangat,3.8,21,,
danau toba,OYO 1344 Hotel Grand Toba,3.9,180,,
danau toba,The Riton Hotel,3.8,9,,
danau toba,Family Homestay,,,,
danau toba,RedDoorz near Pantai Lumban Bul Bul Balige Toba,4.9,188,Rp 168.130,
danau toba,Penginapan ALURA HORAS,4.5,39,,
danau toba,Blessed Homestay,,,Rp 1.350.000,
danau toba,Laster Jony's - Superior Double Room,5.0,8,Rp 273.108,
danau toba,Penginapan Roganda,4.5,2,,
danau toba,Hotel Ardhana TigaRas,4.2,99,,
danau toba,Airy TPR Sinaga 2 Parapat,4.0,4,,
danau toba,Hotel 211,3.8,22,,
danau toba,Budi Mulia Hotel,3.5,160,,
danau toba,Hotel Sumber Pulo Mas,3.7,55,,
danau toba,SLH RESORT,2.7,3,,
danau toba,Hotel Toba Nauli,3.4,33,,
danau toba,Hotel Sumatera Balige,3.8,134,,
danau toba,Hotel Lingga Mas,3.8,108,Rp 203.055,
danau toba,Hotel Dizomn,3.6,67,,
danau toba,Mars Family Hotel,3.9,85,,
danau toba,Hotel Tiga Besar,4.2,110,,
danau toba,OYO 90331 Hotel Toba Shanda,3.4,142,,
danau toba,Hubers Hotel,4.1,11,,
danau toba,OYO 2382 Wisata Hotel,3.8,437,,
danau toba,Hotel and Restaurant Singgalang,4.0,276,,
danau toba,OYO 2045 Hotel 211,3.4,150,,
danau toba,Homestay Gedung Putih,,,Rp 662.076,
danau toba,Arthuro homestay - Double or Twin Room with Private Bathroom,,,Rp 405.000,
danau toba,OYO 91630 Mabar Homestay Syariah,3.5,22,,
danau toba,Pudan Resident Balige,2.1,14,Rp 112.324,
danau toba,Hotel Soloh Jaya Parapat,3.8,21,,
danau toba,Hotel Mezra,3.8,186,,
danau toba,OYO 90645 Karisma Residence,3.6,89,,
danau toba,JS Hotel Balige,4.0,73,,
danau toba,Penginapan Risma Uli,2.0,1,,
danau toba,Mabar Homestay & Taxi,3.1,18,,
danau toba,OYO 2635 Ramos Inn,4.3,102,,
danau toba,Romlan - Double Room with Lake View,4.8,8,Rp 389.825,
danau toba,Aman's Guesthouse - Small Double Room,4.5,8,Rp 200.558,
danau toba,Sarah's Cottage Toba Samosir - Double Room with Lake View,5.0,4,Rp 656.878,
danau toba,Talpe villa - Two-Bedroom Apartment,,,Rp 362.403,
danau toba,Beta Homestay,,,Rp 737.533,
danau toba,Hariara Guest House - Double Room with Garden View,,,Rp 810.299,
danau toba,Blesshomestay Samosir - Four-Bedroom House,4.2,8,Rp 1.534.389,
danau toba,the Aljulens Homestay - Family Room,,,Rp 512.060,
danau toba,Anna’S - Quadruple Room,3.8,6,Rp 405.239,
danau toba,Tobay Family Home,4.7,7,Rp 818.182,
danau toba,BRUSSELS HOMESTAY BALIGE - Double Room,4.7,6,Rp 279.372,
danau toba,Blessed Homestay - One-Bedroom House,,,Rp 1.489.746,
danau toba,Leokap Homestay - King Room with Lake View,5.0,16,Rp 238.746,
danau toba,SADAMA Cottage - Standard King Room,,,Rp 575.925,
danau toba,Olivia Homestay,,,Rp 253.366,
danau toba,Toba-A-Scape,,,,
danau toba,Lekjon 2 Cottage - Junior Suite,,,,
danau toba,Pondok Berata Dapdap - Family Suite,4.8,8,,
danau toba,Toba-A-Scape - Three-Bedroom Villa,,,,
danau toba,Thenewgoldensunrise,,,,
danau toba,Batajaya Cottage - One-Bedroom House,,,,
danau toba,"SiRulo Homestay and Beach, the best place for you",,,,
danau toba,Thenewgoldensunrise - Two-Bedroom House,,,,
danau toba,Peaceful Lakeside Villa (AMORA),,,,
danau toba,Ben And Ethan Homestay - Family Room,,,,
danau toba,Goldensunrise Transformers new - Double Room,,,,
danau toba,Vila TEDUH Danau Toba,,,,
danau toba,Vila Kayu Gajah Bobok,,,,
danau toba,Judita Cottage - Family Room with Lake View,4.7,3,,
danau toba,Mario Lakeside Apartments - One-Bedroom Apartment,5.0,8,,
danau toba,LEKJON 2,,,,
danau toba,Balian Camp - Tent,4.0,1,,
danau toba,The Boat Homestay and Spa - Double Room with Lake View,5.0,8,,
danau toba,Simbolon Homestay Samosir - Two-Bedroom House,,,,
danau toba,VILLA BORNEO - One-Bedroom Villa,4.0,2,,
danau toba,Sophie's Apartments - One-Bedroom Apartment,,,,
danau toba,Hub Tata Guesthouse - Double Room with Lake View,5.0,16,,
danau toba,Brussels Homestay Kost - Twin Room with Private Bathroom,4.4,8,,
danau toba,Homestay Sampuran,,,,
danau toba,Homestay Pandi - Two-Bedroom Villa,,,,
danau toba,Moses Homestay - Standard Double Room,,,,
danau toba,Valencia Homestay Redpartner,3.4,102,,
danau toba,Peaceful lake by the villa,,,,
danau toba,marbun - Deluxe Double Room with Balcony and Sea View,,,,
danau toba,Edison Homestay - Two-Bedroom House,,,,
danau toba,RedDoorz Plus @ Jalan Tugu Silalahi Tongging - Family Room,4.0,27,,
danau toba,Andaliman House - Deluxe Double Room with Extra Bed,,,,
danau toba,HOMESTAY ITA PAGAR BATU - Two-Bedroom House,4.2,2,,
danau toba,Balige J&J Guesthouse 1 rumah 3 kamar tidur,4.7,6,,
danau toba,Enjoy Homestay - Budget Double Room,,,,
danau toba,Oasis Samosir near Wisata Batu Kursi Raja Siallagan RedPartner - Family Room,4.0,1,,
danau toba,David Silalahi - One-Bedroom House,,,,
danau toba,Pantai Concesso Resort Haranggaol - Standard King Room,,,,
danau toba,Buhit Guest House Samosir - Double Room,,,,
danau toba,Sony Guesthouse - Triple Room with Lake View,2.8,2,,
danau toba,Cantik - Holiday Home,,,,
danau toba,Murni Homestay Tuktuk Samosir,,,,
danau toba,Matraville homestay - Twin Room,4.8,8,,
danau toba,Setiamurni Homestay - Standard Double Room,,,,
danau toba,Desa Wisata Lumban Gaol - Standard Double Room,,,,
danau toba,Merlyn Guest House,,,,
danau toba,Sasta Homestay - Family Room,,,,
danau toba,Paima Homestay - Two-Bedroom House,3.5,1,,
danau toba,Binmar Homestay - One-Bedroom House,,,,
danau toba,Penginapan Ernest Parapat - Standard Double Room,,,,
danau toba,Family Homestay Sibolahotang - Standard Double Room,,,,
danau toba,Bagus Bay Homestay - Superior Double Room,5.0,8,,
danau toba,Marimbas Homestay,4.4,1,,
danau toba,Transit Guesthouse near Silangit Airport,,,,
danau toba,Bagasta Homestay - Standard Double or Twin Room,,,,
danau toba,RedDoorz at Exaudi Homestay Parbaba Samosir,,,,
danau toba,Matahari Guest House - Standard Double Room,,,,
danau toba,Alexander Homestay - Double Room,,,,
danau toba,EXPRESS O 92194 Antony Homestay,,,,
danau toba,Sharon Home's Samosir - Family Room,2.0,1,,
danau toba,Mandala Homestay Samosir,,,,
danau toba,Elsina guest house - Double Room,,,,
danau toba,Mona Homestay - Standard Double Room,,,,
danau toba,sinok homestay parapat - Double Room,,,,
danau toba,Homestay Op. Bangkit - Standard Double Room,,,,
danau toba,Penginapan Alura Horas - Standard Double Room,,,,
danau toba,OYO 2186 Tongging Beach - Delxue Twin Room,3.7,4,,
danau toba,Merlyn Guest House - Standard Double Room,,,,
danau toba,Aquino Marito Homestay Mitra RedDoorz,3.7,55,,
danau toba,Marroan Acc - Double Room with Lake View,3.0,4,,
danau toba,merlyn guest house - Standard Double Room,,,,
danau toba,Penginapan Roganda RedPartner - Superior Double Room,,,,
danau toba,Damson Homestay - Standard Double Room,,,,
danau toba,Slash homestay,3.8,2,,
danau toba,RedDoorz near Pagoda Open Stage Parapat - Double Room,4.0,1,,
danau toba,Penginapan Tampubolon Parapat - Standard Double Room,,,,
danau toba,Homestay Putri Kembar - Standard Double Room,,,,
danau toba,Antony Homestay near Pantai Pasir Putih Parbaba Mitra RedDoorz,4.1,94,,
danau toba,Matahari Guest House,4.2,16,,
danau toba,Vania Homestay - Standard Double Room,,,,
danau toba,Balige JJ Guest House 2 - Standard Twin Room with Shared Bathroom,4.7,3,,
danau toba,Marie'z Villa,1.8,2,,
danau toba,Relax and peaceful townhouse in Balige,,,,
danau toba,Sibayak Guesthouse - Double or Twin Room with Lake View,4.6,8,Rp 179.149,
danau toba,Vandu's View Guest house Restaurant - King Room with Lake View,5.0,8,Rp 430.602,
danau toba,Sibayak Guesthouse - Deluxe Queen Room with Two Queen Beds,4.6,16,Rp 129.932,
danau toba,Sibayak Guesthouse - Standard Double Room,4.6,8,Rp 129.932,
danau toba,Vandu's View Guest house Restaurant - Family Room with Lake View,5.0,8,Rp 906.546,
danau toba,Vandu's View Guest house Restaurant - Twin Room with Lake View,5.0,8,Rp 434.897,
danau toba,Vandu's View Guest house Restaurant - Standard Double Room,5.0,8,Rp 495.747,
danau toba,Reggae Guest House - Twin Room with Lake View,5.0,8,Rp 331.038,
danau toba,Reggae Guest House - Suite with Lake View,5.0,8,Rp 1.026.930,
danau toba,Reggae Guest House - Triple Room with Lake View,5.0,8,Rp 410.915,
danau toba,Sarah's Cottage Toba Samosir - Family Room with Lake View,5.0,2,Rp 1.577.978,
danau toba,Laster Jony's - Family Room with Balcony,5.0,16,Rp 150.156,
danau toba,Tuk Tuk Timbul Bungalows - Traditional Batak Bungalow,5.0,7,Rp 390.155,
danau toba,Tuk Tuk Timbul Bungalows - Standard Double Room,5.0,7,Rp 381.206,
danau toba,Tuk Tuk Timbul Bungalows - Family Bungalow,5.0,7,Rp 1.074.664,
danau toba,Juma cottages - Quadruple Room with Lake View,5.0,8,Rp 1.904.320,
danau toba,Hariara Guest House - Deluxe Triple Room,,,Rp 810.299,
danau toba,Laster Jony's - Standard Single Room,5.0,8,Rp 151.987,
danau toba,Anna’S - Family Room,3.8,6,Rp 401.117,
danau toba,Toba Sunset - Bungalow With Patio,5.0,8,,
danau toba,Toba Sunset,4.7,36,,
danau toba,Pondok Berata Dapdap - Double Room with Lake View,4.8,8,,
danau toba,Pondok Berata Dapdap - Quadruple Room with Lake View,4.8,8,,
danau toba,Pondok Berata Dapdap - Twin Room,4.8,8,,
danau toba,Tuk Tuk Timbul Bungalows - Superior Quadruple Room,5.0,7,,
danau toba,Desa Wisata Lumban Gaol - Family Room,,,,
danau toba,Mario Lakeside Apartments - Apartment,5.0,8,,
danau toba,Laster Jony's - Budget Double Room,5.0,8,,
danau toba,Penginapan Ernest Parapat - Superior Double Room,,,,
danau toba,Andaliman House - Family Room,,,,
danau toba,Hub Tata Guesthouse - Standard Double Room,5.0,8,,
danau toba,Matraville guesthouse - Deluxe Twin Room,,,,
danau toba,Balian Camp penginapan - Tent,4.0,1,,
danau toba,Bagus Bay Homestay - Double Room with Private Bathroom,5.0,8,,
danau toba,HOMESTAY ITA PAGAR BATU - One-Bedroom House,4.2,1,,
danau toba,Sony Guesthouse - Double Room with Lake View,2.8,2,,
danau toba,Penginapan Tampubolon Parapat - Family Room,,,,
danau toba,Sony Guesthouse - Twin Room with Lake View,2.8,2,,
danau toba,Alexander Homestay - Triple Room,,,,
danau toba,Balige JJ Guest House 2 - Budget Double Room,4.7,6,,
danau toba,Bagus Bay Homestay - Double Room with Shared Bathroom,5.0,8,,
danau toba,Penginapan Tampubolon Parapat - Double Room,,,,
danau toba,Olivia Homestay - Deluxe King Room,,,,
danau toba,Golden Sunrise Cottage - Double Room,,,,
danau toba,Bagus Bay Homestay - Single Room with Shared Bathroom,5.0,16,,
danau toba,Bagus Bay Homestay - Twin Room with Shared Bathroom,5.0,8,,
danau toba,Homestay Ragi Hotang - Budget Double Room,,,,
borobudur,Villa Borobudur Resort - Borobudur Suite,5.0,8,Rp 3.551.624,610 m away
borobudur,Hotel Le Temple Borobudur,4.8,506,Rp 3.024.779,800 m away
borobudur,Manohara - BCC,4.5,"1,602",Rp 2.867.648,390 m away
borobudur,Homestay Anugrah Borobudur,4.3,64,Rp 160.232,760 m away
borobudur,Moritz Hill Borobudur Resort & Spa,,,Rp 1.521.601,850 m away
borobudur,The Amrta Borobudur,4.5,484,Rp 1.022.400,710 m away
borobudur,Khanaya Hotel & Cafe,4.6,219,Rp 685.914,920 m away
borobudur,Anugrah Borobudur Cottage & Homestay,4.5,798,Rp 136.094,780 m away
borobudur,Niti Bhumi Villa,4.9,27,Rp 775.618,1 km away
borobudur,Dagi Abhinaya,4.4,24,,630 m away
borobudur,Gopalan Borobudur,4.4,433,Rp 455.868,570 m away
borobudur,Genthong Homestay,4.8,230,Rp 275.303,830 m away
borobudur,The Omah Borobudur Guesthouse & Resto,4.7,378,Rp 424.238,870 m away
borobudur,Sarasvati Borobudur Hotel,4.4,691,Rp 754.559,750 m away
borobudur,Pinnara borobudur,5.0,79,,"1,1 km away"
borobudur,Waroeng Kopi Borobudur,4.4,"1,592",,660 m away
borobudur,griyo jagalan,4.8,55,,670 m away
borobudur,Ardian Borobudur,4.3,187,Rp 173.429,760 m away
borobudur,Witarka Resto Hotel Manohara Borobudur,4.6,53,,330 m away
borobudur,Griya Bougenville Borobudur,4.6,67,,790 m away
borobudur,Watu Agung Guesthouse and Resto,4.3,240,Rp 318.019,600 m away
borobudur,Cempaka Villa,4.3,482,Rp 342.141,620 m away
borobudur,Villa Borobudur D’illy,5.0,9,Rp 613.636,570 m away
borobudur,HOTEL DOMAN BOROBUDUR,4.7,182,Rp 646.653,670 m away
borobudur,KINKEO BOROBUDUR,4.9,150,Rp 362.396,1 km away
borobudur,Cactus Guest House,4.3,33,Rp 354.091,940 m away
borobudur,Hotel Bhumi Sambhara,4.3,122,,690 m away
borobudur,NDALEM NITIHARDJAN - Two-Bedroom Villa,,,Rp 1.253.715,"1,1 km away"
borobudur,Ndalem Nitihardjan Guesthouse,4.6,288,Rp 596.401,"1,1 km away"
borobudur,NDALEM NITIHARDJAN - Bungalow,,,Rp 705.091,"1,1 km away"
borobudur,Homestay Bukit Dagi Syariah Rp100rb,4.6,133,Rp 89.328,820 m away
borobudur,Balkondes Borobudur,4.4,200,,640 m away
borobudur,Hotel Sinom Borobudur,4.5,151,Rp 384.332,710 m away
borobudur,First Kinara Homestay,4.5,112,Rp 212.838,720 m away
borobudur,Morobudur Guesthouse,5.0,86,Rp 383.732,770 m away
borobudur,Ndalem Tentrem Borobudur,4.6,8,,"1,2 km away"
borobudur,Wahid Borobudur,4.3,383,Rp 434.015,760 m away
borobudur,Borobudur Village Inn,4.4,251,Rp 224.241,"1,2 km away"
borobudur,Cempaka Guest House Borobudur,4.2,195,Rp 273.011,590 m away
borobudur,Homestay Mayang Garini 2,3.3,62,Rp 149.039,920 m away
borobudur,Hotel Borobudur,4.2,268,,640 m away
borobudur,FARAH PETSHOP,4.3,11,,860 m away
borobudur,Homestay Griya Kirana,4.6,131,,920 m away
borobudur,Homestay Muhrodik,4.4,7,,670 m away
borobudur,Homestay Borobudur,4.5,65,,610 m away
borobudur,HomestaySEKAR,4.3,16,,800 m away
borobudur,OYO 2777 Sleepover Sei Serayu,4.2,331,,700 m away
borobudur,Hotel Rajasa,4.1,303,Rp 272.958,640 m away
borobudur,OYO 2068 Abhaya Mudra Homestay,3.2,209,,720 m away
borobudur,Urbanview Syariah Wisma Wongso Borobudur,4.3,184,Rp 193.532,770 m away
borobudur,Cafe OE Omah Eling Borobudur,4.3,140,Rp 532.834,750 m away
borobudur,GB 2 Backpacker Borobudur,4.3,11,Rp 189.264,770 m away
borobudur,Willy Homestay Borobudur,4.6,36,Rp 147.199,900 m away
borobudur,Homestay Zahira,4.5,35,,870 m away
borobudur,Efata Homestay,4.8,175,Rp 320.833,880 m away
borobudur,romsntik rustyk,,,Rp 1.323.256,1.000 m away
borobudur,Niti Bhumi Villa - One-Bedroom Villa,,,Rp 1.393.693,1 km away
borobudur,GRIYO DAN syari'ah homestay,4.9,24,Rp 326.916,870 m away
borobudur,Pendawi Putri Homestay,4.8,10,Rp 450.450,970 m away
borobudur,RedDoorz @ Mayang Garini 2 Borobudur,2.3,10,Rp 115.844,920 m away
borobudur,Homestay Damai 2,4.5,42,,630 m away
borobudur,Homestay Bumisegoro Borobudur,,,,730 m away
borobudur,Ayo homestay,5.0,4,,940 m away
borobudur,Mayang Garini 2,2.4,7,,580 m away
borobudur,RedDoorz @ Kamulyan Guest House Borobudur,4.6,9,Rp 259.960,540 m away
borobudur,Barokah Homestay,4.9,18,,640 m away
borobudur,Home Stay Berkah,4.7,76,Rp 235.305,740 m away
borobudur,Home Stay 93,4.4,5,,680 m away
borobudur,BANYU Guesthouse,4.1,15,,900 m away
borobudur,Home Stay Anggi,4.8,43,,970 m away
borobudur,MonaMary House,4.7,3,Rp 157.006,1.000 m away
borobudur,Rengganis Hostel,,,,980 m away
borobudur,Griya Borobudur Homestay,4.1,36,,900 m away
borobudur,Penginapan Ana Indah,4.7,40,Rp 400.000,810 m away
borobudur,Lotus Guest House,3.7,128,,530 m away
borobudur,Anugrah Borobudur - Deluxe Double Room with Balcony,,,Rp 350.933,760 m away
borobudur,OYO 2519 Mayang Garini,2.8,87,Rp 149.156,920 m away
borobudur,Homestay Mukti,,,,610 m away
borobudur,Home Stay Penginapan Daniela,4.9,16,,830 m away
borobudur,ADA Homestay,4.6,151,Rp 193.182,1 km away
borobudur,Homestay & Penginapan Mbok Dhe,4.4,86,,830 m away
borobudur,Home Stay Rivalia,4.3,28,,730 m away
borobudur,"HOMESTAY ""77"" BOROBUDUR",4.3,116,,820 m away
borobudur,Gendingan Village Inn Guesthouse,4.5,26,,600 m away
borobudur,Homestay suyati,3.3,3,,970 m away
borobudur,Paksi Coffee House,4.6,85,,600 m away
borobudur,RedDoorz near Borobudur Temple,4.0,26,,730 m away
borobudur,Home Stay Shinta,4.1,32,,870 m away
borobudur,Home Stay Sabila,4.5,181,,780 m away
borobudur,Panti Asuhan 2 Fatimah Az-zahra,4.6,62,,720 m away
borobudur,Homestay Omahe Simbok,4.4,27,,970 m away
borobudur,CAHAYA HOMESTAY,4.8,45,,840 m away
borobudur,Homestay Wijaya Mulya,4.6,24,Rp 129.591,820 m away
borobudur,Najwa Homestay Ds. Ngaran 2 RT 03 RW 06 Borobudur,4.5,10,,970 m away
borobudur,Pendawi Putri Homestay Syariah Borobudur - Vacation Home,,,Rp 676.076,740 m away
borobudur,Pendawi Putri Homestay Syariah Borobudur,,,Rp 542.709,950 m away
borobudur,Home Stay Griya Perpil,4.1,14,,650 m away
borobudur,Dalem Kakung,5.0,1,,740 m away
borobudur,Homestay Syariah Melati,5.0,23,Rp 278.344,540 m away
borobudur,Homestay Lolita Borobudur,4.3,10,,800 m away
borobudur,SEDERHANA HOMESTAY 1,4.1,22,,710 m away
borobudur,Griya Ngaran Borobudur,4.3,3,,800 m away
borobudur,Guest House Lima Warna Borobudur,4.8,10,Rp 297.000,870 m away
borobudur,Home Stay Pk Plus,4.6,16,,590 m away
borobudur,Homestay Adam,4.0,3,,910 m away
borobudur,HOME STAY DJANOKO,4.4,18,,830 m away
borobudur,OYO 3076 Lilik Homestay Syariah,4.2,111,,780 m away
borobudur,Homestay Syariah Mami Borobudur,5.0,9,Rp 227.273,780 m away
borobudur,Lingkar Homestay,4.2,63,,710 m away
borobudur,Homestay Pratiwi,4.3,7,,820 m away
borobudur,Home Stay Assyifa,4.8,15,,850 m away
borobudur,Airy Eco Borobudur Balaputradewa 1 Magelang,4.0,4,,670 m away
borobudur,Tata Homestay,4.5,42,Rp 231.363,970 m away
borobudur,Homestay Sutrisno,4.6,30,Rp 272.726,910 m away
borobudur,VIP Room 01 at Khanaya,,,Rp 640.031,920 m away
borobudur,ADA Homestay - Twin Room,4.5,8,Rp 215.255,1 km away
borobudur,Homestay Malabar Family,,,,810 m away
borobudur,Homestay dua pintu Borobudur,3.6,7,,800 m away
borobudur,Cactus Guest House Borobudur - Standard Double Room,4.9,8,Rp 390.542,940 m away
borobudur,Willy Homestay - Superior Double Room,3.5,1,Rp 199.304,880 m away
borobudur,HOMESTAY PUNOKAWAN BOROBUDUR,,,Rp 425.492,730 m away
borobudur,Efata Homestay - Standard Double Room with Garden View,4.8,8,Rp 354.517,890 m away
borobudur,Monamary house,,,Rp 219.736,1.000 m away
borobudur,Lima Warna Borobudur - Twin Room,,,Rp 328.350,880 m away
borobudur,Genthong Homestay - Deluxe Twin Room,5.0,5,Rp 338.566,840 m away
borobudur,Homestay Sutrisno - Small Double Room,,,Rp 303.795,910 m away
borobudur,Willy Homestay Borobudur - Superior Double with Fan,3.5,1,Rp 199.304,880 m away
borobudur,Homestay Syariah Melati Borobudur - Deluxe Room (2 Adults + 1 Child),,,Rp 279.957,530 m away
borobudur,Homestay Syariah Mami Borobudur - Standard Double Room with Fan,3.9,54,Rp 253.073,780 m away
borobudur,Efata Homestay - Basic Double Room,4.8,16,Rp 354.517,890 m away
borobudur,Penginapan Ana Indah - Double Room,3.8,3,Rp 405.239,700 m away
borobudur,Ubu Villa Borobudur - Colonial House,,,,630 m away
borobudur,omah kayu jagalan - Double Room with Private Bathroom,4.4,6,,700 m away
borobudur,Balkondes Griya Perpil - Deluxe Room,,,,650 m away
borobudur,Balkondes Griya Perpil - Standard Double Room,,,,650 m away
borobudur,Standard Room 01 at Bukit Dago,,,,790 m away
borobudur,Berkah Homestay Borobudur,4.5,21,,730 m away
borobudur,Homestay Abimanyu - Double Room,,,,900 m away
borobudur,Three Bedroom Cottage at Balkondes Borobudur 01,,,,670 m away
borobudur,Twin Bed at Rumah Dharma Riverside 01,,,,890 m away
borobudur,Cempaka Villa - Superior Double Room,5.0,8,,600 m away
borobudur,Toko Roti Maura guest house - Double Room,,,,"1,2 km away"
borobudur,RedDoorz Near Borobudur Temple,,,,700 m away
borobudur,Berkah Homestay - Deluxe Family Room,4.5,8,,750 m away
borobudur,Homestay Malabar Family - Double Room with Private Bathroom,,,,810 m away
borobudur,Pratiwi Homestay Borobudur - Standard Double Room,,,,830 m away
borobudur,Homestay Damai 2 - Standard Double Room with Fan,,,,630 m away
borobudur,Cempaka Villa II - Deluxe Triple Room,4.5,8,,830 m away
borobudur,Griyo Jagalan - Double Room,4.7,21,,670 m away
borobudur,Homestay Assyifa - Standard Double Room,,,,840 m away
borobudur,Penginapan Guest House Mbok Dhe Borobudur - Double Room with Private Bathroom,2.7,6,,830 m away
borobudur,One Bedroom Cozy room 03 at Griyo Jagalan,,,,660 m away
borobudur,Homestay Karomah,,,,880 m away
borobudur,Standard Room 03 at Bukit Dago,,,,810 m away
borobudur,Homestay Barokah - Deluxe Room (2 Adults + 1 Child),2.5,3,,640 m away
borobudur,OYO 1807 Wisma Wongso,,,,760 m away
borobudur,Homestay Pratiwi - Standard Room,,,,620 m away
borobudur,Dalem Kakung - Mixed Dormitory,,,,730 m away
borobudur,Homestay 77 Borobudur,4.0,6,,820 m away
borobudur,Farah Homestay,,,,870 m away
borobudur,Villa Borobudur Resort - Siddharta Deluxe Suite,5.0,8,Rp 2.462.443,610 m away
borobudur,The Amrta Borobudur - King Room with Balcony,4.7,7,Rp 1.190.984,660 m away
borobudur,The Amrta Borobudur - Queen Room with Pool View,4.7,14,Rp 1.035.592,660 m away
borobudur,The Amrta Borobudur - Deluxe Double Room with Balcony,4.7,7,Rp 1.035.592,660 m away
borobudur,NDALEM NITIHARDJAN - Villa with Garden View,,,Rp 2.301.852,"1,1 km away"
borobudur,Cactus Guest House Borobudur - Standard Triple Room,4.9,8,Rp 1.162.845,940 m away
borobudur,Anugrah Borobudur - Standard Double Room,,,Rp 350.933,760 m away
borobudur,ADA Homestay - Family Room with Balcony,4.5,8,Rp 430.511,1 km away
borobudur,"HOMESTAY PUNOKAWAN BOROBUDUR - Standard Room, 1 Queen Bed, Non Smoking",,,Rp 425.492,730 m away
borobudur,ADA Homestay - Standard Family Room,4.5,8,Rp 215.255,1 km away
borobudur,ADA Homestay - Superior Double Room,4.5,8,Rp 405.239,1 km away
borobudur,Homestay Syariah Mami Borobudur - Small Double Room,4.2,4,Rp 263.468,780 m away
borobudur,Penginapan Ana Indah - King Room,3.8,3,Rp 405.239,700 m away
borobudur,Penginapan Ana Indah - Standard King Room,3.8,3,Rp 405.239,700 m away
borobudur,Anugrah Borobudur - Superior Chalet,,,,760 m away
borobudur,NDALEM NITIHARDJAN - Deluxe Double or Twin Room with Balcony,,,,"1,1 km away"
borobudur,Anugrah Borobudur - Deluxe Room,,,,760 m away
borobudur,Three Bedroom Cottage at Balkondes Borobudur 02,,,,670 m away
borobudur,Twin Bed at Rumah Dharma Riverside 02,,,,890 m away
borobudur,Anugrah Borobudur - Economy Double Room,,,,760 m away
borobudur,Lima Warna Borobudur - Triple Room,,,,880 m away
borobudur,Deluxe Bali 01 at Khanaya,,,,920 m away
borobudur,Cabana Room at Balkondes Borobudur 01,,,,670 m away
borobudur,Lima Warna Borobudur - Double Room,,,,880 m away
borobudur,Cabana Room at Balkondes Borobudur 05,,,,670 m away
borobudur,Deluxe Lombok 05 at Khanaya,,,,920 m away
borobudur,Deluxe Lombok 02 at Khanaya,,,,920 m away
borobudur,Cempaka Villa II - Deluxe Double Room,4.5,16,,830 m away
borobudur,Cabana Room at Balkondes Borobudur 07,,,,670 m away
borobudur,Cabana Room at Balkondes Borobudur 03,,,,670 m away
borobudur,Cabana Room at Balkondes Borobudur 02,,,,670 m away
borobudur,Double Bed at Rumah Dharma Riverside 03,,,,890 m away
borobudur,Homestay Damai 2 - Standard Triple Room,,,,630 m away
borobudur,Cabana Room at Balkondes Borobudur 04,,,,670 m away
borobudur,omah kayu jagalan - Double Room with Garden View,4.4,6,,700 m away
borobudur,Deluxe Lombok 03 at Khanaya,,,,920 m away
borobudur,Cabana Room at Balkondes Borobudur 06,,,,670 m away
borobudur,Homestay Sutrisno - Deluxe Double Room,,,,910 m away
borobudur,Cempaka Villa II - Deluxe Twin Room,4.5,8,,830 m away
borobudur,Deluxe Lombok 04 at Khanaya,,,,920 m away
borobudur,Homestay 77 Borobudur - Standard Double Room,4.8,8,,820 m away
borobudur,Homestay Syariah Mami Borobudur - Large Double Room,4.2,4,,780 m away
borobudur,Penginapan Guest House Mbok Dhe Borobudur - Double or Twin Room with Private Bathroom,2.7,3,,830 m away
borobudur,Homestay Pratiwi - Mixed Dormitory,,,,620 m away
borobudur,Villa Borobudur Resort - Menoreh Two-Bedroom Villa with Private Pool,5.0,8,Rp 9.546.871,610 m away
borobudur,Villa Borobudur Resort - Kayangan Deluxe Two-Bedroom Villa with Private Pool,5.0,8,Rp 11.592.603,610 m away
borobudur,Villa Borobudur Resort - Merbabu Three-Bedroom Villa with Private Pool,5.0,8,Rp 12.274.573,610 m away
bangka belitung,Swiss-Belhotel Pangkalpinang,4.8,"4,811",Rp 600.000,
bangka belitung,Sheraton Belitung Resort,4.6,736,Rp 2.420.000,
bangka belitung,Fairfield by Marriott Belitung,4.6,"1,939",Rp 1.297.000,
bangka belitung,Swiss-Belresort Belitung,4.8,"2,161",Rp 518.871,
bangka belitung,Hotel Santika Premiere Beach Resort Belitung,4.6,"2,980",Rp 796.815,
bangka belitung,Arumdalu Private Resorts Belitung,4.5,204,Rp 4.795.200,
bangka belitung,GRAND SAFRAN HOTEL PANGKALPINANG,4.3,"1,081",Rp 405.454,
bangka belitung,Novotel Bangka Hotel and Convention Centre,4.6,"3,309",Rp 696.960,
bangka belitung,Pulau Leebong,4.7,975,Rp 2.175.341,
bangka belitung,Golden Tulip Belitung,4.6,"2,304",Rp 487.555,
bangka belitung,Hotel Santika Bangka,4.4,"3,090",Rp 605.798,
bangka belitung,Cordela Hotel Pangkalpinang,4.4,"1,346",Rp 392.100,
bangka belitung,Ashamaya Belitung Eco Lodge,4.8,25,Rp 1.146.600,
bangka belitung,Aston Emidary Bangka Hotel & Conference Center,5.0,971,Rp 759.036,
bangka belitung,BW Inn Belitung,4.6,829,Rp 355.572,
bangka belitung,BW Suite Belitung,4.5,"3,424",Rp 511.733,
bangka belitung,Bangka Bay Resort,4.2,48,Rp 574.891,
bangka belitung,Dafam Resort Belitung,4.8,344,Rp 340.555,
bangka belitung,"Luxurious Tented Cabin for a Fabulous Glamping Getaway on Belitung Island, Indonesia",,,Rp 6.782.067,
bangka belitung,Pelangi Guesthouse Belitung 10,,,Rp 1.677.902,
bangka belitung,Kampong Dedaun,4.5,405,,
bangka belitung,Parai Beach Resort & Spa,4.1,"1,521",Rp 354.326,
bangka belitung,Belitung Holiday Resort,4.4,222,Rp 615.476,
bangka belitung,La Lucia Hotel by Prasanthi,4.5,862,Rp 318.156,
bangka belitung,Havana Mutiara Hotel Belitung,4.4,885,Rp 205.999,
bangka belitung,PIA Hotel Pangkalpinang,3.9,728,Rp 267.000,
bangka belitung,Grand Hatika Hotel,4.3,"1,864",Rp 310.849,
bangka belitung,Mink Mink Inn Hotel,4.5,161,Rp 264.936,
bangka belitung,DK Belstar Hotel Belitung,4.4,"1,303",Rp 291.000,
bangka belitung,Grand Manunggal Hotel Pangkalpinang,4.5,123,Rp 320.604,
bangka belitung,Dekamil Cottage Villa Kebun,4.6,53,Rp 280.665,
bangka belitung,Tanjung Pesona Beach Resort and Spa,4.5,113,Rp 430.368,
bangka belitung,Balitong Resort Pasir Padi,4.2,276,Rp 465.649,
bangka belitung,City Resort Belinyu Bangka Belitung,4.5,31,Rp 263.289,
bangka belitung,Billiton Ekobeach Retreat,4.8,105,,
bangka belitung,Hotel Batu Bedaun,4.2,85,,
bangka belitung,Airy Premier Tanjung Kelayang Belitung,4.5,2,,
bangka belitung,Pondok Kebun Belitung,,,Rp 257.727,
bangka belitung,"Parai Beach Resort Spa - Villa, 1 Bedroom, Private Pool",2.1,7,Rp 355.772,
bangka belitung,Pelangi Guesthouse Belitung,4.6,9,Rp 871.500,
bangka belitung,Puri Ansell,4.2,726,Rp 775.000,
bangka belitung,"Harmony Inn Belitung | Hotel Belitung Murah di Pusat Kota Tanjung Pandan , Belitong",4.7,154,Rp 133.166,
bangka belitung,Pesona Bay Hotel,4.3,373,Rp 388.929,
bangka belitung,M-LIVIN Dorm Hotel,4.1,57,Rp 385.051,
bangka belitung,Golden Dragon Hotel,4.1,265,Rp 210.924,
bangka belitung,Hotel Serrata - Pantai Pasir Padi,3.6,41,,
bangka belitung,PUNCAK BUDGET HOTEL,4.1,653,Rp 232.310,
bangka belitung,Rock and Wreck Dive Resort,4.6,93,Rp 499.873,
bangka belitung,Guest Hotel,4.2,420,Rp 297.627,
bangka belitung,Puncak MG Hotel,4.4,94,Rp 316.140,
bangka belitung,Hotel Grand Millenium,4.5,14,,
bangka belitung,Bangka City Hotel,4.2,"1,606",Rp 239.284,
bangka belitung,Sun Hotel Pangkalpinang,4.2,656,Rp 295.587,
bangka belitung,Belitong Inn Hotel,4.0,254,Rp 139.799,
bangka belitung,Victory Inn,4.4,79,Rp 233.064,
bangka belitung,PELANGI LAKE RESORT BELITUNG,4.0,171,Rp 241.743,
bangka belitung,The Byan House Villa In Belitung - One-Bedroom Villa,4.5,13,Rp 406.135,
bangka belitung,Tanjong Tinggi Cottage - Standard Double Room,,,Rp 405.239,
bangka belitung,The Byan House Villa in Belitung,4.7,25,Rp 306.644,
bangka belitung,HOMESTAY EDELYNE BELITUNG,5.0,3,Rp 191.546,
bangka belitung,Novilla Boutique Resort,4.2,"1,254",Rp 378.898,
bangka belitung,Grand Puncak Lestari Hotel,4.0,805,Rp 324.983,
bangka belitung,Redwood Residence,4.6,59,Rp 1.356.414,
bangka belitung,Hotel Osela,4.1,111,,
bangka belitung,Tanjung Kelayang,4.5,6,,
bangka belitung,Hans Hotel Sungailiat,3.9,282,Rp 264.379,
bangka belitung,Homestay Belitung,4.7,105,,
bangka belitung,Hotel Sera Indah,4.3,8,,
bangka belitung,Bahamas Hotel & Resort Belitung,4.1,946,Rp 312.279,
bangka belitung,Hotel Aksi Natural Resort,4.1,544,,
bangka belitung,OYO 2186 Esbe Hotel Syariah,4.2,147,,
bangka belitung,Hotel Sun Jaya Bangka,3.9,156,,
bangka belitung,Capital O 399 Kelayang Beach Hotel,4.4,379,Rp 245.306,
bangka belitung,Puncak Hotel Belitung,4.1,172,Rp 139.482,
bangka belitung,tanjung tinggi cottages,5.0,2,Rp 344.649,
bangka belitung,Puri Oasis Hotel,4.2,573,Rp 301.350,
bangka belitung,Villa diandell's,,,Rp 806.054,
bangka belitung,Pelangi Guesthouse 1,5.0,8,Rp 1.247.083,
bangka belitung,OYO 633 Ren'z Hotel,4.0,385,Rp 196.088,
bangka belitung,Hotel Centrum,4.2,273,,
bangka belitung,Yasmin Hotel Muntok,4.3,624,Rp 295.974,
bangka belitung,BELITUNG Backpacker,4.7,125,Rp 204.192,
bangka belitung,Grand Marina Hotel,3.5,336,,
bangka belitung,Hotel Mitra Garden,3.9,199,Rp 177.079,
bangka belitung,RedDoorz near Transmart Pangkal Pinang,5.0,3,Rp 198.546,
bangka belitung,Hotel Puncak (Al Huriah),3.9,93,,
bangka belitung,Puri 56 Hotel & Resto,4.2,451,,
bangka belitung,Grand Mutiara,1.0,1,,
bangka belitung,Hotel Belitong,4.5,48,,
bangka belitung,dric's House,4.2,93,Rp 401.117,
bangka belitung,OYO 2146 Hotel ST 12,3.9,312,,
bangka belitung,Terrace Hotel,4.4,70,Rp 255.210,
bangka belitung,LETCO INN SYARIAH,5.0,15,Rp 225.225,
bangka belitung,CLOSE PROP,4.4,60,,
bangka belitung,Lorin Beach Resort Belitung,4.3,465,Rp 364.691,
bangka belitung,OYO 358 Hotel Martani,4.2,271,Rp 88.517,
bangka belitung,Lovetogy homestay - Double Room,,,Rp 253.073,
bangka belitung,Eco Beach Tent by Billiton,,,,
bangka belitung,RedDoorz near Pelabuhan Tanjung Pandan Belitung,4.3,8,,
bangka belitung,Damai Inn Bangka,3.9,342,,
bangka belitung,Casa Syifa Villa,4.9,18,,
bangka belitung,Kaisar Inn,3.8,119,,
bangka belitung,The Holiday Guesthouse,4.4,89,Rp 187.633,
bangka belitung,Hotel aksi 2,3.9,298,,
bangka belitung,Hotel Edotel,4.2,67,,
bangka belitung,Central City 2,4.4,243,Rp 201.989,
bangka belitung,Hotel Griya Tirta,3.9,260,Rp 220.894,
bangka belitung,Rahat Icon Hotel,4.2,272,Rp 161.028,
bangka belitung,Grand Pondok Impian Hotel,3.9,228,Rp 155.376,
bangka belitung,Urbanview by Millenium Hotel by RedDoorz,4.0,144,Rp 194.977,
bangka belitung,Hotel MUFASA Pangkalpinang ( Penginapan & Kost Syariah),4.7,57,,
bangka belitung,OYO 479 Casa Beach Hotel,4.0,254,,
bangka belitung,Airy Pangkal Pinang Aleksander 1 Bangka,4.2,12,,
bangka belitung,Kostel 99 Pangkal Pinang RedPartner,2.8,21,Rp 115.980,
bangka belitung,Hotel Tri Mustika,3.9,163,,
bangka belitung,Beach Rock Resort Belitung - Deluxe Double Or Twin Room With Sea View,,,,
bangka belitung,Villa The Rawie Belitung - Three-Bedroom Villa,,,,
bangka belitung,Sudirman 12 Homestay,4.6,108,,
bangka belitung,Hotel Premium,3.8,165,,
bangka belitung,Hotel Harlika Jaya,3.8,261,,
bangka belitung,Hotel Revano,3.9,103,,
bangka belitung,Urbanview Hotel Wongso Pangkal Pinang,4.2,298,Rp 111.684,
bangka belitung,HOMESTAY TANJONG TINGGI,,,,
bangka belitung,Adifah,3.5,2,,
bangka belitung,Penginapan Mulia,3.7,47,,
bangka belitung,GRA VILLA Sunset,4.7,3,,
bangka belitung,OYO 1612 Hotel Central City,4.2,168,,
bangka belitung,RedDoorz @ Jalan Sudirman Belitung,3.0,1,,
bangka belitung,Istana Pool Villas & Spa,3.8,37,,
bangka belitung,OYO 515 Oasis Hotel,3.7,341,,
bangka belitung,Kamboja Inn - Belycia Executive Kost,5.0,2,,
bangka belitung,OYO 2557 The Apple Residence,4.1,59,,
bangka belitung,Ocean hotel,4.3,94,Rp 175.507,
bangka belitung,Homestay Erna,5.0,8,,
bangka belitung,Grand Orion Hotel,,,,
bangka belitung,Belitung Holiday Resort - Escapade Twin Bed,4.7,7,,
bangka belitung,Billiton Ekobeach Retreat - Tent,,,,
bangka belitung,Lobby Golden Vella Hotel,5.0,4,Rp 160.356,
bangka belitung,Homestay Telage Bulan,5.0,6,Rp 295.999,
bangka belitung,Homestay Lotus Bangka Pangkal Pinang RedPartner,4.4,38,Rp 158.043,
bangka belitung,Inggrid Homestay,4.8,15,Rp 265.977,
bangka belitung,OYO 363 Sarila Hotel,4.4,34,,
bangka belitung,Patra Kost Dan Home Stay,4.2,97,Rp 214.942,
bangka belitung,Purnama Hotel,4.0,25,Rp 257.727,
bangka belitung,penginapan abbian guest house,4.4,28,Rp 271.313,
bangka belitung,Joyful Hotel,4.6,76,Rp 204.546,
bangka belitung,Airy Tanjung Pandan Depati Rahat 21 Belitung,4.2,28,,
bangka belitung,Manunggal Hotel,3.8,190,Rp 238.442,
bangka belitung,SPOT ON 92523 Homestay Pasir Padi Permai Syariah,4.5,94,,
bangka belitung,Green Tropical Village Hotel & Resort,4.2,639,Rp 270.279,
bangka belitung,RedDoorz near Bandara Depati Amir,4.5,11,Rp 110.366,
bangka belitung,Hotel Simpang Empat,3.8,226,Rp 157.437,
bangka belitung,OYO 624 Hotel Golden Vella,4.0,309,Rp 190.255,
bangka belitung,Mess BW Suite,4.3,26,,
bangka belitung,Villa Bumi Kedaton,3.0,1,,
bangka belitung,Ashamaya Belitung (Dome Glamping Site) - Tent,,,,
bangka belitung,D'Kost Pangkalpinang,4.4,157,,
bangka belitung,Airy Tanjung Pandan Sudirman 16 Belitung,4.3,28,,
bangka belitung,Truntum Village,4.7,79,,
bangka belitung,OYO 480 Hotel Demuon,3.8,170,Rp 201.317,
bangka belitung,BAN LE INN Penginapan & Karaoke,4.5,49,,
bangka belitung,Arwana Hotel,3.7,158,,
bangka belitung,OYO Life 1149 Hotel Mustika,4.0,32,Rp 124.800,
bangka belitung,Home Stay Sudesti,5.0,8,,
bangka belitung,Airy Pangkal Pinang Kp Bintang Bangka,3.8,55,,
bangka belitung,RedDoorz @ Homestay Lotus 2 Pangkal Pinang,3.0,7,Rp 130.236,
bangka belitung,Jati Wisata Hotel,3.8,221,,
bangka belitung,Hotel BOS,4.2,324,Rp 435.750,
bangka belitung,Penginapan Mitra Belitung,4.4,268,Rp 124.139,
bangka belitung,wisma Aditya,4.0,147,,
bangka belitung,OYO 3324 Wilhelmina Hostel,3.5,2,,
bangka belitung,Yasmin Resto,,,,
bangka belitung,Xinlu Hotel,3.9,135,,
bangka belitung,APRI INN Syariah,4.4,104,Rp 141.408,
bangka belitung,Wisma Pagar Alam,,,,
bangka belitung,Pelangi Guesthouse 10,,,,
bangka belitung,OYO 600 Bukit Berahu Cottages,4.0,2,,
bangka belitung,RedDoorz Plus @ Pangkal Pinang Mentok,4.2,53,,
bangka belitung,OYO 539 Omah Andini Syariah,4.1,162,,
bangka belitung,Hd garden villa,3.5,27,Rp 215.358,
bangka belitung,RedDoorz near Pantai Tanjung Pendam,4.0,8,,
bangka belitung,Penginapan ASIA,4.0,162,Rp 305.897,
bangka belitung,Grand Vella Hotel,3.9,425,Rp 165.585,
bangka belitung,OYO 3438 Pasir Padi Inn Syariah,3.5,50,Rp 112.693,
bangka belitung,Airy Eco Tanjung Pandan Pattimura 8 Belitung,3.7,9,,
bangka belitung,RedDoorz near Bangka Trade Center 2,4.2,115,,
bangka belitung,PENGINAPAN SRIWIJAYA,4.8,4,,
bangka belitung,OYO 2766 Kezia Kost,4.1,40,,
bangka belitung,Pandan Makmur Inn,4.0,249,Rp 167.000,
bangka belitung,OYO 2349 Hotel Mustika 2,4.2,214,Rp 255.150,
bangka belitung,Sam Pesaren Hotel Dan Resort,3.9,58,,
bangka belitung,Super OYO 90072 Apri Inn Syariah,,,,
bangka belitung,Belitong beach cottages and resto,3.6,10,,
bangka belitung,Airy Syariah Mentok Depati Amir 7 Bangka Barat,3.9,34,,
bangka belitung,Belitung Homestay Backpacker,,,,
bangka belitung,Gra Villa Sunset with Beach View - Three-Bedroom Villa,,,,
bangka belitung,RedDoorz near Pantai Tanjung Pendam 2,4.2,5,,
bangka belitung,Wisma Kelekak Bunda,3.7,116,,
bangka belitung,Hotel O City Kost Syariah,2.2,10,Rp 72.691,
bangka belitung,Bunga Pantai Hotel,4.3,56,Rp 158.895,
bangka belitung,Airy Tanjung Pandan Gatot Subroto 118 Belitung,4.2,22,,
bangka belitung,Super OYO 1844 Bravo Residence,3.9,189,,
bangka belitung,OYO 1151 Ww House Syariah,4.5,114,,
bangka belitung,OYO 1216 Hotel Sejati,3.7,158,,
bangka belitung,Kos Meigah,4.0,2,,
bangka belitung,Lorin Villa,5.0,1,,
bangka belitung,OYO 1851 Homestay Joss,4.5,131,,
bangka belitung,Wisatakelayang homestay,,,,
bangka belitung,NIDA Rooms Pangkal Pinang Jendral Sudirman 1499,,,,
bangka belitung,Penginapan Mak Ijah,4.5,4,,
bangka belitung,OYO Life 2144 Hotel Rapos,3.9,171,,
bangka belitung,PT. MoiLim Indonesia / Hotel MoiLim Indonesia,4.0,120,,
bangka belitung,OYO 3312 Abang & Yang Royal Resort,4.3,102,,
bangka belitung,Desta Homestay,4.0,25,,
bangka belitung,Desa Wisata Kreatif Terong - Deluxe Family Room,,,,
bangka belitung,RedDoorz near Bangka Trade Center,4.2,9,,
bangka belitung,Hotel Citra,3.9,22,,
bangka belitung,Homestay supriadi Al/El,3.0,1,Rp 180.485,
bangka belitung,Tanjong Tinggi B&B,4.2,13,Rp 332.113,
bangka belitung,Homestay Lady,4.6,5,,
bangka belitung,Kost Harian Dan Loundry,3.5,11,,
bangka belitung,OYO 357 Hotel Meigah,4.1,246,,
bangka belitung,Penginapan Kcp Permai,3.9,94,,
bangka belitung,OYO 1853 Guest House D'makmoer,3.7,62,,
bangka belitung,EMPAT PUTRA HOMESTAY,4.5,43,,
bangka belitung,Homestay Panji & Vadila,4.6,47,,
bangka belitung,OYO 2551 Mango Residence,3.3,26,,
bangka belitung,Rumah Charsy Homestay,4.4,180,,
bangka belitung,OYO 985 Audi Inn Hotel,4.3,86,,
bangka belitung,Dermaga Kelayang Cottages,3.0,1,,
bangka belitung,OYO 923 Penginapan Balai Sultan Syariah,3.9,94,,
bangka belitung,OYO 2029 Hotel Jatimas,3.4,90,,
bangka belitung,OYO 93630 Wongso Residence Syariah,4.1,8,,
bangka belitung,Green Tropical Village - Superior Double or Twin Room,3.9,5,,
bangka belitung,Tanjung Pesona Beach Resort Spa,3.6,2,,
bangka belitung,SPOT ON 92421 City Kost Syariah,3.1,18,,
bangka belitung,LoveTogy HomeStay,4.0,3,,
bangka belitung,Wisma Pagar ALam,3.7,10,,
bangka belitung,Pondok Sahang Cottages - Deluxe Room,,,,
bangka belitung,Penginapan Sriwijaya - Deluxe Room,,,,
bangka belitung,Private room for 2 persons,,,,
bangka belitung,Homestay belitung pak mai - Double Room with Private Bathroom,,,,
bangka belitung,Patra Homestay,,,,
bangka belitung,Homestay Felicia - Twin Room with Private Bathroom,,,,
bangka belitung,Pelangi Guesthouse 7A,,,,
bangka belitung,Ian Guest House I - Three-Bedroom House,,,,
bangka belitung,Beach Rock Resort Belitung By Zuzu,,,,
bangka belitung,Yuta the Cozy House,3.6,2,,
bangka belitung,HD Garden Villa RedPartner - Superior Twin Room,,,,
bangka belitung,Pelangi Guesthouse 7B,,,,
bangka belitung,Homestay Sakinah Belitung RedPartner,3.5,6,,
bangka belitung,Guest House Sutos,4.1,2,,
bangka belitung,SPOT ON 2844 Kelekak Bunda,,,,
bangka belitung,Bukit Samak A1 Cottage,,,,
bangka belitung,OYO 2231 D'kost,4.5,2,,
bangka belitung,Vaccinated Staff - OYO 1853 Guest House D'makmoer - Superior Suite,3.5,1,,
bangka belitung,Homestay Junaidi Tanjong Tinggi - Double Room,,,,
bangka belitung,Homestay supriadi Al El,,,,
bangka belitung,Homestay Erna Tanjong Tinggi - Double Room,,,,
bangka belitung,GOH House,,,,
bangka belitung,Ian Guest House I,4.4,7,,
bangka belitung,OYO 1151 WW House,,,,
bangka belitung,Tanjong Tinggi Cottage - Standard Triple Room,,,Rp 405.239,
bangka belitung,Tanjong Tinggi Cottage - Twin Room with View,,,Rp 405.239,
bangka belitung,Beach Rock Resort Belitung,,,,
bangka belitung,Green Tropical Village - Boutique One-Bedroom Bungalow,3.9,5,,
bangka belitung,Tanjong Tinggi Cottage - Cottage,,,,
bangka belitung,Green Tropical Village - Deluxe Double or Twin Room,3.9,5,,
bangka belitung,Green Tropical Village - Royal One-Bedroom Bungalow,3.9,5,,
bangka belitung,Desa Wisata Kreatif Terong - Superior Single Room,,,,
bangka belitung,Desa Wisata Kreatif Terong - Single Room with Garden View,,,,
bangka belitung,Desa Wisata Kreatif Terong - Superior Family Room,,,,
bangka belitung,Homestay Felicia - Double Room with Private Bathroom,,,,
bangka belitung,HD Garden Villa RedPartner - Economy Double Room,,,,
bangka belitung,Lovetogy homestay - Family Room with Bathroom,,,,
bangka belitung,HD Garden Villa RedPartner - Family Room,,,,
wakatobi,Wakatobi Dive Resort,4.6,274,,
wakatobi,Naya Matahora Island Resort,4.3,135,Rp 1.328.465,
wakatobi,Wasabinua Hotel & Dive Resort,4.4,244,,
wakatobi,Marind Dive Eco Resort,4.7,65,,
wakatobi,Wisma Raudhah Wakatobi,5.0,1,Rp 265.909,
wakatobi,Dafuama resort,4.8,40,Rp 368.182,
wakatobi,Wakatobi Patuno Diving and Beach Resort by SAHID - Executive Suite,4.2,6,Rp 1.772.586,
wakatobi,Hotel Wisata Beach Wakatobi,4.1,424,,
wakatobi,Pombero lodge - Double Room,5.0,10,Rp 348.065,
wakatobi,Wakatobi Patuno diving and Beach Resort by SAHID,,,Rp 1.006.556,
wakatobi,areef homestay kaledupa,5.0,24,Rp 181.818,
wakatobi,Labore Homestay,4.6,24,Rp 168.182,
wakatobi,Villa Nurlinda Wambuliga Beach - Deluxe Double or Twin Room,,,Rp 178.872,
wakatobi,Hotel Nayang,4.1,18,Rp 393.763,
wakatobi,Pombero Lodge,5.0,14,Rp 315.000,
wakatobi,Laprasmi Hotel.,5.0,69,Rp 409.091,
wakatobi,Ar'Rafif Hotel,4.2,174,,
wakatobi,CLOSED PROP,4.5,41,,
wakatobi,Artha Homestay,4.6,15,,
wakatobi,Hotel Sinar Harapan,4.3,53,Rp 225.001,
wakatobi,Areef Homestay Kaledupa - Double Room with Terrace,5.0,8,Rp 202.709,
wakatobi,Hogarista Homestay - Budget Double Room,3.5,1,Rp 245.008,
wakatobi,Wisma Raudah Wakatobi - One-Bedroom Apartment,,,Rp 293.400,
wakatobi,Wambuliga Homestay - Family Room,,,Rp 628.022,
wakatobi,Wisma Maharani,4.4,36,,
wakatobi,Elnara - Deluxe Room (2 Adults + 1 Child),4.0,1,Rp 165.429,
wakatobi,Elnara - Deluxe Room,4.0,1,Rp 165.429,
wakatobi,"This your Home Guys, Like a Homestay you have Private rooms, ENJOY GUYS, WELCOME",,,Rp 555.613,
wakatobi,Haila Homestay,,,,
wakatobi,Labore Stay - Twin Room,3.8,4,,
wakatobi,Nua Indah Wakatobi,,,,
wakatobi,Wisma Maharani - Standard Double Room,4.2,8,,
wakatobi,Maria Guesthouse - Deluxe Double Room,,,,
wakatobi,Local Homestay and Located by the Sea,,,,
wakatobi,Artha Homestay Tomia,,,,
wakatobi,RedDoorz @ Wangi-Wangi Island Wakatobi - Double Room,4.0,2,,
wakatobi,RedDoorz @ Wangi Wangi Island Wakatobi,,,,
wakatobi,Sinar Harapan,,,,
wakatobi,Wakatobi Patuno Diving and Beach Resort by SAHID - Suite with Sea View,4.2,12,Rp 1.013.009,
wakatobi,Hogarista Homestay - Standard Triple Room with Sea View,3.5,1,Rp 405.239,
wakatobi,Wambuliga Homestay - Double Room,,,,
wakatobi,RedDoorz @ Wangi-Wangi Island Wakatobi - Economy Double Room,4.0,2,,
wakatobi,Hoga Island Dive Resort Wakatobi - Deluxe Double Room with Balcony,,,Rp 7.901.180,
bromo,ARTOTEL Cabin Bromo,4.7,"1,597",Rp 1.943.423,
bromo,Jiwa Jawa Bromo,4.5,"2,620",Rp 1.399.896,
bromo,Lava View Lodge Hotel,4.3,"3,058",Rp 680.400,
bromo,Villa Rose Hill Bromo,4.7,51,Rp 1.560.000,
bromo,"Manis ae Hotel,Cabin & Resto Bromo",4.8,"1,506",Rp 958.381,
bromo,Bawangan Bromo Hotel & Resto,4.5,"5,659",Rp 1.086.024,
bromo,Hotel Bromo Permai 1 Cemorolawang,4.3,"2,062",Rp 704.195,
bromo,Delvia Bromo RedPartner,4.8,125,,
bromo,Nawasena Bromo,4.5,34,Rp 450.000,
bromo,Saputra View Bromo Guest House,3.9,189,Rp 288.800,
bromo,Parama Bromo,4.3,120,Rp 499.181,
bromo,Homestay Honeymoon Bromo,5.0,58,Rp 456.259,
bromo,Villa PULMO Bromo,4.4,10,Rp 357.086,
bromo,Homestay Lereng Bromo,4.6,217,Rp 363.636,
bromo,Homestay Lereng Bromo - Deluxe Double Room,5.0,8,Rp 405.239,
bromo,Yoschi Hotel,4.0,788,Rp 212.541,
bromo,Oryza villa,4.2,21,Rp 272.728,
bromo,Villa dan Toko Riki bromo,5.0,5,,
bromo,Puncak Bromo Villas,4.7,211,,
bromo,wijayanti's villa - Three-Bedroom Villa,4.5,2,Rp 911.564,
bromo,Villa Seruni Point 2 Bromo by Balqis Group,4.4,10,Rp 428.244,
bromo,D’Breeze Bromo Villa,4.9,58,,
bromo,Semesta Villa,4.4,57,Rp 452.839,
bromo,Ngadisari villas,5.0,28,Rp 2.295.000,
bromo,Homestay Safira Bromo,5.0,2,Rp 346.291,
bromo,"Homestay ""Rengganis Tengger”",5.0,8,Rp 204.546,
bromo,Mentigen Homestay Bromo,3.6,20,Rp 318.182,
bromo,Jiwa Jawa The Pagupon,4.3,68,,
bromo,TENGGER HOMESTAY Bromo,4.5,251,Rp 299.820,
bromo,HOMESTAY ANGGUN BROMO,4.7,141,Rp 259.091,
bromo,Homestay Slamet Bromo,4.4,92,,
bromo,Bromo otix guesthouse,4.4,226,,
bromo,Good Karma Bromo Guesthouse,4.0,125,Rp 318.182,
bromo,Domoro Villa,5.0,5,,
bromo,Iki ika homestay,4.2,53,Rp 275.932,
bromo,Savana Guesthouse,4.0,98,Rp 218.415,
bromo,Tengger Indah Bromo Homestay at Desa Wisata Bromo Mitra RedDoorz,3.7,223,Rp 209.950,
bromo,SM BROMO HOTEL,4.1,370,Rp 368.182,
bromo,Villa Seruni Point 2 Dekat Gunung Bromo View Indah,,,Rp 775.813,
bromo,Gangga Guest House dan Jiro Cafe,4.3,21,Rp 252.000,
bromo,Widodaren homestay,5.0,135,Rp 235.150,
bromo,Bawangan Hotel Express,4.5,66,Rp 285.000,
bromo,Homestay Firdaus Bromo,4.4,12,,
bromo,Villa Tengger Asri 3 Gunung Bromo / BALQIS GROUP BROMO,4.7,15,,
bromo,Pondok Dhea Homestay,4.2,5,Rp 265.327,
bromo,Lusman Homestay Bromo,4.3,7,Rp 324.000,
bromo,PESONA BROMO HOMESTAY,4.8,69,,
bromo,Home Stay Den Bagus,3.8,24,Rp 321.504,
bromo,Bromo Seruni Guesthouse,4.1,9,Rp 463.274,
bromo,Cafe Lava Hostel,4.0,"1,033",Rp 409.091,
bromo,Gigafa Homestay,4.4,9,Rp 227.272,
bromo,View Bromo Homestay,4.2,98,Rp 477.728,
bromo,Umah Sare,4.8,5,,
bromo,Fan Family Homestay,4.6,309,Rp 306.170,
bromo,Astungkara Homestay,3.6,55,Rp 443.209,
bromo,Uciek Tengger Bromo,1.0,1,Rp 432.318,
bromo,OYO 2120 Pieter Homestay Bromo,4.1,198,,
bromo,Standard Triple at Bromo Permai,,,Rp 1.166.010,
bromo,Villa Tengger Asri 7 Bromo by Balqis Group,4.5,22,Rp 870.629,
bromo,Homestay Deddy Cemorolawang,4.1,265,Rp 229.167,
bromo,Elen guesthouse,4.4,109,Rp 231.821,
bromo,Homestay Livia,4.3,99,Rp 334.125,
bromo,OYO 1378 Tengger Indah Homestay,3.3,30,Rp 254.956,
bromo,Homestay Mawar,3.9,9,,
bromo,Cemara Indah Hotel and Tour,4.1,"1,222",Rp 668.525,
bromo,Guest House Bromo Tengger Saputra,4.2,231,,
bromo,Bromo Indah Lestari Homestay RedPartner,4.5,171,Rp 109.858,
bromo,Homestay Maria,4.9,105,,
bromo,HOME STAY BROMO ASRI,1.4,5,,
bromo,Homestay Bromo Indah,4.0,4,Rp 369.931,
bromo,Hotel Oecik,4.0,86,Rp 404.456,
bromo,OYO 1048 Rahayu Bromo Hotel,4.3,30,,
bromo,OYO 1080 Sm Bromo Hotel,4.6,27,Rp 345.380,
bromo,Bromo B&B,4.1,105,Rp 227.273,
bromo,villa wijayanti bromo,4.5,13,,
bromo,LOSMEN SETIA KAWAN,,,,
bromo,Gangga Guest House Bromo - Double Room with Private Bathroom,4.8,16,Rp 252.714,
bromo,Villa Tengger Asri 3 Gunung Bromo – Villa Nyaman,,,Rp 856.163,
bromo,Sedulur homestay,4.0,142,Rp 200.000,
bromo,Homestay Wonotoro Asri Gunung Bromo,4.0,1,,
bromo,Cahyo Homestay,4.4,346,Rp 800.000,
bromo,Homestay Mbak Sulis Bromo,4.8,8,,
bromo,Yeski Homestay at Desa Wisata Bromo,4.4,32,Rp 127.294,
bromo,Villa Candani 1,3.8,20,,
bromo,Gangga Homestay,4.3,80,Rp 229.091,
bromo,Villa Adas Wonokerto Sukapura,4.1,39,,
bromo,OYO 1087 Homestay Potato House,3.7,93,,
bromo,Villa Alvaro,4.0,2,,
bromo,Bromo Surya Indah Guest House,4.5,66,,
bromo,Economy Room at Otix Guest House,,,Rp 602.669,
bromo,Homestay Ana Tengger,4.1,44,Rp 475.550,
bromo,Standard Room 5min Walk to the Entrance Gate Bromo,,,Rp 387.210,
bromo,Bromo Guest House,4.6,13,,
bromo,Bromo Privater villa - Villa,,,Rp 774.991,
bromo,ADAS Houstel Pondok Wisata,3.5,111,,
bromo,Feni homestay,4.7,10,,
bromo,SPOT ON 2126 Bromo Indah Homestay,3.8,28,,
bromo,Agung Safira Homestay,4.2,14,,
bromo,Homestay Balqis Gunung Bromo / BALQIS GROUP BROMO,4.3,266,,
bromo,Cemara Homestay,4.1,10,,
bromo,Losmen Adas,3.5,86,,
bromo,Homestay Udin,3.7,57,,
bromo,Cahya devana homestay,2.5,4,,
bromo,Homestay Lawang Sari,3.8,10,,
bromo,OYO Life 92499 Bagas Homestay Wonokitri,3.7,14,,
bromo,Warung Rizka,4.8,168,,
bromo,OYO 2957 Erlina Homestay,2.9,15,,
bromo,Sky View Bromo Guest House - Deluxe Double Or Twin Room With Balcony,,,Rp 299.135,
bromo,Family Homestay,4.9,9,Rp 784.849,
bromo,"AAA, Surya Indah, Pananjakan Bromo Villa, Managed by Triple A Tour, Additional Bromo Sunrise Jeep Tour and Airport Shuttle - Double Room",3.0,2,Rp 387.495,
bromo,Villa Vulcano Gunung Bromo / Villa Dekat Bromo,,,Rp 999.350,
bromo,"AAA, Ngadisari Villa, Aesthetic Villa Bromo, Managed by Triple A Tour - Two-Bedroom Villa",2.5,7,Rp 2.301.852,
bromo,ManggalÄ,3.2,45,Rp 521.591,
bromo,Orlando Hill Villa,,,Rp 1.476.954,
bromo,Villa Tengger Asri 2 Gunung Bromo - Exclusive Villa,,,Rp 973.757,
bromo,Bromo Deddy Homestay - Double Room with Private Bathroom,4.8,8,Rp 250.922,
bromo,"Comfortable bedroom for 3 at Cemara Lawang, Bromo",,,Rp 884.944,
bromo,Bromo Deddy Homestay,4.0,208,Rp 250.922,
bromo,"AAA, Fan Family, Aesthetic Bromo, Managed by Triple A Tour, Additional Bromo Jeep Tour Sunrise and Airport Shuttle - Double Room with Mountain View",,,Rp 990.067,
bromo,Bromo Seruni Astungkara Homestay - Standard Twin Room,4.5,8,Rp 557.047,
bromo,Good Karma Guesthouse,,,Rp 354.159,
bromo,Mentigen Homestay,4.4,8,Rp 351.112,
bromo,Villa Tengger Asri 5 Gunung Bromo,3.4,6,Rp 996.519,
bromo,Bromo Semesta Guesthouse - Family Room,2.3,8,Rp 1.721.864,
bromo,Good Karma Bromo Guesthouse - Standard Double Room,4.2,8,Rp 354.517,
bromo,Sedulur Homestay - Deluxe Double or Twin Room,4.5,8,Rp 200.558,
bromo,Widodaren Homestay,4.0,29,Rp 572.727,
bromo,Homestay Anggun Bromo,4.5,83,Rp 876.077,
bromo,Villa Tengger Asri 3 Gunung Bromo,4.4,9,Rp 1.380.072,
bromo,Yeski Homestay at Desa Wisata Bromo Mitra RedDoorz,,,Rp 131.376,
bromo,Superior Twin 2 Pax Bawangan Bromo,,,Rp 1.567.540,
bromo,Elen Homestay by ABM - Five-Bedroom House,4.5,8,Rp 2.892.953,
bromo,Deluxe Double 2 Pax Bawangan Bromo,,,Rp 1.567.540,
bromo,Homestay Aisyah Bromo byRizke,,,Rp 822.622,
bromo,Widodaren Homestay - Three-Bedroom Villa,4.3,16,Rp 638.238,
bromo,Adem Ayem - Double Room,4.2,8,Rp 387.495,
bromo,wijayanti's villa,3.5,2,Rp 818.182,
bromo,Widodaren Homestay twin bed - Double Room,,,Rp 273.147,
bromo,Lusman Homestay Bromo - Double Room with Park View,,,Rp 328.170,
bromo,Tano Homestay Bromo,,,Rp 583.969,
bromo,Villa / Homestay Wonotoro ASRI Bromo,,,Rp 1.630.994,
bromo,Jiwa Jawa Resort Bromo,,,,
bromo,Deluxe Double room at Jiwa Jawa Bromo,,,,
bromo,BROMO ECOLODGE,4.2,5,,
bromo,Villa Seruni Point 2 Gunung Bromo,,,,
bromo,"AAA, Astungkara, Amazing Bromo Villa, Managed by Triple A Tour, Additional Bromo Jeep Tour and Airport Shuttle - Quadruple Room",,,,
bromo,Junior Suite Room at Jiwa Jawa Bromo,,,,
bromo,Villa Tengger Asri 7 Gunung Bromo,,,,
bromo,Villa Tengger Asri 2 Dekat Gunung Bromo,,,,
bromo,Pagupon Bromo Budget Lodge - Twin Room with Mountain View,4.8,8,,
bromo,Homestay Umah Sare,,,,
bromo,Villa Tengger Asri 7 Gunung Bromo - Three-Bedroom House,3.5,1,,
bromo,Bedroom for 4 person view direct to Mt. Bromo,,,,
bromo,Grand Family at Bromo National Park,,,,
bromo,Great View Room @ Tengger Bromo - Free Pick Up,,,,
bromo,Deluxe Twin room at Jiwa Jawa Bromo,,,,
bromo,Family room 4 pax located at Bromo National Park,,,,
bromo,"Villa Bromo Pananjakan DHAHKAYANGAN Backyard View Mountain, 3BR, 6 Pax, Wonokitri, Additional Jeep Bromo Sunrise by TRIPLE A TOUR - Three-Bedroom Villa",,,,
bromo,Bromo Seruni Astungkara Homestay,2.3,17,,
bromo,Villa Adas,2.5,5,,
bromo,fi homestay - Two-Bedroom House,,,,
bromo,Bromo - Standard Double Room,1.0,1,,
bromo,Family 4 pax 15 Minutes from Seruni Point,,,,
bromo,Safira - Double Room,,,,
bromo,Warung Rizka - Double Room,4.9,8,,
bromo,Cabin Family Lush Mentigen Hill,,,,
bromo,Homestay Wonotoro Asri 4 Gunung Bromo,,,,
bromo,Villa Tengger Asri 7 Gunung Bromo Akomodasi Murah,,,,
bromo,"Comfortable bedroom for 2 at Cemara Lawang, Bromo",,,,
bromo,A Double Bed near Sunrise View Seruni Hill,,,,
bromo,Yellow Pavilion,,,,
bromo,Bungalow Double at Lava Lodge,,,,
bromo,Tengger Indah Bromo Villa,,,,
bromo,Cabin 20 Lush Mentigen Hill,,,,
bromo,One Bedroom 10 at Javana Bromo,,,,
bromo,Cemara Lawang Homestay2,,,,
bromo,Four BR House for big group with city view,,,,
bromo,Homestay Lusman Bromo - Two-Bedroom House,1.3,4,,
bromo,Uciek Tengger Bromo - Standard Twin Room,2.5,7,,
bromo,Comfort Villa for 4 pax at the Riverside,,,,
bromo,Bromo Tengger Saputra Guest House - Standard Double Room,,,,
bromo,Villa Bromo Alvaro 2 - Three-Bedroom Villa,,,,
bromo,Decent Room with Bathroom 15 minutes to Bromo,,,,
bromo,A double bedroom near Rehat Bromo Rst. Warung Rinjani,,,,
bromo,Cahya Devana Homestay - Family Room,,,,
bromo,CELLINO HOMESTAY,,,,
bromo,Ladewi Homestay - Double Room,3.2,8,,
bromo,Family B 4 Pax near Cafe Lava Rst. Bromo,,,,
bromo,Red Twin Bedroom near active volcano Bromo,,,,
bromo,Gues house bromo - Double Room,,,,
bromo,Feni Homestay - Deluxe Room,,,,
bromo,Superior Twin near Cafe Lava Rst. Bromo,,,,
bromo,Balqis Home Stay,5.0,8,,
bromo,Bromo Authentic Homestay,,,,
bromo,Elen Villa by ABM - Villa,,,,
bromo,Losmen Setia Kawan I,,,,
bromo,Deluxe Double Room at Lava Lodge,,,,
bromo,Superior Twin at Lava Lodge,,,,
bromo,Rahayu Bromo 2 Cottage,,,,
bromo,Surya Guesthouse Bromo,,,,
bromo,Saputra View Bromo Homestay,2.0,1,,
bromo,A Family Room Near Nice View Of Bromo,,,,
bromo,Room for sleep of 3 person at Cemara Lawang,,,,
bromo,Homestay Anggun Bromo Kamaran,,,,
bromo,"Cemara Lawang Homestay, bedroom sharing bathroom1",,,,
bromo,Superior Triple adjacent to Cafe Lava Restaurant,,,,
bromo,Livia Homestay,,,,
bromo,Bromo Edelweis Guest House - Double Room with Garden View,,,,
bromo,Bromo Holiday Guest House,3.0,36,,
bromo,Anggun Bromo House,,,,
bromo,Villa RICKY 3 Bromo Comfortable Homestay,4.1,2,,
bromo,Villa Ricky 1 Gunung Bromo,,,,
bromo,"Bed and breakfast at Cemara Indah, Bromo",,,,
bromo,Homestay Angel Gunung Bromo - Three-Bedroom Villa,,,,
bromo,Surya Bromo Homestay,,,,
bromo,The rooms on the cliff overlooking Mt. Bromo,,,,
bromo,Villa Ricky Gunung Bromo,,,,
bromo,Homestay Cak Dino Bromo,,,,
bromo,Homestay Angel Gunung Bromo,,,,
bromo,Erlina Homestay by OYO Rooms,1.6,2,,
bromo,HTM Guesthouse,,,,
bromo,Red Double Bedroom near active volcano Bromo,,,,
bromo,Dhea Homestay Bromo,,,,
bromo,Homestay Bromo Indah - Villa,4.3,2,,
bromo,Warung Rizka2 - Double Room With Private Bathroom,,,,
bromo,Nike Homestay,,,,
bromo,Penginapan / Homestay Balqis Near Bromo,,,,
bromo,Homestay Lereng Bromo - Deluxe Double or Twin Room,5.0,8,Rp 506.504,
bromo,Homestay Lereng Bromo - Standard Double Room,5.0,8,Rp 405.239,
bromo,Bromo Seruni Astungkara Homestay - Double Room include Jeep Bromo Tour excluded entrance fee for 2 person,4.5,8,Rp 1.570.593,
bromo,Mentigen Homestay - Standard Double Room,4.4,8,Rp 351.112,
bromo,ManggalÄ - One-Bedroom Apartment,,,Rp 575.508,
bromo,Bromo Semesta Guesthouse - Standard Double Room,2.3,8,Rp 532.313,
bromo,Cahyo Homestay Bromo,3.6,268,Rp 269.741,
bromo,Lusman Homestay Bromo - One-Bedroom House,,,Rp 328.170,
bromo,Elen Homestay by ABM,4.2,10,Rp 379.968,
bromo,Elen Homestay by ABM - Standard Double Room,4.5,8,Rp 379.968,
bromo,Elen Homestay by ABM - Standard Twin Room,4.5,8,Rp 430.511,
bromo,Elen Homestay by ABM - Deluxe Twin Room,4.5,8,Rp 818.006,
bromo,Pagupon Bromo Budget Lodge - Double Room with Mountain View,4.8,8,,
bromo,Villa Family at Otix Guest House,,,,
bromo,Standard Double at Bromo Permai,,,,
bromo,Bromo Deddy Homestay - Two-Bedroom House,4.8,8,,
bromo,"AAA, Fan Family, Aesthetic Bromo, Managed by Triple A Tour, Additional Bromo Jeep Tour Sunrise and Airport Shuttle - Family Room with Mountain View",,,,
bromo,Bromo - Family Suite,1.0,1,,
bromo,Standard Twin at Bromo Permai,,,,
bromo,Bromo Deddy Homestay - Large Twin Room,4.8,8,,
bromo,Cahya Devana Homestay - Standard King Room,,,,
bromo,Bromo Deddy Homestay - Quadruple Room with Balcony,4.8,8,,
bromo,Family Room 5 min Walk to the Entrance Gate Bromo,,,,
bromo,Cahyo Homestay Bromo - Deluxe Double Room,5.0,8,,
bromo,Sedulur Homestay - Triple Room,4.5,8,,
bromo,Good Karma Bromo Guesthouse - Family Room,4.2,8,,
bromo,Bromo Seruni Guesthouse - Standard Quadruple Room,4.5,8,,
bromo,Good Karma Bromo Guesthouse - Budget Double Room,4.2,8,,
bromo,Ladewi Homestay - Superior Villa,3.2,8,,
bromo,Standard Twin near Cafe Lava Rst. Bromo,,,,
bromo,Cahyo Homestay Bromo - Family Double Room,5.0,8,,
bromo,Villa RICKY 2 Gunung Bromo,,,,
bromo,Homestay Lusman Bromo dengan pemandangan Gunung yang indah,,,Rp 71.315.656,
raja ampat,Methos Homestay - Raja Ampat - Villa with Sea View,5.0,16,Rp 642.002,
raja ampat,Hamueco Dive Resort Raja Ampat - Villa - Beach Front,4.5,6,Rp 1.620.778,
raja ampat,Scuba Republic Beach Bungalows - Double and Single Bed,4.8,8,Rp 2.205.068,
raja ampat,Our Bungalow Set In Front White Sandy Beach Integrated With The Jungle,,,Rp 985.766,
raja ampat,Beautiful Papuan Water Cabins in Indonesia,,,Rp 6.596.152,
raja ampat,Nyande Raja Ampat Dive Resort,4.8,148,Rp 1.390.909,
raja ampat,Terimakasih Raja Ampat,4.6,159,Rp 1.036.364,
raja ampat,Raja Ampat Dive Lodge,4.6,281,Rp 3.700.240,
raja ampat,Andau Dive Resort Raja Ampat,4.6,125,Rp 2.140.000,
raja ampat,Misool Resort,4.8,117,,
raja ampat,Mansuar Raja Ampat Bungalows,4.9,53,Rp 1.526.072,
raja ampat,Meridian Adventure Scuba Dive Resort & Marina,4.5,449,Rp 9.507.977,
raja ampat,Sorido Bay Resort,5.0,107,,
raja ampat,Papua Paradise Eco Resort,4.5,166,,
raja ampat,ASTON Sorong Hotel & Conference Center,4.8,"2,083",Rp 961.149,
raja ampat,Raja Ampat Biodiversity Nature Resort,4.7,233,,
raja ampat,Raja Ampat Dive Resort,4.6,188,Rp 3.500.000,
raja ampat,Gam Bay Bungalow's,4.5,32,,
raja ampat,Raflow Resort - Raja Ampat,4.6,16,Rp 1.900.000,
raja ampat,Waiwo Dive Resort,4.4,320,,
raja ampat,ANDAU DIVE RESORT - RAJA AMPAT,,,Rp 4.787.774,
raja ampat,Korpak Villa & Resort Raja Ampat,,,Rp 1.907.346,
raja ampat,Raja Ampat Dive Lodge - Deluxe Single Room with Sea View,4.9,6,Rp 4.588.649,
raja ampat,Nyande Raja Ampat - Double Room with Sea View,5.0,8,Rp 1.549.803,
raja ampat,ID Home Stay Raja Ampat - Villa,3.2,8,Rp 596.836,
raja ampat,Wai Resort - Raja Ampat,4.7,127,,
raja ampat,Raja Ampat Eco Lodge,4.9,66,,
raja ampat,Bon Wauw Homestay,4.6,18,Rp 1.390.909,
raja ampat,Friwen Mangrove Eco Lodge,5.0,46,Rp 3.136.364,
raja ampat,Marwes Homestay,4.6,42,Rp 1.457.750,
raja ampat,"Yenatar Resort - Raja Ampat, West Papua",4.9,114,,
raja ampat,Cove Eco Resort,4.8,129,,
raja ampat,Raja4Divers,4.9,136,,
raja ampat,Hamueco Raja Ampat Dive Resort,4.3,107,Rp 1.270.143,
raja ampat,Meos Ambower Homestay Raja Ampat,4.0,42,Rp 1.000.000,
raja ampat,Methos Homestay,4.4,69,Rp 589.091,
raja ampat,Sea Whip Homestay,4.8,4,Rp 363.636,
raja ampat,Raja Ampat Blue Sea,4.5,22,Rp 820.354,
raja ampat,Kasuari Valley Beach Resort - Deluxe Double or Twin Room with Pool Access,4.5,8,Rp 625.513,
raja ampat,Nyande Raja Ampat - Double Room with Private External Bathroom,5.0,8,Rp 1.549.803,
raja ampat,Indos Homestay-Raja Ampat,,,Rp 1.320.388,
raja ampat,Sunset Homestay,,,Rp 1.821.157,
raja ampat,Kri Eco Resort - Papua Diving,4.5,123,,
raja ampat,Famangkor Homestay,4.5,22,Rp 412.810,
raja ampat,Warahnus Dive Homestay,4.5,106,Rp 1.272.727,
raja ampat,Arborek Homestay and Diving Center,4.5,135,Rp 585.000,
raja ampat,Frances Homestay,4.1,25,Rp 531.818,
raja ampat,Rifalda Cottage (Raja Ampat),4.2,60,Rp 372.727,
raja ampat,Tanjung Mansuar Homestay,3.6,18,Rp 1.350.000,
raja ampat,Byuk Beya Homestay,4.5,39,Rp 981.818,
raja ampat,Kamar Raja Bungalow,4.5,22,Rp 788.000,
raja ampat,Gibran Homestay,4.4,55,Rp 1.431.818,
raja ampat,AIMAS HOTEL AND CONVENTION CENTRE,4.6,323,Rp 439.800,
raja ampat,Agusta Eco Resort,4.1,181,,
raja ampat,Raja Ampat Family Guest House,4.8,22,Rp 440.909,
raja ampat,Naviza homestay raja ampat,4.8,16,Rp 1.534.927,
raja ampat,Yenbuba Homestay,4.7,162,,
raja ampat,Risen Raja Ampat,,,Rp 1.463.414,
raja ampat,Mansuar Raja Ampat Bungalows - Superior Bungalow,5.0,8,Rp 1.700.356,
raja ampat,Coco Beach Homestay Raja Ampat,5.0,3,Rp 736.364,
raja ampat,"Mambetron Homestay, Kri Island, Raja Ampat - Double Room with Private Bathroom",5.0,8,Rp 1.103.341,
raja ampat,Raja Ampat Dive Resort - Deluxe Twin Room with Sea View,,,Rp 3.545.351,
raja ampat,RIMA HOMESTAY,5.0,12,Rp 1.001.455,
raja ampat,Coriana Dive Resort,4.4,74,Rp 1.300.000,
raja ampat,Raja 4 Nature Lodge,5.0,5,Rp 918.001,
raja ampat,MOOIpark Sorong,4.7,"1,701",Rp 337.190,
raja ampat,Hotel Raja Ampat,3.9,140,Rp 539.055,
raja ampat,Happy Homestay Arborek,4.8,36,Rp 1.650.000,
raja ampat,Mambetron Homestay,4.0,28,Rp 996.519,
raja ampat,LUZO Villa & Boat Tours Raja Ampat,4.9,74,,
raja ampat,Turtle Homestay,4.9,105,,
raja ampat,Manta Homestay,3.6,22,Rp 270.000,
raja ampat,City Home Stay,3.8,199,Rp 167.117,
raja ampat,Anno Homestay,5.0,9,,
raja ampat,Vogelkopf Resort,4.8,308,Rp 1.621.316,
raja ampat,Wainay Homestay,4.9,14,Rp 1.260.000,
raja ampat,Waisai Beach Hotel (WBH),4.1,120,Rp 422.673,
raja ampat,Raja Ampat Jousuba Homestay - Double Room with Sea View,3.7,5,Rp 1.418.069,
raja ampat,Rosye homestay raja ampat - Two-Bedroom House,,,Rp 994.369,
raja ampat,Raja Ampat Sandy Guest House - Standard Family Room,5.0,8,Rp 564.037,
raja ampat,Wobbegong Homestay - Four-Bedroom House,,,Rp 909.414,
raja ampat,Korbekwan Homestay - Bungalow with Sea View,,,Rp 713.157,
raja ampat,Katembe Private Island,4.6,96,,
raja ampat,DCoral Paradise Resort,4.6,140,,
raja ampat,Beser Bay Homestay,4.8,46,Rp 900.000,
raja ampat,"The Jeti Mangrove - Kalibiru/Blue River, Ecolodge, Restaurant & Cottage",4.8,15,Rp 1.000.000,
raja ampat,Penginapan Novalin,3.9,21,Rp 360.000,
raja ampat,Binnbetew Homestay,4.8,25,,
raja ampat,Nus Raja Ampat Bungalows,4.1,44,,
raja ampat,RYLICH PANORAMA HOTEL,4.5,620,Rp 534.833,
raja ampat,Kayafyof Homestay,4.3,68,Rp 981.818,
raja ampat,Homestay Cemara Raja Ampat,4.6,11,,
raja ampat,Ibu Maria's Homestay,4.5,4,,
raja ampat,New Waigo Hotel,4.9,103,Rp 309.582,
raja ampat,PapuArts Alter Native Stay,4.7,124,,
raja ampat,Kampung yenbeser Yenbainus bungalow,5.0,2,,
raja ampat,Raja Ampat Panorama Homestay,5.0,2,,
raja ampat,Mamatua N Saleo Villa - One-Bedroom Villa,,,Rp 806.535,
raja ampat,Aldejus Homestay - Deluxe Double or Twin Room with Ocean View,5.0,8,Rp 1.303.899,
raja ampat,Amoryg Resort and Dive Raja Ampat - Double Room with Private Bathroom,5.0,8,Rp 1.367.526,
raja ampat,Where the Wild Things Are - One-Bedroom Villa,,,Rp 1.486.714,
raja ampat,Coco Huts Guest House - Deluxe Double Room,4.3,2,Rp 1.316.804,
raja ampat,Avin sea homestay,4.4,26,Rp 1.272.727,
raja ampat,Hotel Paparisa Manise,3.6,211,Rp 176.372,
raja ampat,Putras Resort,4.4,84,,
raja ampat,Par fay homestay,5.0,4,Rp 905.829,
raja ampat,Yenbainus homestay,3.7,12,,
raja ampat,Tamaku homestay,3.7,39,Rp 1.098.681,
raja ampat,Snonbepur homestay,4.8,36,Rp 1.531.700,
raja ampat,Shady Sea,5.0,4,Rp 736.364,
raja ampat,Tapor Aikos Homestay,4.7,20,Rp 803.059,
raja ampat,Sea Fans Homestay,4.9,7,Rp 999.999,
raja ampat,Swiss-Belhotel Sorong,4.2,"2,719",Rp 832.345,
raja ampat,Saubaryam homestay,4.9,9,Rp 1.650.000,
raja ampat,Amoryg resort,4.1,59,Rp 1.227.273,
raja ampat,The Luxio Hotel,4.0,285,Rp 367.874,
raja ampat,Junior Homestay,4.2,35,,
raja ampat,Andau Dive Resort Raja Ampat - Superior Double or Twin Room with Sea View,4.3,6,Rp 4.849.967,
raja ampat,Terimakasih homestay - Deluxe Double Room with Side Sea View,5.0,8,Rp 1.443.519,
raja ampat,Damai Homestay,,,Rp 1.008.000,
raja ampat,Homestay Tapor Aikos - Double Room with Sea View,,,Rp 813.525,
raja ampat,Coco Beach Homestay Raja Ampat - Three-Bedroom House,,,Rp 820.515,
raja ampat,Black coral raja Ampat,,,,
raja ampat,Paparisa Homestay,5.0,76,,
raja ampat,Ransiwor homestay,4.4,28,,
raja ampat,Nut Tonton Homes,3.7,10,,
raja ampat,Mamere Homestay Raja Ampat,4.2,6,Rp 720.001,
raja ampat,ROSYE Homestay Raja Ampat,5.0,5,,
raja ampat,Yenbeyar Homestay,4.4,16,Rp 2.000.000,
raja ampat,Adefiro Homestay,4.9,13,Rp 1.715.232,
raja ampat,AFU RESORT,4.2,26,Rp 3.754.871,
raja ampat,Koba-koba Guesthouse,5.0,5,Rp 617.273,
raja ampat,Intum Homestay,4.4,16,Rp 1.090.909,
raja ampat,Fam Wall Homestay,4.6,10,,
raja ampat,Par fray homestay,4.0,1,Rp 702.000,
raja ampat,Wayaplyan Homestay,4.4,8,,
raja ampat,Lainkalogos Glamping Camp,4.9,28,Rp 1.146.845,
raja ampat,"Hamueco Dive Resort Raja Ampat - Panoramic Single Room, 1 Double Bed, Ocean View",4.5,6,Rp 1.608.052,
raja ampat,Beser Bay Homestay - Deluxe Double Room with Sea View,5.0,8,Rp 1.002.972,
raja ampat,Mamere Homestay Raja Ampat - Double Room,,,Rp 787.716,
raja ampat,Lumba Lumba Homestay - Double Room with Private External Bathroom,4.0,5,Rp 820.515,
raja ampat,Famangkor Homestay - Deluxe Double Room,4.8,8,Rp 1.418.069,
raja ampat,Penginapan Cendrawasih,4.4,21,Rp 163.636,
raja ampat,Nyandesner Homestay,4.8,12,Rp 1.100.000,
raja ampat,Tabari Dive Lodge,4.9,125,,
raja ampat,Moana Homestay,5.0,1,Rp 1.080.000,
raja ampat,Saporkren Village & Homestay,4.5,44,Rp 602.727,
raja ampat,Corepen Dive Homestay,4.9,93,,
raja ampat,Flotopia homestay,4.1,9,,
raja ampat,I&D Homestay,5.0,3,Rp 540.909,
raja ampat,Daroyen Village Raja Ampat,4.3,60,,
raja ampat,Mamatua N. Saleo Villa,4.5,18,Rp 734.151,
raja ampat,Napoleon Sawandarek Homestay & Dive Center,4.4,8,,
raja ampat,Mantastic Lodge,5.0,4,,
raja ampat,OR MANDIRA HOME STAY,3.9,18,Rp 1.200.000,
raja ampat,Coco Huts Homestay,4.5,11,Rp 1.363.636,
raja ampat,Saudori Homestay,4.5,17,,
raja ampat,Where the Wild Things Are,,,Rp 1.467.818,
raja ampat,marine homestay,,,Rp 731.617,
raja ampat,Sea Fans Homestay - Budget Double Room,,,Rp 1.119.650,
raja ampat,Logbond Cozy Guesthouse - Twin Room,,,Rp 673.188,
raja ampat,Blacktive home stay,5.0,1,Rp 936.000,
raja ampat,Pandawa Resort Raja Ampat,3.9,19,,
raja ampat,Dore atri Lagoon,,,,
raja ampat,Nyandetor Homestay,4.1,17,,
raja ampat,Indos Homestay,4.5,26,Rp 1.313.577,
raja ampat,Mandarin Homestay,4.7,29,,
raja ampat,Eddo Homestay Raja Ampat,5.0,14,,
raja ampat,Fam Homestay,4.6,18,,
raja ampat,Nyanse Homestay,4.1,39,Rp 818.182,
raja ampat,Nelda Homestay,3.3,3,Rp 1.080.000,
raja ampat,Rara guest house,4.9,21,Rp 394.127,
raja ampat,Prajas Homestay,4.7,56,,
raja ampat,GG Homestay,5.0,17,Rp 381.818,
raja ampat,Sauwandarek Guest House,4.4,23,,
raja ampat,Hotel Rumberpon,4.7,10,,
raja ampat,Maricho Homestay,,,Rp 1.011.754,
raja ampat,Marwes Homestay - Superior Double or Twin Room with Sea View,,,Rp 2.264.035,
raja ampat,Rumah Marianne,4.7,99,Rp 309.091,
raja ampat,Penginapan Najwa Indah,4.1,22,Rp 401.818,
raja ampat,InnBox Hostel,4.8,30,Rp 320.822,
raja ampat,Griya Beach,5.0,10,,
raja ampat,"""Saporkren Homestay Raja Ampat"" - Double Room with Private Bathroom",,,Rp 671.575,
raja ampat,Seahorse Homestay,4.9,19,,
raja ampat,Yef Nabi Homestay - Bungalow,,,Rp 1.914.357,
raja ampat,Vega Prime Hotel & Convention,4.6,"3,105",Rp 679.531,
raja ampat,Piaynemo Homestay,4.4,129,,
raja ampat,Baracuda Homestay Arborek,,,Rp 787.500,
raja ampat,Arborek Homestay R4,,,Rp 1.646.415,
raja ampat,Tara Fudin Homestay,5.0,2,Rp 810.000,
raja ampat,Manyaifun Homestay,3.5,4,Rp 654.546,
raja ampat,Belagri Hotel and Restaurant,4.0,340,Rp 341.105,
raja ampat,Logbondcozy guesthouse,4.7,3,Rp 641.251,
raja ampat,City View Hotel,4.1,638,Rp 397.179,
raja ampat,Senja homestay,5.0,15,,
raja ampat,Mares Homestay,4.8,24,,
raja ampat,Balal Homestay,5.0,1,Rp 552.500,
raja ampat,Batanta Panorama Homestay,5.0,5,Rp 567.000,
raja ampat,Yendebabo Homestay,4.4,20,Rp 1.400.000,
raja ampat,Blacktive Homestay - Double Room with Sea View,,,Rp 1.034.337,
raja ampat,Explores raja Ampat - Double Room,,,Rp 6.575.056,
raja ampat,Yenkoranu Dive Homestay,4.3,138,,
raja ampat,Rissen Homestay,4.8,10,Rp 1.326.000,
raja ampat,Yenkarom Homestay,3.7,7,,
raja ampat,Yenwar homestay,4.9,7,,
raja ampat,Raja Ampat Diva Homestay,4.3,14,,
raja ampat,Yenanas Paradise Homestay,4.2,22,,
raja ampat,Yenaiwon Homestay,5.0,1,,
raja ampat,Moria Homestay,3.8,18,Rp 1.309.091,
raja ampat,Talaip Homestay,5.0,9,,
raja ampat,Pesona Papua Homestay,4.7,22,Rp 1.000.000,
raja ampat,Biryei Homestay,4.5,15,,
raja ampat,Marlina homestay,4.5,10,Rp 4.332.709,
raja ampat,SEHATI HOMESTAY,4.7,22,,
raja ampat,Merpati homestay,4.7,12,Rp 1.100.000,
raja ampat,Kamtabai Forest Hut,5.0,5,,
raja ampat,Nemo Homestay,3.0,4,,
raja ampat,Moana Raja Ampat Homestay - Double Room with Private Bathroom,,,Rp 1.193.493,
raja ampat,Firdas homestay,4.4,22,,
raja ampat,Cozzy Saukabu Homestay,,,Rp 926.082,
raja ampat,Flotopia villa,5.0,1,,
raja ampat,Waigeo Villa,4.2,84,,
raja ampat,Koridek Homestay,5.0,5,,
raja ampat,Efenli Arnes Homestay,4.6,35,Rp 1.062.500,
raja ampat,Maricho homestay,4.6,5,Rp 909.091,
raja ampat,RAJA AMPAT CITY HOTEL,4.3,340,,
raja ampat,Saleo Pesona Homestay,5.0,2,,
raja ampat,Mawar Homestay,4.4,45,,
raja ampat,Agung Homestay & Foodie,5.0,9,Rp 310.000,
raja ampat,Or Mandira Homestay - Double Room,4.7,5,Rp 1.312.861,
raja ampat,Tanjung Mefiyai Homestay,4.4,41,,
raja ampat,Mares Homestay-Raja Ampat - One-Bedroom House,,,Rp 798.291,
raja ampat,Miguel Homestay - Double Room,,,Rp 619.778,
raja ampat,Walking Shark Guest House,4.5,6,Rp 795.455,
raja ampat,Aldejus Homestay,4.8,54,Rp 1.032.046,
raja ampat,Penginapan Imelda,3.9,29,Rp 400.500,
raja ampat,Raja Ampat Sunrise Homestay,4.3,39,,
raja ampat,Yenaduak Homestay,4.4,10,Rp 1.000.000,
raja ampat,Bau Homestay,4.2,25,,
raja ampat,Amfriwen Homestay - Deluxe Double Room,4.9,8,Rp 1.013.009,
raja ampat,Yenkangkanes Homestay,4.4,17,,
raja ampat,Warimpurem Homestay,4.9,60,,
raja ampat,HOMESTAY YALAPALE,4.5,35,,
raja ampat,Lukson Homestay,4.3,19,Rp 1.636.364,
raja ampat,Kasumasa homestay,3.8,5,,
raja ampat,Sandy Guesthouse,4.9,56,Rp 538.182,
raja ampat,Delvin Homestay,4.0,80,,
raja ampat,ORIDEK HOMESTAY,5.0,2,,
raja ampat,Homestay Sanara,3.9,9,,
raja ampat,Arborek Dive Homestay,,,Rp 587.354,
raja ampat,Keruwo homestay,3.8,8,,
raja ampat,Awom Brothers Homestay,4.5,16,,
raja ampat,amfriwen homestay,4.4,5,Rp 909.091,
raja ampat,Febrianto Homestay,5.0,3,,
raja ampat,Warahnus dive homestay - Deluxe Room,4.8,16,Rp 1.418.069,
raja ampat,GAM BAY bungalow's - Deluxe Bungalow with Sea View,5.0,8,Rp 1.013.009,
raja ampat,SAUBARYAM HOME STAY,,,Rp 648.000,
raja ampat,Saukabu Homestay,3.2,9,,
raja ampat,Raja 4 Nature Lodge - Deluxe Room (2 Adults + 1 Child),,,Rp 1.014.622,
raja ampat,Bruno Raja Ampat Homestay - Double Room with Private Bathroom,4.4,4,Rp 1.367.526,
raja ampat,Hotel Lido 88 Sorong,3.9,122,Rp 260.189,
raja ampat,Dorey Dive Homestay,4.6,13,,
raja ampat,wobbegong homestay,5.0,4,,
raja ampat,Rawe Rawe Homestay,4.5,4,,
raja ampat,"Sapta Jejak Pesona - Standard Single Room, Balcony, Beach View",,,Rp 1.311.606,
raja ampat,Panun Paradise Homestay,4.3,40,,
raja ampat,Mariat Hotel,3.9,677,Rp 343.790,
raja ampat,Laensorongga Homestay,5.0,1,,
raja ampat,Penginapan Andi Riona,3.9,57,,
raja ampat,Yenros Homestay,4.5,41,,
raja ampat,Puyau Homestay,4.5,2,,
raja ampat,Hotel aja,3.9,145,,
raja ampat,Marina Mamberamo,4.1,675,Rp 690.215,
raja ampat,The Belagri Hotel And Convention Sorong,4.2,"1,095",Rp 519.435,
raja ampat,Jou Suba Homestay,4.8,31,,
raja ampat,Harfat Jaya Homestay,4.2,41,,
raja ampat,Worisun Homestay,4.3,11,,
raja ampat,Saonek Dreamland Dive Center,4.6,13,,
raja ampat,Darefan Hotel Sorong,4.0,152,Rp 434.882,
raja ampat,Bin Meos Homestay,4.2,9,,
raja ampat,OMBAR Homestay,,,,
raja ampat,RedDoorz near Dermaga Pelabuhan Rakyat,3.7,155,Rp 326.534,
raja ampat,Wapnansan Homestay,4.3,18,,
raja ampat,Aldy homestay,,,Rp 1.000.600,
raja ampat,Waigo Splash Hotel,3.8,475,,
raja ampat,Iko homestay,4.3,9,,
raja ampat,YenBainut Homestay,,,Rp 1.215.001,
raja ampat,Sapta Jejak Pesona,,,Rp 1.306.800,
raja ampat,The Pilihan Hotel,5.0,1,,
raja ampat,Subdikar Guest House,4.2,5,,
raja ampat,Baronda Guesthouse & Residence,4.5,44,,
raja ampat,Aldy homestay - One-Bedroom House,,,Rp 1.013.546,
raja ampat,Iboryouh Homestay,,,,
raja ampat,Alvano homestay,4.5,4,,
raja ampat,Kakatua Hostel,4.4,99,,
raja ampat,YenBainut Homestay - One-Bedroom House,,,Rp 1.342.613,
raja ampat,Ayla City Hotel,4.0,27,Rp 416.004,
raja ampat,You & Me Hotel,3.6,264,,
raja ampat,Keruwo Homestay - Double Room with Shared Bathroom,,,Rp 331.396,
raja ampat,Gibran Dive Guest House - Deluxe Room with Shared Bathroom,5.0,8,Rp 1.595.327,
raja ampat,Parfray Homestay Raja Ampat - Double Room with Shared Bathroom,,,Rp 1.491.911,
raja ampat,Guardian Family Hotel,4.0,285,Rp 380.410,
raja ampat,Kayafyof Homestay - Double or Twin Room with Terrace,4.4,6,Rp 1.083.088,
raja ampat,Hotel Indah,3.7,258,,
raja ampat,PENGINAPAN SIOLA,4.6,23,,
raja ampat,Royal Mamberamo Hotel,4.2,782,Rp 451.500,
raja ampat,HOTEL F-TWO,3.7,159,,
raja ampat,Irene Homestay Raja Ampat - Double Room with Private Bathroom,,,Rp 1.049.751,
raja ampat,35 Inn,4.2,12,,
raja ampat,Warfanin homestay,1.0,1,,
raja ampat,Indah Guesthouse,4.6,15,,
raja ampat,JESONE Hotel & Resto,4.0,153,,
raja ampat,Penginapan Podomoro,4.0,100,,
raja ampat,Pilihan Hotel,1.0,1,,
raja ampat,Ramayana Inn,4.2,292,Rp 270.165,
raja ampat,Griya Biru,4.7,72,,
raja ampat,Frances Homestay - Raja Ampat - Double Room with Shared Bathroom,5.0,8,Rp 592.714,
raja ampat,Hotel Batanta,3.2,38,,
raja ampat,tempat penginapan,,,,
raja ampat,Family Homstay saukabu,,,,
raja ampat,Balal Homestay - Double Room,,,Rp 610.637,
raja ampat,Baracuda Homestay - Double Room,,,Rp 870.341,
raja ampat,Hotel Klabra,3.6,213,,
raja ampat,Hotel Marannu,3.5,121,,
raja ampat,Fakriba camping tour and travel - Tent,,,Rp 6.063.175,
raja ampat,favehotel Sorong,4.2,"1,479",Rp 618.993,
raja ampat,M Hotel Sorong,4.2,"1,495",Rp 488.366,
raja ampat,Homestay Zahra kabupaten Sorong,4.0,53,,
raja ampat,RedDoorz @ Simpang Lima Jupiter,4.1,109,,
raja ampat,Penginapan Kofiyau,4.1,54,,
raja ampat,Lovensia Hotel Sorong,3.9,222,,
raja ampat,Sareni Raja Ampat,5.0,10,,
raja ampat,Yensner Homestay,4.8,6,,
raja ampat,Saleo Pesona - Deluxe Room (2 Adults + 1 Child),5.0,1,Rp 506.504,
raja ampat,Happy Homestay Arborek - Double Room,,,Rp 1.823.487,
raja ampat,"Belagri Hotel And Restaurant - Superior Single Room, 1 Double Bed, No Windows",,,Rp 373.157,
raja ampat,Diving Mansuar and home - Double Room,,,Rp 1.823.308,
raja ampat,Saleo Pesona - One-Bedroom House,,,Rp 1.094.021,
raja ampat,manyaifun guest house - Double Room,,,Rp 722.118,
raja ampat,Warkori Guest House - Double Room,,,Rp 994.369,
raja ampat,Batanta Paradise Homestay - Double Room with Private Bathroom,,,Rp 883.963,
raja ampat,GG Homestay - One-Bedroom House,,,Rp 386.779,
raja ampat,"The Jeti Mangrove - Ecolodge, Cottage, Restaurant Kali Biru, Blue River - Double Room",4.6,6,Rp 1.114.274,
raja ampat,Pesona Papua Homestay - Double Room with Terrace,4.3,2,Rp 1.114.274,
raja ampat,Mentari homestay - Double Room,,,Rp 1.002.972,
raja ampat,Rumah Marianne - Double Room,5.0,8,Rp 405.239,
raja ampat,Hilda Guest House - Double Room with Terrace,,,Rp 1.231.490,
raja ampat,Raja Ampat Eco Lodge - Bungalow - Beach Front,5.0,16,,
raja ampat,Kri Raja Ampat Bungalows - Deluxe Bungalow with Sea View,5.0,8,,
raja ampat,Methos Homestay Raja Ampat,4.5,101,,
raja ampat,Meos Ambower Homestay Raja Ampat - Bungalow with Sea View,5.0,8,,
raja ampat,Alter Native Stay,4.3,19,,
raja ampat,Nyanse Homestay - Raja Ampat - Double Room with Sea View,5.0,8,,
raja ampat,TABARI DIVE LODGE - Double Room with Sea View,5.0,8,,
raja ampat,Firdas Bungalows - Double Room with Terrace,4.9,8,,
raja ampat,Nemo Homestay - Double Room,,,,
raja ampat,Raja Ampat Saukabu Homestay,,,,
raja ampat,Baronda Guest House - Two-Bedroom House,5.0,16,,
raja ampat,Speed boat flobamora,,,,
raja ampat,Yenbainus homestay - Superior Twin Room with Sea View,5.0,8,,
raja ampat,Homestay and Spearfishing Raja Ampat - Standard Family Room,,,,
raja ampat,1 bedroom double AC Penginapan Kofiyau,,,,
raja ampat,Erens Guest House - Deluxe Double Room with Sea View,4.9,8,,
raja ampat,Raja Ampat Camping,,,,
raja ampat,Junior Homestay - Vacation Home,5.0,8,,
raja ampat,Daroyen Village - Standard Double or Twin Room with Sea View,5.0,16,,
raja ampat,Nyandetor Homestay - Deluxe Double Room with Sea View,,,,
raja ampat,Yenauyau Homestay - King Room with Sea View,,,,
raja ampat,Sea Whip Homestay - Deluxe Double Room with Sea View,,,,
raja ampat,Tamaku homestay raja Ampat - Double Room,3.0,1,,
raja ampat,Raja Ampat dive tour - Double Room with Private Bathroom,,,,
raja ampat,Arborek Homestay - Economy Twin Room,,,,
raja ampat,Fam Homestay - Bungalow,,,,
raja ampat,Arborek Diving Homestay R4 - Standard Twin Room with Sea View,5.0,8,,
raja ampat,BRAVILIA GUEST HOUSE - Deluxe Double Room,,,,
raja ampat,Scuba Republic Beach Bungalows - Triple Bed Bungalow,4.8,8,Rp 1.494.958,
raja ampat,Hamueco Dive Resort Raja Ampat - Standard Double Room,4.5,6,Rp 1.524.531,
raja ampat,"Mambetron Homestay, Kri Island, Raja Ampat - Deluxe Bungalow with Sea View",5.0,8,Rp 1.026.809,
raja ampat,Scuba Republic Beach Bungalows - Double Bed Bungalow,4.8,8,Rp 1.494.958,
raja ampat,ID Home Stay Raja Ampat - Villa - Beach Front,3.2,8,Rp 667.274,
raja ampat,"Mambetron Homestay, Kri Island, Raja Ampat - Double or Twin Room with Sea View",5.0,8,Rp 1.002.972,
raja ampat,Andau Dive Resort Raja Ampat - Family Room with Sea View,4.3,6,Rp 5.743.429,
raja ampat,Raja Ampat Dive Lodge - Deluxe Double or Twin Room with Sea View,4.9,6,Rp 4.740.636,
raja ampat,Amfriwen Homestay - Double or Twin Room,4.9,8,Rp 1.002.972,
raja ampat,ID Home Stay Raja Ampat - Deluxe Double Room with Balcony,3.2,8,Rp 886.472,
raja ampat,Andau Dive Resort Raja Ampat - Deluxe Double or Twin Room with Sea View,4.3,6,Rp 5.743.429,
raja ampat,ID Home Stay Raja Ampat - Budget Double Room,3.2,8,Rp 667.274,
raja ampat,Raja Ampat Dive Resort - Standard Double or Twin Room with Balcony,,,Rp 3.545.351,
raja ampat,Beser Bay Homestay - Two-Bedroom House,5.0,8,Rp 1.002.972,
raja ampat,"Raja Ampat Dive Lodge - Deluxe Double or Twin Room, Non Smoking",4.9,6,Rp 4.588.649,
raja ampat,Efenli Arnes homestay - One-Bedroom House,4.9,4,Rp 1.076.277,
raja ampat,Mambetron Homestay Raja Ampat - Double Room with Private Bathroom,5.0,8,Rp 995.086,
raja ampat,Aldejus Homestay - Deluxe Queen Room with Two Queen Beds,5.0,8,Rp 1.323.077,
raja ampat,Sea Fans Homestay - Family Room,,,Rp 1.105.133,
raja ampat,Gibran Dive Guest House - Deluxe Room with Private Bathroom,5.0,8,Rp 2.552.774,
raja ampat,Happy Homestay Arborek - Budget Single Room,,,Rp 1.823.487,
raja ampat,Saleo Pesona Satu - Deluxe Room (2 Adults + 1 Child),5.0,1,Rp 506.504,
raja ampat,Kri Raja Ampat Bungalows - Standard Bungalow,5.0,8,,
raja ampat,Yenbainus homestay - Twin Room with Sea View,5.0,8,,
raja ampat,Alter Native Stay - Twin Room with Sea View,4.8,8,,
raja ampat,Alter Native Stay - Standard Twin Room with Sea View,4.8,8,,
raja ampat,Yenbainus homestay - Double Room with Sea View,5.0,8,,
raja ampat,Turtle Dive Homestay - One-Bedroom House,5.0,8,,
raja ampat,Famangkor Homestay - Family Bungalow,4.8,8,,
raja ampat,Kri Raja Ampat Bungalows - Superior Bungalow,5.0,8,,
raja ampat,Turtle Dive Homestay,4.7,47,,
raja ampat,Famangkor Homestay - Bungalow,4.8,8,,
raja ampat,TABARI DIVE LODGE - Large Double Room,5.0,8,,
raja ampat,Alter Native Stay - Quadruple Room with Bathroom,4.8,8,,
raja ampat,Erens Guest House - Double Room with Garden View,4.9,8,,
raja ampat,Arborek Diving Homestay R4 - Standard Bungalow with Fan,5.0,8,,
raja ampat,Yef Kabu Guest House - Large Double Room,,,,
raja ampat,Yef Kabu Guest House - Family Room,,,,
raja ampat,Saukabu Homestay - Twin Room,4.0,2,,
raja ampat,GAM BAY bungalow's - Deluxe Room (2 Adults + 1 Child),5.0,8,,
morotai,Marahai Villa Morotai,4.6,70,Rp 1.137.520,
morotai,Daloha Beach & Dive Resort Morotai,4.3,291,Rp 558.459,
morotai,Sinuan Homestay,4.8,31,Rp 324.001,
morotai,Moro Ma Doto,4.8,296,Rp 3.873.342,
morotai,Metita Beach & Dive Resort,4.5,39,,
morotai,Hotel Molokai Morotai,4.3,27,,
morotai,Sinuan homestay- Jabu 02 - Double Room with Sea View,4.7,5,Rp 497.184,
morotai,Marahai Villa Morotai - Villa,,,Rp 1.625.975,
morotai,Sinuan homestay in Morotai Island.,,,Rp 265.798,
morotai,Sinuan homestay in Morotai Island-Jabu 02,,,Rp 382.836,
morotai,Hotel RIA,3.8,85,,
morotai,Moro Ma Doto - Kulewe,4.2,2,Rp 4.680.057,
morotai,"D'Aloha Resort, next to clear blue sea",,,,
morotai,Falila Loft Studio,,,,
