destination_name,hashtag_source,post_url,short_code,caption,content_type,timestamp,likes,comments,views,location_name,owner_username,collected_date,source,engagement,upload_date
Bangka Belitung,#pulaubelitung,https://www.instagram.com/p/DYzULuSGNUr/,DYzULuSGNUr,"Budaya yang dijaga dengan hati, akan tumbuh menjadi kebanggaan yang abadi, dan setiap langkah yang merawat tradisi, sejatinya sedang menuntun masa depan negeri.

Terimakasih atas kepercayaan dan kesempatannya menjadi saya sebagai bagian dari Juri dalam Festival Napak Sire Karisma Event Nusantara Belitung. Spirit daun sirih dan aktivitas nyirih menjadikan kita memahami arti diplomasi dan relasi. Terus lah membagun dan menghubungkan teman teman @festivalbudayanapaksire @ligatproduction @bella_asmanabillah 

Semoga Festival Napak Sire terus tumbuh menjadi cahaya yang menghidupkan budaya lokal, mempererat masyarakat, dan membawa pesona Belitung semakin dikenal dunia. Karena tradisi yang dijaga dengan cinta, akan selalu menemukan jalannya menuju masa depan. ❤️
#festivalnapaksire #belitung #pulaubelitung #tanjungpendam",Sidecar,2026-05-26 12:25:02+00:00,437.0,37,0.0,Belitung Bumi Laskar Pelangi,onyxi_rines,2026-06-03,Apify Instagram Scraper,474.0,2026-05-26
Bangka Belitung,#pulaubelitung,https://www.instagram.com/p/DRv8f_7iR-n/,DRv8f_7iR-n,"Bersyukur atas setiap langkah, setiap pemandangan, dan setiap nikmat yang sering terlupa 
#belitungisland #pulaubelitung",Sidecar,2025-12-02 05:21:21+00:00,83.0,0,0.0,Belitung Island,adindasyrfh20,2026-06-03,Apify Instagram Scraper,83.0,2025-12-02
Bangka Belitung,#wisatabelitung,https://www.instagram.com/p/DZEzzc-CbPL/,DZEzzc-CbPL,"🌊✨ SATU HARI, SERIBU KENANGAN DI BELITUNG! ✨🌊
Bayangkan berenang di laut sebening kristal, menjelajahi pulau-pulau eksotis, snorkeling di perairan yang memukau, dan menikmati sunset terbaik Belitung dalam satu perjalanan yang tak terlupakan. 🏝️☀️

Dengan hanya Rp750.000/orang (all-in), kamu sudah bisa menikmati pengalaman island hopping favorit wisatawan di Belitung:
✅ Pulau Lengkuas & Mercusuar Ikonik
✅ Pulau Pasir yang muncul saat air surut
✅ Pulau Batu Garuda
✅ Pulau Burung
✅ Pulau Kelayang & Kepayang
✅ Snorkeling di laut jernih Belitung
✅ Makan siang & transportasi lengkap
📸 Cocok untuk pasangan, keluarga, sahabat, maupun solo traveler yang ingin mengabadikan momen terbaik di surga tropis Indonesia.

💙 Jangan cuma lihat fotonya, rasakan langsung keindahannya!

📲 Booking sekarang: 
WhatsApp: +62 817-809-969 
Instagram: @explorebelitung

#ExploreBelitung #BelitungTrip #OneDayTripBelitung #WisataBelitung paketwisatabelitungmurah",Sidecar,2026-06-02 07:29:11+00:00,82.0,0,0.0,Belitung Bumi Laskar Pelangi,explorebelitung,2026-06-03,Apify Instagram Scraper,82.0,2026-06-02
Bangka Belitung,#bangkabelitung,https://www.instagram.com/p/DZHvvqfCSTs/,DZHvvqfCSTs,"Survei Pew Research Center terhadap 30.861 responden di 24 negara menemukan bahwa 92% orang Indonesia belum pernah bepergian ke luar negeri. 

Survei yang dilakukan pada Februari-Mei 2023 tersebut mengukur keterhubungan masyarakat dengan komunitas, negara, dan dunia, termasuk pengalaman mereka dalam melakukan perjalanan internasional.

Hasilnya menunjukkan adanya kesenjangan yang cukup besar antarnegara. Di Swedia, Belanda, dan Inggris, banyak warga mengaku telah mengunjungi lebin dari.

Sementara itu, Indonesia menjadi salah satu negara dengan persentase warga yang belum pernah ke luar negeri tertinggi dalam survei, hanya berada di bawah India yang mencapai 95%. 

Sebagai perbandingan, angka tersebut tercatat 23% di Amerika Serikat, 34% di Jepang, dan 21% di Korea Selatan. 

Temuan ini menunjukkan bahwa bepergian ke luar negeri masih menjadi kesempatan yang belum dapat dinikmati oleh banyak masyarakat di negara berkembang, termasuk Indonesia.

Source: Pew Researc Center

Hanya Followers Yang Bisa Komentar‼️

Follow @bangkabelitunginfonew Buat Kamu Lebih Tau Kabar Seputar Bangka Belitung & Sekitarnya

#bangkabelitunginfo #bangkabelitunginfonew #bangkabelitung #breakingnews #informasi",Sidecar,2026-06-03 10:51:26+00:00,69.0,1,0.0,Bangka-Belitung Islands,bangkabelitunginfonew,2026-06-03,Apify Instagram Scraper,70.0,2026-06-03
Bangka Belitung,#bangkabelitung,https://www.instagram.com/p/DZHlWHRpJYk/,DZHlWHRpJYk,"Dadan Hindayana dicopot sebagai Kepala Badan Gizi Nasional (BGN). Keputusan ini diumumkan Menteri Sekretaris Negara (Mensesneg) Prasetyo Hadi.

“Pada hari ini Selasa, tanggal 2 Juni tahun 2026, Bapak Presiden mengambil keputusan untuk melakukan pergantian pimpinan Badan Gizi Nasional, pertama adalah Saudara Dadan Hindayana sebagai Kepala Badan Gizi Nasional, kedua Saudara Lodewyk Pusung sebagai Wakil Kepala Badan Gizi Nasional, yang ketiga Saudara Sony Sonjaya sebagai Wakil Kepala Badan Gizi Nasional, tentunya disertai dengan ucapan terima kasih atas kerja keras dedikasi selama ini di dalam membangun fondasi dan mengembangkan Badan Gizi Nasional,” kata Pras di Kantor Presiden, Kompleks Istana Kepresidenan, Jakarta, Selasa (2/6/2026).

Dadan Hindayana dilantik Presiden ke-7 RI Joko Widodo (Jokowi) saat masih menjabat di masa terakhir kabinetnya, pada Senin (19/8/2024). Ia dipercaya Jokowi menjadi Kepala Badan Gizi Nasional, yaitu badan yang bakal mengurusi program makan bergizi gratis Prabowo Subianto-Gibran Rakabuming Raka.

Dadan merupakan dosen di Departemen Proteksi Tanaman, Fakultas Pertanian Institut Pertanian Bogor (IPB). Dadan tercatat menempuh pendidikan Proteksi Tanaman IPB pada 1986-1990. 

Ia melanjutkan pendidikannya di University of Bonn, Jerman, dan lulus 1997, serta Leibniz Universität Hannover dan lulus 1997.

Dikutip dari Pangkalan Data Pendidikan Tinggi Kemendikbud, Dadan memiliki jabatan fungsional sebagai lektor dengan pendidikan terakhir jenjang S3. Ia juga pernah menerbitkan sejumlah karya ilmiah, termasuk jurnal internasional.

Beberapa karyanya antara lain ‘Preferensi Serangan Tikus Sawah (Rattus argentiventer) terhadap Tanaman Padi’. Lalu, ‘Keanekaragaman dan Peran Fungsional Serangga Ordo Coleoptera di Area Reklamasi Pascatambang Batu Bara di Berau, Kalimantan Timur’.

📝 selengkapnya di news.detik.com

Hanya Followers Yang Bisa Komentar‼️

Follow @bangkabelitunginfonew Buat Kamu Lebih Tau Kabar Seputar Bangka Belitung & Sekitarnya

#bangkabelitunginfo #bangkabelitunginfonew #bangkabelitung #breakingnews #informasi",Image,2026-06-03 09:20:37+00:00,49.0,0,0.0,Bangka-Belitung Islands,bangkabelitunginfonew,2026-06-03,Apify Instagram Scraper,49.0,2026-06-03
Bangka Belitung,#pulaubelitung,https://www.instagram.com/p/DX-hSkaj7tt/,DX-hSkaj7tt,"Beberapa anggrek hutan satu di antara nya (Bulbophyllum sp) di area bakau (slide 3-4). Sayang belum ada nya bunga untuk mengidentifikasi nya. Namun yang menarik Anggrek (Slide 1) baru kali ini menjumpai bentuk bulb nya yang berbeda dari beberapa Bulbophyllum yang saya tahu. Slide 2-3 apakah Genus dari Thryxpermum? Dan mungkin ada yang tahu spesies dari ke 2 Bulbophyllum tersebut? 

#anggrekliar 
#orchid 
#bulbophyllum
#pulaubelitung",Sidecar,2026-05-06 00:20:34+00:00,46.0,2,0.0,,firman_y78,2026-06-03,Apify Instagram Scraper,48.0,2026-05-06
Bangka Belitung,#belitung,https://www.instagram.com/p/DZG7fSRCSSB/,DZG7fSRCSSB,"Selama 2 hari kami melakukan penggalian data dan informasi dalam penelitian yang sedang kami lakukan untuk Desa Tanjung Binga. 

Mulai dari potensi alam, budaya, kearifan lokal, hingga kehidupan sosial masyarakat, setiap proses menjadi bagian penting untuk memahami kekuatan dan karakter desa yang telah tumbuh dan berkembang selama bertahun-tahun.

Melalui observasi lapangan, wawancara, diskusi, dan dokumentasi bersama masyarakat, kami berupaya menghimpun berbagai data dan informasi yang nantinya akan menjadi dasar dalam menyusun kajian serta rekomendasi pengembangan desa yang berkelanjutan.

Lebih dari sekadar penelitian, hasil dari kegiatan ini akan dibawa dan dipresentasikan dalam forum internasional sebagai salah satu contoh praktik baik pengembangan desa berbasis potensi lokal, masyarakat, dan pelestarian budaya. Ini menjadi kesempatan besar untuk memperkenalkan Desa Tanjung Binga kepada dunia, sekaligus menunjukkan bahwa desa-desa di Indonesia memiliki potensi luar biasa yang layak mendapatkan perhatian global.

Terima kasih kepada seluruh masyarakat Desa Tanjung Binga yang telah berbagi cerita, pengalaman, dan pengetahuan. Semoga langkah kecil ini dapat menjadi bagian dari perjalanan besar untuk membawa nama desa semakin dikenal di tingkat nasional maupun internasional. ✨🌏

#DesaTanjungBinga #Belitung #desaminaeduwisataindonesia  #desaminaeduwisatakreatiftanjungbinga #desaminaeduwisata",Sidecar,2026-06-03 03:14:49+00:00,34.0,4,0.0,,tanjungbinga.id,2026-06-03,Apify Instagram Scraper,38.0,2026-06-03
Bangka Belitung,#bangkabelitung,https://www.instagram.com/p/DZHrGx-k4z0/,DZHrGx-k4z0,"Aku, kamu, dan skuter listrik 😃
.
.
.
Preweddingnya Paqih & Nindira
.
.
@paqihalkayesss @nindiraandr 
.
.
Wo : @edelweiss.weddingplanner 
Mua : @mona_monicha 
Fg : @setarapicture_ 
Setarateam : @_royanda @habibi.alct 
.
.
#prewedding #preweddingoutdoor #bangkabelitung #photos #pangkalpinang",Sidecar,2026-06-03 10:10:54+00:00,37.0,0,0.0,Bangka-Belitung Islands,setarapicture_,2026-06-03,Apify Instagram Scraper,37.0,2026-06-03
Bangka Belitung,#pulaubelitung,https://www.instagram.com/p/DXo3E2wFBFB/,DXo3E2wFBFB,#beach #sea #panorama #holiday #pulaubelitung,Sidecar,2026-04-27 14:27:38+00:00,32.0,4,0.0,Belitung Island,yoyosudiono,2026-06-03,Apify Instagram Scraper,36.0,2026-04-27
Bangka Belitung,#wisatabelitung,https://www.instagram.com/p/DY9OyjfIOAi/,DY9OyjfIOAi,"Potret keseruan group trip bareng Go Belitung Trip dari sudut pandang udara! 📸✈️

Pemandangannya indah, lautnya se-biru itu, dan yang paling penting kekompakan rombongannya juara banget! Terima kasih sudah mempercayakan momen kebersamaannya kepada kami.

Mau grup kantor atau keluarga kamu punya dokumentasi sekeren ini juga? Yuk, langsung amankan slot trip kalian!
BOOKING SEKARANG, BERANGKAT BESOK
📱 WhatsApp: +62 812-4802-3619
💻 Instagram: @gobelitungtrip
📍 Kantor: Jl. Tj. Pandan, Kab. Belitung, Kep. Bangka Belitung 33411

#belitung #wisatabelitung #opentripbelitung #privatetrip #laskarpelangi",Sidecar,2026-05-30 08:51:04+00:00,29.0,0,0.0,,gobelitungtrip,2026-06-03,Apify Instagram Scraper,29.0,2026-05-30
Bangka Belitung,#pulaubelitung,https://www.instagram.com/p/DXt8sjmFGK4/,DXt8sjmFGK4,#beach #rock #sea #holiday #pulaubelitung,Sidecar,2026-04-29 13:52:57+00:00,27.0,2,0.0,Pulau Kalayang Belitong,yoyosudiono,2026-06-03,Apify Instagram Scraper,29.0,2026-04-29
Bangka Belitung,#explorebelitung,https://www.instagram.com/p/DY7A44nk36l/,DY7A44nk36l,"Menemukan destinasi liburan yang tenang namun tetap ikonik kini tidak perlu jauh-jauh ke luar negeri. Belitung menawarkan perpaduan unik antara deretan batu granit raksasa dan air laut biru yang sangat tenang, cocok untuk melepas penat dari hiruk-pikuk pekerjaan. Selain pemandangannya yang memanjakan mata, kuliner khasnya juga siap memanjakan lidah Anda sepanjang perjalanan 🌊.

🏝️ Belitung Travelindo
📍 Tanjung Pandan, Belitung
📞 081366257832

#belitungtravelindo #paketwisatabelitung #explorebelitung #liburanbelitung #wisataindonesia",Sidecar,2026-05-29 12:11:07+00:00,28.0,0,0.0,Pulau Belitung,belitungtravelindo,2026-06-03,Apify Instagram Scraper,28.0,2026-05-29
Bangka Belitung,#pulaubelitung,https://www.instagram.com/p/DZEPbcxncrS/,DZEPbcxncrS,"Tarian Encheloclarias. 

Tengah malam dan pagi hari. 
Embun pun masih menutup sebagian akuarium. Seperti nya masa birahi bagi mereka. Saya tahu, mengembangbiakan Dwarf/Bladefin catfish ini sangat susah sekali, namun tidak ada salah nya terus mencoba sampai berhasil. Bahkan sepengetahuan saya, belum pernah ada yang mengembangbiakan Encheloclarias. 

#encheloclarias 
#pulaubelitung 
#clariidae",Sidecar,2026-06-02 02:11:20+00:00,24.0,1,0.0,,firman_y78,2026-06-03,Apify Instagram Scraper,25.0,2026-06-02
Bangka Belitung,#explorebelitung,https://www.instagram.com/p/DY8vzjekx-n/,DY8vzjekx-n,"Liburan ke Belitung kini jauh lebih praktis karena semua kebutuhan Anda sudah kami siapkan dengan matang. Mulai dari transportasi yang nyaman, penginapan pilihan, hingga dokumentasi estetik agar momen liburan tetap abadi dalam jepretan kamera. Anda cukup bawa koper dan nikmati setiap sudut keindahan Negeri Laskar Pelangi ini tanpa harus pusing memikirkan itinerary 📸.

🏝️ Belitung Travelindo
📍 Tanjung Pandan, Belitung
📞 081366257832

#belitung #tourbelitung #explorebelitung #opentripbelitung #pakettourbelitung",Sidecar,2026-05-30 04:20:19+00:00,25.0,0,0.0,Pulau Belitung,belitungtravelindo,2026-06-03,Apify Instagram Scraper,25.0,2026-05-30
Bangka Belitung,#bangkabelitung,https://www.instagram.com/p/DZHjX-0kbLT/,DZHjX-0kbLT,"Segenap Keluarga Besar Inspektorat Daerah Provinsi Kepulauan Bangka Belitung, mengucapkan :

""Selamat dan Sukses atas Pelantikan Bapak Imam Kusnadi, SE.,M.AB, CFRA, CRGP, CGCAE, QIA sebagai Inspektur Daerah Provinsi Kepulauan Bangka Belitung""👏🏻🔥

Semoga amanah yang diemban dapat dijalankan dengan penuh integritas, dedikasi, dan profesionalisme.

""Senantiasa diberikan kesehatan, kekuatan, serta kemudahan dalam memimpin dan membawa Inspektorat Daerah Provinsi Kepulauan Bangka Belitung menuju tata kelola pemerintahan yang semakin akuntabel, transparan, dan berintegritas""

#itda
#bangkabelitung 
#newlead 
#INSPEKTUR",Sidecar,2026-06-03 09:03:20+00:00,20.0,1,0.0,,itdababel,2026-06-03,Apify Instagram Scraper,21.0,2026-06-03
Bangka Belitung,#pulaubelitung,https://www.instagram.com/p/DYOON_Wmjk2/,DYOON_Wmjk2,"Masyaallah Tabarakallah- AllahummaBariik

📍H Dafam - P. Tj Kelayang

#pulaubelitung #explorebelitung #pantaitanjungkelayang #bangkabelitung #fypppppppppppppppppppppppppppppppppppppppppppppppppppppppppppppppppppppp",Sidecar,2026-05-12 02:41:46+00:00,18.0,2,0.0,,dwipuspa57,2026-06-03,Apify Instagram Scraper,20.0,2026-05-12
Bangka Belitung,#wisatabelitung,https://www.instagram.com/p/DY1FlvuIGDB/,DY1FlvuIGDB,"Coba tag orang-orang yang pengen banget kamu ajak buat foto rame-rame di depan mercusuar ini! 👇

Jangan cuma wacana di grup WhatsApp aja, mending langsung realisasikan bareng paket Corporate atau Family Gathering dari kami. Semua akomodasi, rute, dan keseruan kalian biar kami yang urus! Tinggal bawa badan dan siap-siap buat seru-seruan bareng. 😎🏝️

BOOKING SEKARANG, BERANGKAT BESOK
📱 WhatsApp : +62 812-4802-3619
💻 Instagram : @gobelitungtrip
📍 Kantor : JI. Tj. Pandan, Kab. Belitung, Kep. Bangka Belitung 33411

#belitung #wisatabelitung #opentripbelitung #privatetrip #laskarpelangi",Sidecar,2026-05-27 04:56:45+00:00,18.0,0,0.0,,gobelitungtrip,2026-06-03,Apify Instagram Scraper,18.0,2026-05-27
Bangka Belitung,#explorebelitung,https://www.instagram.com/p/DYy4bFlGpfl/,DYy4bFlGpfl,"Yuk Agendakan Liburan Kalian di Belitung
Bersama Kami @healingbelitung

""Avaliable Tour Package Belitung""
•Paket Tour Only Belitung (2D1N,3D2N,4D3N)
•Paket Promo Belitung (2D1N,3D2N,4D3N)
•Paket Hemat Belitung (2D1N,3D2N,4D3N)
•Paket Reguler Belitung (2D1N,3D2N,4D3N)
•Paket Honeymoon (3D2N & 4D3N)
•Paket Family (3D2N & 4D3N)
•Paket One Day Trip Hopping Island
•Paket One Day Trip Leebong Island
---
Contact :
📲 CP/WA : 087749631080
📧 Email : healingbelitungtrip@gmail.co
🌐 Website : healingbelitungtour.id
•
•
•
#tourbelitung #tripbelitung #rentalmobilbelitung #sewamobilbelitung #explorebelitung",Sidecar,2026-05-26 08:23:13+00:00,18.0,0,0.0,Pulau Belitung,healingbelitung,2026-06-03,Apify Instagram Scraper,18.0,2026-05-26
Bangka Belitung,#explorebelitung,https://www.instagram.com/p/DYwzqq0ksUI/,DYwzqq0ksUI,"Kayanya udah waktunya deh kamu healing sejenak.

3 hari di Belitung udah bisa jadi recharge terbaik buat pikiran kamu.😉
Mulai dari explore cantiknya Pantai Serdang, snorkeling di jernihnya laut Pulau Lengkuas, sampai nikmatin sunset estetik di Pantai Tanjung Tinggi dan yang lainnya.

#jjy #belitung #explorebelitung",Sidecar,2026-05-25 13:03:10+00:00,17.0,0,0.0,,jalan.jalanyuk,2026-06-03,Apify Instagram Scraper,17.0,2026-05-25
Bangka Belitung,#wisatabelitung,https://www.instagram.com/p/DY66Uf1ExEK/,DY66Uf1ExEK,"Mau liburan tapi cuma sendiri ? Tenang aja kami buka open trip buat kamu yang sendirian biar bisa kenal dan liburan bareng sama orang baru. Buat tanya-tanya langsung dm mimin ya 😘

BOOKING SEKARANG, ADA MINIMAL KUOTA SLOT DAN TERBATAS YA GAESS 😎
📱 WhatsApp: +62 812-4802-3619
💻 Instagram: @gobelitungtrip
📍 Kantor: Jl. Tj. Pandan, Kab. Belitung, Kep. Bangka Belitung 33411

#belitung #wisatabelitung #opentripbelitung #privatetrip",Sidecar,2026-05-29 11:13:43+00:00,15.0,0,0.0,,gobelitungtrip,2026-06-03,Apify Instagram Scraper,15.0,2026-05-29
Bangka Belitung,#explorebelitung,https://www.instagram.com/p/DYq0EuNz3x1/,DYq0EuNz3x1,"Kenapa banyak wisatawan yang ke Belitung ujung-ujungnya pilih TJQ Transport lagi ?

Bukan cuma soal mobil... tapi karena liburannya jadi jauh lebih praktis

Mulai dari pilihan mobil yang lengkap, paket sewa yang fleksibel, sampai harga yang bisa dicek dari awal tanpa bikin deg-degan

Mau liburan bareng keluarga, trip ramean, honeymoon, atau sekadar healing tipis-tipis juga tetap cocok, dan proses bookingnya pun gampang, jadi kamu nggak perlu ribet mikirin transport selama di Belitung

Karena liburan yang nyaman itu di mulai dari perjalanan yang aman dan santai

Yuk siapin kendaraanmu dari sekarang dan nikmatin Belitung tanpa drama transport

•
•
•
Contact US :
WA : 087749631080 (Fast Response)
Web : sewamobilbelitung.id
IG : @rentalmobilbelitungmurah

#rentalmobilbelitung #sewamobilbelitung #liburanbelitung #belitungtrip #explorebelitung",Image,2026-05-23 05:11:21+00:00,15.0,0,0.0,Pulau Belitung,rentalmobilbelitungmurah,2026-06-03,Apify Instagram Scraper,15.0,2026-05-23
Bangka Belitung,#explorebelitung,https://www.instagram.com/p/DYuNrDDTlhv/,DYuNrDDTlhv,"Liburan ke Belitung udah direncanain... tapi kendaraan belum ada?
Jangan sampai momen healing malah habis buat bingung cari transport

Bayangin udah pengen hopping pantai, cari seafood enak, sampai sunset-an cantik... eh malah ribet nunggu kendaraan sana-sini

Padahal kalau pakai rental mobil, perjalanan jadi lebih santai, fleksibel, dan bebas mau mampir ke mana aja

Bareng TJQ Transport, kamu tinggal duduk manis dan siap nikmatin serunya Belitung

Liburan nyaman, jalan-jalan pun makin puas. Jadi... kapan mau explore Belitung tanpa ribet?

•
•
•
Contact US :
WA : 087749631080 (Fast Response)
Web : sewamobilbelitung.id
IG : @rentalmobilbelitungmurah

#rentalmobilbelitung #sewamobilbelitung #liburanbelitung #belitungtrip #explorebelitung",Image,2026-05-24 12:52:44+00:00,14.0,0,0.0,Pulau Belitung,rentalmobilbelitungmurah,2026-06-03,Apify Instagram Scraper,14.0,2026-05-24
Bangka Belitung,#wisatabelitung,https://www.instagram.com/p/DY_gZGmoCXy/,DY_gZGmoCXy,"Menjauh sejenak dari rutinitas, saatnya recharge energi di hidden gem Belitung! 🌊⛰️

Ngerasain langsung magisnya gua batu granit alami dengan air laut yang super jernih dan segar. Pengalaman seru kayak gini cuma bisa kamu dapetin kalau liburan bareng @gobelitungtrip 

Yuk, booking slot trip kamu sekarang dan siap-siap berangkat besok!
BOOKING SEKARANG, BERANGKAT BESOK
📱 WhatsApp: +62 812-4802-3619
💻 Instagram: @gobelitungtrip
📍 Kantor: Jl. Tj. Pandan, Kab. Belitung, Kep. Bangka Belitung 33411

#belitung #wisatabelitung #opentripbelitung #privatetrip #laskarpelangi",Sidecar,2026-05-31 06:03:21+00:00,13.0,0,0.0,,gobelitungtrip,2026-06-03,Apify Instagram Scraper,13.0,2026-05-31
Bangka Belitung,#wisatabelitung,https://www.instagram.com/p/DY5tRvHD940/,DY5tRvHD940,"Tidak hanya menghadirkan suasana outdoor dengan pemandangan yang memukau, restoran kami juga menyediakan area indoor yang nyaman dan elegan.

Cocok untuk menikmati sarapan, makan bersama keluarga, hingga bersantai dengan suasana yang tenang dan modern.

Nikmati pengalaman kuliner terbaik dengan pilihan tempat yang sesuai untuk setiap momen Anda 🤎

𝗗𝗮𝗳𝗮𝗺 𝗥𝗲𝘀𝗼𝗿𝘁 𝗕𝗲𝗹𝗶𝘁𝘂𝗻𝗴
JI.Tanjung Kelayang, Kab.Belitung
Bangka Belitung - Indonesia

Tel. +62 719 930 8888
WA +62 811 738 8280
WA +62 821 9836 5387

#ArtotelWanderlust #dafam #belitung #bangkabelitung #wisatabelitung #dafamresort #hotelbelitung #resortbelitung #resortcontent #menginapbelitung #travelbelitung #pesonaindonesia #letsgobelitung #hoteldafam #canting #tanjungkelayang #foodies #beach #staycation #Romantic",Image,2026-05-29 00:00:31+00:00,13.0,0,0.0,Dafam Resort Belitung,dafamresortbelitung,2026-06-03,Apify Instagram Scraper,13.0,2026-05-29
Bangka Belitung,#explorebelitung,https://www.instagram.com/p/DY6QSupzwuz/,DY6QSupzwuz,"Keliling Belitung naik mobil mulai 250 ribuan aja? Yes, bisa banget di TJQ Transport!

Nggak perlu bingung cari transport mahal buat liburan Dengan harga yang ramah di kantong, kamu udah bisa explore Belitung lebih bebas, nyaman, dan pasti nya anti ribet

Cocok buat trip bareng keluarga, bestie, ataupun pasangan

Dari pada liburan cuma jadi wacana, mending siapin kendaraan dari sekarang

Chat kami untuk info unit dan paket lengkapnya sebelum kehabisan!

•
•
•
Contact US :
WA : 087749631080 (Fast Response)
Web : sewamobilbelitung.id
IG : @rentalmobilbelitungmurah

#rentalmobilbelitung #sewamobilbelitung #liburanbelitung #belitungtrip #explorebelitung",Image,2026-05-29 05:06:32+00:00,13.0,0,0.0,Pulau Belitung,rentalmobilbelitungmurah,2026-06-03,Apify Instagram Scraper,13.0,2026-05-29
Bangka Belitung,#wisatabelitung,https://www.instagram.com/p/DY6NDiWCgfN/,DY6NDiWCgfN,"🌴✨ OPEN TRIP BELITUNG 3D2N ✨🌴

Siap liburan seru ke Belitung tanpa ribet? Saatnya menikmati keindahan pantai berpasir putih, laut biru jernih, dan pengalaman island hopping yang tak terlupakan!

📅 05 - 07 JUNI 2026
💰 SPECIAL PRICE Rp900.000/Pax

✅ Hotel 2 Malam
✅ Transportasi selama trip
✅ Boat Island Tour
✅ Snorkeling Set & Guide
✅ Tour Guide Berpengalaman
✅ Air Mineral Selama Trip
✅ Breakfast 2x
✅ Makan Siang 1x
✅ Mie Belitung 1x
✅ Dokumentasi

🏝️ Jelajahi destinasi favorit Belitung:
📍 Pantai Tanjung Tinggi
📍 Pulau Pasir
📍 Pulau Lengkuas
📍 Pulau Batu Berlayar
📍 Kelong & Spot Snorkeling Terbaik
📍 Kelenteng Dewi Kwan Im

🔥 Kuota Terbatas!
Cocok untuk solo traveler, pasangan, keluarga, maupun rombongan teman.

📲 Booking sekarang sebelum kehabisan!
📞 0877-9228-7550

#OpenTripBelitung #BelitungLestari #TravelBelitung #BelitungTour #WisataBelitung",Image,2026-05-29 04:38:45+00:00,12.0,0,0.0,,belitunglestari.tour,2026-06-03,Apify Instagram Scraper,12.0,2026-05-29
Bangka Belitung,#explorebelitung,https://www.instagram.com/p/DZFbZdnEtNS/,DZFbZdnEtNS,"Pernah nyobain langsung kopi legendaris Belitung yang buka sejak 1943! Vibes kedai Kong Djie Siburik ini emang ga ada lawan, berasa ditarik ke masa lalu.

#KongDjieCoffee #KulinerBelitung #KopiLegenda #ExploreBelitung #NgopiSantai",Sidecar,2026-06-02 13:15:09+00:00,12.0,0,0.0,Kong Djie Coffee,tonidesain24,2026-06-03,Apify Instagram Scraper,12.0,2026-06-02
Bangka Belitung,#wisatabelitung,https://www.instagram.com/p/DY0pXv4Cuix/,DY0pXv4Cuix,"Nikmati suasana resto outdoor yang elegan dengan pemandangan pantai yang memukau.

Tempat sempurna untuk bersantai, menikmati hidangan favorit, hingga karaoke ceria bersama keluarga dan sahabat.

Ciptakan momen hangat dan penuh keseruan hanya di hotel kami.

𝗗𝗮𝗳𝗮𝗺 𝗥𝗲𝘀𝗼𝗿𝘁 𝗕𝗲𝗹𝗶𝘁𝘂𝗻𝗴
JI.Tanjung Kelayang, Kab.Belitung
Bangka Belitung - Indonesia

Tel. +62 719 930 8888
WA +62 811 738 8280
WA +62 821 9836 5387

#ArtotelWanderlust #dafam #belitung #bangkabelitung #wisatabelitung #dafamresort #hotelbelitung #resortbelitung #resortcontent #menginapbelitung #travelbelitung #pesonaindonesia #letsgobelitung #hoteldafam #canting #tanjungkelayang #foodies #beach #staycation #Romantic",Image,2026-05-27 00:50:12+00:00,11.0,0,0.0,Dafam Resort Belitung,dafamresortbelitung,2026-06-03,Apify Instagram Scraper,11.0,2026-05-27
Bangka Belitung,#wisatabelitung,https://www.instagram.com/p/DZB_73yIFMx/,DZB_73yIFMx,"Menikmati pesona tropis sesungguhnya di tanah Laskar Pelangi. Dari syahdunya susur pulau dengan kapal kayu sampai cantiknya panorama Pulau Lengkuas, semua ketenangan ini siap menyambut kamu.

Ajak seseorang yang pengen banget kamu ajak ke spot seindah ini bareng @gobelitungtrip 👇
BOOKING SEKARANG, BERANGKAT BESOK
📱 WhatsApp: +62 812-4802-3619
💻 Instagram: @gobelitungtrip
📍 Kantor: Jl. Tj. Pandan, Kab. Belitung, Kep. Bangka Belitung 33411

#belitung #wisatabelitung #opentripbelitung #privatetrip #laskarpelangi",Sidecar,2026-06-01 05:17:28+00:00,10.0,0,0.0,,gobelitungtrip,2026-06-03,Apify Instagram Scraper,10.0,2026-06-01
Bangka Belitung,#wisatabelitung,https://www.instagram.com/p/DYzAQdpIKQ-/,DYzAQdpIKQ-,"Jangan biarkan long weekend kali ini berlalu begitu saja tanpa cerita seru! 🌊☀️

Yuk, langsung kemas koper kamu dan nikmati indahnya pantai Belitung bareng @gobelitungtrip Mulai dari gowes di atas air sampai santai minum kelapa di bawah pohon palem, kami siap kasih pengalaman liburan terbaik buat kamu.

Slot terbatas untuk musim liburan ini, chat admin sekarang juga sebelum kehabisan!
BOOKING SEKARANG, BERANGKAT BESOK
📱 WhatsApp: +62 812-4802-3619
💻 Instagram: @gobelitungtrip
📍 Kantor: Jl. Tj. Pandan, Kab. Belitung, Kep. Bangka Belitung 33411

#belitung #wisatabelitung #opentripbelitung #privatetrip #meme",Sidecar,2026-05-26 09:31:40+00:00,10.0,0,0.0,,gobelitungtrip,2026-06-03,Apify Instagram Scraper,10.0,2026-05-26
Bangka Belitung,#wisatabelitung,https://www.instagram.com/p/DYy72wXEcwf/,DYy72wXEcwf,"✨ Kehormatan bagi kami hari ini tanggal 26 mei 2026 menerima kunjungan kerja istimewa dari para tamu kehormatan mancanegara di wisata edukasi keramik Belitung.

Bersama pendampingan dari Dinas PLUT, Dinas Pariwisata, serta perwakilan DPMPTSP, kami menyambut kehadiran: 

🇲🇽 Agustin Garcia-Lopez Loaeza, (Ambassador of Mexico to Singapore)
🇲🇽 Katya Anaya de la Fuente
🇰🇭 Sok Khoeun
🇱🇦 Vilatsone Visonnavong

Dalam kunjungan ini, para tamu diajak melihat langsung proses pembuatan keramik—mulai dari pembentukan tanah liat hingga tahap akhir—serta ikut merasakan pengalaman edukasi keramik secara langsung.
Suasana terasa hangat dan penuh antusias. Momen ketika para duta besar mencoba, mengamati detail proses, dan berdialog tentang kerajinan lokal menjadi pengalaman yang sangat berkesan. 🌿🏺
Terima kasih atas kunjungan dan perhatian yang diberikan untuk karya kerajinan Belitung. Semoga dari sini lahir cerita baik yang membawa budaya dan kreativitas lokal semakin dikenal hingga ke mancanegara. 🤍

#Belitung #WisataBelitung #EduwisataBelitung #KeramikBelitung #WonderfulBelitung",Sidecar,2026-05-26 08:53:12+00:00,8.0,2,0.0,Site Batu Itam I,kibit.belitung,2026-06-03,Apify Instagram Scraper,10.0,2026-05-26
Bangka Belitung,#pulaubelitung,https://www.instagram.com/p/DY4jOfrlBfJ/,DY4jOfrlBfJ,"KEMUNTING adalah tumbuhan berbunga yg tumbuh liar dilahan terbuka/semak belukar dikepulauan Belitung, oleh masyarakat Belitung, KEMUNTING merupakan tanaman herbal/obat2an.
#pohonkemunting #rhodomyrtustomentosa #kemunting #pulaubelitung #tanamanherbal",Sidecar,2026-05-28 13:13:26+00:00,10.0,0,0.0,Belitung,yoyosudiono,2026-06-03,Apify Instagram Scraper,10.0,2026-05-28
Bangka Belitung,#pulaubelitung,https://www.instagram.com/p/DYjBJ8tlGcK/,DYjBJ8tlGcK,"TOUR HEMAT PULAU BELITUNG (3D2N)

•2 orang: Rp 1.550.000/orang
•3 orang: Rp 1.350.000/orang
•4-6 orang: Rp 1.100.000/orang
•7-10 orang: Rp 950.000/orang
•11-15 orang: Rp 850.000/orang

⭐ Note:
1.Harga diatas harga perorang
2.Jadwal yang fleksibel

🏝🐬 DESTINASI TRIP:
Day 1: (BELITUNG TIMUR)
Pickup Airport Belitung
Breakfast Mie Belitung
Sd Muhammadiyah Laskar Pelangi
Museum Kata Andrea Hirata
Kampung AHOK/FIFI
Vihara Dewi kwan in
Pantai Burung Mandi
Checkin hotel & Free Program

Day 2: (HOPPING ISLAND)
Pantai/pelabuhan Tanjung Kelayang
Hopping island:
1.Pulau Batu Garuda
2.Pulau Pasir
3.Pulau Batu Berlayar
4.Pulau Lengkuas
5.Goa kelayang/pulau kelayang
Snorkeling
Pulau Kepayang (Lunch)
Pantai Tanjung Tinggi (Laskar pelangi)
Sunset Point
Kembali ke Hotel & Free Program

Day 3: (CITY TOUR)
Check out hotel
Kopi Kongdjie
Belanja oleh-oleh khas Belitung
Rumah Adat Belitung
Danau Kaolin
Dropout Airport

✅ INCLUDE:
Tranportasi
Hotel
Kapal Hopping Island
Mie Khas Belitung
Breakfast
Lunch 1x
Lokal Guide
Air Mineral
Lifejacket & kacamata Snorkling
Dokumentasi

❎ EXCLUDE:
Tiket pesawat (PP)
Makan diluar paket tour
Keperluan pribadi
HTM museum kata (andrea hirata)
Tips guide

RESERVASI ⬇️
WA/CP:
☎ 0821-8167-6740
☎ 0878-9334-5254

#tourbelitung #wisabelitung #hoppingislandbelitung #pulaubelitung #pantaibelitung",Sidecar,2026-05-20 04:31:40+00:00,10.0,0,0.0,Pulau Belitung,jejakbelitung,2026-06-03,Apify Instagram Scraper,10.0,2026-05-20
Bangka Belitung,#explorebelitung,https://www.instagram.com/p/DZHJ2JBmldT/,DZHJ2JBmldT,"Yuk Agendakan Liburan Kalian di Belitung
Bersama Kami @healingbelitung

""Avaliable Tour Package Belitung""
•Paket Tour Only Belitung (2D1N,3D2N,4D3N)
•Paket Promo Belitung (2D1N,3D2N,4D3N)
•Paket Hemat Belitung (2D1N,3D2N,4D3N)
•Paket Reguler Belitung (2D1N,3D2N,4D3N)
•Paket Honeymoon (3D2N & 4D3N)
•Paket Family (3D2N & 4D3N)
•Paket One Day Trip Hopping Island
•Paket One Day Trip Leebong Island
---
Contact :
📲 CP/WA : 087749631080
📧 Email : healingbelitungtrip@gmail.co
🌐 Website : healingbelitungtour.id

•
•
#tourbelitung #tripbelitung #explorebelitung #bangkabelitung #pakettourbelitung",Sidecar,2026-06-03 05:20:16+00:00,10.0,0,0.0,Pulau Belitung,healingbelitung,2026-06-03,Apify Instagram Scraper,10.0,2026-06-03
Bangka Belitung,#explorebelitung,https://www.instagram.com/p/DY9PpAJT9od/,DY9PpAJT9od,"Liburan Berdua ke Belitung nggak harus pakai mobil besar... yang penting nyaman buat diajak muter seharian

Honda Brio bisa jadi partner jalan yang pas buat kamu dan pasangan mobilnya praktis,irit,nyaman dipakai keliling pantai, cari kuliner enak, sampai menikmati suasana belitung tanpa ribet, cocok buat quality time yang lebih santai dan fleksibel

Jangan tunggu mepet keberangkatan

Yuk booking Brio-mu sekarang dan siapin liburan berdua yang lebih seru bareng TJQ Transport

•
•
•
Contact US :
WA : 087749631080 (Fast Response)
Web : sewamobilbelitung.id
IG : @rentalmobilbelitungmurah

#rentalmobilbelitung #sewamobilbelitung #liburanbelitung #belitungtrip #explorebelitung",Image,2026-05-30 08:58:33+00:00,10.0,0,0.0,Pulau Belitung,rentalmobilbelitungmurah,2026-06-03,Apify Instagram Scraper,10.0,2026-05-30
Bangka Belitung,#explorebelitung,https://www.instagram.com/p/DYv3p_RzLc_/,DYv3p_RzLc_,"Liburan keluarga itu bukan cuma soal destinasi... tapi soal kenyamanan selama perjalanan

Jangan sampai mood liburan rusak cuma karena transport yang ribet atau enggak nyaman

Bareng TJQ Transport, perjalanan keliling belitung jadi lebih santai dan menyenangkan

Mau ajak anak-anak main pantai, kulineran bareng keluarga, sampai explore spot wisata favorit di belitung? Semua bisa di nikmati dengan nyaman tanpa buru-buru

Karena momen terbaik itu dimulai dari perjalanan yang bikin semua orang happy

Yuk siapin kendaraan terbaik untuk liburan keluargamu di belitung dan buat setiap perjalanan jadi kenangan yang berkesan

•
•
•
Contact US :
WA : 087749631080 (Fast Response)
Web : sewamobilbelitung.id
IG : @rentalmobilbelitungmurah

#rentalmobilbelitung #sewamobilbelitung #liburanbelitung #belitungtrip #explorebelitung",Image,2026-05-25 04:18:50+00:00,10.0,0,0.0,Pulau Belitung,rentalmobilbelitungmurah,2026-06-03,Apify Instagram Scraper,10.0,2026-05-25
Bangka Belitung,#bangkabelitung,https://www.instagram.com/p/DZHvW8lGpLS/,DZHvW8lGpLS,"Halo Sobat Temankeu!
 
Dari keberagaman yang membentang, tumbuh persatuan yang menguatkan.
Dari nilai-nilai luhur Pancasila, lahir semangat untuk berkarya, bergotong royong, dan mengabdi bagi bangsa.
 
Mari terus menghidupkan nilai-nilai Pancasila dalam kehidupan sehari-hari sebagai landasan untuk merawat persaudaraan, menghargai perbedaan, dan memperkuat semangat kebangsaan.
 
Bersatu dalam keberagaman, bergerak berlandaskan Pancasila untuk Indonesia yang lebih maju, adil, dan sejahtera.
 
#HariLahirPancasila
#Pancasila
#IndonesiaMaju
#BangkaBelitung
 
————————————————————————
KEMENKEU SATU KEPULAUAN BANGKA BELITUNG",Sidecar,2026-06-03 10:48:03+00:00,9.0,0,0.0,,kemenkeusatubabel,2026-06-03,Apify Instagram Scraper,9.0,2026-06-03
Bangka Belitung,#bangkabelitung,https://www.instagram.com/p/DZHuoI8GZYH/,DZHuoI8GZYH,"Cressida New Arrival✨

Tersedia pilihan model lain✅

• Order WhatsApp🛒
 (0813-1940-4193)

Yuk mampir ke Iam fashion store 
harga mulai Rp.50.000 ✨

#iam #promo #iamtjp #bestylishbeyourself #bangkabelitung",Sidecar,2026-06-03 10:41:40+00:00,3.0,6,0.0,,iamfashiontanjungpandan,2026-06-03,Apify Instagram Scraper,9.0,2026-06-03
Bangka Belitung,#bangkabelitung,https://www.instagram.com/p/DZHk39_AajN/,DZHk39_AajN,"""Tidak ada yang benar-benar bisa mempersiapkanmu untuk semua hal tentang pernikahan. Beberapa pelajaran hanya bisa dipahami setelah mengalaminya sendiri.""🥰

“𝐄𝐝𝐞𝐥𝐰𝐞𝐢𝐬𝐬 𝘛𝘩𝘦 𝘣𝘦𝘴𝘵 𝘌𝘹𝘤𝘦𝘭𝘭𝘦𝘯𝘵 𝘚𝘦𝘳𝘷𝘪𝘤𝘦“
_________________________________

Untuk informasi pemesanan 
📲 +62 853-6789-6009
📩 edelweiss.wowp@gmail.com

#wedding #weddingplanner #weddingcrew #bangkabelitung #weddingorganizer",Sidecar,2026-06-03 09:16:27+00:00,9.0,0,0.0,,edelweiss.weddingplanner,2026-06-03,Apify Instagram Scraper,9.0,2026-06-03
Bangka Belitung,#wisatabelitung,https://www.instagram.com/p/DZEm0yjoIyr/,DZEm0yjoIyr,"Potret keseruan maksimal para sobat travelers pas explore indahnya laut Belitung bareng @gobelitungtrip. Mulai dari tantangan adrenalin naik jetski sampai serunya snorkeling, semua fasilitas keamanan dan dokumentasi kece siap kita sediakan.

Coba tag temen kamu yang kalau diajak main air paling heboh! 👇

BOOKING SEKARANG, BERANGKAT BESOK
📱 WhatsApp: +62 812-4802-3619
💻 Instagram: @gobelitungtrip
📍 Kantor: Jl. Tj. Pandan, Kab. Belitung, Kep. Bangka Belitung 33411

#belitung #wisatabelitung #opentripbelitung #privatetrip",Sidecar,2026-06-02 05:35:46+00:00,9.0,0,0.0,,gobelitungtrip,2026-06-03,Apify Instagram Scraper,9.0,2026-06-02
Bangka Belitung,#wisatabelitung,https://www.instagram.com/p/DY34dK_IBIl/,DY34dK_IBIl,"Mau liburan estetik bebas ribet kayak gini bareng circle kamu? Tinggal booking aja di @gobelitungtrip

BOOKING SEKARANG, BERANGKAT BESOK
📱 WhatsApp: +62 812-4802-3619
💻 Instagram: @gobelitungtrip
📍 Kantor: Jl. Tj. Pandan, Kab. Belitung, Kep. Bangka Belitung 33411

#belitung #wisatabelitung #opentripbelitung #privatetrip",Sidecar,2026-05-28 06:59:42+00:00,9.0,0,0.0,,gobelitungtrip,2026-06-03,Apify Instagram Scraper,9.0,2026-05-28
Bangka Belitung,#wisatabelitung,https://www.instagram.com/p/DY3IctuDBJl/,DY3IctuDBJl,"Temukan cita rasa terbaik Belitung dalam setiap halaman menu kami.
Hidangan khas tradisional, seafood segar pilihan dari hasil laut terbaik, hingga kreasi menu unik racikan spesial chef kami siap menghadirkan pengalaman kuliner yang berbeda.

Nikmati perpaduan rasa, suasana, dan pelayanan istimewa hanya di restoran kami 🤎

𝗗𝗮𝗳𝗮𝗺 𝗥𝗲𝘀𝗼𝗿𝘁 𝗕𝗲𝗹𝗶𝘁𝘂𝗻𝗴
JI.Tanjung Kelayang, Kab.Belitung
Bangka Belitung - Indonesia

Tel. +62 719 930 8888
WA +62 811 738 8280
WA +62 821 9836 5387

#ArtotelWanderlust #dafam #belitung #bangkabelitung #wisatabelitung #dafamresort #hotelbelitung #resortbelitung #resortcontent #menginapbelitung #travelbelitung #pesonaindonesia #letsgobelitung #hoteldafam #canting #tanjungkelayang #foodies #beach #staycation #Romantic",Image,2026-05-28 00:00:13+00:00,9.0,0,0.0,Dafam Resort Belitung,dafamresortbelitung,2026-06-03,Apify Instagram Scraper,9.0,2026-05-28
Bangka Belitung,#pulaubelitung,https://www.instagram.com/p/DZEasVzE8M3/,DZEasVzE8M3,"Gen Z to gen Z:
Lebih suka vc atau telfon?

Yuyur lebih suka jalan-jalan malem keliling kota sambil cerita apa aja, walaupun banyak ""hah"" nya

#pulaubelitung",Sidecar,2026-06-02 03:49:45+00:00,-1.0,10,0.0,Bundaran Pusat Kota Tanjung Pandan Belitung,deeviantiverra,2026-06-03,Apify Instagram Scraper,9.0,2026-06-02
Bangka Belitung,#explorebelitung,https://www.instagram.com/p/DYyFBukT_6L/,DYyFBukT_6L,"Tim yang suka nyetir sendiri atau tim yang maunya tinggal duduk santai selama liburan di Belitung ?

Mau lebih bebas atur perjalanan?

Pilih self drive biar bisa explore Belitung sesuka hati, tapi kalau pengen anti capek dan tinggal menikmati perjalanan, paket All Include siap nemenin kamu lengkap dengan driver + BBM

Tinggal piih yang paling nyaman, lalu siapin mood liburan terbaikmu ,karena jalan-jalan di Belitung harus nya seru, bukan ribet

•
•
•
Contact US :
WA : 087749631080 (Fast Response)
Web : sewamobilbelitung.id
IG : @rentalmobilbelitungmurah

#rentalmobilbelitung #sewamobilbelitung #liburanbelitung #belitungtrip #explorebelitung",Image,2026-05-26 00:54:09+00:00,9.0,0,0.0,Pulau Belitung,rentalmobilbelitungmurah,2026-06-03,Apify Instagram Scraper,9.0,2026-05-26
Bangka Belitung,#wisatabelitung,https://www.instagram.com/p/DZCt1_Ai2eN/,DZCt1_Ai2eN,"🌴✨ OPEN TRIP HOPPING ISLAND BELITUNG ✨🌴

Yuk liburan seru ke pulau-pulau eksotis Belitung dengan harga super hemat! 🏝️☀️

📅 06 Juni 2026
💰 Hanya 375K/PAX
👥 Minimal keberangkatan 6 orang

✅ Antar jemput hotel
✅ Tour guide profesional
✅ Boat tour island hopping
✅ Air mineral
✅ Dokumentasi Mirrorless & GoPro
✅ Tiket masuk wisata
✅ Snorkeling set
✅ Makan siang seafood di pulau

🌊 Jelajahi keindahan Pulau Lengkuas, Batu Garuda, Pulau Pasir, snorkeling di laut biru jernih, dan abadikan momen terbaikmu bersama teman, pasangan, maupun keluarga.

📸 BONUS dokumentasi bawah laut untuk mengabadikan keseruan liburanmu!

🔥 Cocok untuk:
✔ Solo traveler
✔ Couple
✔ Keluarga
✔ Komunitas
✔ Gathering kantor

📍 Meeting Point: Tanjungpandan, Belitung

📲 Booking sekarang sebelum kuota penuh!
☎️ 0877 9228 7550

#OpenTripBelitung #HoppingIslandBelitung #BelitungLestari #ExploreBelitung #WisataBelitung",Image,2026-06-01 12:08:37+00:00,8.0,0,0.0,,belitunglestari.tour,2026-06-03,Apify Instagram Scraper,8.0,2026-06-01
Bangka Belitung,#wisatabelitung,https://www.instagram.com/p/DY805KnoAOL/,DY805KnoAOL,"Keseruan snorkeling bareng nemo dan kawan-kawan di jernihnya laut Belitung! 🏝️🐟

Bikin cerita liburanmu makin lengkap dengan explore keindahan bawah lautnya yang masih alami bareng @gobelitungtrip Fasilitas lengkap, aman, dan pastinya dapet dokumentasi sekeren ini!

Tag temen kamu yang paling hobi main air! 👇
BOOKING SEKARANG, BERANGKAT BESOK
📱 WhatsApp: +62 812-4802-3619
💻 Instagram: @gobelitungtrip
📍 Kantor: Jl. Tj. Pandan, Kab. Belitung, Kep. Bangka Belitung 33411

#belitung #wisatabelitung #opentripbelitung #snorkeling #jalan",Sidecar,2026-05-30 05:04:46+00:00,8.0,0,0.0,,gobelitungtrip,2026-06-03,Apify Instagram Scraper,8.0,2026-05-30
Bangka Belitung,#pulaubelitung,https://www.instagram.com/p/DY03xyuzLwT/,DY03xyuzLwT,"""Maka dirikanlah shalat karena TuhanMu dan berkurbanlah."" - Q.S. Al-Kautsar : 2 

🌙Selamat Hari Raya Idul Adha 1447 H ✨️

Semoga semangat berkurban menumbuhkan keikhlasan, memperkuat ukhuwah dan membuka pintu-pintu kebaikan dalam hidup kita semua. Mari kita rayakan dengan penuh rasa syukur, ikhlas dan berbagi.

#atomixentertainment #belitung #pulaubelitung #iduladha #1447H",Image,2026-05-27 02:56:05+00:00,8.0,0,0.0,Belitung,atomix_id,2026-06-03,Apify Instagram Scraper,8.0,2026-05-27
Bangka Belitung,#explorebelitung,https://www.instagram.com/p/DZEWhMuT0Bn/,DZEWhMuT0Bn,"Ke Belitung buat urusan kerja tapi belum siapin kendaraan? Jangan sampai jadwal meeting jadi ribet gara-gara transport

TJQ Transport siap nemenin perjalanan kantor kamu jadi lebih praktis dan nyaman

Mau buat meeting, survey lokasi, kunjungan kerja, sampai antar-jemput tamu perusahaan juga lebih gampang dan fleksibel

Tinggal booking, lalu fokus sama pekerjaan tanpa repot mikirin kendaraan

Karena perjalanan kerja yang nyaman bikin aktivitas jadi lebih lancar

Yuk hubungi TJQ Transport sekarang dan siapain kendaraan terbaik untuk kebutuhan kantor kamu di belitung:

•
•
•
Contact US :
WA : 087749631080 (Fast Response)
Web : sewamobilbelitung.id
IG : @rentalmobilbelitungmurah

#rentalmobilbelitung #sewamobilbelitung #liburanbelitung #belitungtrip #explorebelitung",Image,2026-06-02 03:13:19+00:00,8.0,0,0.0,Pulau Belitung,rentalmobilbelitungmurah,2026-06-03,Apify Instagram Scraper,8.0,2026-06-02
Bangka Belitung,#explorebelitung,https://www.instagram.com/p/DZCq8qaEiwm/,DZCq8qaEiwm,"Begitu mendarat di Belitung, gak pakai lama langsung meluncur ke pantai. Nikmatin angin laut, jalanan sejuk, dan vibes pulau yang bikin tenang. Memori yang selalu pengen diulang. 🌊

#BelitungIsland #ExploreBelitung #Liburan #AnakPantai #belitung",Sidecar,2026-06-01 11:33:19+00:00,8.0,0,0.0,"Tanjungpandan, Sumatera Selatan, Indonesia",tonidesain24,2026-06-03,Apify Instagram Scraper,8.0,2026-06-01
Bangka Belitung,#explorebelitung,https://www.instagram.com/p/DZB58Muv0Ab/,DZB58Muv0Ab,,Image,2026-06-01 04:25:07+00:00,7.0,1,0.0,,watersport_belitung,2026-06-03,Apify Instagram Scraper,8.0,2026-06-01
Bangka Belitung,#explorebelitung,https://www.instagram.com/p/DY3yFeazMcp/,DY3yFeazMcp,"Outfit udah siap, kamera udah full baterai... tapi transport buat keliling Belitung masih belum aman?

Liburan ke Belitung nggak cuma soal foto estetik dan pantai cantik, yang bikin perjalanan makin nyaman itu kalau semua udah siap dari awal, termasuk kendaraan

Mau hunting sunset, kulineran, atau pindah-pindah pantai juga jadi lebih bebas tanpa ribet cari transport sana-sini

Yuk amankan mobilmu sebelum hari liburan tiba

Biar sampai Belitung tinggal fokus healing dan bikin momen seru bareng orang tersayang

•
•
•
Contact US :
WA : 087749631080 (Fast Response)
Web : sewamobilbelitung.id
IG : @rentalmobilbelitungmurah

#rentalmobilbelitung #sewamobilbelitung #liburanbelitung #belitungtrip #explorebelitung",Image,2026-05-28 06:04:06+00:00,8.0,0,0.0,Pulau Belitung,rentalmobilbelitungmurah,2026-06-03,Apify Instagram Scraper,8.0,2026-05-28
Bangka Belitung,#belitung,https://www.instagram.com/p/DZHkNPKEn5C/,DZHkNPKEn5C,"🤸🤸🤸 jump, jump, jump and jump all over the place 🤸🤸🤸
.
.
.
#belitung #belitungisland #belitungtimur #enjoybelitung #wonderdulindonesia",Sidecar,2026-06-03 09:10:37+00:00,7.0,0,0.0,Belitung,agustinusleona,2026-06-03,Apify Instagram Scraper,7.0,2026-06-03
Bangka Belitung,#bangkabelitung,https://www.instagram.com/p/DZHoJQFEt-W/,DZHoJQFEt-W,"Coffee,Rokok,Coffee,Rokok 
Bukan karena gak sayang tubuh, Tapi biar bisa ikutin kebiasaan Bung Karno 
.
.
Slide terakhir : adalah sosok pemuda yang gagal casting jadi pemeran Haikal Laskar Pelangi 

#bangkabelitung #laskarpelangi #soekarno #coffee #fyp",Sidecar,2026-06-03 09:45:01+00:00,5.0,2,0.0,,fernandosubaktii,2026-06-03,Apify Instagram Scraper,7.0,2026-06-03
Bangka Belitung,#wisatabelitung,https://www.instagram.com/p/DY6qU-wjy-b/,DY6qU-wjy-b,"3 hari di Belitung tuh rasanya nggak pernah cukup 🌊✨
Baru sehari menikmati pantai berpasir putih dan hopping island, besoknya udah jatuh cinta sama laut sebening kaca dan suasana tenang yang bikin susah move on. Setiap sudut Belitung selalu punya cerita dan vibes yang beda-beda 🤍

Mulai dari menikmati sunrise cantik, foto-foto di pantai ikonik, sampai kuliner seafood yang fresh banget semuanya bikin liburan terasa singkat. Nggak heran banyak yang awalnya cuma short trip, eh pulangnya malah langsung pengen balik lagi 😍🏝️

Kalau kamu punya waktu 3 hari di Belitung, siap-siap aja dibuat betah dan susah pulang ✈️
Yuk, waktunya healing dan bikin momen terbaik bareng orang tersayang di Belitung! 🌴☀️

📞CP/WA : +6285268526490
.
.
#AgenTravelBelitung #TravelBelitung #TourBelitung #BelitungTrip #WisataBelitung #PaketTourBelitung #ExploreBelitung #VisitBelitung #BelitungIsland #OpenTripBelitung #LiburanBelitung #BelitungTour #TripBelitung #Belitong #PaketWisataBelitung #HolidayBelitung #JalanJalanBelitung #BelitungHits #PesonaIndonesia #WonderfulIndonesia",Image,2026-05-29 08:53:58+00:00,7.0,0,0.0,,vacationsbelitung,2026-06-03,Apify Instagram Scraper,7.0,2026-05-29
Bangka Belitung,#wisatabelitung,https://www.instagram.com/p/DY1InosmVRA/,DY1InosmVRA,"Idul Adha bukan cuma tentang berkurban, tapi juga tentang belajar ikhlas dan berbagi 🤍

Selamat Hari Raya Idul Adha 1447 H / 2026 M.
Semoga setiap doa yang dipanjatkan membawa ketenangan hati, keberkahan hidup, dan kebahagiaan untuk kita semua 🙏🏻✨

Keluarga besar Belitung Transport mengucapkan:
“Minal Aidin Wal Faizin, Mohon Maaf Lahir dan Batin.”

Nikmati momen kebersamaan bersama orang tersayang dan semoga perjalanan hidup kita selalu dimudahkan 🌙

#belitungtransportid #iduladha2026 #rentalmobilbelitung #wisatabelitung #belitungtrip",Image,2026-05-27 05:23:13+00:00,7.0,0,0.0,,belitungtransport.id,2026-06-03,Apify Instagram Scraper,7.0,2026-05-27
Bangka Belitung,#explorebelitung,https://www.instagram.com/p/DZEc50VTDeJ/,DZEc50VTDeJ,"PROMO WISATA BELITUNG PAKET HEMAT (3D2N) 

2 Orang (Rp 1.550.000/pax)
3 Orang (Rp 1.250.000/pax)
4-7 Orang (Rp 950.000/pax)
8-10 Orang (Rp 800.000/pax)
11-15 Orang (Rp 750.000/pax)
15 Up : Call Us❗
.
Minimal Booking H-10
""Jadwal trip ditentukan sendiri""
(Private Trip)
_________________________________________________
Sudah Termasuk :
Hotel
Transportasi (Mobil + bensin + sopir)
Antar jemput bandara (Airport)
Boat traditional untuk Tour Island
Alat snorkling + life jacket
Documentasi Foto GoPro & Mirorless
Breakfast Hotel 2 x
Free Mie khas belitung 1x (Welcome to Breakfast)
Air mineral botol 600 ml
Coffee Break 1x
Tour Guide
Entrance /Tiket Masuk ke tempat wisata
_________________________________________________
Tidak Termasuk:
Tiket pesawat terbang PP
Makan (Meal)
Htm Museum Kata Andrea Hirata
Tips Driver or Guide
_________________________________________________
Itinerary 3D2N
Day 1:
-Dijemput di Bandara Hanandjoedin Tanjung Pandan.
-Breakfast Mie Belitong
-Explore Beltim ( Sd Muhammadiyah Laskar Pelangi, Rumah Keong, Museum Kata Andrea Hirata, Rumah Ahok)
-Explore Dermaga Kirana
-Makan siang
-Vihara Dewi khuan In
-Pantai Burung Mandi
-Makan malam
-Free Program
•
Day 2:
-Pantai Tanjung Kelayang
-Tour Island (Pulau Pasir, Pulau Batu Berlayar, Pulau Lengkuas, Pulau Kepayang)
-Snorkling
-Makan siang
-Explore Pulau Kelayang & Goa Kelayang
-Explore Pantai Tanjung Tinggi
-Sunset Point
-Makan malam
-Free Program
•
Day 3:
-City Tour ( Danau biru Kaolin, Rumah adat belitung, Pantai Tanjung Pendam)
-Coffee Break ( Kopi Kongdjie)
-Belanja Oleh-oleh
-Pulang menuju Bandara Hanandjoedin Tanjung pandan.
____________________________________
Booking & Reservasi Sekarang !
📞CP/WA : 087749631080 (fast response)
📩 Email : healingbelitungtrip@gmail
🌐 Website : www.healingbelitungtour.id
•••
#opentripbelitung #pakettourbelitung #bangkabelitung #explorebelitung #tourbelitung",Image,2026-06-02 04:09:07+00:00,7.0,0,0.0,Pulau Belitung,healingbelitung,2026-06-03,Apify Instagram Scraper,7.0,2026-06-02
Bangka Belitung,#belitung,https://www.instagram.com/p/DZHeBXsy_sJ/,DZHeBXsy_sJ,"MBG favorite nya para Gen-Z, wajib ada uangnya😭✌️

#juicebarbelitung #juicebar #belitung",Image,2026-06-03 08:17:57+00:00,6.0,0,0.0,"Tanjungpandan, Sumatera Selatan, Indonesia",juicebar.belitung,2026-06-03,Apify Instagram Scraper,6.0,2026-06-03
Bangka Belitung,#belitung,https://www.instagram.com/p/DZG6kIdkV2w/,DZG6kIdkV2w,"Halo, sobat BMKG di wilayah Kab. Belitung dan Belitung Timur!

Berikut kami sampaikan prakiraan cuaca untuk esok hari, berlaku mulai Kamis, 04 Juni 2026 pukul 07.00 WIB - 05 Juni 2026 pukul 07.00 WIB.

Kondisi cuaca secara umum berawan tebal-hujan ringan. Tetap waspada dan hati-hati ya Sobat!

Jangan lupe pantau selalu infomasi cuaca terkini di laman https://cuaca.bmkg.go.id/ . Mikak bisa juak pantau melalui aplikasi InfoBMKG yang dapat diunduh melalui AppStore dan playstore.

#infocuacabelitung
#cuacabelitung
#belitung
#belitungtimur",Sidecar,2026-06-03 03:06:44+00:00,6.0,0,0.0,,infobmkgbelitung,2026-06-03,Apify Instagram Scraper,6.0,2026-06-03
Bangka Belitung,#belitung,https://www.instagram.com/p/DZHKHnXIFA5/,DZHKHnXIFA5,"Ada yang tahu kenapa kopi di Belitung rasanya beda dan nagih banget? 🤔☕

Kuncinya ada di tradisi turun-temurun cara penyeduhannya! Gini nih potret keseruan para sobat travelers pas lagi coffee break di tengah jadwal trip. Segelas es kopi susu lokal emang paling ampuh buat balikin energi setelah puas seharian island hopping keliling pantai.
Mau chill santai sambil ngopi bebas ribet bareng temen-temen atau keluarga? Tenang, rute kuliner terbaik udah siap diaturin sama @gobelitungtrip

Tunggu apa lagi? Yuk, langsung booking sekarang!

BOOKING SEKARANG, BERANGKAT BESOK
📱 WhatsApp: +62 812-4802-3619
💻 Instagram: @gobelitungtrip
📍 Kantor: Jl. Tj. Pandan, Kab. Belitung, Kep. Bangka Belitung 33411

#belitung #wisatabelitung #opentripbelitung #privatetrip",Sidecar,2026-06-03 05:22:39+00:00,5.0,0,0.0,,gobelitungtrip,2026-06-03,Apify Instagram Scraper,5.0,2026-06-03
Bangka Belitung,#belitung,https://www.instagram.com/p/DZG4lEfk2MA/,DZG4lEfk2MA,"Liburan ke Belitung tapi masih bingung soal transportasi? 🤦‍♂️❌
​Jangan sampai momen liburan berharga kamu habis cuma buat nungguin jemputan atau ribet mikirin barang bawaan! Rasakan bedanya liburan bareng Belitungrentcar.
​Dari yang tadinya ribet dan mobilitas terbatas, sekarang bisa langsung berubah jadi:

✅ Bebas eksplore ke mana aja tanpa batas
✅ Gak repot mikirin cuaca (panas/hujan tetap aman!)
✅ Perjalanan jauh lebih tenang, cepat, dan sat-set!
​Yuk, amankan unit mobil pilihanmu sekarang juga sebelum kehabisan! 🚗💨

​🌐 Website: www.belitungrentcar.com
📞 Telpon/WA: +62 877-4908-8877

#rentalmobil #sewamobil #belitung #laskarpelangi #rentalmobilbelitung",Sidecar,2026-06-03 02:49:23+00:00,5.0,0,0.0,,belitungrentcar,2026-06-03,Apify Instagram Scraper,5.0,2026-06-03
Bangka Belitung,#bangkabelitung,https://www.instagram.com/p/DZHe8rVD1ud/,DZHe8rVD1ud,"Rapat Tim Koordinasi Kerja Sama Daerah (TKKSD) Biro Pemerintahan Setda Provinsi Kepulauan Bangka Belitung terkait Pembahasan Draft Perjanjian Kerja Sama antara Pemerintah Provinsi Kepulauan Bangka Belitung dengan Pemerintah Kota Pangkalpinang tentang Pemenuhan Hak Identitas dan Data Dokumen Kependudukan bagian murid  SMA, SMK dan SMA Luar Biasa dilingkungan Dinas Pendidikan Provinsi Kepulauan Bangka Belitung, di Ruang Rapat Romodong Lt.1 Kantor Gubernur Kepulauan,  Rabu 03/06/2026

Simak terus Infografis dan konten Biro Pemerintahan Babel di medsos :
IG: biropem_babel
Tiktok : biro.pemerintahan
Facebook: Biro Pemerintahan Setda
YouTube : @BiroPemerintahanBabel

#biropembabel #setdakepbabel #PemprovBabel #kerjasama #bangkabelitung",Sidecar,2026-06-03 08:24:40+00:00,5.0,0,0.0,Provinsi Kep. Bangka Belitung,biropem_babel,2026-06-03,Apify Instagram Scraper,5.0,2026-06-03
Bangka Belitung,#explorebelitung,https://www.instagram.com/p/DYq7dNKETk_/,DYq7dNKETk_,"Kepulauan Bangka Belitung merupakan  perpaduan sempurna antara keindahan alam, kekayaan budaya Melayu, dan pesona bahari yang memikat; dikenal dengan pantai berpasir putih, batu granit eksotis, serta julukan “Negeri Laskar Pelangi”. Provinsi ini menghadirkan pengalaman wisata yang tenang, hangat, dan penuh cerita di setiap sudutnya. 🌊✨

#festivalnegerikami #tmii #explorebelitung #pesonaindonesia #wonderfullindonesia",Sidecar,2026-05-23 06:15:48+00:00,5.0,0,0.0,,negerikami.id,2026-06-03,Apify Instagram Scraper,5.0,2026-05-23
Bangka Belitung,#pulaubelitung,https://www.instagram.com/p/DY6FQ1YoJtX/,DY6FQ1YoJtX,".
#belitung #belitungisland🌴 #belitungisland #pulaubelitung #pulaubelitungindonesia #pulaulengkuas #pulaulengkuasbelitung #pulaukelayang #pulaukelayangbelitung #pantai #pantaiputih #tanjungtinggi #tanjungtinggibeach #pantaiindonesia #pantaiindonesiakeren #beach #beachlife🌴 #beachlifestyle #beachlove",Sidecar,2026-05-29 03:30:06+00:00,4.0,0,0.0,Pulau Lengkuas,s.o.f.t_l.i.v.i.n.g,2026-06-03,Apify Instagram Scraper,4.0,2026-05-29
Bangka Belitung,#pulaubelitung,https://www.instagram.com/p/DXl4p5bD-3O/,DXl4p5bD-3O,"Sewa mobil Belitung murah syarat gak ribet dijamin liburan kalian di Belitung berkesan mobil selalu prima bersih dan terawat. yuk segera booking unitnya

Ready for rent:
🚘 Toyota Innova reborn
🚘 Toyota innova zenix
🚘 Toyota fortuner
🚘 Toyota all new veloz
🚘 Toyota all new avanza
🚘 Toyota new agya
🚘 Daihatsu all new xenia
🚘 Daihatsu rocky
🚘 Daihatsu new ayla
🚘 Honda new brio
🚘 Honda jazz Rs
🚘 Toyota Alphard
🚘 Hiace
🚘 Bus pariwisata

Pelayanan 24 jam, mobil baru, harum, bersih, dan driver yang berpengalaman.yuk pesan sekarang...sebelum kehabisan.

RESERVASI ⬇️
WA/CP:
☎ 0878-9334-5254
☎ 0821-8167-6740

#sewamobilbelitung #rentalmobilbelitung #sewamobilbangkabelitung #pulaubelitung #jakarta",Sidecar,2026-04-26 10:43:43+00:00,4.0,0,0.0,Pulau Belitung,rentalmobilbelitung_tjq,2026-06-03,Apify Instagram Scraper,4.0,2026-04-26
Bangka Belitung,#explorebelitung,https://www.instagram.com/p/DZHT-ucTY7n/,DZHT-ucTY7n,"Liburan rame-rame tapi masih kepikiran harus pisah mobil? Wah... vibes perjalanan bisa kurang seru

Kalau satu rombongan bisa jalan bareng dalam satu Hiace, kenapa harus ribet konvoi?

Lebih Praktis, lebih nyaman buat ngobrol sepanjang jalan, dan pastinya bikin momen trip di Belitung jadi makin asik

Cocok buat family trip, outing, gathering, sampai perjalanan wisata bareng bestie

Tinggal duduk nyaman, nikmatin perjalanan, dan biarkan TJQ Transport nemenin trip rombonganmu

•
•
•
Contact US :
Rental Mobil Belitung Termurah

WA : 087749631080 (Fast Response)
Web : sewamobilbelitung.id
IG : @rentalmobilbelitungmurah

#rentalmobilbelitung #sewamobilbelitung #liburanbelitung #belitungtrip #explorebelitung",Image,2026-06-03 06:48:52+00:00,4.0,0,0.0,Pulau Belitung,rentalmobilbelitungmurah,2026-06-03,Apify Instagram Scraper,4.0,2026-06-03
Bangka Belitung,#bangkabelitung,https://www.instagram.com/p/DZHenI5xnJi/,DZHenI5xnJi,"Selamat Menempuh Asesmen Sumatif Akhir Tahun untuk kelas 1-5 SD  Mulia Pangkal Pinang. 

#sdbudimuliapkp #sumatifakhirtahun2026 #Bangkabelitung #2026",Image,2026-06-03 08:21:46+00:00,3.0,0,0.0,SD Budi Mulia Pangkalpinang,sdbudimuliapkp,2026-06-03,Apify Instagram Scraper,3.0,2026-06-03
Bangka Belitung,#bangkabelitung,https://www.instagram.com/p/DZHbBihGRND/,DZHbBihGRND,"thanks for order kak kandaaaa💖🥹 cakeppp tulip nyaaa  omggg

 #pangkalpinang #bangkabelitung #buket #wisuda #florist",Sidecar,2026-06-03 07:50:22+00:00,3.0,0,0.0,Pangkal Pinang - Bangka Belitung.,cendana_florist_pgk,2026-06-03,Apify Instagram Scraper,3.0,2026-06-03
Bangka Belitung,#wisatabelitung,https://www.instagram.com/p/DY9B9AsD49I/,DY9B9AsD49I,"🌊 Belitung memang punya pesona yang sulit ditolak. Air lautnya yang jernih bergradasi biru kehijauan, berpadu dengan hamparan batu granit khas yang membuat setiap sudut terlihat begitu fotogenik. Tak heran kalau sekali datang, rasanya ingin kembali lagi.

📸 Mau berburu sunrise yang menenangkan atau sunset yang memanjakan mata, Belitung selalu punya cara untuk membuat hasil foto terlihat istimewa. Bahkan tanpa banyak filter, keindahan alamnya sudah cukup membuat galeri ponsel penuh dengan momen-momen terbaik.

✨ Saatnya wujudkan liburan impian ke Belitung bersama orang-orang tersayang. Nikmati keindahan pantai, jelajahi pulau-pulau eksotis, dan ciptakan pengalaman yang tak terlupakan. Karena beberapa tempat memang lebih indah jika dilihat langsung daripada hanya lewat foto.

📞CP/WA : +6285268526490
.
.
#AgenTravelBelitung #TravelBelitung #TourBelitung #BelitungTrip #WisataBelitung #PaketTourBelitung #ExploreBelitung #VisitBelitung #BelitungIsland #OpenTripBelitung #LiburanBelitung #BelitungTour #TripBelitung #Belitong #PaketWisataBelitung #HolidayBelitung #JalanJalanBelitung #BelitungHits #PesonaIndonesia #WonderfulIndonesia",Image,2026-05-30 06:58:54+00:00,3.0,0,0.0,,vacationsbelitung,2026-06-03,Apify Instagram Scraper,3.0,2026-05-30
Bangka Belitung,#belitung,https://www.instagram.com/p/DZHjECwIKhK/,DZHjECwIKhK,"Spot makan pavorit yang selalu sukses bikin para tamu gagal diet kalau ke Belitung! 🍱🤤

Gimana nggak gagal diet, kalau sekali disajiin langsung satu dulang penuh lauk-pauk otentik yang bumbunya meresap banget kayak gini? Suasana tempat makannya yang kental dengan nuansa tempo dulu juga bikin momen makan bareng rombongan atau keluarga jadi makin hangat dan lahap.
Semua penawaran paket trip di @gobelitungtrip udah include rute kulineran terbaik ke spot-spot favorit terpopuler kayak gini, lho. Jadi kamu tinggal duduk manis dan siapin perut aja!

Amankan slot liburan kelompokmu sekarang ya!

BOOKING SEKARANG, BERANGKAT BESOK
📱 WhatsApp: +62 812-4802-3619
💻 Instagram: @gobelitungtrip
📍 Kantor: Jl. Tj. Pandan, Kab. Belitung, Kep. Bangka Belitung 33411

#belitung #wisatabelitung #opentripbelitung #privatetrip #laskarpelangi",Sidecar,2026-06-03 09:00:37+00:00,2.0,0,0.0,,gobelitungtrip,2026-06-03,Apify Instagram Scraper,2.0,2026-06-03
Bangka Belitung,#bangkabelitung,https://www.instagram.com/p/DZHaynbpGCz/,DZHaynbpGCz,"thanks for order ibu bhayangkari cantikkk masyaallah💖💅🏻😭🥹

#pangkalpinang #bangkabelitung #buket #wisuda #florist",Image,2026-06-03 07:48:51+00:00,2.0,0,0.0,Pangkal Pinang - Bangka Belitung.,cendana_florist_pgk,2026-06-03,Apify Instagram Scraper,2.0,2026-06-03
Bangka Belitung,#wisatabelitung,https://www.instagram.com/p/DZEsfnmj9NK/,DZEsfnmj9NK,"✨ Liburan itu seharusnya jadi waktu untuk menikmati momen, bukan sibuk mengatur ini-itu. Bayangkan datang ke destinasi impian, lalu semua kebutuhan perjalanan mulai dari transportasi, itinerary, hingga rekomendasi spot wisata sudah disiapkan dengan rapi. Tinggal fokus menikmati setiap detik perjalanan dan mengabadikan kenangan terbaik. 📸

🏝️ Dengan Vacation Belitung Tour & Travel, kamu bisa menjelajahi keindahan Belitung tanpa repot. Dari pantai berair jernih, batu granit ikonik, hingga pengalaman island hopping yang seru, semua dirancang agar liburanmu lebih nyaman, aman, dan berkesan. Karena liburan yang menyenangkan dimulai dari perjalanan yang terencana dengan baik. 

📅 Saatnya wujudkan healing yang sesungguhnya! Ajak keluarga, pasangan, atau sahabat untuk menikmati pesona Belitung tanpa ribet urusan teknis. Hubungi kami sekarang dan siapkan diri untuk petualangan yang penuh cerita indah. 🌊

📞CP/WA : +6285268526490
.
.
#AgenTravelBelitung #TravelBelitung #TourBelitung #BelitungTrip #WisataBelitung #PaketTourBelitung #ExploreBelitung #VisitBelitung #BelitungIsland #OpenTripBelitung #LiburanBelitung #BelitungTour #TripBelitung #Belitong #PaketWisataBelitung #HolidayBelitung #JalanJalanBelitung #BelitungHits #PesonaIndonesia #WonderfulIndonesia",Image,2026-06-02 06:25:18+00:00,2.0,0,0.0,,vacationsbelitung,2026-06-03,Apify Instagram Scraper,2.0,2026-06-02
Bangka Belitung,#wisatabelitung,https://www.instagram.com/p/DY44BQnmSei/,DY44BQnmSei,"Sewa mobil di Belitung gak pakai ribet ✨
Tinggal datang, mobil siap jalan 🚗
Liburan makin nyaman, bebas atur perjalanan sendiri menikmati indahnya Belitung 🌴☀️

Mulai dari city tour, hopping island, sampai antar jemput bandara semua siap membantu perjalanan kamu 🤝
Yuk liburan seru bareng keluarga, sahabat, atau pasangan di Belitung 💙

📍Belitung Island
📞 081949130049

#Belitung #BelitungIsland #SewaMobilBelitung #RentalMobilBelitung #WisataBelitung",Sidecar,2026-05-28 16:15:08+00:00,2.0,0,0.0,Bandara H.A.S. Hanandjoeddin,sewamobilbelitung_promo,2026-06-03,Apify Instagram Scraper,2.0,2026-05-28
Bangka Belitung,#wisatabelitung,https://www.instagram.com/p/DY3ZSo3D9mL/,DY3ZSo3D9mL,"Belitung ternyata nggak cuma indah di foto, tapi juga bikin hati susah move on.

 Air laut sebening kaca, pasir putih yang lembut, dan suasana tenang yang bikin pikiran ikut liburan. Sekali datang ke Belitung, rasanya pengen balik lagi dan lagi 🏝️

Nikmati pengalaman island hopping seru, spot healing terbaik, sampai sunset cantik yang nggak pernah gagal bikin kagum. Cocok buat liburan bareng keluarga, pasangan, sahabat, atau bahkan solo trip untuk recharge energi 🌅💙

Yuk wujudkan liburan impianmu bersama Vacation Belitung Tour & Travel ✈️

Siap nemenin perjalanan kamu dengan pelayanan terbaik dan destinasi paling memorable di Belitung 🤍

📞CP/WA : +6285268526490
.
.
#AgenTravelBelitung #TravelBelitung #TourBelitung #BelitungTrip #WisataBelitung #PaketTourBelitung #ExploreBelitung #VisitBelitung #BelitungIsland #OpenTripBelitung #LiburanBelitung #BelitungTour #TripBelitung #Belitong #PaketWisataBelitung #HolidayBelitung #JalanJalanBelitung #BelitungHits #PesonaIndonesia #WonderfulIndonesia",Image,2026-05-28 02:27:23+00:00,2.0,0,0.0,,vacationsbelitung,2026-06-03,Apify Instagram Scraper,2.0,2026-05-28
Bangka Belitung,#wisatabelitung,https://www.instagram.com/p/DY0qgg0Exjm/,DY0qgg0Exjm,"Idul Adha mengajarkan arti ikhlas dan berbagi.
Semoga hari yang suci ini membawa damai dan kebahagiaan bagi kita semua.”
Salam hangat dari Belitung Travelstar Utama🙏

Yuk agendakan liburan kalian bareng @belitungtravelstar 
Semua bisa kami bantu, biar liburan kalian jadi lebih mudah & nyaman ✈️
📞 +62 811-7973-8889 (WhatsApp)

#belitung #belitungtravelstar #xtravelbybtu #wisatabelitung #iduladha2026",Image,2026-05-27 01:00:02+00:00,2.0,0,0.0,Belitung Bumi Laskar Pelangi,belitungtravelstar,2026-06-03,Apify Instagram Scraper,2.0,2026-05-27
Bangka Belitung,#pulaubelitung,https://www.instagram.com/p/DX_Aw2oE-K6/,DX_Aw2oE-K6,"Open trip Pulau Belitung paket all in terima beres tinggal pergi dan menikmati perjalananan

3D2N BELITUNG
IDR 3.900.000 /pax
Start Jakarta

SCHEDULE
==========
27-29 MEI
14-16 JUN
==========

DESTINASI
• SD Laskar Pelangi
• Museum Kata
• Vihara Dewi Kwan Im
• Pantai Burung Mandi
• Pantai Tanjung Kelayang
• Pulau Lengkuas
• Pulau Pasir
• Pulau Batu Belayar
• Pulau Kelayang
• Pantai Tanjung Tinggi
• Kopi Kongdjie
• Danau Kaolin

INCLUDE
• Tiket pesawat pp
• Transportasi selama trip
• Hotel 2 malam di belitung
• Makan 7x selama trip
• Sewa perahu
• Alat snorkeling
• Tiket wisata
• Dokumentasi
• Air mineral
• Guide

EXCLUDE
• Pengeluaran pribadi
• Tipping

REQUEST PRIVATE TRIP BEBAS PILIH JADWAL

BOOK NOW
WA 087788000096

#opentrip #belitung #opentripbelitung #pulaubelitung #belitungisland",Image,2026-05-06 04:55:00+00:00,2.0,0,0.0,,piknikinitrip,2026-06-03,Apify Instagram Scraper,2.0,2026-05-06
Bangka Belitung,#belitung,https://www.instagram.com/p/DZG-cb4H1sR/,DZG-cb4H1sR,"Haredang say 😎😎

#esteh #belfoy #fbpro #jajanan #belitung",Image,2026-06-03 03:40:39+00:00,1.0,0,0.0,,nona.sinta,2026-06-03,Apify Instagram Scraper,1.0,2026-06-03
Bangka Belitung,#bangkabelitung,https://www.instagram.com/p/DZHoHgVlG2a/,DZHoHgVlG2a,"Membuat foto tema susnset di pantai menggunakan ChatGPT. 
1. Buka Aplikasi ChatGPT
2. Pilih Buat Gambar
3. Masukan Foto yang ingin digunakan
4. Copy dan Paste Prompt di kolom Komentar
5. Sesuaikan promptnya dengan gaya kamu
Jangan lupa kirimkan hasilnya di kolom komentar. 
#chatgptprompts #sunset #pantai #pantaiparangtritis #bangkabelitung",Sidecar,2026-06-03 09:44:47+00:00,0.0,1,0.0,,rumahai051,2026-06-03,Apify Instagram Scraper,1.0,2026-06-03
Bangka Belitung,#bangkabelitung,https://www.instagram.com/p/DZHcK7DD7Zx/,DZHcK7DD7Zx,"‎Pangkalpinang Luncurkan STIMULUS, Cek Kelulusan Siswa Cukup Lewat Ponsel
‎
‎PANGKALPINANG - Pemerintah Kota Pangkalpinang resmi meluncurkan Sistem Informasi Pengumuman Kelulusan (STIMULUS), platform digital yang memungkinkan siswa SD dan SMP mengetahui hasil kelulusan secara daring tanpa harus datang ke sekolah.
‎
‎Peresmian aplikasi tersebut dilakukan Wali Kota Pangkalpinang, Saparudin, di SMP Negeri 10 Pangkalpinang, Selasa (02/06/26), bertepatan dengan pengumuman kelulusan tahun ajaran 2025/2026.
‎
‎Melalui STIMULUS, siswa dan orang tua dapat mengakses status kelulusan secara online serta mengunduh surat keterangan lulus dalam format digital untuk dicetak sesuai kebutuhan.
‎
‎Selain meluncurkan STIMULUS, Saparudin juga mengungkapkan capaian pendidikan Kota Pangkalpinang di tingkat nasional. Berdasarkan hasil Tes Kemampuan Akademik (TKA), siswa SD di Pangkalpinang berhasil masuk enam besar nasional, sedangkan siswa SMP menempati peringkat sembilan nasional.
‎
‎Menurutnya, capaian tersebut menjadi bukti meningkatnya kualitas pendidikan di Pangkalpinang dan hasil kolaborasi antara pemerintah, sekolah, tenaga pendidik, serta orang tua dalam mendukung proses belajar siswa.
‎
‎#Launching #STIMULUS #SD #SMP #Pemkot #Pangkalpinang #PangkalKemenangan #BangkaBelitung #Babel #SerumpunSebalai",Image,2026-06-03 08:00:24+00:00,1.0,0,0.0,Pangkalpinang - Kepulauan Bangka Belitung,pangkalpinang6.0,2026-06-03,Apify Instagram Scraper,1.0,2026-06-03
Bangka Belitung,#bangkabelitung,https://www.instagram.com/p/DZHa35tpE_t/,DZHa35tpE_t,"thank for order ya ibu💖💅🏻

#pangkalpinang #bangkabelitung #buket #wisuda #florist",Image,2026-06-03 07:49:22+00:00,1.0,0,0.0,Pangkal Pinang - Bangka Belitung.,cendana_florist_pgk,2026-06-03,Apify Instagram Scraper,1.0,2026-06-03
Bangka Belitung,#bangkabelitung,https://www.instagram.com/p/DZHawqbphWz/,DZHawqbphWz,#pangkalpinang #bangkabelitung #buket #wisuda #florist,Image,2026-06-03 07:48:08+00:00,1.0,0,0.0,,cendana_florist_pgk,2026-06-03,Apify Instagram Scraper,1.0,2026-06-03
Bangka Belitung,#bangkabelitung,https://www.instagram.com/p/DZHanf0pKJB/,DZHanf0pKJB,"thanks for order kakak cantik 🤩 
#pangkalpinang #bangkabelitung #buket #wisuda #florist",Image,2026-06-03 07:47:45+00:00,1.0,0,0.0,Pangkal Pinang - Bangka Belitung.,cendana_florist_pgk,2026-06-03,Apify Instagram Scraper,1.0,2026-06-03
Bangka Belitung,#wisatabelitung,https://www.instagram.com/p/DZHfyX1Dzpv/,DZHfyX1Dzpv,"✈️ Kadang destinasi terbaik bukan yang paling ramai, melainkan yang masih menyimpan ketenangan dan keindahan alami. Di Belitung, masih banyak hidden gem yang belum banyak diketahui wisatawan. Tempat-tempat ini menawarkan suasana yang lebih tenang, pemandangan yang memukau, dan pengalaman liburan yang terasa lebih eksklusif.

🏝️ Dari pantai berpasir putih yang bersih, batu granit ikonik yang megah, hingga sudut-sudut alam yang masih asri, setiap lokasi memiliki pesonanya sendiri. Cocok untuk kamu yang ingin menikmati liburan tanpa hiruk-pikuk keramaian, sambil mengabadikan momen terbaik bersama orang tersayang.

📍Saatnya menjelajahi sisi lain Belitung yang jarang terekspos! Temukan keindahan tersembunyi yang siap membuat perjalananmu lebih berkesan. Hubungi kami sekarang dan biarkan Vacation Belitung membantu mewujudkan liburan impianmu.

📞CP/WA : +6285268526490
.
.
#AgenTravelBelitung #TravelBelitung #TourBelitung #BelitungTrip #WisataBelitung #PaketTourBelitung #ExploreBelitung #VisitBelitung #BelitungIsland #OpenTripBelitung #LiburanBelitung #BelitungTour #TripBelitung #Belitong #PaketWisataBelitung #HolidayBelitung #JalanJalanBelitung #BelitungHits #PesonaIndonesia #WonderfulIndonesia",Image,2026-06-03 08:31:59+00:00,1.0,0,0.0,,vacationsbelitung,2026-06-03,Apify Instagram Scraper,1.0,2026-06-03
Bangka Belitung,#pulaubelitung,https://www.instagram.com/p/DZBVip_k3G3/,DZBVip_k3G3,"Waktu begitu berharga
Banyak waktu memiliki kebersamaan
Tidak ada waktu memiliki kesenjangan
Menghargai waktu tindakan yang bermanfaat
Semangat Senin

#pulaubelitung
#belitungisland
#senin",Image,2026-05-31 23:07:02+00:00,1.0,0,0.0,,adeindrasiburian,2026-06-03,Apify Instagram Scraper,1.0,2026-05-31
Bangka Belitung,#pulaubelitung,https://www.instagram.com/p/DY6LFmZz78n/,DY6LFmZz78n,"Open trip Pulau Belitung paket all in terima beres tinggal pergi dan menikmati perjalananan

3D2N BELITUNG
IDR 3.900.000 /pax
Start Jakarta

SCHEDULE
==========
13-15 JUN
17-19 JUL
15-17 AGT
==========

DESTINASI
• SD Laskar Pelangi
• Museum Kata
• Vihara Dewi Kwan Im
• Pantai Burung Mandi
• Pantai Tanjung Kelayang
• Pulau Lengkuas
• Pulau Pasir
• Pulau Batu Belayar
• Pulau Kelayang
• Pantai Tanjung Tinggi
• Kopi Kongdjie
• Danau Kaolin

INCLUDE
• Tiket pesawat pp
• Transportasi selama trip
• Hotel 2 malam di belitung
• Makan 7x selama trip
• Sewa perahu
• Alat snorkeling
• Tiket wisata
• Dokumentasi
• Air mineral
• Guide

EXCLUDE
• Pengeluaran pribadi
• Tipping

REQUEST PRIVATE TRIP BEBAS PILIH JADWAL

BOOK NOW
WA 087788000096

#opentrip #belitung #opentripbelitung #pulaubelitung #belitungisland",Image,2026-05-29 04:21:06+00:00,1.0,0,0.0,,piknikinitrip,2026-06-03,Apify Instagram Scraper,1.0,2026-05-29
Bangka Belitung,#pulaubelitung,https://www.instagram.com/p/DY1ctWnTUKG/,DY1ctWnTUKG,"Open trip Pulau Belitung paket all in terima beres tinggal pergi dan menikmati perjalananan

3D2N BELITUNG
IDR 3.900.000 /pax
Start Jakarta

SCHEDULE
==========
13-15 JUN
17-19 JUL
15-17 AGT
==========

DESTINASI
• SD Laskar Pelangi
• Museum Kata
• Vihara Dewi Kwan Im
• Pantai Burung Mandi
• Pantai Tanjung Kelayang
• Pulau Lengkuas
• Pulau Pasir
• Pulau Batu Belayar
• Pulau Kelayang
• Pantai Tanjung Tinggi
• Kopi Kongdjie
• Danau Kaolin

INCLUDE
• Tiket pesawat pp
• Transportasi selama trip
• Hotel 2 malam di belitung
• Makan 7x selama trip
• Sewa perahu
• Alat snorkeling
• Tiket wisata
• Dokumentasi
• Air mineral
• Guide

EXCLUDE
• Pengeluaran pribadi
• Tipping

REQUEST PRIVATE TRIP BEBAS PILIH JADWAL

BOOK NOW
WA 087788000096

#opentrip #belitung #opentripbelitung #pulaubelitung #belitungisland",Image,2026-05-27 08:18:49+00:00,1.0,0,0.0,,piknikinitrip,2026-06-03,Apify Instagram Scraper,1.0,2026-05-27
Bangka Belitung,#pulaubelitung,https://www.instagram.com/p/DYwSBTfvNJy/,DYwSBTfvNJy,"SEWA MOBIL & MOTOR BELITUNG:

Ready for rent:
🚘 Toyota Innova reborn
🚘 Toyota innova zenix
🚘 Toyota fortuner
🚘 Toyota alphard
🚘 Toyota all new veloz
🚘 Toyota all new avanza
🚘 Toyota agya
🚘 Daihatsu all new xenia
🚘 Daihatsu rocky
🚘 Daihatsu new ayla
🚘 Honda new brio
🚘 Mitsubishi pajero
🚘 Hiace
🚘 Bus pariwisata

🛵 Yamaha Nmax
🛵 Yamaha fazio
🛵 Yamaha xeon GT
🛵 Yamaha mio soul GT
🛵 Honda scoopy
🛵 Honda pcx
🛵 Honda stylo
🛵 Honda vario

⭐ Pelayanan 24 jam
⭐ Mobil baru, harum, bersih
⭐ Mobil selalu prima
⭐ Syarat mudah gak ribet
⭐ Driver yang berpengalaman

Dijamin liburan kalian di belitung berkesan, yuk pesan sekarang...sebelum kehabisan.

RESERVASI ⬇️
WA/CP:
☎ 0878-9334-5254
☎ 0821-8167-6740

#sewamobilbelitung #rentalmobilbelitung #sewamotorbelitung #pulaubelitung #bangkabelitung",Image,2026-05-25 08:09:12+00:00,1.0,0,0.0,Belitung,rentalmobilbelitung_tjq,2026-06-03,Apify Instagram Scraper,1.0,2026-05-25
Bangka Belitung,#pulaubelitung,https://www.instagram.com/p/DYLiGslj6bf/,DYLiGslj6bf,"Jom Terokai Permata Tersembunyi Indonesia !

Dah lama rancang nak bercuti tapi bajet terhad? Pulau Belitung jawapannya! 

Nikmati keindahan air laut yang jernih bak kristal dan pemandangan bot tradisional yang cukup ikonik. 

Dengan harga bermula serendah RM 499, anda sudah boleh menikmati percutian 3 Hari 2 Malam yang cukup tenang dan mendamaikan.

Hubungi kami sekarang untuk maklumat lanjut 

 WhatsApp/Call: 013-926 2833

#PulauBelitung #BelitungIsland #PakejMurah #IndonesiaTravel #CutiCutiIndonesia #AlMasarTravel #WonderfulIndonesia #TravelGram #IslandHopping",Image,2026-05-11 01:37:49+00:00,0.0,1,0.0,,travel.with.al.masar,2026-06-03,Apify Instagram Scraper,1.0,2026-05-11
Bangka Belitung,#explorebelitung,https://www.instagram.com/p/DZFpTSKk_bb/,DZFpTSKk_bb,Postcards from Belitung @sheratonbelitung,Sidecar,2026-06-02 15:16:39+00:00,-1.0,2,0.0,Belitung,runawaypilot,2026-06-03,Apify Instagram Scraper,1.0,2026-06-02
Bangka Belitung,#belitung,https://www.instagram.com/p/DZHn80Dx_Et/,DZHn80Dx_Et,#sameercraft #phonestrap #gantunganhp #aksesoris #belitung,Image,2026-06-03 09:43:50+00:00,0.0,0,0.0,"Tanjungpandan, Sumatera Selatan, Indonesia",sameercraft.id,2026-06-03,Apify Instagram Scraper,0.0,2026-06-03
Bangka Belitung,#belitung,https://www.instagram.com/p/DZHZcDckkFr/,DZHZcDckkFr,"LOVERS DARK GREY

IDR : 175.000

Ready Size : S  M  L 
Material : Cotton 20s

Lembut, nyaman, dan adem. Sangat cocok digunakan di iklim tropis untuk aktifitas sehari-hari mu. 

#originalquzzy#store #belitung #lokalbrand",Sidecar,2026-06-03 07:36:31+00:00,0.0,0,0.0,,prevalenthouse_store,2026-06-03,Apify Instagram Scraper,0.0,2026-06-03
Bangka Belitung,#belitung,https://www.instagram.com/p/DZG8S8JzVlA/,DZG8S8JzVlA,"""Kami adalah jasa desain grafis online pengerjaan Via WA"" 

🥕 Proses Pengerjaan 2 s/d 3 Hari kerja

🍒 Untuk pembayaran harus DP tanda jadi 
  kerja. 

📲 Whatsapp : 0821-8108-5254

Aplikasi Kami Gunakan : 

🫐 Photoshop 
🍓 Adobe Ilustrator
🫒 Corel Draw 
🍆 Canva

Kenapa harus ada desain?

Karena desain sangat penting dalam branding!
Dan kami siap membantu anda membangun sebuah branding. 

#footballgames #belitung #jasadesain #designbanner #designlogo",Image,2026-06-03 03:21:55+00:00,0.0,0,0.0,Belitung Bumi Laskar Pelangi,digiedesigner,2026-06-03,Apify Instagram Scraper,0.0,2026-06-03
Bangka Belitung,#bangkabelitung,https://www.instagram.com/p/DZH0OtSj3Kh/,DZH0OtSj3Kh,"Di tengah sorotan terhadap aktivitas tambang ilegal, publik kembali mempertanyakan satu hal mendasar: apakah hukum mampu menjangkau semua pihak yang terlibat, termasuk mereka yang berada di balik layar? Kepercayaan masyarakat hanya dapat tumbuh ketika penegakan hukum dilakukan secara transparan, adil, dan tanpa tebang pilih. Menurut Anda, apa yang harus menjadi prioritas utama untuk memperkuat penegakan hukum di sektor tambang?
#bangkabelitung #tambangtimah #timah #ViralBabel #FaktaLapangan",Image,2026-06-03 11:30:37+00:00,0.0,0,0.0,,bidikpadangnews_qm,2026-06-03,Apify Instagram Scraper,0.0,2026-06-03
Bangka Belitung,#bangkabelitung,https://www.instagram.com/p/DZH0LGikgFv/,DZH0LGikgFv,"Di tengah sorotan terhadap aktivitas tambang ilegal, publik kembali mempertanyakan satu hal mendasar: apakah hukum mampu menjangkau semua pihak yang terlibat, termasuk mereka yang berada di balik layar? Kepercayaan masyarakat hanya dapat tumbuh ketika penegakan hukum dilakukan secara transparan, adil, dan tanpa tebang pilih. Menurut Anda, apa yang harus menjadi prioritas utama untuk memperkuat penegakan hukum di sektor tambang?
#bangkabelitung #tambangtimah #timah #ViralBabel #FaktaLapangan",Image,2026-06-03 11:30:08+00:00,0.0,0,0.0,,bidikmedannews_qm,2026-06-03,Apify Instagram Scraper,0.0,2026-06-03
Bangka Belitung,#bangkabelitung,https://www.instagram.com/p/DZH0HKKgQKV/,DZH0HKKgQKV,"Di tengah sorotan terhadap aktivitas tambang ilegal, publik kembali mempertanyakan satu hal mendasar: apakah hukum mampu menjangkau semua pihak yang terlibat, termasuk mereka yang berada di balik layar? Kepercayaan masyarakat hanya dapat tumbuh ketika penegakan hukum dilakukan secara transparan, adil, dan tanpa tebang pilih. Menurut Anda, apa yang harus menjadi prioritas utama untuk memperkuat penegakan hukum di sektor tambang?
#bangkabelitung #tambangtimah #timah #ViralBabel #FaktaLapangan",Image,2026-06-03 11:29:35+00:00,0.0,0,0.0,,bidikkulumedia_qm,2026-06-03,Apify Instagram Scraper,0.0,2026-06-03
Bangka Belitung,#bangkabelitung,https://www.instagram.com/p/DZH0FFTgQpd/,DZH0FFTgQpd,"Di tengah sorotan terhadap aktivitas tambang ilegal, publik kembali mempertanyakan satu hal mendasar: apakah hukum mampu menjangkau semua pihak yang terlibat, termasuk mereka yang berada di balik layar? Kepercayaan masyarakat hanya dapat tumbuh ketika penegakan hukum dilakukan secara transparan, adil, dan tanpa tebang pilih. Menurut Anda, apa yang harus menjadi prioritas utama untuk memperkuat penegakan hukum di sektor tambang?
#bangkabelitung #tambangtimah #timah #ViralBabel #FaktaLapangan",Image,2026-06-03 11:29:18+00:00,0.0,0,0.0,,bidikjogjanews_qm,2026-06-03,Apify Instagram Scraper,0.0,2026-06-03
Bangka Belitung,#bangkabelitung,https://www.instagram.com/p/DZH0CpDCWFM/,DZH0CpDCWFM,"Di tengah sorotan terhadap aktivitas tambang ilegal, publik kembali mempertanyakan satu hal mendasar: apakah hukum mampu menjangkau semua pihak yang terlibat, termasuk mereka yang berada di balik layar? Kepercayaan masyarakat hanya dapat tumbuh ketika penegakan hukum dilakukan secara transparan, adil, dan tanpa tebang pilih. Menurut Anda, apa yang harus menjadi prioritas utama untuk memperkuat penegakan hukum di sektor tambang?
#bangkabelitung #tambangtimah #timah #ViralBabel #FaktaLapangan",Image,2026-06-03 11:28:59+00:00,0.0,0,0.0,,bidikjeparanews_qm,2026-06-03,Apify Instagram Scraper,0.0,2026-06-03
Bangka Belitung,#bangkabelitung,https://www.instagram.com/p/DZH0BGqEp8R/,DZH0BGqEp8R,"Di tengah sorotan terhadap aktivitas tambang ilegal, publik kembali mempertanyakan satu hal mendasar: apakah hukum mampu menjangkau semua pihak yang terlibat, termasuk mereka yang berada di balik layar? Kepercayaan masyarakat hanya dapat tumbuh ketika penegakan hukum dilakukan secara transparan, adil, dan tanpa tebang pilih. Menurut Anda, apa yang harus menjadi prioritas utama untuk memperkuat penegakan hukum di sektor tambang?
#bangkabelitung #tambangtimah #timah #ViralBabel #FaktaLapangan",Image,2026-06-03 11:28:46+00:00,0.0,0,0.0,,bidikjelajahyogya_vk,2026-06-03,Apify Instagram Scraper,0.0,2026-06-03
Bangka Belitung,#bangkabelitung,https://www.instagram.com/p/DZHz9BRk-fC/,DZHz9BRk-fC,"Di tengah sorotan terhadap aktivitas tambang ilegal, publik kembali mempertanyakan satu hal mendasar: apakah hukum mampu menjangkau semua pihak yang terlibat, termasuk mereka yang berada di balik layar? Kepercayaan masyarakat hanya dapat tumbuh ketika penegakan hukum dilakukan secara transparan, adil, dan tanpa tebang pilih. Menurut Anda, apa yang harus menjadi prioritas utama untuk memperkuat penegakan hukum di sektor tambang?
#bangkabelitung #tambangtimah #timah #ViralBabel #FaktaLapangan",Image,2026-06-03 11:28:12+00:00,0.0,0,0.0,,bidikjelajahpekanbaru_vk,2026-06-03,Apify Instagram Scraper,0.0,2026-06-03
Bangka Belitung,#bangkabelitung,https://www.instagram.com/p/DZHz5dAkvSc/,DZHz5dAkvSc,"Di tengah sorotan terhadap aktivitas tambang ilegal, publik kembali mempertanyakan satu hal mendasar: apakah hukum mampu menjangkau semua pihak yang terlibat, termasuk mereka yang berada di balik layar? Kepercayaan masyarakat hanya dapat tumbuh ketika penegakan hukum dilakukan secara transparan, adil, dan tanpa tebang pilih. Menurut Anda, apa yang harus menjadi prioritas utama untuk memperkuat penegakan hukum di sektor tambang?
#bangkabelitung #tambangtimah #timah #ViralBabel #FaktaLapangan",Image,2026-06-03 11:27:43+00:00,0.0,0,0.0,,bidikjelajahpadang_vk,2026-06-03,Apify Instagram Scraper,0.0,2026-06-03
Bangka Belitung,#bangkabelitung,https://www.instagram.com/p/DZHxQdJE7at/,DZHxQdJE7at,"Dewan Pengurus (DP) KORPRI Provinsi Kepulauan Bangka Belitung kembali menggelar Musyawarah Pimpinan di Ruang Tanjung Pesona, lantai 2 Kantor Gubernur Kepulauan Bangka Belitung, Air Itam, Pangkal Pinang, Rabu (3/6/2026).

Musyawarah Pimpinan kali ini dipimpin oleh Plt. Kepala Dinas Sosial dan Pemberdayaan Desa Provinsi Kepulauan Bangka Belitung, Darlan selaku Wakil Ketua IV merangkap Sekretaris DP KORPRI Provinsi Kepulauan Bangka Belitung membahas rencana pengembangan unit usaha kesejahteraan dan Penggantian Antar Waktu (PAW) DP KORPRI Provinsi Kepulauan Bangka Belitung Masa Bakti 2024-2029. 

Musyawarah Pimpinan diikuti oleh para anggota dan Sekretariat DP KORPRI Provinsi Kepulauan Bangka Belitung.

#KORPRI
#DPKORPRIBabel
#giatDPKORPRIBabel
#BabelBerdaya 
#BangkaBelitung",Sidecar,2026-06-03 11:04:39+00:00,0.0,0,0.0,,korpri.babel,2026-06-03,Apify Instagram Scraper,0.0,2026-06-03
Bangka Belitung,#pulaubelitung,https://www.instagram.com/p/DZGgRKNGBAR/,DZGgRKNGBAR,"Hari2 semakin cepat aja berlalu
Tiba2 udah di pertengahan Minggu
Sudah di awal bulan
Sudah di pertengahan Tahun
Mantap gak tuhhhh 😆😆😆
Semangat hari Rabu

#fotoviral
#pantai
#pulaubelitung",Image,2026-06-02 23:16:58+00:00,0.0,0,0.0,,adeindrasiburian,2026-06-03,Apify Instagram Scraper,0.0,2026-06-02
Bangka Belitung,#pulaubelitung,https://www.instagram.com/p/DY8PaIlk-Vd/,DY8PaIlk-Vd,"Kehidupan itu memiliki kesusahannya masing2
Kadang senang kadang susah
Bukan hanya cerita tentang kaya m1skin
Terkadang cerita sehat dan s4kit dan sebagainya,
Untuk itu tetaplah kuat 💪💪
Semangat selalu

#pulaubelitung
#kontenkreator
#fotoviral",Image,2026-05-29 23:37:14+00:00,0.0,0,0.0,,adeindrasiburian,2026-06-03,Apify Instagram Scraper,0.0,2026-05-29
Bangka Belitung,#pulaubelitung,https://www.instagram.com/p/DY05o9PTSW-/,DY05o9PTSW-,"BELITUNG, TIMELINES.ID — PT TIMAH (Persero) Tbk kembali menunjukkan kepeduliannya kepada masyarakat dengan menyalurkan bantuan hewan kurban untuk Hari Raya Iduladha 1447 Hijriah di Pulau Belitung.

Pada tahun ini, PT TIMAH mendistribusikan sebanyak 46 ekor sapi kurban yang disalurkan ke berbagai desa dan masjid di Pulau Belitung. Rinciannya, sebanyak 22 ekor sapi disalurkan di Kabupaten Belitung dan 24 ekor sapi di Kabupaten Belitung Timur.

Bantuan hewan kurban ini menjadi bagian dari program rutin perusahaan dalam berbagi kebahagiaan Iduladha sekaligus mempererat hubungan dengan masyarakat di wilayah operasional perusahaan.

Kepala Dusun Air Buntar, Desa Membalong, Kabupaten Belitung Bela Fahira mengatakan masyarakat bersyukur atas bantuan sapi kurban dari PT TIMAH. Tahun ini, satu ekor sapi bantuan dari PT TIMAH.

Menurutnya, bantuan tersebut merupakan kali pertama diterima masyarakat Dusun Air Buntar dan sangat membantu warga, terutama karena jumlah penerima manfaat mencapai ratusan kepala keluarga.

“Alhamdulillah, kami sangat bersyukur dan berterima kasih kepada PT TIMAH atas bantuan sapi kurban ini. Semakin banyak sapi yang dibagikan, semakin banyak masyarakat yang bisa merasakan manfaatnya,” ujarnya.

Baca selengkapnya melalui website : timelines.id

#pttimah 
#hewankurban 
#pulaubelitung",Image,2026-05-27 03:12:22+00:00,0.0,0,0.0,"Tanjung Pandan, Belitung - Babel",infotimelines,2026-06-03,Apify Instagram Scraper,0.0,2026-05-27
Bangka Belitung,#pulaubelitung,https://www.instagram.com/p/DYW0bKYEwut/,DYW0bKYEwut,"Memandang laut yang luas
Begitu besarnya kuasa Tuhan 

#lautlepas
#pulauBelitung",Image,2026-05-15 10:49:33+00:00,0.0,0,0.0,,adeindrasiburian,2026-06-03,Apify Instagram Scraper,0.0,2026-05-15
Bangka Belitung,#pulaubelitung,https://www.instagram.com/p/DYUQdA-k_oa/,DYUQdA-k_oa,"Kita disini dulu ya Wee
Pantai Batu Pulas👍👍

#pariwisatabelitungtimur
#pulauBelitung
#belitungtimur
#pantaiBatuPulas
#desacendil",Image,2026-05-14 10:56:45+00:00,0.0,0,0.0,,adeindrasiburian,2026-06-03,Apify Instagram Scraper,0.0,2026-05-14
Bangka Belitung,#pulaubelitung,https://www.instagram.com/p/DYRGjuKJa3o/,DYRGjuKJa3o,"Libur telah tiba. Waktunya untuk kamu berliburan 

Paket Pulau Belitung 

⏩ Tanjung Kelayang 
⏩ Baru Garuda 
⏩ Pulau Pasir
⏩ Batu Belayar
⏩ Lengkuas
⏩ Laskar Pelangi 
⏩ Goa Kelayang 

#laskarpelangi 
#pulaubelitung 
#belitung 
#paketwisata 
#pesonaindonesia",Image,2026-05-13 05:32:35+00:00,0.0,0,0.0,,kencanautamatours,2026-06-03,Apify Instagram Scraper,0.0,2026-05-13
Bangka Belitung,#pulaubelitung,https://www.instagram.com/p/DYNFhQ7E-JT/,DYNFhQ7E-JT,"BELITUNG, TIMELINES.ID — Untuk mendukung promosi wisata di Pulau Belitung, PT TIMAH (Persero) Tbk mendukung pelaksanaan Belitung Youth Competition 2026 yang diselenggarakan oleh Dinas Pariwisata Kabupaten Belitung.

Belitung Youth Competition 2026 meripakan lomba video kraetif promosi pariwisata Kabupaten Belitung 2026 tingkat pelajar. Ajang ini menjadi wadah kolaborasi berbagai pemangku kepentingan, termasuk kalangan pelajar, untuk ikut memperkenalkan potensi wisata daerah.

Melalui kompetisi ini, pelajar didorong menghadirkan karya kreatif berupa video vlog yang menampilkan beragam daya tarik Belitung agar semakin dikenal luas.

Kepala Dinas Pariwisata Kabupaten Belitung yang baru adalah Sastra Yuni Ardi, mngatakan, Belitung Youth Competition 2026 terbuka bagi pelajar tingkat SMP dan SMA. Pendaftaran dibuka pada 1 hingga 8 Mei 2026, sementara pengumuman pemenang dijadwalkan pada 29 Mei 2026.

“Para peserta harus membuat video di berbagai objek wisata dan destinasi yang ada di Pulau Belitung yang diharapkan peserta mampu mempromosikan Belitung secara menarik dan informatif,” katanya.

Baca selengkapnya melalui website : timelines.id

#pttimahtbk #belitungyouthcompetition2026 #pulaubelitung",Image,2026-05-11 16:06:34+00:00,0.0,0,0.0,"Tanjung Pandan, Belitung - Babel",infotimelines,2026-06-03,Apify Instagram Scraper,0.0,2026-05-11
Bangka Belitung,#belitung,https://www.instagram.com/p/DZHeMHREbop/,DZHeMHREbop,"Di tengah sakit dan pelbagai carut marut 
Ternyata masyarakat sendiri lebih handal menghadirkan menu BerGizi bahkan bisa menjadi nilai jual dan sangat menarik bagi wisatawan dan itu smua mrka modali sendiri/suwa sembada mrka 

Diakhir dari setiap sajian  dan kisah atau cara pembuatan kadang ada saja  di balik meja saji sedikit cerita keluh mrka yg tak pernah dilihat apalagi di dengar oleh para pemangku kbajakan..

Sehingga mrka terasa betul surfing nya itu bukan hanya pada saat di laut tapi juga sampe daratan hiks..

Merekapun yakin melalui semangat yg pernah menjadi simbol bagi tempat merka saat ini bahwasanya mimpi melalui pendidikan adalah bagjan dari kunci akan hadir nya kebijakan yang berimbang pada merka terlebih dahulu..

...

#eksplorer #belitung #belitungisland #fyp #follow",Sidecar,2026-06-03 08:18:02+00:00,-1.0,0,0.0,Belitung Bumi Laskar Pelangi,isan_miftah,2026-06-03,Apify Instagram Scraper,-1.0,2026-06-03
Bangka Belitung,#belitung,https://www.instagram.com/p/DZHaZJ6pgQW/,DZHaZJ6pgQW,"Pico Laser Underarm

Book Your Scheduled Now 
WA 087875782879
Part of @jinggamuaofficial
Jl. Paal,satu Kapten saridin tanjung pandan - Belitung
Buka Setiap Hari 08.30-20.00
-Terima Home Service-

#belitung 
#bangkabelitung 
#belitungisland
#laser #ketiak ketiakhitam 
underarm picolaser laserketiak ketiakgelap 
salonbelitung
jinggamuaofficial",Image,2026-06-03 07:45:08+00:00,-1.0,0,0.0,"Tanjungpandan, Sumatera Selatan, Indonesia",jingga_beauty_center,2026-06-03,Apify Instagram Scraper,-1.0,2026-06-03
Bangka Belitung,#belitung,https://www.instagram.com/p/DZHDQr_zIaI/,DZHDQr_zIaI,"Gloosy Smooth

Book Your Scheduled Now 
WA 087875782879
Part of @jinggamuaofficialjj
Jl. Paal,satu Kapten saridin tanjung pandan - Belitung
Buka Setiap Hari 08.30-20.00
-Terima Home Service-

#belitung 
#bangkabelitung 
#belitungisland
#glossysmooth #smoothingtreatment",Image,2026-06-03 04:23:11+00:00,-1.0,0,0.0,"Tanjungpandan, Sumatera Selatan, Indonesia",jinggamuaofficial,2026-06-03,Apify Instagram Scraper,-1.0,2026-06-03
Bangka Belitung,#belitung,https://www.instagram.com/p/DZHDNDnzqvF/,DZHDNDnzqvF,"Gloosy Smooth

Book Your Scheduled Now 
WA 087875782879
Part of @jinggamuaofficialjj
Jl. Paal,satu Kapten saridin tanjung pandan - Belitung
Buka Setiap Hari 08.30-20.00
-Terima Home Service-

#belitung 
#bangkabelitung 
#belitungisland
#glossysmooth #smoothingtreatment",Image,2026-06-03 04:22:38+00:00,-1.0,0,0.0,"Tanjungpandan, Sumatera Selatan, Indonesia",jinggamuaofficial,2026-06-03,Apify Instagram Scraper,-1.0,2026-06-03
Bangka Belitung,#wisatabelitung,https://www.instagram.com/p/DY6vq1EBa-I/,DY6vq1EBa-I,"🌴✨ Saatnya healing tanpa ribet bareng orang-orang terdekat!

Nikmati serunya menjelajah keindahan Pulau Belitung dengan konsep **Privat Trip / Planning Trip** yang lebih fleksibel, nyaman, dan eksklusif 🌊☀️
Mulai dari pantai cantik, snorkeling di Pulau Lengkuas, hingga spot wisata ikonik siap bikin liburanmu makin berkesan! 💙

📍 Belitung Private Trip
💰 Mulai Rp 1.350.000/orang
👥 Cocok untuk keluarga, sahabat, komunitas, maupun rombongan kantor
🗓️ Jadwal fleksibel sesuai request

✨ Liburan tenang, itinerary santai, dan full dokumentasi momen terbaikmu!

📞 Booking sekarang:
0853 8133 0174

#BelitungTrip #PrivateTripBelitung #PlanningTrip #WisataBelitung #opentripbelitung",Image,2026-05-29 09:41:16+00:00,-1.0,0,0.0,,ngasobabel.tour,2026-06-03,Apify Instagram Scraper,-1.0,2026-05-29
Bangka Belitung,#pulaubelitung,https://www.instagram.com/p/DX397r-E5BQ/,DX397r-E5BQ,"MasyaAllah Tabarakallah 
“Keindah yang tak berujung 🌊🍃 

#belitungtrip  #pantai #pulaubelitung  #ootd #hijabfashion",Sidecar,2026-05-03 11:16:10+00:00,-1.0,0,0.0,Belitung Island,try_wulan_marleni,2026-06-03,Apify Instagram Scraper,-1.0,2026-05-03
Bangka Belitung,#explorebelitung,https://www.instagram.com/p/DZEejAlEwjM/,DZEejAlEwjM,"🍀🌸Pilihlah seseorang Bukan karena dia Mempunyai Segalanya,Tapi karena menjadikanmu Segalanya🌸🍀 #belitung #explorebelitung #ootd #pinkhijau",Sidecar,2026-06-02 04:23:26+00:00,-1.0,0,0.0,Pantai Tanjung Tinggi Belitung ( Laskar Pelangi Beach ),nurulmaidahrozak,2026-06-03,Apify Instagram Scraper,-1.0,2026-06-02
Bangka Belitung,#explorebelitung,https://www.instagram.com/p/DYrMkXbTuRg/,DYrMkXbTuRg,"[ THE GRAND FINALE: BESOK BANGET! 🌟 ]

Satu hari menuju puncak kemeriahan Festival Budaya Napak Sire 2026! 🎉

Hari Minggu besok, 24 Mei 2026, siapkan energi kalian karena kita akan disuguhkan rangkaian pertunjukan luar biasa dari siang sampai malam hari. Mulai dari lucunya tari kreasi anak-anak, lincahnya modern dance & K-Pop cover, hingga sakralnya mahakarya tari esok malam!

Catat jadwal tampilnya dan jangan sampai kelewatan ya:
⏰ Sesi 1 (15.00 - 17.35 WIB)
* Tari Kreasi Anak: Shake It Off, Waka Waka, Anak Anak Hebat, & Empat Kata Ajaib
* Modern Dance: Zootopia Dance
* Cover Dance: Baby Monster - Psycho
* Kpop Dance Cover: Oneus – Luna Ace Theater
* Timor Mix Dance

⏰ Sesi 2 (19.30 - 22.40 WIB)
* Penampil Musik Keroncong (Sarong Harmoni)
* Penampilan Pemenang Culture Festival Costum
* Penampilan Tari & Vokal Yasmin Khairunnisa (Lagu: Seni Budaya Kite)
* ✨ KARYA TARI NAPAK SIRE ✨
* Pemberian Penghargaan & Pengumuman Juara Lomba

Ajak seluruh keluarga, teman, dan pasanganmu ke Pantai Wisata Tanjung Pendam esok hari. Mari kita rayakan seni, budaya, dan kreativitas bersama-sama! 🙌✨
Admission is FREE! Sampai jumpa di depan panggung! 👋

📍 Pantai Wisata Tanjung Pendam, Belitung 📞 Info lebih lanjut: +62 877-4869-8085
📧 ligatligat.production@gmail.com
.
.
.
#FestivalBudayaNapakSire #NapakSire2026 #KarismaEventNusantara #WonderfulIndonesia #ExploreBelitung",Image,2026-05-23 09:24:10+00:00,-1.0,0,0.0,"Tanjung Pandan, Belitung - Babel",festivalbudayanapaksire,2026-06-03,Apify Instagram Scraper,-1.0,2026-05-23
Bangka Belitung,#explorebelitung,https://www.instagram.com/p/DYrMIAfTTWQ/,DYrMIAfTTWQ,"Hari Kedua Napak Sire 2026: Merayakan Tradisi & Kreativitas! ✨

Jangan sampai kelewatan keseruan hari ini di Kawasan Wisata Pantai Tanjung Pendam. Dari sore sampai malam, kita bakal disuguhkan berbagai penampilan seni tari tradisional, talkshow inspiratif, hingga kompetisi kostum budaya yang megah!

Catat jadwalnya dan ajak keluarga serta teman-temanmu ya:
🕒 14.00 - 17.35 WIB:
* Ligat Tari (Tari Suka Ria, Tari Pesona Nibong Palai, Tari Keremuting, Tari Bedulang, Tari Jajak Gede)
* Tari Lais De Anyam - (Sanggar Pelita Budaya)
* Talkshow “Representasi tradisi menyirih urang Belitung melalui Seni Budaya”
🕒 19.30 - 22.40 WIB:
* Culture Festival Kostum
* Kompetisi Culture Festival Kostum (Catwalk Performance)
* Kompetisi Tunggal (Tari & Musik)
* Tari Bagan De Ujong - (Sanggar Pelita Budaya)

Yuk, sama-sama kita lestarikan budaya dan nikmati keindahan seni urang Belitung! Sampai ketemu di Pantai Tanjung Pendam! 🏝️💃
.
.
.
#FestivalBudayaNapakSire #NapakSire2026 #ExploreBelitung #VisitBelitung #KarismaEventNusantara",Image,2026-05-23 08:44:40+00:00,-1.0,0,0.0,"Tanjung Pandan, Belitung - Babel",festivalbudayanapaksire,2026-06-03,Apify Instagram Scraper,-1.0,2026-05-23
Borobudur,#borobudur,https://www.instagram.com/p/DZG8KzSGavt/,DZG8KzSGavt,"Hari masih benar-benar pagi. Tepat pukul 05.00 WIB, sekitar 300 umat Buddha binaan Pusdiklat Buddhis Bodhidharma memulai ritual San Bu Yi Bai (Tiga Langkah Satu Namaskara) di Candi Borobudur, Magelang, Jawa Tengah, pada Senin (31/5). Tradisi ini menjadi salah satu praktik spiritual yang lazim dijalankan umat Buddha Mahayana dalam rangka memperingati Hari Raya Waisak.

Peserta datang dari berbagai daerah, antara lain Jakarta, Semarang, Bandung, Salatiga, Wonogiri, dan Temanggung. Ritual diawali dengan meditasi jalan dari kawasan Manohara menuju pelataran Zona 1 Candi Borobudur. Setelah seluruh peserta tiba di kaki candi, prosesi San Bu Yi Bai pun dimulai.

Di barisan terdepan, rupang Buddha, lilin, dan dupa yang tetap menyala mengiringi jalannya ritual. Bhiksu Vidya Sasana selaku Kepala Pusdiklat Buddhis Bodhidharma memimpin jalannya prosesi. Dengan langkah perlahan, umat melafalkan nama Buddha. Setiap tiga langkah, mereka berhenti untuk melakukan namaskara.

Seiring matahari mulai meninggi, keringat menetes di wajah para peserta. Dahi yang menyentuh tanah saat bernamaskara perlahan dipenuhi butiran pasir dan remah tanah—menjadi jejak kecil dari praktik penghormatan, ketekunan, dan penghayatan batin yang dijalani sepanjang prosesi.

Ritual San Bu Yi Bai berlangsung cukup panjang, dimulai dari pintu timur hingga mencapai pintu barat Candi Borobudur. Setelah prosesi selesai, para bhiksu dan umat melanjutkan dengan puja bakti di area puncak Candi Borobudur.

@wearebodhidharma 
#foto #waisak #borobudur #mahayana",Sidecar,2026-06-03 03:20:45+00:00,196.0,1,0.0,,buddhazine,2026-06-03,Apify Instagram Scraper,197.0,2026-06-03
Borobudur,#borobudurtemple,https://www.instagram.com/p/DZFF_HACa69/,DZFF_HACa69,"Ikut festival lampion di Borobudur. Mulai dari war ticket dari jauh jauh hari untuk show Nopi the beauty of lantern festival. 
But Lampion ga terbang. sad? Pasti. Kecewa? Jujur iya. Tapi di momen ini aku merasa di sini Kodav dan Nopi belajar bahwa dalam hidup dan dalam relationship ini pasti ada failure baik kecil atau gede dan pasti hidup ga bakal selalu mulus dan perfect. Dan yang kuliat adalah ketika gagal, tetep keep trying and work hard till the end. Dan ketika bener bener gagal, masi bisa enjoy all the moments, no blaming, be strong dan saling menguatkan. Saling menghibur dan tetep bisa smile dan tetap melaju untuk step step selanjutnya dalam trip ini. Still feel grateful. 💓💓✨✨

#borobudur #borobudurtemple #waisakborobudur #lanternfestival",Sidecar,2026-06-02 10:08:03+00:00,181.0,2,0.0,Borobudur Temple,david_andiwjy,2026-06-03,Apify Instagram Scraper,183.0,2026-06-02
Borobudur,#wisataborobudur,https://www.instagram.com/p/DZArtGTGKt8/,DZArtGTGKt8,Menikmati waisak di borobudur ditemani secangkir kopi dan hangantnya makanan di eyoop coffee eatery borobudur #magelang #wisataborobudur #kulinerborobudur #restoborobudur,Sidecar,2026-05-31 17:01:27+00:00,155.0,0,0.0,,eyoopborobudur,2026-06-03,Apify Instagram Scraper,155.0,2026-05-31
Borobudur,#borobudurtemple,https://www.instagram.com/p/DZCxsN1E55y/,DZCxsN1E55y,"Ten thousands of people. Zero chaos.
Long wait,Completely worth it.

When the lanterns lit up Borobudur, I felt something I can’t quite put into words — just a quiet heart and a simple wish: peace for everyone, everywhere.

First Vesak in 14 years.
Won‘t be my last.
@wonderfulindonesia 
@pesona.indonesia 
@borobudurmeditation 
#borobudur #borobudurtemple #vesak #vesakday",Sidecar,2026-06-01 12:32:14+00:00,108.0,0,0.0,,xiaoyu_mc,2026-06-03,Apify Instagram Scraper,108.0,2026-06-01
Borobudur,#borobudurtemple,https://www.instagram.com/p/DZC2cvCky-x/,DZC2cvCky-x,"thousands of lanterns rise through the night sky
_
_
📷 @sonyalpha_id A7II
🔭 @sonyalpha_id  FE 70-300mm G OSS

#vesakday2026 #waisakborobudur #borobudurtemple #nightshot #sonya7ii",Sidecar,2026-06-01 13:13:49+00:00,100.0,4,0.0,Borobudur Temple,andisitepoe,2026-06-03,Apify Instagram Scraper,104.0,2026-06-01
Borobudur,#candiborobudur,https://www.instagram.com/p/DZFl-z1CZr4/,DZFl-z1CZr4,"Menggema Pesan Kedamaian dan Persatuan Dunia dari Candi Borobudur 🪷✨

Ribuan umat Buddha dari berbagai penjuru Indonesia dan mancanegara memadati kawasan Candi Borobudur untuk mengikuti puncak peringatan Hari Tri Suci Waisak 2570 B.E./2026. Berlangsung dengan penuh kekhusyukan, momen paling sakral terjadi saat Detik-Detik Waisak jatuh tepat pada pukul 15.44.44 WIB.

Tahun ini, Waisak mengusung tema “Dharma sebagai Sumber Moral dan Kebajikan” dengan subtema “Cinta Kasih Sumber Perdamaian Dunia”. Sebuah pesan mendalam yang sangat relevan untuk membawa energi kedamaian dari altar puja menuju ruang publik yang majemuk.

Melalui momen sakral ini, mari kita bersama-sama memperkuat persatuan, menumbuhkan kebijaksanaan, serta menebarkan cinta kasih bagi seluruh makhluk hidup.

Sabbe Satta Bhavantu Sukhitatta 🙏🌸

#Waisak2026 #HariRayaWaisak2570 #CandiBorobudur #WaisakNasional #DamaiIndonesia WALUBI WonderfulIndonesia",Sidecar,2026-06-02 14:47:38+00:00,93.0,2,0.0,Candi Borobudur,waisaknasional.indonesia,2026-06-03,Apify Instagram Scraper,95.0,2026-06-02
Borobudur,#borobudur,https://www.instagram.com/p/DZG4OoXGIH6/,DZG4OoXGIH6,"Thousands of Lanterns Illuminate the Sky at Borobudur During Vesak 2026.

Sony ILCE-7RM5, FE 24-70mm F2.8 GM II
.
.
.
#candiborobudur 
#Waisak2026
#Vesak2026
#WaisakBorobudur
#Borobudur",Sidecar,2026-06-03 02:46:19+00:00,89.0,0,0.0,Candi Borobudur - Unesco World Heritage,shirlyhamra,2026-06-03,Apify Instagram Scraper,89.0,2026-06-03
Borobudur,#candiborobudur,https://www.instagram.com/p/DZCnvZqEviA/,DZCnvZqEviA,"Definisi toleransi yang sesungguhnya itu indah banget.🥹🤍

Intip momen hangat Dian Sastrowardoyo, Adinia Wirasti, dan Sissy Prescillia menghadiri perayaan Waisak 2026 di Candi Borobudur, Magelang, 31 Mei 2026. 💫

Tampil bersahaja dengan busana serbaputih, ketiganya mengikuti rangkaian acara dengan khidmat, termasuk sesi menerbangkan lampion yang penuh doa dan harapan. 

Respect and love🫶✨️

#cantikadotcom
#gengaadc
#diansastrowardoyo
#waisak2026
#candiborobudur",Sidecar,2026-06-01 11:05:30+00:00,81.0,1,0.0,,cantikadotcom,2026-06-03,Apify Instagram Scraper,82.0,2026-06-01
Borobudur,#wisataborobudur,https://www.instagram.com/p/DY3ews0k053/,DY3ews0k053,"Sering kali, mata kita hanya terbiasa melihat alam sebagai sebuah latar belakang untuk diabadikan. 🌿

Namun bila kamu bersedia duduk sedikit lebih lama dan menajamkan pendengaran di pelataran kami, kamu akan menyadari bahwa Ngrajek adalah sebuah ekosistem yang terus hidup dan bergerak.

Dari air irigasi yang mengalir tenang menghidupi tanaman, hingga padi yang menua dan berganti rupa mengikuti musim. Di Kopi Mpat, kita semua adalah tamu yang singgah di pekarangan mereka. Dan layaknya seorang tamu, kemewahan terbaik yang bisa kita berikan adalah rasa hormat—dengan menjaga kebersihan, merendahkan volume suara, dan menyelaraskan diri dengan ketenangan tuan rumah.

Terima kasih telah selalu menjadi tamu yang baik setiap kali singgah.

Reservasi Kedatangan :
📞 0812-1202-2172 🌿

#sempatkekopimpat #kopimagelang  #jengkarkopimpat #kulinermagelang #wisataborobudur",Sidecar,2026-05-28 03:15:56+00:00,72.0,1,0.0,Magelang,kopi_mpat,2026-06-03,Apify Instagram Scraper,73.0,2026-05-28
Borobudur,#candiborobudur,https://www.instagram.com/p/DZFON7iEX4j/,DZFON7iEX4j,"Ribuan umat Buddha dari berbagai daerah di Indonesia mengikuti Kirab Waisak 2570 B.E./2026 yang berlangsung khidmat dari Candi Mendut menuju Candi Borobudur, Magelang.

Dengan membawa Api Dharma dan Air Berkah Waisak, para peserta berjalan bersama dalam suasana penuh kebersamaan, penghormatan, dan semangat spiritual. Prosesi sakral ini menjadi simbol perjalanan menuju pencerahan, sekaligus pengingat akan nilai-nilai kebajikan, cinta kasih, dan perdamaian yang diajarkan Sang Buddha. 🙏

Kirab semakin semarak dengan kehadiran mobil-mobil hias bernuansa Buddhis serta gunungan hasil bumi sebagai ungkapan rasa syukur atas berkah alam dan kesejahteraan masyarakat. Sepanjang perjalanan, ribuan masyarakat turut menyaksikan dan mengabadikan momen bersejarah yang menjadi bagian dari perayaan Hari Tri Suci Waisak Bersama Umat Buddha Indonesia.

Semoga semangat Waisak membawa kedamaian, kebahagiaan, dan keharmonisan bagi seluruh makhluk. 🪷✨

#waisak2026 #kirabwaisak #candimendut #candiborobudur #walubi",Sidecar,2026-06-02 11:19:59+00:00,50.0,2,0.0,Candi Mendut Borobudur Magelang,waisaknasional.indonesia,2026-06-03,Apify Instagram Scraper,52.0,2026-06-02
Borobudur,#borobudurtemple,https://www.instagram.com/p/DZDAuc1FGht/,DZDAuc1FGht,#borobudurtemple #borobudur,Sidecar,2026-06-01 14:43:37+00:00,41.0,4,0.0,,fttaaaaaa_22,2026-06-03,Apify Instagram Scraper,45.0,2026-06-01
Borobudur,#candiborobudur,https://www.instagram.com/p/DZEc2N6E6WT/,DZEc2N6E6WT,"hopefully become a better person🤍

#borobudur 
#candiborobudur 
#magelang",Sidecar,2026-06-02 04:08:35+00:00,41.0,2,0.0,,tyys_eyes,2026-06-03,Apify Instagram Scraper,43.0,2026-06-02
Borobudur,#candiborobudur,https://www.instagram.com/p/DZC25YFEvTR/,DZC25YFEvTR,"A magical night at Borobudur✨ 
Watching thousands of lanterns rise into the sky during Vesak felt surreal — a moment of peace, hope, and beauty all in one place. Truly an unforgettable experience. 
.
.
#OPPOFindX9Ultra #OPPOAmbassadors #ShotonOPPO #waisak2570be #candiborobudur",Sidecar,2026-06-01 13:17:43+00:00,-1.0,40,0.0,Candi Borobudur Jawa Tengah,saprimmz,2026-06-03,Apify Instagram Scraper,39.0,2026-06-01
Borobudur,#borobudurtemple,https://www.instagram.com/p/DZC0oqxn6Pv/,DZC0oqxn6Pv,"Berawal dari cahaya kecil dari terang lilin kemudian berbagii dari satu cahaya kecil ke cahaya kecil lainnya sehingga menjadi terang sama seperti doa-doa damai yang dilangitkan menjadi cahaya indah dari Indonesia untuk Dunia. 

Happy Vesak Day 2570 BE
“Dharma Menjaga Perdamaian Dunia” 
“Sabbe satta bhavantu sukhitatta”
Semoga semua makhluk hidup berbahagia.🪷

Add one checking ✅ my bucket list 🤍
Finding happiness 🥂
#waisakborobudur2026 
#borobudurtemple 
#jogjaistimewa 
#liveyourdreams 
#livelovelaugh",Sidecar,2026-06-01 12:57:58+00:00,34.0,1,0.0,"Borobudur, Jawa Tengah, Indonesia",delia_dheaaa,2026-06-03,Apify Instagram Scraper,35.0,2026-06-01
Borobudur,#exploreborobudur,https://www.instagram.com/p/DY_de92EnE_/,DY_de92EnE_,"POV: Kamu dan teman-temanmu lagi keliling Borobudur naik VW klasik sambil ketawa sepanjang jalan. 🚐🌿✨

Dari Bali datang ke sini, ekspektasi kami tinggi. Tapi ternyata pengalaman bersama @borobudurvw_clasics @borobudurvw.clasics @kronyos_entertain jauh lebih seru dari yang dibayangkan.

View cantik ✅
Foto estetik ✅
Suasana desa yang autentik ✅
Kenangan yang susah dilupakan ✅

Satu hal yang pasti, ini bukan perjalanan yang cukup diceritakan lewat foto. Harus dirasakan langsung.

Save postingan ini untuk trip Borobudur berikutnya dan tag teman yang wajib diajak ke sini! 🔥

#borobudurvwclassic #borobudurvibes #exploreborobudur #explorejogja #fypシ",Sidecar,2026-05-31 05:37:56+00:00,33.0,0,0.0,"Borobudur, Jawa Tengah, Indonesia",kronyos_entertain,2026-06-03,Apify Instagram Scraper,33.0,2026-05-31
Borobudur,#candiborobudur,https://www.instagram.com/p/DZEznXSE3IA/,DZEznXSE3IA,"Sudah beberapa lama tinggal di Magelang, baru kali ini masuk Candi Borobudur. Cuma sampai pelataran aja, tidak sampai naik ke candinya😅 

#candiborobudur #borobudurtemple #magelang",Sidecar,2026-06-02 07:27:32+00:00,27.0,2,0.0,Borobudur Temple - Magelang Jawa Tengah,rumarums,2026-06-03,Apify Instagram Scraper,29.0,2026-06-02
Borobudur,#borobudur,https://www.instagram.com/p/DZHZztXAeTL/,DZHZztXAeTL,"The boy with a thousand hopes 🌟
—
#like #borobudur #indonesia #lampion #makeawish",Sidecar,2026-06-03 07:39:45+00:00,25.0,3,0.0,"Surabaya, Indonesia",d_ae_niel,2026-06-03,Apify Instagram Scraper,28.0,2026-06-03
Borobudur,#borobudur,https://www.instagram.com/p/DZG_K56kVS2/,DZG_K56kVS2,"Main-main ke server sebelah, dan disambut ramah. #vesak #vesakday #borobudur #moments #festival",Sidecar,2026-06-03 03:46:59+00:00,22.0,5,0.0,Candi Borobudur - Unesco World Heritage,peha_peha,2026-06-03,Apify Instagram Scraper,27.0,2026-06-03
Borobudur,#borobudurtemple,https://www.instagram.com/p/DZGs5VMtrsD/,DZGs5VMtrsD,Dating kejap #borobudur #borobudurtemple #shotoniphone #landscape,Image,2026-06-03 01:13:36+00:00,25.0,1,0.0,Yogyakarta Indonesia,izzipixels,2026-06-03,Apify Instagram Scraper,26.0,2026-06-03
Borobudur,#borobudurtemple,https://www.instagram.com/p/DZCuLUloBDQ/,DZCuLUloBDQ,"Yesterday, we had the privilege of celebrating Vesak at Borobudur Temple, surrounded by a spirit of peace, reflection, and cultural appreciation. 

Alongside the sacred observances, guests enjoyed authentic Indonesian traditions through batik-making and Jamu workshops, creating meaningful connections with the rich heritage of Java.

Thank you to everyone who joined us in making this Vesak celebration a truly memorable experience.

#Vesak2026 #BorobudurTemple #CulturalHeritage #BatikWorkshop #JamuExperience #IndonesiaCulture",Sidecar,2026-06-01 12:02:34+00:00,26.0,0,0.0,,hotelletemple,2026-06-03,Apify Instagram Scraper,26.0,2026-06-01
Borobudur,#wisataborobudur,https://www.instagram.com/p/DYygHqToCS0/,DYygHqToCS0,"Bertemu adalah seni untuk saling menyelami dan memahami. 🌿

Di pelataran Kopi Mpat, kami sering melihat bagaimana sebuah ruang yang tenang bisa membuka pintu cerita yang paling dalam. Di sini, perjumpaan bukan tentang seberapa lama kita duduk bersama, melainkan tentang seberapa utuh kita hadir untuk mendengarkan.

Kami merawat setiap sudut di Ngrajek agar setiap kata yang kamu ucapkan menemukan tempatnya untuk mendarat dengan tenang. Tanpa interupsi, tanpa perlu diburu oleh waktu.

Terima kasih telah menjadikan ruang ini sebagai tempat berlabuhnya cerita-cerita bermaknamu. Siapa yang paling ingin kamu dengar suaranya hari ini?

#sempatkekopimpat #kopimagelang  #jengkarkopimpat #kulinermagelang #wisataborobudur",Sidecar,2026-05-26 04:50:10+00:00,26.0,0,0.0,Magelang,kopi_mpat,2026-06-03,Apify Instagram Scraper,26.0,2026-05-26
Borobudur,#wisataborobudur,https://www.instagram.com/p/DY9dkEIlMnl/,DY9dkEIlMnl,"Sambil nunggu Festival Lampion Waisak dimulai, jangan cuma bengong nunggu waktu sore lewat gitu aja. Kamu bisa mampir dulu ke Bukit Rhema buat menikmati suasana nyore dengan view alam yang tenang, hamparan Perbukitan Menoreh, dan udara sore yang bikin momen liburan terasa lebih adem🍃

Dari sini, kamu juga bisa foto-foto, menikmati golden hour, dan bikin waktu tunggu sebelum festival jadi lebih seru bareng teman, keluarga, atau rombongan🙌🏻

Biar perut aman sebelum lanjut ke area festival, kamu juga bisa mampir makan di Kedai Bukit Rhema yang punya banyak pilihan menu buat dinikmati bareng-bareng.

Jadi sebelum malamnya menikmati indahnya lampion Waisak di Borobudur, sore harinya kamu sudah punya cerita dulu di Bukit Rhema, tempat yang pas buat santai, makan, foto-foto, dan menikmati perjalanan dengan lebih berkesan. ✨

#waisakborobudur2026 
#festivallampion 
#wisataborobudur 
#wisatamagelang 
#waisak2026",Sidecar,2026-05-30 11:00:09+00:00,24.0,0,0.0,Kedai Bukit Rhema,kedai.bukitrhema,2026-06-03,Apify Instagram Scraper,24.0,2026-05-30
Borobudur,#candiborobudur,https://www.instagram.com/p/DZFNGVoFJ2m/,DZFNGVoFJ2m,"Dulu ada 7 keajaiban dunia, Indonesia punya salah satunya, Borobudur.  Di balik megahnya Candi Borobudur, Candi Prambanan,dll tersimpan bukti bahwa bangsa ini pernah berdiri begitu tinggi—bukan hanya dalam batu, tapi dalam ilmu, budaya, dan peradaban.
Nenek moyang kita membangun karya luar biasa tanpa teknologi modern, tapi dengan ketekunan, kecerdasan, dan visi besar. Itu bukan sekadar sejarah, tapi pengingat: kita berasal dari bangsa yang hebat.
Kini, tugas kita bukan hanya mengagumi, tapi belajar. Belajar tentang kerja keras, persatuan, dan semangat membangun yang tak kenal lelah. Karena bangsa besar bukan hanya yang punya masa lalu gemilang, tapi yang mampu menjadikannya pijakan untuk masa depan yang lebih tinggi.
Indonesia pernah hebat. Dan bisa hebat lagi—jika kita mau belajar dari sejarah. Ingat Kita ini Bangsa Yg Besar! Eh Kayak baru denger ya 😀 #candiborobudur #candiprambanan #candisingosari #candijabung #indonesia",Sidecar,2026-06-02 11:10:13+00:00,16.0,6,0.0,,thio_9,2026-06-03,Apify Instagram Scraper,22.0,2026-06-02
Borobudur,#borobudurtemple,https://www.instagram.com/p/DZCOidGmMqk/,DZCOidGmMqk,"Terbanglah harapan-harapan, 
Bersama gemintang dan rembulan,
Menuju ke ketinggian Tuhan...
. 
#perayaancahaya #waisak2026 #borobudurtemple #magelanghits #lampionwaisakmbmi2026",Sidecar,2026-06-01 07:25:04+00:00,20.0,0,0.0,Borobudur Temple,mas_dim077,2026-06-03,Apify Instagram Scraper,20.0,2026-06-01
Borobudur,#borobudur,https://www.instagram.com/p/DZHtWXnE3FG/,DZHtWXnE3FG,"Merupakan suatu kebanggaan dan kebahagiaan dapat menjadi bagian dari kepanitiaan pada salah satu rangkaian acara istimewa Hari Raya Tri Suci Waisak 2570 BE yang diselenggarakan di Candi Borobudur pada 31 Mei 2026.

Berkesempatan turut menerbangkan lampion bersama tim, menyatu dengan ribuan lampion lainnya yang menghiasi langit malam Borobudur. Setiap lampion terbang membawa doa, harapan, dan semangat untuk menyalakan pelita kebijaksanaan serta menerangi perjalanan kehidupan dengan kedamaian dan kasih sayang.

Selamat Hari Raya Waisak 2570 BE. Semoga kedamaian, kebahagiaan, dan keberkahan senantiasa menyertai semua makhluk

#waisakdiborobudur #waisak #waisak2026 #festivallampion #borobudur",Sidecar,2026-06-03 10:30:30+00:00,18.0,1,0.0,Candi Borobudur,ody_batbar,2026-06-03,Apify Instagram Scraper,19.0,2026-06-03
Borobudur,#candiborobudur,https://www.instagram.com/p/DZB797skUqu/,DZB797skUqu,"Candi Borobudur 
Magelang Jawa Tengah

#waisak #candiborobudur #lampion",Sidecar,2026-06-01 04:42:48+00:00,19.0,0,0.0,,mimieflaviana,2026-06-03,Apify Instagram Scraper,19.0,2026-06-01
Borobudur,#candiborobudur,https://www.instagram.com/p/DZFVHAzGg0f/,DZFVHAzGg0f,"Dengan penuh khidmat dan sukacita, kami mengikuti kegiatan Pradaksina di Candi Mendut dan Candi Borobudur dalam rangkaian perayaan Waisak 2570 BE / 2026.

Langkah demi langkah mengelilingi candi menjadi momen refleksi untuk menumbuhkan kebijaksanaan, memperkuat cinta kasih, serta meneguhkan tekad dalam menjalani kehidupan yang penuh makna. 

Semoga semangat Waisak senantiasa menginspirasi kita untuk menebarkan kedamaian, keharmonisan, dan kebahagiaan bagi semua makhluk.

Sabbe Satta Bhavantu Sukhitatta.

#Waisak2570BE 
#Pradaksina 
#CandiMendut #CandiBorobudur #BuddhaDhamma 
Kedamaian",Sidecar,2026-06-02 12:20:13+00:00,18.0,0,0.0,,lihocaroline,2026-06-03,Apify Instagram Scraper,18.0,2026-06-02
Borobudur,#candiborobudur,https://www.instagram.com/p/DZDGukyE_Nf/,DZDGukyE_Nf,"Wali Kota Singkawang, Tjhai Chui Mie, mengikuti rangkaian kegiatan Perayaan Tri Suci Waisak Nasional 2570 BE Tahun 2026 yang berlangsung di kawasan Candi Mendut dan Candi Borobudur, Kabupaten Magelang, Jawa Tengah, Sabtu (30/05/2026).

Kehadiran Wali Kota menjadi wujud dukungan terhadap nilai-nilai toleransi, persaudaraan, serta kerukunan antarumat beragama yang menjadi fondasi kehidupan bermasyarakat di Indonesia.

Rangkaian kegiatan diawali dengan mengikuti prosesi sakral penyakralan Air Berkah Umbul Jumprit yang dibawa menuju Candi Mendut. Pada puncak perayaan Waisak, Wali Kota turut menghadiri prosesi agung dari Candi Mendut menuju Candi Borobudur yang menjadi momentum sakral dalam menyambut Detik-Detik Waisak 2570 BE. 

Di kawasan Candi Borobudur, Wali Kota mengikuti rangkaian doa bersama, meditasi, dan perenungan yang berlangsung hingga Detik-Detik Waisak. Pada malam harinya, Wali Kota juga menghadiri Dharmasanti Waisak Nasional 2570 BE. Kegiatan ini menjadi sarana mempererat persatuan bangsa sekaligus memperkuat semangat kebersamaan dalam keberagaman. 

Perayaan Waisak ini tidak hanya menjadi peristiwa keagamaan bagi umat Buddha, tetapi juga momentum untuk memperkuat nilai-nilai kemanusiaan, toleransi, dan perdamaian yang dapat dirasakan oleh seluruh masyarakat. Semangat Waisak diharapkan mampu menjadi inspirasi dalam membangun kehidupan yang harmonis, saling menghormati, dan penuh kasih sayang.

📸 : @prokopimsingkawang

▶️ Like | Comment | Share
#prokopimskw #dokpimskw #tjhaichuimie #walikotasingkawang #singkawanghebat #pastikesingkawang #singkawang #waisak #waisaknasional #waisak2026 #candiborobudur",Sidecar,2026-06-01 15:36:03+00:00,17.0,0,0.0,,prokopimsingkawang,2026-06-03,Apify Instagram Scraper,17.0,2026-06-01
Borobudur,#exploreborobudur,https://www.instagram.com/p/DYwjbs4iTNa/,DYwjbs4iTNa,"Selamat Hari Raya Idul Adha
.
.
Open daily start 6am - 9pm (10pm weekend only)
Dusun Gombong Rt01 Rw04, Kembanglimus,
Borobudur, Magelang
#borobudur #exploreborobudur #exploremagelang #finediningmagelang #hiddengemsmagelang",Sidecar,2026-05-25 10:41:19+00:00,16.0,0,0.0,"Borobudur, Jawa Tengah, Indonesia",vanbloemen1881,2026-06-03,Apify Instagram Scraper,16.0,2026-05-25
Borobudur,#borobudur,https://www.instagram.com/p/DZHFInSkest/,DZHFInSkest,"Festival Lampion Borobudur: Behind the scenes

#travel
#lantern
#trip
#indonesia 
#borobudur",Sidecar,2026-06-03 04:39:06+00:00,13.0,2,0.0,Borobudur Temple,_yanhadian_,2026-06-03,Apify Instagram Scraper,15.0,2026-06-03
Borobudur,#borobudurtemple,https://www.instagram.com/p/DZE_znxmfbI/,DZE_znxmfbI,"ボロブドゥール寺院
#Indonesia
#borobudurtemple 
#lanternfestival",Sidecar,2026-06-02 09:14:04+00:00,15.0,0,0.0,,terrasse_mizukane,2026-06-03,Apify Instagram Scraper,15.0,2026-06-02
Borobudur,#borobudur,https://www.instagram.com/p/DZHi981Bf2L/,DZHi981Bf2L,"Beneath the silent temple and the watchful moon, I found a moment where time seemed to stand still. In the stillness of the night, the soul speaks, and the universe listens.
.
.
#borobudur #moonlight #multipleexposure #photography #fuji",Image,2026-06-03 09:01:04+00:00,8.0,6,0.0,,dintje7117,2026-06-03,Apify Instagram Scraper,14.0,2026-06-03
Borobudur,#borobudur,https://www.instagram.com/p/DZHgTNaRiPF/,DZHgTNaRiPF,"✨ Family Time ✨

Karena waktu bersama keluarga adalah yang paling berharga🥰
Nikmati setiap momennya di Raja Kosek Cafe 🏡❤️

Information & Reservasi :
Raja Kosek Resto & Cafe
📲 CS 1 : 0815 5444 4407
📲 CS 2 : 0815 5444 4405

#borobudur #magelang #cafemagelang #cafeborobudur #instagram",Image,2026-06-03 08:36:31+00:00,11.0,3,0.0,Raja Kosek Srowol Muntilan,rajakosekcafe,2026-06-03,Apify Instagram Scraper,14.0,2026-06-03
Borobudur,#borobudurtemple,https://www.instagram.com/p/DZDBEn0kufgxXpTJz2mdJDFD5LS-2x3N2XSUdI0/,DZDBEn0kufgxXpTJz2mdJDFD5LS-2x3N2XSUdI0,"Udah speechless ya, Once in a lifetime, akhirnya bisa nonton langsung Festival Lampion Borobudur pas Waisak 2670 BE/31 Mei 2026 kemarin. Mulai dari ribuan lentera 🏮yang menghiasi langit Borobudur bak ""Milkyway"" sampai rela nungguin sesi 2 untuk Spektakuler Drone Show yang bikin gak bisa ngomong saking kagumnya. Gak sia-sia bermacet-macet dan nunggu berjam-jam. 

siapa yang kemarin ikut lihat keindahan Festival Lampion Waisak Borobudur? 

#festivallampionborobudur
#festivallampion #waisak2025 #waisakborobudur #borobudurtemple",Sidecar,2026-06-01 14:46:38+00:00,14.0,0,0.0,Candi Borobudur Magelang Jateng,arethaswahyu,2026-06-03,Apify Instagram Scraper,14.0,2026-06-01
Borobudur,#borobudurtemple,https://www.instagram.com/p/DZCwqUwlAec/,DZCwqUwlAec,"Thousands of hopes flew to the sky
#vesak #vesakday #borobudurtemple
@borobudurmeditation",Sidecar,2026-06-01 12:23:14+00:00,12.0,2,0.0,,piknik.tripphoto,2026-06-03,Apify Instagram Scraper,14.0,2026-06-01
Borobudur,#wisataborobudur,https://www.instagram.com/p/DY_8C_YqcQQ/,DY_8C_YqcQQ,"Selamat Hari Raya Waisak 2570 BE 🙏✨

Semoga cahaya kebijaksanaan Sang Buddha senantiasa menerangi setiap langkah, membawa kedamaian di hati, serta menumbuhkan cinta kasih bagi semua makhluk.

Dari Bukit Rhema, mari terus merawat kedamaian, kebersamaan, dan harapan baik untuk dunia yang lebih penuh kasih. 🕊️🌿

#selamatharirayawaisak #waisak2570be #waisak2026 #wisataborobudur #kedamaianuntuksemua",Image,2026-05-31 10:07:06+00:00,13.0,0,0.0,Bukit Rhema,kedai.bukitrhema,2026-06-03,Apify Instagram Scraper,13.0,2026-05-31
Borobudur,#candiborobudur,https://www.instagram.com/p/DZCyFoaks7O/,DZCyFoaks7O,"Borobudur dan keindahannya ✨🌟😍

Happy vesak day
Magical Night in Festival Lampion and Festival Drone.. 

📍Candi Borobudur
#candiborobudur #festivallampion #vesakday #magelang",Sidecar,2026-06-01 12:35:42+00:00,11.0,0,0.0,"Magelang, Jawa Tengah",fhafatimah04,2026-06-03,Apify Instagram Scraper,11.0,2026-06-01
Borobudur,#candiborobudur,https://www.instagram.com/p/DZCqPIjAUi3/,DZCqPIjAUi3,"Langit Candi Borobudur dihiasi oleh ribuan cahaya lampion yang memukau✨🏮

Nggak cuma soal visualnya yang estetik dan ikonik, perayaan Hari Raya Tri Suci Waisak 2570 BE tahun 2026 ini juga membawa misi perdamaian dunia yang luar biasa lewat aksi nyata, salah satunya lewat perjalanan spiritual Thudong ""Indonesia Walk for Peace 2026""!

Bagaimana menurut liners mengenai indahnya perayaan Waisak tahun ini? Yuk, bagikan pendapat atau harapan kalian di kolom komentar ya!

Simak Infomasi selengkapnya melalui Scan QR yang ada di akhir slide ya, liners!! 

Penulis : Azar Amalanisa Syafie
Riset : Qibty Fatiha Zindah

#harirayawaisak #candiborobudur #alineammtc",Sidecar,2026-06-01 11:27:06+00:00,11.0,0,0.0,,alineammtc,2026-06-03,Apify Instagram Scraper,11.0,2026-06-01
Borobudur,#exploreborobudur,https://www.instagram.com/p/DY0UgbwTZSj/,DY0UgbwTZSj,"Selamat Hari Raya Idul Adha
.
.
Open daily start 6am - 9pm (10pm weekend only)
Dusun Gombong Rt01 Rw04, Kembanglimus,
Borobudur, Magelang
#borobudur #exploreborobudur #exploremagelang #finediningmagelang #hiddengemsmagelang",Image,2026-05-26 21:47:55+00:00,10.0,0,0.0,,vanbloemen1881,2026-06-03,Apify Instagram Scraper,10.0,2026-05-26
Borobudur,#borobudurtemple,https://www.instagram.com/p/DZCSSJ-FIJo/,DZCSSJ-FIJo,#vesak2026#jogja#borobudurtemple,Sidecar,2026-06-01 07:57:48+00:00,9.0,0,0.0,,ichawati_skk,2026-06-03,Apify Instagram Scraper,9.0,2026-06-01
Borobudur,#wisataborobudur,https://www.instagram.com/p/DY6kX7aEfCy/,DY6kX7aEfCy,"Candi Borobudur dengan segala kemegahan nya ✨
VW Borobudur dengan segala keunikan nya, melihat Candi Borobudur dengan sudut yang berbeda 😍

Gimana, sudah siap belum melihat keindahan alam sekitar Borobudur? 😁

Temukan destinasi terbaik bersama kami @borobudurtravelling 🌈 

Informasi & reservasi
Klik link di bio ✅
+62 857 4785 3649 

#borobudurtravelling #sewavwborobudur #sewavwjogja #magelangwisata #wisataborobudur",Sidecar,2026-05-29 08:01:57+00:00,9.0,0,0.0,,borobudurtravelling,2026-06-03,Apify Instagram Scraper,9.0,2026-05-29
Borobudur,#exploreborobudur,https://www.instagram.com/p/DYrGay2ERL3/,DYrGay2ERL3,"Finding peace in every bite this Vesak Day. 

Celebrate the serene spirit of Vesak at Van Bloemen 1881 with our exclusive, 100% plant based menu. From our rich Mushroom Rendang Nasi Kapau to the warm comfort of Vegan Mushroom Tongseng, each dish is crafted to nourish both your body and soul.

Come and enjoy a peaceful dining experience in our place.
. 
.
.
Open daily start 6am - 9pm (10pm weekend only)
Dusun Gombong Rt01 Rw04, Kembanglimus,
Borobudur, Magelang
#borobudur #exploreborobudur #exploremagelang #finediningmagelang #hiddengemsmagelang",Sidecar,2026-05-23 07:51:35+00:00,9.0,0,0.0,"Borobudur, Jawa Tengah, Indonesia",vanbloemen1881,2026-06-03,Apify Instagram Scraper,9.0,2026-05-23
Borobudur,#borobudur,https://www.instagram.com/p/DZCsUZkGRWG/,DZCsUZkGRWG,"first time in Borobudur,magelang Central Java🤍

#vesakday #waisak2026 #borobudur",Sidecar,2026-06-01 11:45:18+00:00,8.0,0,0.0,Borobudur Temple,marcsid171,2026-06-03,Apify Instagram Scraper,8.0,2026-06-01
Borobudur,#wisataborobudur,https://www.instagram.com/p/DZB_CAIlJ_r/,DZB_CAIlJ_r,"VW Tour Borobudur menapaki sejarah di atas 4 roda klasik

Tour ini menyuguhkan pengalaman menjelajahi situs warisan dunia UNESCO (sejarah Candi Borobudur yang didirikan sekitar abad ke-8 dan 9 oleh Wangsa Syailendra merupakan mahakarya arsitektur Jawa kuno penuh dengan nilai sejarah dan spiritualitas) dengan menggunakan Volkswagen kombi klasik, sebuah ikon legendaris dari era 70-an.

Tour ini dirancang tidak sekadar jalan-jalan, tetapi menjadikan sentra usaha mikro, kecil, dan menengah (UMKM) lokal sebagai destinasi yang diprakarsai oleh sinergi antara Paguyuban VW Cabrio Borobudur dan Balai Ekonomi Desa (Balkondes) yang didukung oleh BUMN. 

Rute ini secara langsung menghidupkan perekonomian desa. Berbagai usaha rumahan, mulai dari pembuatan rengginang, gula jawa, kerajinan tangan, madu, hingga membatik, dikunjungi oleh wisatawan. Sebagian pendapatan dari sewa mobil juga dialirkan sebagai kas desa untuk membantu operasional perajin lokal. 

Tour Leader : uncle klowor
@vwtour_tripborobudur
#vwsafari
#wisataborobudur",Sidecar,2026-06-01 05:09:34+00:00,4.0,4,0.0,vw safari borobudur,bakalan_09,2026-06-03,Apify Instagram Scraper,8.0,2026-06-01
Borobudur,#borobudur,https://www.instagram.com/p/DZHUrq4E1ur/,DZHUrq4E1ur,"Temple hopping in Southeast Asia check 🤩
Every stop felt like stepping into a different story.

📍 Borobudur Temple, Indonesia
📍 Mendut Temple, Indonesia
📍 Wat Arun, Thailand
📍 Wat Chaiwatthanaram, Thailand
📍 Wat Mahathat, Thailand
📍 Wat Suthat, Thailand
📍 Wat Chayamangkalaram, Malaysia
📍 Dhammikarama Burmese Buddhist Temple, Malaysia

One of my favorite ways to experience Southeast Asia is through its temples. The architecture, history, culture, and peaceful atmosphere make each visit unforgettable. ✨

You should try it too. 🤍

#TempleHopping #SoutheastAsia #Borobudur #WatArun #ThailandTravel IndonesiaTravel MalaysiaTravel TemplePhotography TravelAsia TravelInspiration Wanderlust ExploreAsia",Sidecar,2026-06-03 06:54:57+00:00,-1.0,8,0.0,,nanetlee_,2026-06-03,Apify Instagram Scraper,7.0,2026-06-03
Borobudur,#borobudurtemple,https://www.instagram.com/p/DJZI3hezW1q/,DJZI3hezW1q,"More of temples in Magelang city,
.
.
.
#borobudur #mendut #temple 
#borobudurtemple #jateng",Sidecar,2025-05-08 12:35:44+00:00,4.0,3,0.0,Mendut Temple,alifatifah,2026-06-03,Apify Instagram Scraper,7.0,2025-05-08
Borobudur,#wisataborobudur,https://www.instagram.com/p/DY6kr1hPHiv/,DY6kr1hPHiv,"Nikmati keseruan keluarga bersama kami @liburanseruborobudur menjelajahi sudut sudut desa yang berada di kawasan candi borobudur ✨️

@liburanseruborobudur 
@liburanseruborobudur 
@liburanseruborobudur

Info lebih lanjut bisa hubungi melalui DM / WhatsApp 085876707085

#liburanseruborobudur #borobudur #vwtourborobudur #magelang #wisataborobudur",Image,2026-05-29 08:04:42+00:00,7.0,0,0.0,"Borobudur, Jawa Tengah, Indonesia",liburanseruborobudur,2026-06-03,Apify Instagram Scraper,7.0,2026-05-29
Borobudur,#borobudur,https://www.instagram.com/p/DZHVlGWl7Bk/,DZHVlGWl7Bk,Les temples javanais #Prambanan #Borobudur #Java,Sidecar,2026-06-03 07:02:48+00:00,5.0,0,0.0,,meryl_yl,2026-06-03,Apify Instagram Scraper,5.0,2026-06-03
Borobudur,#borobudur,https://www.instagram.com/p/DZHH09bk0w8/,DZHH09bk0w8,"Pada zamannya dulu, umat Buddha percaya bahwa memanjatkan do’a di candi Borobudur memberi berkah dan sukses. Alasannya, karena candi ini didirikan di tempat terbaik yang memenuhi persyaratan prosedur pemilihan situs mandala atau stupa. Umat Buddha melaksanakan ritual berjalan keliling (pradaksina) mengelilingi Borobudur laksana berziarah ke delapan lokasi peristiwa yang terjadi dulu dalam kawasan jelajah dan kehidupan Sakyamuni di Madhyadesa, India. Pengertian ini disokong oleh keyakinan orang Jawa sejak zaman sebelumnya bahwa kawasan Jawa Tengah dipercaya merupakan replika dari Madhyadesa.

Anumodana @penerbitkaraniya @bhikkhuviryakhantisampanno 

Bukunya sudah diterima
#buku #borobudur #karaniya #bhikkhuviryakhantisampanno",Sidecar,2026-06-03 05:02:38+00:00,5.0,0,0.0,,viryawijaya11081997,2026-06-03,Apify Instagram Scraper,5.0,2026-06-03
Borobudur,#candiborobudur,https://www.instagram.com/p/DZC3uP3Dw9K/,DZC3uP3Dw9K,"Under the light of Vesak, finding peace in the simplest moments. 🏮✨
@borobudurpark 
.
.
#vesak #borobudur #candiborobudur #lantern #photography",Sidecar,2026-06-01 13:24:56+00:00,-1.0,6,0.0,Candi Borobudur,arintianb,2026-06-03,Apify Instagram Scraper,5.0,2026-06-01
Borobudur,#wisataborobudur,https://www.instagram.com/p/DY0uOBtByL5/,DY0uOBtByL5,"Tunaikan Ibadah Qurban sebagai wujud syukur dan perkaya wawasan dengan berwisata bersama SABA DESA BOROBUDUR.

Selamat Hari Raya Idul Adha 1447 H/ 2026 M

#iduladha1447h #iduladha #sabadesaborobudur #vwwisata #wisataborobudur",Image,2026-05-27 01:32:34+00:00,5.0,0,0.0,"Borobudur, Jawa Tengah, Indonesia",sabadesa.borobudur,2026-06-03,Apify Instagram Scraper,5.0,2026-05-27
Borobudur,#borobudur,https://www.instagram.com/p/DZHoxdhge-M/,DZHoxdhge-M,"Di Magelang ada destinasi apa saja? Buwanyaaaaakkkkkk. Yg mimin unggah ini juga belum semua. Yuk, manfaatin liburanmu (dan keluarga) explore Magelang. 

#klaneseindonesia #jkki8 #borobudur",Sidecar,2026-06-03 09:50:31+00:00,2.0,2,0.0,,jkki_magelang2026,2026-06-03,Apify Instagram Scraper,4.0,2026-06-03
Borobudur,#borobudur,https://www.instagram.com/p/DZHkDR-NGbk/,DZHkDR-NGbk,"🌴 JAVA & BALI — notre prochain grand chapitre ✈️
.
.
.
.
26 jours • 3 enfants • Et cette fébrilité qu’on connaît si bien 🤍

On a préparé ce voyage comme on prépare tous les nôtres • avec le cœur, les yeux grands ouverts, et notre regard de travel planners.

Java pour vibrer & Bali pour respirer 🌿

👣 L’itinéraire :

🇮🇩 YOGYAKARTA — Java

Des temples qui coupent le souffle, une culture qui s’impose dès le premier regard. Le genre de début qui donne le ton pour tout le reste.

🌊 MANGGIS

La mer, le calme. Les premiers vrais moments où on dépose les bagages et le quotidien avec.

🐠 AMED

Du snorkeling avec les kids 🐟
Des rires dans l’eau, des volcans en toile de fond. Ce combo qu’on ne trouvera nulle part ailleurs.

🌴 TEJAKULA

Notre coup de cœur confidentiel. Un Bali simple, doux, encore préservé. Celui qu’on cherche depuis longtemps.

🌾 UBUD

Les rizières, la spiritualité. Cette magie qu’on ressent dans le ventre ✨

💛 Voyager en famille, c’est ça
Ralentir le rythme 🐢
Voir le monde à hauteur d’enfant 👀
Créer des souvenirs qui résistent au temps

📌 L’admin • simple, mais ne zappe rien :

✔️ VISA — e-visa obligatoire, à faire avant le départ
30€/personne, pour les enfants aussi 👶 — réponse reçue quasi immédiatement 🙌
👉 evisa.imigrasi.go.id

✔️ LOVE BALI TAX — ~9€/personne, obligatoire
👉 lovebali.baliprov.go.id

✔️ ARRIVAL CARD — LE point clé 🔑
1 seul formulaire pour : santé + douane + immigration
À remplir dans les 72h avant l’arrivée → tu reçois un QR code à présenter à l’aéro
👉 allindonesia.imigrasi.go.id
⚠️ C’est gratuit — méfie-toi des faux sites

Moins de stress admin • Plus de moments vrais 🤍

💬 Et toi, tu pars plutôt pour l’énergie de Java ou la douceur de Bali ?

📌 Sauvegarde ce post • il te servira au moment de préparer ton voyage.

Bali • Java • Famille • Snorkeling • Ubud

👋 Nous c’est Jul & Matt • travel planners et parents de 3 enfants 🤍
On crée des voyages en famille sur-mesure, loin des circuits classiques.
Itinéraires personnalisés, conseils pratiques, adresses confidentielles • on s’occupe de tout pour que tu profites vraiment ✨

👉 voyagesansagence.com

#voyagesansagence #ubud #borobudur #java #evisa",Image,2026-06-03 09:16:08+00:00,4.0,0,0.0,Indonésie,voyagesansagence,2026-06-03,Apify Instagram Scraper,4.0,2026-06-03
Borobudur,#borobudur,https://www.instagram.com/p/DZHkig0kubT/,DZHkig0kubT,"Some moments are too magical for words ✨
.
#family #borobudur #amwf #yogyakarta #indonesia",Sidecar,2026-06-03 09:13:31+00:00,-1.0,5,0.0,Candi Borobudur,glennvictor,2026-06-03,Apify Instagram Scraper,4.0,2026-06-03
Borobudur,#borobudur,https://www.instagram.com/p/DZG2pBmkwpi/,DZG2pBmkwpi,"Puja di Puncak Candi Borobudur

Dharmayatra/ Pilgrimage/ Pradaksina/ Meditasi/ Baca Paritta, Sutra, Mantra/ Ngalap Berkah di Puncak Candi Borobudur

Setiap Hari Senin sd Minggu
Pukul 07 00 sd 09 00 WIB

Hubungi:
Legiyo Gunaviro (PIC Candi Borobudur)

#borobudur #candiborobudur #buddhatemple #borobudurtemple #pilgrimage",Sidecar,2026-06-03 02:32:41+00:00,3.0,1,0.0,,legiyo.gunaviro,2026-06-03,Apify Instagram Scraper,4.0,2026-06-03
Borobudur,#candiborobudur,https://www.instagram.com/p/DZHcWPcGmms/,DZHcWPcGmms,"✨ Private Trip Jogja✨
""Enjoy Your Trip""

Spesial trip Jogja 3H2N bersama kak Fitriani @vivitvio dan rekan-rekan dari Banjarbaru, Kalimantan Selatan, 13-15 Mei 2026.

Ciptakan keseruan dan kebahagiaan liburan anda bersama keluarga tercinta di Yogyakarta bersama kami @jogjajogja_tour

#merapilavatour
#candiborobudur #gumukpasir #obelixseaview #candiprambanan",Sidecar,2026-06-03 08:01:56+00:00,4.0,0,0.0,,jogjajogja_tour,2026-06-03,Apify Instagram Scraper,4.0,2026-06-03
Borobudur,#borobudurtemple,https://www.instagram.com/p/DZCw8k9mo3A/,DZCw8k9mo3A,"Vesak day..
#borobudurtemple #waisak2026#lampion",Sidecar,2026-06-01 12:25:44+00:00,4.0,0,0.0,,penny_acha,2026-06-03,Apify Instagram Scraper,4.0,2026-06-01
Borobudur,#wisataborobudur,https://www.instagram.com/p/DYw_8L3k1-k/,DYw_8L3k1-k,Trip hari ini #andong #wisataborobudur #delman #gasblok #truntum,Sidecar,2026-05-25 14:50:25+00:00,4.0,0,0.0,Truntum by Gasblock Borobudur,hdtour22,2026-06-03,Apify Instagram Scraper,4.0,2026-05-25
Borobudur,#borobudur,https://www.instagram.com/p/DZHhkr4vNmU/,DZHhkr4vNmU,"✨Paket Lele Goreng✨

Lele goreng renyah, sambal mantap, nasi hangat ditambah lalapan segar + dapet FREE Orange syrup dingin.
Paket makan sederhana dengan rasa juara 🐟🍚

Order sekarang juga!🤗

Information & Reservasi :
Raja Kosek Resto & Cafe
📲 CS 1 : 0815 5444 4407
📲 CS 2 : 0815 5444 4405

#borobudur #borobudurkuliner #borobudurresto #restoranborobudur #instagram",Image,2026-06-03 08:47:38+00:00,3.0,0,0.0,Raja Kosek Srowol Muntilan,rajakoseksrowol,2026-06-03,Apify Instagram Scraper,3.0,2026-06-03
Borobudur,#candiborobudur,https://www.instagram.com/p/DZFdSb-sE9o/,DZFdSb-sE9o,#waisak #candiborobudur #magelang #yogyakarta,Image,2026-06-02 13:40:51+00:00,3.0,0,0.0,Candi Borobudur Magelang Jateng,meemeii_,2026-06-03,Apify Instagram Scraper,3.0,2026-06-02
Borobudur,#candiborobudur,https://www.instagram.com/p/DZDS50NSjQ8/,DZDS50NSjQ8,"Lebih dari sekadar perayaan spiritual dan tradisi yang memanjakan mata, festival lampion tahun ini nyatanya membawa berkah luar biasa bagi masyarakat sekitar.

Kehadiran ribuan wisatawan sukses menggerakkan roda perekonomian daerah. Mulai dari sektor penginapan, transportasi, kuliner, hingga UMKM lokal, semuanya ikut merasakan dampak positif dari lonjakan pariwisata ini. 

Sebuah momen magis di mana keindahan budaya tak hanya menyatukan umat, tapi juga berdampak langsung pada kesejahteraan warga.

Siapa nih yang kemarin ikut meramaikan atau menyaksikan langsung festival lampion di Borobudur? Coba ceritain pengalaman seru kamu di kolom komentar yuk

selengkapnya di nalarmedia.com

#NalarMedia #LampionBorobudur #Waisak #CandiBorobudur #pesonaindonesia",Image,2026-06-01 17:22:29+00:00,3.0,0,0.0,,nalarmediacom,2026-06-03,Apify Instagram Scraper,3.0,2026-06-01
Borobudur,#candiborobudur,https://www.instagram.com/p/DJWNpjeS_fj/,DJWNpjeS_fj,"🇮🇩 Yogyakarta 25.05.06
Candi prambanab, Candi borobudur(with @robert.iorga), Malioboro street, Coffee joss, gudeg, Abon gulung
#candiprambanan #candiborobudur #malioborostreet #yogyakarta #indonesia",Sidecar,2025-05-07 09:19:48+00:00,3.0,0,0.0,Special Region of Yogyakarta,joojam_indonesia,2026-06-03,Apify Instagram Scraper,3.0,2025-05-07
Borobudur,#exploreborobudur,https://www.instagram.com/p/DYwOgp1DwxF/,DYwOgp1DwxF,"Menikmati indahnya perjalanan dengan menyusuri desa wisata di kawasan Candi Borobudur menggunakan VW Safari 🌾🚙

Hamparan sawah hijau, udara segar, dan hangatnya kebersamaan menjadi cerita yang tak terlupakan. Singgah di Svargabumi menikmati panorama persawahan yang menenangkan, sambil berburu kuliner dan produk lokal UMKM seperti ranginang tradisional dan manis alami dari Ashfa Madu 🍯✨

Perjalanan bukan hanya tentang destinasi, tapi tentang rasa syukur, tawa, dan momen kebersamaan yang tercipta di setiap sudut perjalanan ❤️

#VWSafariBorobudur #ExploreBorobudur #Svargabumi #WisataJogja #MagelangHits UMKMLokal AshfaMadu Ranginang TravelWithHappiness RaytamaTourTravel ExploreIndonesia",Sidecar,2026-05-25 07:38:29+00:00,3.0,0,0.0,vw safari borobudur,raytamatour,2026-06-03,Apify Instagram Scraper,3.0,2026-05-25
Borobudur,#borobudur,https://www.instagram.com/p/DZHp9rpAasl/,DZHp9rpAasl,"Buat liburan pake yang compact-compact aja kaya Dji Pocket 4 ini. Ngga perlu nunggu lama langsung sewa aja! 🙌🏻

•••

Yuk yang mau dokumentasiin kegiatan kamu bisa sewa kamera, lensa, hingga Iphone di VIEW

•••
*Promo*
Sewa 2 hari disc. 30rb
Sewa 3 hari disc. 50rb
Sewa 4 hari disc. 70rb
Sewa diatas 5 hari disc. 30%

Dan FREE ANTAR ke tempat kamu loh

•••

Yuk mumpung banyak promo kalo mau booking, langsung chat aja:
Sms/whatsapp: 0895-8063-99824
Ig: @viewcamera_magelang

#sewakameramagelang #rentalkameramagelang #sewamirrorlessmagelang #rentalmirrorlessmagelang #sewaiphonemagelang #rentaliphonemagelang #rentiphonemagelang #SewalensaMagelang #rentalmotormagelang #sewamotormagelang #infomagelang #wisatamagelang #exploremagelang #kotamagelang #vwmagelang #kulinermagelang #borobudur #nepalvanjava #svargabumi #magelang",Image,2026-06-03 10:00:55+00:00,2.0,0,0.0,,viewcamera_magelang,2026-06-03,Apify Instagram Scraper,2.0,2026-06-03
Borobudur,#borobudur,https://www.instagram.com/p/DZHlXg0y64p/,DZHlXg0y64p,"Jangan tunggu sampai ban aus atau oli terlambat diganti,rawat motormu sekarang juga agar tetap nyaman dan aman 

📌Diaz Ban Motor Borobudur 
#diazbanmotorborobudur #gantiban #gantioli 
#Magelang #Borobudur",Image,2026-06-03 09:25:07+00:00,2.0,0,0.0,,diazbanmotor,2026-06-03,Apify Instagram Scraper,2.0,2026-06-03
Borobudur,#borobudur,https://www.instagram.com/p/DZHjifaR6ad/,DZHjifaR6ad,"Semoga semua makhluk berbahagia

Dharmayatra/ Pilgrimage/ Pradaksina/ Meditasi/ Baca Paritta, Sutra, Mantra/ Ngalap Berkah di Puncak Candi Borobudur

Setiap Hari Senin sd Minggu
Pukul 07 00 sd 09 00 WIB

Hubungi:
Legiyo Gunaviro (PIC Candi Borobudur)

#borobudur #candiborobudur #buddhatemple #borobudurtemple #pilgrimage",Image,2026-06-03 09:04:49+00:00,2.0,0,0.0,Candi Borobudur,legiyo.gunaviro,2026-06-03,Apify Instagram Scraper,2.0,2026-06-03
Borobudur,#borobudurtemple,https://www.instagram.com/p/DZGq5pKj9M_/,DZGq5pKj9M_,"Tussen eeuwenoude tempels, verfijnde steenreliëfs en het zachte licht over de heuvels ontvouwt Borobudur zich als een van Java’s meest indrukwekkende culturele ervaringen.

Tijdens deze zorgvuldig samengestelde VIP-tour ontdekt u niet alleen de grootsheid van Borobudur, maar ook de nabijgelegen Mendut- en Pawon-tempels. Een route langs heilige plekken, stille gangen en verhalen die al meer dan duizend jaar voortleven.

Met The Orange Lotus wordt cultuur niet simpelweg bezocht, maar met aandacht beleefd, in een tempo dat ruimte laat om echt stil te staan bij wat u ziet.

#BorobudurTemple #JavaTravel #CulturalJourney #IndonesiaTravel #TheOrangeLotus",Sidecar,2026-06-03 00:49:52+00:00,1.0,1,0.0,,the.orange.lotus.travel,2026-06-03,Apify Instagram Scraper,2.0,2026-06-03
Borobudur,#borobudurtemple,https://www.instagram.com/p/DZFOOu8EhR2/,DZFOOu8EhR2,"A quiet corner for inspiration. Whether you're jotting down your travel journals, catching up on light work, or enjoying a complimentary fruit platter, our intimate sitting areas offer the perfect, peaceful backdrop.

Find your quiet luxury at Moritz Hill Borobudur. DM us for special room rates!

For More Information, please contact: 
📞(0293) 295-4008
📲0812-3456-6881 (WhatsApp Only)
📧info.hill@moritzhotels.com
🌐www.moritzhotels.com

#borobudurtemple #exploremagelang #moritzhillborobudurresortspa #resortmagelang #magelang",Image,2026-06-02 11:20:07+00:00,2.0,0,0.0,Moritz Hill Borobudur Resort & Spa,moritzhillborobudur,2026-06-03,Apify Instagram Scraper,2.0,2026-06-02
Borobudur,#wisataborobudur,https://www.instagram.com/p/DYhHNVoErF6/,DYhHNVoErF6,"Libur Panjang, Tempat Wisata & Hotel di Sekitar Borobudur Kebanjiran Wisatawan

MAGELANG — Libur panjang pada 14-17 Mei 2026 membuat kawasan wisata Candi Borobudur dipadati pengunjung dari berbagai daerah. Keramaian terlihat sejak pagi hingga malam hari, baik di area wisata, pusat kuliner, maupun penginapan di sekitar Magelang.

Peningkatan jumlah wisatawan turut berdampak pada okupansi hotel di sekitar Borobudur. Beberapa hotel mengalami lonjakan reservasi sejak dua hari sebelum libur panjang dimulai. Salah satu resepsionis hotel di sekitar Borobudur, Rina (32), mengatakan bahwa tingkat pemesanan kamar meningkat dibanding hari biasa.

“Kalau libur panjang seperti sekarang memang lebih ramai dari biasanya. Banyak tamu yang booking dari jauh-jauh hari, bahkan ada juga yang mendadak cari kamar tapi sudah penuh. Biasanya tamu yang datang dari luar kota, ada dari Jakarta, Bandung, Surabaya, dan bahkan dari mancanegara,” ujar Rina saat diwawancarai, Kamis (14/5/2026). Menurutnya, lonjakan tamu mulai terasa sejak dua hari sebelum masa liburan dimulai. Kondisi tersebut membuat aktivitas pelayanan hotel menjadi lebih sibuk, terutama saat jam check-in dan pagi hari ketika wisatawan bersiap menuju lokasi wisata. (cont..)",Sidecar,2026-05-19 10:46:05+00:00,1.0,1,0.0,,ndesscam,2026-06-03,Apify Instagram Scraper,2.0,2026-05-19
Borobudur,#exploreborobudur,https://www.instagram.com/p/DZFgj-pD7cg/,DZFgj-pD7cg,"Why does Yogyakarta always make us miss it? Because here, every corner has a story, and every journey brings us together with friendly people and unforgettable new experiences. ❤️

If you're planning a long vacation with your extended family or colleagues in the near future, the 5-Day Jogja Borobudur Tour Package is the ideal duration. It's not too rushed, so you can truly enjoy each destination in a relaxed and comfortable manner.

Why entrust your vacation to Jogja Explore Tours?
✅ Legal & Experienced: Over 15 years of experience designing authentic trips in Indonesia.
✅ Well-Maintained Facilities: Our fleet is in prime condition, our drivers are friendly, and we're guided by knowledgeable local tour guides.
✅ Flexible: We cater to both private (FIT) and large group (GIT) trips, with facilities tailored to your budget.

Let us take care of transportation, entrance tickets, and even the best culinary recommendations during your stay in Jogja. Your job is simply to sit back and create beautiful memories with your loved ones.

Contact our team now to get a special offer:
📞 WhatsApp: +628122965595

#JogjaTourPackage #BorobudurTour #JogjaExploreTours #YogyakartaTour #JogjaTourPackage #ExploreBorobudur #WonderfulIndonesia #FamilyHoliday #JogjaTrip #PrambananTemples #LavaTourMerapi #TravelAgentJogja #WonderfulJogja #JogjaCulinary",Image,2026-06-02 14:00:18+00:00,2.0,0,0.0,"Prambanan Temple, Yogyakarta, Indonesia",jogjaexploretours,2026-06-03,Apify Instagram Scraper,2.0,2026-06-02
Borobudur,#exploreborobudur,https://www.instagram.com/p/DY-9vH5jZlg/,DY-9vH5jZlg,"Semoga kedamaian dan kebahagiaan senantiasa menyertai langkah kita
.
.
Open daily start 6am - 9pm (10pm weekend only)
Dusun Gombong Rt01 Rw04, Kembanglimus,
Borobudur, Magelang
#borobudur #exploreborobudur #exploremagelang #finediningmagelang #waisak2026",Image,2026-05-31 01:00:32+00:00,2.0,0,0.0,"Borobudur, Jawa Tengah, Indonesia",vanbloemen1881,2026-06-03,Apify Instagram Scraper,2.0,2026-05-31
Borobudur,#borobudur,https://www.instagram.com/p/DZHc9qpE-UL/,DZHc9qpE-UL,"Jeep Explore borobudur , lembah menoreh 
#borobudur #20052026❤️",Sidecar,2026-06-03 08:07:19+00:00,1.0,0,0.0,"Borobudur, Jawa Tengah, Indonesia",setianitini,2026-06-03,Apify Instagram Scraper,1.0,2026-06-03
Borobudur,#borobudur,https://www.instagram.com/p/DZHVwG1EU1S/,DZHVwG1EU1S,"Waisak Borobudur 2026
#borobudur #candiborobudur #buddhism #waisak2570 #indonesia",Sidecar,2026-06-03 07:04:18+00:00,1.0,0,0.0,"Borobudur, Jawa Tengah, Indonesia",mei_selam,2026-06-03,Apify Instagram Scraper,1.0,2026-06-03
Borobudur,#borobudur,https://www.instagram.com/p/DZHKhAFHz7r/,DZHKhAFHz7r,"Mo ada ulang Jo tahun ini😁😁
Discover north Sulawesi 
#Borobudur hotel",Sidecar,2026-06-03 05:26:07+00:00,0.0,1,0.0,,fian_husein,2026-06-03,Apify Instagram Scraper,1.0,2026-06-03
Borobudur,#borobudur,https://www.instagram.com/p/DZHBfnQmOA6/,DZHBfnQmOA6,"Wisata VW sudah bisa di reservasi di Warung Makan Kebun Anggur. Untuk informasi dan pemesanan langsung aja hubungi admin 0858-0104-5380
#vw #magelang_raya #wisata #keluarga #borobudur",Sidecar,2026-06-03 04:07:17+00:00,1.0,0,0.0,,alamsejahteragroup_mgl,2026-06-03,Apify Instagram Scraper,1.0,2026-06-03
Borobudur,#candiborobudur,https://www.instagram.com/p/DZHn7bVHVUq/,DZHn7bVHVUq,"dulu pas masih bocil...candi ini gedhe banget nget...sekarang kok agak kisut ya...?apa badan saya yg melar?🤣🤣🤣

#kabarkabar
#candiborobudur
#jalanjalan",Image,2026-06-03 09:43:09+00:00,1.0,0,0.0,,wiwiksiska_,2026-06-03,Apify Instagram Scraper,1.0,2026-06-03
Borobudur,#candiborobudur,https://www.instagram.com/p/DZHAxPMz-rV/,DZHAxPMz-rV,"Candi Borobudur, Indonesia 🇮🇩✨

Dibina pada abad ke-9 oleh Dinasti Syailendra, tapak warisan dunia ini berfungsi sebagai tempat ibadah suci dan pusat ziarah penganut Buddha. Setiap tingkat strukturnya melambangkan fasa perjalanan hidup manusia dalam mencari kedamaian jiwa.

Jom terokai keunikan warisan dunia ini bersama kami! ✈️🌍

Hubungi kami untuk maklumat lanjut:

📞 016-924 4554
👉 https://wa.link/avg3n2

#azeasytravelandtours #candiborobudur #yogyakartatrip2026 #travelkeluarnegara #tripkakitravel",Image,2026-06-03 04:01:00+00:00,1.0,0,0.0,AZ Easy Travel and Tours,azeasytravelandtours,2026-06-03,Apify Instagram Scraper,1.0,2026-06-03
Borobudur,#candiborobudur,https://www.instagram.com/p/DZEr3iUEcUu/,DZEr3iUEcUu,"🪔 PENUTUP PENUH MAKNA! Penutup Perayaan Waisak 2026: Ribuan Lampion Hiasi Candi Borobudur dengan Pesan Perdamaian

Puncak dari rangkaian perayaan Hari Raya Waisak 2026 kembali menyajikan pemandangan yang luar biasa megah dan sakral di Candi Borobudur. Sebagai tradisi penutup yang paling dinantikan, ribuan lampion diterbangkan ke langit malam, mengubah suasana sekitar candi Buddha terbesar di dunia tersebut menjadi lautan cahaya yang memukau.

Prosesi pelepasan lampion ini tidak hanya menjadi simbol keindahan visual, tetapi juga membawa doa, harapan, serta pesan perdamaian yang mendalam dari para umat dan pengunjung yang hadir. Atmosfer syahdu dan penuh khidmat begitu terasa saat lampion-lampion tersebut perlahan membubung tinggi, melambangkan pencerahan dan keharmonisan bagi seluruh makhluk hidup di dunia.

follow @mindx.media for more trends update

#mindxmedia #Waisak2026 #CandiBorobudur #FestivalLampion #PesanPerdamaian",Sidecar,2026-06-02 06:19:50+00:00,1.0,0,0.0,,mindx.media,2026-06-03,Apify Instagram Scraper,1.0,2026-06-02
Borobudur,#borobudurtemple,https://www.instagram.com/p/DZHXki1lClO/,DZHXki1lClO,"Our guest from India , Thank you for travelling with us.

Celebrate the spirit of peace, wisdom, and compassion at Borobudur Temple during the sacred Waisak Festival. Witness the beauty of thousands of lanterns illuminating the night sky, creating an unforgettable cultural and spiritual experience in the heart of Indonesia.

#statindonesia #travelwithus #statindonesiaexperience #explore #travel #statindonesiatours #BorobudurWaisak #Waisak2026 #BorobudurTemple #WaisakFestival #VisitBorobudur #Magelang #ExploreIndonesia #WonderfulIndonesia #CulturalHeritage #LanternFestival #BuddhistCelebration #TravelIndonesia #SpiritualJourney #TempleTour #IndonesiaTourism",Image,2026-06-03 07:20:12+00:00,1.0,0,0.0,,statindonesiatours,2026-06-03,Apify Instagram Scraper,1.0,2026-06-03
Borobudur,#borobudurtemple,https://www.instagram.com/p/DZDYLfnE8KV/,DZDYLfnE8KV,"Indonesia Walk for Peace 2026: 57 Monks Welcomed by Yogyakarta Sultan

Fifty-seven monks from four countries arrived in Yogyakarta as part of a long-distance peace pilgrimage to Borobudur for the Vesak 2026 celebration.

Sri Sultan Hamengku Buwono X described the journey as more than a physical walk, saying it carried messages of humanity, harmony, and national unity.

The monks, who walked up to 40 kilometers a day, drew strong support from people of different religious backgrounds along their route.

https://indonesianpost.com/2026/06/01/thudong-monks-yogyakarta-indonesia-walk-for-peace-2026/ 

Follow the news and other articles on our channels on WhatsApp & Telegram:

 WhatsApp:
 https://whatsapp.com/channel/0029Vb7DBgv1iUxbcANsRV3f

Telegram:
 t.me/theidnpost 

#IndonesiaWalkForPeace #ThudongMonks #Vesak2026 #Yogyakarta #BorobudurTemple #PeaceJourney #SriSultanHBX #CulturalUnity
#IndonesiaNews #IndonesianPost #indonesiaupdate",Image,2026-06-01 18:08:33+00:00,1.0,0,0.0,,theidnpost,2026-06-03,Apify Instagram Scraper,1.0,2026-06-01
Borobudur,#borobudurtemple,https://www.instagram.com/p/DZC5Eq2E3d3yyHnLv0fJCCj2mXfb-nH11C4qSk0/,DZC5Eq2E3d3yyHnLv0fJCCj2mXfb-nH11C4qSk0,"Moto Edge 60 Fusion Sony Lytia 24mm, no edit... #borobudur #borobudurtemple #motoedge60fusion #sonylytia",Sidecar,2026-06-01 13:36:44+00:00,1.0,0,0.0,,lukashendra,2026-06-03,Apify Instagram Scraper,1.0,2026-06-01
Borobudur,#borobudurtemple,https://www.instagram.com/p/DZB7qeqOhjH/,DZB7qeqOhjH,"Happy Vesak

#waisak #candiborobudur #borobudurtemple #drone #aerialshot",Image,2026-06-01 04:40:59+00:00,1.0,0,0.0,Candi Borobudur,t_liu29,2026-06-03,Apify Instagram Scraper,1.0,2026-06-01
Borobudur,#borobudurtemple,https://www.instagram.com/p/DZB4CarEq44/,DZB4CarEq44,"Tepat pada perayaan Hari Raya Tri Suci Waisak 2570 B.E., Minggu (31/5/2026), rombongan biksu lintas negara yang tergabung dalam Indonesia Walk for Peace 2026 telah tiba di kawasan Candi Borobudur, Magelang, Jawa Tengah.

Kehadiran mereka membawa manifesto kemanusiaan serta pesan perdamaian yang kuat bagi masyarakat.

Gubernur DIY, Sri Sultan Hamengku Buwono X, turut menekankan pentingnya momentum ini sebagai pengingat untuk terus mempererat persaudaraan di tengah keberagaman suku dan agama. 

Apa saja agenda puncak perayaan Waisak di Candi Borobudur kemarin?

📍Selengkapnya hanya di catrawarta.com

#waisak #thudong #srisultanhamengkubuwonox #borobudurtemple",Sidecar,2026-06-01 04:08:27+00:00,1.0,0,0.0,,catrawarta,2026-06-03,Apify Instagram Scraper,1.0,2026-06-01
Borobudur,#wisataborobudur,https://www.instagram.com/p/DYycyyKABN5/,DYycyyKABN5,"Classic volkswagen car for your holiday💕
.
.
. Klik www.vwborobudur.com

#vwtourborobudur #wisataborobudur #exploerborobudur #vwsafari",Image,2026-05-26 04:22:06+00:00,1.0,0,0.0,,vw_wisata_magelang,2026-06-03,Apify Instagram Scraper,1.0,2026-05-26
Borobudur,#exploreborobudur,https://www.instagram.com/p/DZE3aHZkfWh/,DZE3aHZkfWh,"Why does Yogyakarta always make us miss it? Because here, every corner has a story, and every journey brings us together with friendly people and unforgettable new experiences. ❤️

If you're planning a long vacation with your extended family or colleagues in the near future, the 5-Day Jogja Borobudur Tour Package is the ideal duration. It's not too rushed, so you can truly enjoy each destination in a relaxed and comfortable manner.

Why entrust your vacation to Jogja Explore Tours?
✅ Legal & Experienced: Over 15 years of experience designing authentic trips in Indonesia.
✅ Well-Maintained Facilities: Our fleet is in prime condition, our drivers are friendly, and we're guided by knowledgeable local tour guides.
✅ Flexible: We cater to both private (FIT) and large group (GIT) trips, with facilities tailored to your budget.

Let us take care of transportation, entrance tickets, and even the best culinary recommendations during your stay in Jogja. Your job is simply to sit back and create beautiful memories with your loved ones.

Contact our team now to get a special offer:
📞 WhatsApp: +628122965595

#JogjaTourPackage #BorobudurTour #JogjaExploreTours #YogyakartaTour #JogjaTourPackage #ExploreBorobudur #WonderfulIndonesia #FamilyHoliday #JogjaTrip #PrambananTemples #LavaTourMerapi #TravelAgentJogja #WonderfulJogja #JogjaCulinary",Image,2026-06-02 08:00:41+00:00,1.0,0,0.0,Prambanan,borobudur.tour.official,2026-06-03,Apify Instagram Scraper,1.0,2026-06-02
Borobudur,#exploreborobudur,https://www.instagram.com/p/DYTq1alEnaQ/,DYTq1alEnaQ,"Crispy golden fish, warm fries, and comfort on a plate. Simple food days are sometimes the best days.

#SukkhaCafe #ComfortFood #TraditionalEats #CozyCafe #SoulfulBites #SereneSpaces #BorobudurCafe #MagelangEats #CentralJavaCafe #ExploreBorobudur #KulinerBorobudur #NgopiDiBorobudur",Image,2026-05-14 05:28:01+00:00,0.0,1,0.0,,sukkha.id,2026-06-03,Apify Instagram Scraper,1.0,2026-05-14
Borobudur,#exploreborobudur,https://www.instagram.com/p/DYJx_NfCVMA/,DYJx_NfCVMA,"✨ Sunrise Borobudur + perjalanan nyaman = combo terbaik 😎

🚐 HIACE siap untuk trip keluarga & rombongan
📞 Telp/WA: 0878-2211-7005

Rental HIACE Borobudur
by Borobudur Explorer Tour

#RentalHiaceBorobudur #SewaHiaceBorobudur #HiaceBorobudur #BorobudurExplorerTour #WisataBorobudur #BorobudurTrip #MagelangTrip #SewaHiaceJogja #HiaceJogja #LiburanJogja #TripJogja #ExploreBorobudur #TravelJogja #TourJogja #FYPReels #ReelsJogja #TripSeru #ExploreIndonesia #LiburanBareng",Image,2026-05-10 09:18:08+00:00,1.0,0,0.0,Magelang Kota - Jawa Tengah,rentalhiaceborobudur,2026-06-03,Apify Instagram Scraper,1.0,2026-05-10
Borobudur,#borobudur,https://www.instagram.com/p/DZHt61ZzrSJ/,DZHt61ZzrSJ,"Your escape starts here,
Book your room now with Mahatva Resort.

Inquiry and Reservation ⬇️
+62 87881821968

#YourBorobudurHome #MahatvaResort #Borobudur #ExploreMagelang #VillaStay",Image,2026-06-03 10:36:56+00:00,0.0,0,0.0,,mahatvaresort,2026-06-03,Apify Instagram Scraper,0.0,2026-06-03
Borobudur,#borobudur,https://www.instagram.com/p/DZHmlz-j1J8/,DZHmlz-j1J8,"🏮 Did You Know? Indonesia Also Has a Lantern Festival! | 你知道嗎？印尼也有燈籠節！🏮

While Taiwan is well known for its spectacular Lantern Festival, Indonesia is also home to one of the most iconic lantern celebrations in Southeast Asia—the Vesak Lantern Festival at Borobudur.

Held annually on the eve of Vesak Day, thousands of lanterns are released into the night sky as symbols of peace, hope, and enlightenment. This unique celebration takes place against the magnificent backdrop of Borobudur Temple, the world's largest Buddhist monument and a UNESCO World Heritage Site.

This year, the Vesak Lantern Festival was held on 31 May 2026 at Marga Utama Field and Lumbini Park, Borobudur Temple, attracting visitors from across Indonesia and around the world. The sight of thousands of glowing lanterns illuminating the night sky creates a truly unforgettable cultural and spiritual experience.

Beyond its natural beauty and diverse cultures, Indonesia offers unique festivals and traditions that invite visitors to discover the warmth, harmony, and richness of the archipelago.

-------------------------------------

🏮 你知道嗎？印尼也有燈籠節！

除了台灣著名的燈會之外，印尼也擁有東南亞最具代表性的燈籠活動之一——婆羅浮屠衛塞節放天燈活動（Vesak Lantern Festival）。

每年衛塞節前夕，成千上萬盞燈籠緩緩升空，象徵和平、希望與智慧。活動以世界最大的佛教遺址——婆羅浮屠寺（Borobudur Temple）為背景，營造出莊嚴而壯觀的景象。

今年的衛塞節放天燈活動已於 2026年5月31日 在 婆羅浮屠寺瑪爾加烏塔瑪廣場（Marga Utama Field）及藍毘尼公園（Lumbini Park） 盛大舉行，吸引來自印尼各地及海外旅客共襄盛舉。夜空中閃耀的萬盞燈火，不僅展現宗教與文化之美，也為參與者留下難忘回憶。

除了壯麗的自然景觀與多元文化外，印尼也透過豐富的節慶活動，邀請世界各地旅客親身感受這片群島國家的魅力與溫暖。

#WonderfulIndonesia #VisitIndonesia #Borobudur #VesakFestival #LanternFestival #IndonesiaTourism #ExploreIndonesia #IndonesiaTaiwan #CulturalTourism #kdeitaipei",Sidecar,2026-06-03 09:31:27+00:00,0.0,0,0.0,,par.hubkdei25,2026-06-03,Apify Instagram Scraper,0.0,2026-06-03
Borobudur,#borobudur,https://www.instagram.com/p/DZHPSUAiT9S/,DZHPSUAiT9S,"Rental mobil dan driver di Yogyakarta
Kami melayani :
👉 Carter
👉 Antar jemput bandara
👉 antar jemput dalam luar kota
👉 City tour
👉 Wisata Religi
👉 Perjalanan Dinas

Wa : 085878202070
http://Wa.me/6285878202070
Bit.ly/2X7quES
Lihat Rasa Transport di Google!
https://g.page/rasa-transport?gm

#punthuksetumbu
#wonderfulljogja
#pesonajogja
#eksplorejogjakarta
#eksploregunungkidul
#dolanjogja
#singletraveler
#penginapanmurahjogja
#lavatourmerapi
#backpacker
#rentalmobiljogja
#rentalmobil
#tamansariyogyakarta
#wisatajogja
#homestayjogja
#jomblangcave
#prambanan
#pindulcave
#yia
#borobudur
#pinuspengger
#carrentaljogja
#pinuspengger
#indonesia
#jogja
#bhumimerapi
#sunrise
#ramayanaballet",Sidecar,2026-06-03 06:07:48+00:00,0.0,0,0.0,,rasatransport,2026-06-03,Apify Instagram Scraper,0.0,2026-06-03
Borobudur,#candiborobudur,https://www.instagram.com/p/DZEzkiKkWS8/,DZEzkiKkWS8,"Borobudur Disiapkan Jadi Destinasi Budaya & Spiritual Kelas Dunia, Ini Visi Besar InJourney 🏛️✨

InJourney terus mendorong transformasi Candi Borobudur menjadi destinasi budaya dan spiritual kelas dunia. Langkah ini dilakukan dengan mengedepankan pelestarian warisan sejarah, nilai budaya, serta kekayaan spiritual yang dimiliki Indonesia agar dapat dikenal lebih luas di tingkat internasional.

Melalui berbagai pengembangan yang dilakukan, Borobudur tidak hanya diposisikan sebagai objek wisata, tetapi juga sebagai pusat peradaban yang merepresentasikan identitas bangsa. Konsep yang diusung berfokus pada pengalaman budaya yang lebih mendalam, sekaligus menjaga nilai-nilai sejarah dan kesakralan situs warisan dunia tersebut.

InJourney menilai Borobudur merupakan mahakarya abadi yang tidak hanya menyimpan jejak masa lalu, tetapi juga mampu menjadi sumber inspirasi bagi masa depan. Dengan tetap berpijak pada akar budaya Indonesia, kawasan ini diharapkan dapat menjadi simbol kebanggaan nasional sekaligus destinasi unggulan yang menarik perhatian dunia.

Transformasi ini juga menjadi bagian dari upaya memperkuat posisi Indonesia sebagai salah satu pusat wisata budaya dan spiritual global tanpa menghilangkan nilai autentik yang telah diwariskan selama berabad-abad.

Menurut kalian, apakah Borobudur sudah layak menjadi destinasi budaya dan spiritual kelas dunia? 👀🇮🇩

📚 Source: InJourney

🎥 #Borobudur #InJourney #Indonesia #WisataBudaya #WisataSpiritual #CandiBorobudur #WonderfulIndonesia #PariwisataIndonesia

Follow @updatebintaro.id dan @kicaurakyat.id untuk info penting seputar pendidikan dan layanan publik di Tangsel.

🌐 Kunjungi juga [https://www.kicaurakyat.id/](https://www.kicaurakyat.id/) untuk mendapatkan berita dan informasi terbaru setiap hari.",Image,2026-06-02 07:27:09+00:00,0.0,0,0.0,,kicaurakyat.co,2026-06-03,Apify Instagram Scraper,0.0,2026-06-02
Borobudur,#candiborobudur,https://www.instagram.com/p/DZEX_fVEsKP/,DZEX_fVEsKP,"Borobudur bukan hanya destinasi wisata, tetapi juga warisan budaya dunia yang menjadi bagian penting dari sejarah dan peradaban Indonesia. 
Komitmen untuk menjaga dan merawat Borobudur terus ditegaskan agar peninggalan berharga ini tetap lestari untuk generasi mendatang.
#jogjambotensare #CandiBorobudur #WarisanBudaya #BudayaIndonesia #Indonesia",Sidecar,2026-06-02 03:26:09+00:00,0.0,0,0.0,,jogjambotensare,2026-06-03,Apify Instagram Scraper,0.0,2026-06-02
Borobudur,#borobudurtemple,https://www.instagram.com/p/DZHCxVoGMOb/,DZHCxVoGMOb,"🛕✨ Borobudur Temple Coloring Page – Free Printable PDF

Download the FREE printable PDF and enjoy coloring one of the most beautiful temples in the world!

https://magicoutlines.com/pashupatinath-temple-coloring-page/

#magicoutlines #borobudurtemple #indonesiacoloringpage #buddhisttemple #worldheritage #adultcoloringbook #coloringpagesforkids",Image,2026-06-03 04:18:27+00:00,0.0,0,0.0,,magicoutlines.co,2026-06-03,Apify Instagram Scraper,0.0,2026-06-03
Borobudur,#borobudurtemple,https://www.instagram.com/p/DZHCo9vGM2b/,DZHCo9vGM2b,"🛕✨ Borobudur Temple Coloring Page – Free Printable PDF 

Download the FREE printable PDF and enjoy coloring one of the most beautiful temples in the world!

https://magicoutlines.com/pashupatinath-temple-coloring-page/

#magicoutlines #borobudurtemple #indonesiacoloringpage #buddhisttemple #worldheritage #adultcoloringbook #coloringpagesforkids",Image,2026-06-03 04:17:18+00:00,0.0,0,0.0,,magicoutlines.co,2026-06-03,Apify Instagram Scraper,0.0,2026-06-03
Borobudur,#wisataborobudur,https://www.instagram.com/p/DZHLivnActN/,DZHLivnActN,"ORDER TRIP : KLIK LINK WA DI BIO
ORDER TRIP : KLIK LINK WA DI BIO 
ORDER TRIP : KLIK LINK WA DI BIO 

°
°
www.PaketVwBorobudur.com
°
°
_
Loc : 
📍Borobudur, Indonesia
Contact Us to explore the best of our Borobudur
+62881.2870.354
°
°

#vwborobudur #wisatagelang #wisataborobudur #magelangtrip #travelborobudur",Sidecar,2026-06-03 05:35:52+00:00,0.0,0,0.0,,vwexploreborobudur354,2026-06-03,Apify Instagram Scraper,0.0,2026-06-03
Borobudur,#wisataborobudur,https://www.instagram.com/p/DZG2t-9DE-J/,DZG2t-9DE-J,"🌄 Trip Borobudur tuh paling enak rame-rame
Gak capek nyetir, tinggal duduk santai 🚐😎

📞 Telp/WA: 0878-2211-7005
by Borobudur Explorer Tour
Rental HIACE Borobudur, Magelang

HIACE - Premio - Luxury - ELF Long

#RentalHiaceBorobudur #SewaHiaceBorobudur #HiaceBorobudur #BorobudurExplorerTour #WisataBorobudur #BorobudurTrip #MagelangTrip #SewaHiaceJogja #HiaceJogja #LiburanJogja #TripJogja #ExploreBorobudur #TravelJogja #TourJogja #FYPReels #ReelsJogja #TripSeru #ExploreIndonesia #LiburanBareng",Image,2026-06-03 02:33:08+00:00,0.0,0,0.0,Kabupaten Magelang,rentalhiaceborobudur,2026-06-03,Apify Instagram Scraper,0.0,2026-06-03
Borobudur,#wisataborobudur,https://www.instagram.com/p/DZB4Kqgkzwk/,DZB4Kqgkzwk,"Selamat Memperingati Hari Lahir Pancasila! 🇮🇩

Mari jadikan peringatan ini sebagai momen untuk meningkatkan kesadaran dan komitmen kita dalam mengamalkan nilai-nilai Pancasila di setiap aspek kehidupan sehari-hari.

Di tengah semangat kebangsaan ini, jangan lupa untuk merencanakan liburan seru kamu! Ingin menjelajahi keindahan Borobudur dengan cara yang unik dan berkesan? 

Sewa VW kami sekarang untuk pengalaman tak terlupakan.

Book now:
🌐 www.rentalvwborobudur.com
📞 0813-2818-0180

#harilahirpancasila #rentalvwborobudur #wisataborobudur",Image,2026-06-01 04:09:35+00:00,0.0,0,0.0,,wborobudur_,2026-06-03,Apify Instagram Scraper,0.0,2026-06-01
Borobudur,#wisataborobudur,https://www.instagram.com/p/DZBz4KikeGk/,DZBz4KikeGk,"🚐😎 Mau explore Borobudur bareng bestie atau keluarga?
Perjalanan nyaman bikin trip makin seru ✨

📍 Jogja • Magelang • Borobudur
📞 WA: 0878-2211-7005
by Borobudur Explorer Tour

Rental HIACE Borobudur, Magelang

#RentalHiaceBorobudur #SewaHiaceBorobudur #HiaceBorobudur #BorobudurExplorerTour #WisataBorobudur #BorobudurTrip #MagelangTrip #SewaHiaceJogja #HiaceJogja #LiburanJogja #TripJogja #ExploreBorobudur #TravelJogja #TourJogja #FYPJogja #ReelsIndonesia #TripAsik #ExploreIndonesia #LiburanAsik",Image,2026-06-01 03:32:07+00:00,0.0,0,0.0,Kabupaten Magelang,rentalhiaceborobudur,2026-06-03,Apify Instagram Scraper,0.0,2026-06-01
Borobudur,#wisataborobudur,https://www.instagram.com/p/DY4GPGvFRNf/,DY4GPGvFRNf,"Siap buat petualangan yang beda dari biasanya di Borobudur?

Jelajahi sisi eksotis Borobudur dengan cara yang lebih seru dan berkesan bareng kami Mulai dari 400k saja kamu udah bisa menikmati perjalanan selama 2 jam yang lengkap banget. 

Paket ini sudah termasuk 2 kunjungan wisata UMKM, 1 wisata berbayar, 2 spot foto estetik, welcome drink, sampai ditemani driver yang merangkap jadi guide sekaligus fotografer pribadi

Gak perlu ribet mikirin rute, tinggal duduk manis dan nikmati perjalanannya. 

Yuk booking sekarang di www.rentalvwborobudur.com dan jadikan momen liburanmu kali ini tak terlupakan

#vwborobudur #wisataborobudur #borobudurhits",Image,2026-05-28 09:00:07+00:00,0.0,0,0.0,,wborobudur_,2026-06-03,Apify Instagram Scraper,0.0,2026-05-28
Borobudur,#wisataborobudur,https://www.instagram.com/p/DYyQCI6CC3p/,DYyQCI6CC3p,"🌿✨ Liburan bukan cuma soal tujuan
Tapi juga perjalanan yang nyaman 🚐😎

Borobudur Explorer Tour siap nemenin trip kamu
📞 WA: 0878-2211-7005
Rental HIACE Borobudur, Magelang

#RentalHiaceBorobudur #SewaHiaceBorobudur #HiaceBorobudur #BorobudurExplorerTour #WisataBorobudur #BorobudurTrip #MagelangTrip #SewaHiaceJogja #HiaceJogja #LiburanJogja #TripJogja #ExploreBorobudur #TravelJogja #TourJogja #FYPReels #ReelsIndonesia #TripAsik #ExploreIndonesia #JogjaTrip",Image,2026-05-26 02:30:19+00:00,0.0,0,0.0,Kabupaten Magelang,rentalhiaceborobudur,2026-06-03,Apify Instagram Scraper,0.0,2026-05-26
Borobudur,#wisataborobudur,https://www.instagram.com/p/DYthyCqkXG9/,DYthyCqkXG9,"🔥 Jangan tunggu full baru booking 😬
Trip Borobudur rame-rame paling nyaman pakai HIACE 🚐

📞 Telp/WA: 0878-2211-7005
by Borobudur Explorer Tour
Rental HIACE Borobudur, Magelang

#RentalHiaceBorobudur #SewaHiaceBorobudur #HiaceBorobudur #BorobudurExplorerTour #WisataBorobudur #BorobudurTrip #MagelangTrip #SewaHiaceJogja #HiaceJogja #LiburanJogja #TripJogja #ExploreBorobudur #TravelJogja #TourJogja #FYPJogja #ReelsIndonesia #TripSeru #ExploreIndonesia #LiburanBareng",Image,2026-05-24 06:29:11+00:00,0.0,0,0.0,Magelang Kota - Jawa Tengah,rentalhiaceborobudur,2026-06-03,Apify Instagram Scraper,0.0,2026-05-24
Borobudur,#wisataborobudur,https://www.instagram.com/p/DYoYEnIEfuQ/,DYoYEnIEfuQ,"🚐💨 Mau healing ke Borobudur tanpa ribet?
Tinggal booking, langsung jalan 😎

📍 Start Jogja & Magelang
📞 WA: 0878-2211-7005
by Borobudur Explorer Tour 

HIACE - Premio - Luxury - ELF Long

#RentalHiaceBorobudur #SewaHiaceBorobudur #HiaceBorobudur #BorobudurExplorerTour #WisataBorobudur #BorobudurTrip #MagelangTrip #SewaHiaceJogja #HiaceJogja #LiburanJogja #TripJogja #ExploreBorobudur #TravelJogja #TourJogja #FYPIndonesia #TripAsik #ExploreIndonesia #JogjaTrip #LiburanAsik",Image,2026-05-22 06:28:08+00:00,0.0,0,0.0,Kabupaten Magelang,rentalhiaceborobudur,2026-06-03,Apify Instagram Scraper,0.0,2026-05-22
Borobudur,#wisataborobudur,https://www.instagram.com/p/DYjHY6ZDQNc/,DYjHY6ZDQNc,"🌄 Sunrise trip ke Borobudur?
HIACE siap nemenin perjalanan kamu 🚐😎

Rental HIACE Borobudur, Magelang
by Borobudur Explorer Tour

✨ Cocok untuk keluarga & rombongan
📞 Telp/WA: 0878-2211-7005

#RentalHiaceBorobudur #SewaHiaceBorobudur #HiaceBorobudur #BorobudurExplorerTour #WisataBorobudur #BorobudurTrip #MagelangTrip #SewaHiaceJogja #HiaceJogja #LiburanJogja #TripJogja #ExploreBorobudur #TravelJogja #TourJogja #FYPReels #ReelsJogja #TripSeru #ExploreIndonesia #LiburanBareng",Image,2026-05-20 05:26:09+00:00,0.0,0,0.0,,rentalhiaceborobudur,2026-06-03,Apify Instagram Scraper,0.0,2026-05-20
Borobudur,#exploreborobudur,https://www.instagram.com/p/DY_NP5ZFViq/,DY_NP5ZFViq,"Take a seat, pick your spot, and slow things down for a little while. There’s always a corner waiting for you here.

#SukkhaCafe #ComfortFood #TraditionalEats #CozyCafe #SoulfulBites #SereneSpaces #BorobudurCafe #MagelangEats #CentralJavaCafe #ExploreBorobudur #KulinerBorobudur #NgopiDiBorobudur",Image,2026-05-31 03:16:05+00:00,0.0,0,0.0,,sukkha.id,2026-06-03,Apify Instagram Scraper,0.0,2026-05-31
Borobudur,#exploreborobudur,https://www.instagram.com/p/DY1CuZVk0fs/,DY1CuZVk0fs,"Selamat Hari Raya Idul Adha 🌙

Di hari yang suci ini, semoga hati kita semakin lapang dan hidup kita dipenuhi keberkahan.
Saatnya menikmati momen kebersamaan dengan pengalaman terbaik di Borobudur bersama kami 🚐✨

Book now : www.rentalvwborobudur.com
Hubungi: 0813-2818-0180

#IdulAdha
#RentalVW
#ExploreBorobudur",Image,2026-05-27 04:31:44+00:00,0.0,0,0.0,,wborobudur_,2026-06-03,Apify Instagram Scraper,0.0,2026-05-27
Borobudur,#exploreborobudur,https://www.instagram.com/p/DYd20rTFDEK/,DYd20rTFDEK,"🚐✨ Borobudur selalu lebih seru kalau rame-rame
Apalagi perjalanannya nyaman dari awal 😎

📍 Jogja • Magelang • Borobudur
📞 WA: 0878-2211-7005
by Borobudur Explorer Tour

HIACE - Premio - Luxury - ELF Long

#RentalHiaceBorobudur #SewaHiaceBorobudur #HiaceBorobudur #BorobudurExplorerTour #WisataBorobudur #BorobudurTrip #MagelangTrip #SewaHiaceJogja #HiaceJogja #LiburanJogja #TripJogja #ExploreBorobudur #TravelJogja #TourJogja #FYPJogja #ReelsIndonesia #TripAsik #ExploreIndonesia #LiburanAsik",Image,2026-05-18 04:25:11+00:00,0.0,0,0.0,Kabupaten Magelang,rentalhiaceborobudur,2026-06-03,Apify Instagram Scraper,0.0,2026-05-18
Borobudur,#exploreborobudur,https://www.instagram.com/p/DYZPU5dEQwh/,DYZPU5dEQwh,"🌿✨ Explore Borobudur bareng orang tersayang
Perjalanan nyaman bikin liburan makin berkesan 🚐

📞 WA: 0878-2211-7005
Rental HIACE Borobudur, Magelang
by Borobudur Explorer Tour

#RentalHiaceBorobudur #SewaHiaceBorobudur #HiaceBorobudur #BorobudurExplorerTour #WisataBorobudur #BorobudurTrip #MagelangTrip #SewaHiaceJogja #HiaceJogja #LiburanJogja #TripJogja #ExploreBorobudur #TravelJogja #TourJogja #FYPReels #ReelsIndonesia #TripAsik #ExploreIndonesia #JogjaTrip",Image,2026-05-16 09:23:06+00:00,0.0,0,0.0,Kabupaten Magelang,rentalhiaceborobudur,2026-06-03,Apify Instagram Scraper,0.0,2026-05-16
Borobudur,#exploreborobudur,https://www.instagram.com/p/DYUFn0wCWoc/,DYUFn0wCWoc,"🔥 Mau trip Borobudur tanpa ribet ?
HIACE siap jalan kapan aja 🚐😎

📍 Start Jogja & Magelang
📞 Telp/WA: 0878-2211-7005

Rental HIACE Borobudur, Magelang
by Borobudur Explorer Tour
HIACE - Premio - Luxury - ELF Long

#RentalHiaceBorobudur #SewaHiaceBorobudur #HiaceBorobudur #BorobudurExplorerTour #WisataBorobudur #BorobudurTrip #MagelangTrip #SewaHiaceJogja #HiaceJogja #LiburanJogja #TripJogja #ExploreBorobudur #TravelJogja #TourJogja #FYPJogja #ReelsIndonesia #TripSeru #ExploreIndonesia #LiburanBareng",Image,2026-05-14 09:22:06+00:00,0.0,0,0.0,Kabupaten Magelang,rentalhiaceborobudur,2026-06-03,Apify Instagram Scraper,0.0,2026-05-14
Borobudur,#exploreborobudur,https://www.instagram.com/p/DYO7z3Qkene/,DYO7z3Qkene,"🚐💨 Dari Jogja ke Borobudur jadi lebih santai
Tinggal duduk, nikmati perjalanan 😎

📞 WA: 0878-2211-7005
Rental HIACE Borobudur, Magelang
by Borobudur Explorer Tour

Ready :
- HIACE Commuter 15 penumpang
- HIACE Premio 14 penumpang
- HIACE Luxury 10 penumpang
- ELF Long 18 penumpang

#RentalHiaceBorobudur #SewaHiaceBorobudur #HiaceBorobudur #BorobudurExplorerTour #WisataBorobudur #BorobudurTrip #MagelangTrip #SewaHiaceJogja #HiaceJogja #LiburanJogja #TripJogja #ExploreBorobudur #TravelJogja #TourJogja #FYPIndonesia #TripAsik #ExploreIndonesia #LiburanAsik #JogjaTrip",Image,2026-05-12 09:20:10+00:00,0.0,0,0.0,Kabupaten Magelang,rentalhiaceborobudur,2026-06-03,Apify Instagram Scraper,0.0,2026-05-12
Borobudur,#exploreborobudur,https://www.instagram.com/p/DYG_VSnmd4r/,DYG_VSnmd4r,"🌄🚐 Trip ke Borobudur rame-rame lebih seru
Nikmati perjalanan nyaman bareng keluarga & teman 😎

📍 Borobudur • Magelang • Jogja
📞 WA: 0878-2211-7005
by Borobudur Explorer Tour 

Ready :
HIACE Commuter - Premio - Luxury - ELF Long

#RentalHiaceBorobudur #SewaHiaceBorobudur #HiaceBorobudur #BorobudurExplorerTour #WisataBorobudur #BorobudurTrip #MagelangTrip #SewaHiaceJogja #HiaceJogja #LiburanJogja #TripJogja #ExploreBorobudur #TravelJogja #TourJogja #FYPJogja #ReelsIndonesia #TripAsik #ExploreIndonesia #LiburanAsik",Image,2026-05-09 07:17:01+00:00,0.0,0,0.0,,rentalhiaceborobudur,2026-06-03,Apify Instagram Scraper,0.0,2026-05-09
Borobudur,#exploreborobudur,https://www.instagram.com/p/DYEYp-ejaDr/,DYEYp-ejaDr,"Liburan nggak harus selalu ke tempat baru, kadang yang dibutuhkan cuma cara baru untuk menikmati perjalanan. 🌾🚗✨

Keliling desa wisata Borobudur dengan VW klasik, menikmati udara segar, pemandangan alam, dan suasana yang bikin liburan terasa lebih hangat dan berkesan. Cocok untuk quality time bareng keluarga, pasangan, atau sahabat. 🌴

#VWBorobudur #HolidayEscape #ExploreBorobudur",Image,2026-05-08 07:00:34+00:00,0.0,0,0.0,,wborobudur_,2026-06-03,Apify Instagram Scraper,0.0,2026-05-08
Borobudur,#candiborobudur,https://www.instagram.com/p/DZFYA1sExMJ/,DZFYA1sExMJ,"✨Beneath the vast blue sky and dazzling clouds, Borobudur Temple looms majestically as it prepares for the Vesak celebrations. The Dhamayatra journey, a moment of peace and enlightenment

#candiborobudur",Sidecar,2026-06-02 12:45:35+00:00,-1.0,0,0.0,Candi Borobudur,kssxbdlcc._.ram,2026-06-03,Apify Instagram Scraper,-1.0,2026-06-02
Borobudur,#candiborobudur,https://www.instagram.com/p/DZCuv9VBrqs/,DZCuv9VBrqs,"📸
#btsarmy #army#candiborobudur",Image,2026-06-01 12:06:36+00:00,-1.0,0,0.0,,chhrystin_,2026-06-03,Apify Instagram Scraper,-1.0,2026-06-01
Borobudur,#candiborobudur,https://www.instagram.com/p/DYjWDmqEmPS/,DYjWDmqEmPS,"Menikmati pagi yang damai di antara seribu stupa yang kemegahannya selalu berhasil bikin takjub dan gak pernah bosan buat berkunjung ke sini.

📍: Candi Borobudur, Magelang, Jawa Tengah

#CandiBorobudur #BorobudurTemple #PesonaIndonesia #WonderfulIndonesia #ExploreMagelang",Sidecar,2026-05-20 07:34:18+00:00,-1.0,0,0.0,Candi Borobudur,_iysnwr,2026-06-03,Apify Instagram Scraper,-1.0,2026-05-20
Borobudur,#candiborobudur,https://www.instagram.com/p/DYeoqjZEr77/,DYeoqjZEr77,"The only place I call home, You are…
Every hope and dream I’ve ever had, You are…
In other lifetimes without any doubt
I’ll keep choosing you.

📍: Candi Borobudur, Magelang, Jawa Tengah

#CandiBorobudur #BorobudurTemple #PesonaIndonesia #WonderfulIndonesia #ExploreMagelang",Sidecar,2026-05-18 11:40:42+00:00,-1.0,0,0.0,Candi Borobudur,_iysnwr,2026-06-03,Apify Instagram Scraper,-1.0,2026-05-18
Bromo,#bromo,https://www.instagram.com/p/DZHqA93E-1L/,DZHqA93E-1L,"Ada lagi yg punya Bromo di bucket list-nya?🌋
#bromo",Sidecar,2026-06-03 10:01:22+00:00,4457.0,48,0.0,Gunung Bromo,rrq_bb8,2026-06-03,Apify Instagram Scraper,4505.0,2026-06-03
Bromo,#mountbromo,https://www.instagram.com/p/DZEmFqWOPZh/,DZEmFqWOPZh,"Trip Bromo dari kota malang
⠀
👉1 Orang Bisa Pesan⠀
👉Harga mulai 300K 
👉Gabungan Dengan Peserta Lain⠀
👉Berangkat Setiap Hari⠀

Destinasi :⠀
1. View point Sunrise⠀
2. Kawah Bromo⠀
3. Widodaren hill
4. Pura Luhur Poten⠀
5. Pusung Gedhe⠀
6. Savanna⠀
7. Lembah Watangan
⠀
Fasilitas⠀
⁣➖➖➖➖➖➖➖➖➖➖➖➖➖➖⠀
.✔ Transport shuttle dengan city car⠀
✔ BBM⠀
✔ Driver⠀
✔ Parkir⠀
✔ Jeep bromo tertutup⠀
✔ Tiket masuk bromo untuk WNI⠀

⠀
==============================⠀
Tersedia juga paket :
📌Sewa Jeep Sukapura Probolinggo, Wonokitri Pasuruan, Tumpang Malang
📌Breakfast savana juga ada 

free pengantaran ke pusat oleh-oleh di goedang malang

Contact info :⠀
📞 0341 - 511057⠀
📞 0811-3730-122⠀

#bromo #bromomountain #gunungbromo #opentripbromo #tripbromo",Image,2026-06-02 05:29:22+00:00,320.0,2,0.0,Bromo Tengger Semeru,tripbromomountain,2026-06-03,Apify Instagram Scraper,322.0,2026-06-02
Bromo,#wisatabromo,https://www.instagram.com/p/DZHjQq1uM_d/,DZHjQq1uM_d,"Trip Bromo dari kota malang
⠀
👉1 Orang Bisa Pesan⠀
👉Harga mulai 300K 
👉Gabungan Dengan Peserta Lain⠀
👉Berangkat Setiap Hari⠀

Destinasi :⠀
1. View point Sunrise⠀
2. Kawah Bromo⠀
3. Widodaren hill
4. Pura Luhur Poten⠀
5. Pusung Gedhe⠀
6. Savanna⠀
7. Lembah Watangan
⠀
Fasilitas⠀
⁣➖➖➖➖➖➖➖➖➖➖➖➖➖➖⠀
.✔ Transport shuttle dengan city car⠀
✔ BBM⠀
✔ Driver⠀
✔ Parkir⠀
✔ Jeep bromo tertutup⠀
✔ Tiket masuk bromo untuk WNI⠀

⠀
==============================⠀
Tersedia juga paket :
📌Sewa Jeep Sukapura Probolinggo, Wonokitri Pasuruan, Tumpang Malang
📌Breakfast savana juga ada 

free pengantaran ke pusat oleh-oleh di goedang malang

Contact info :⠀
📞 0341 - 511057⠀
📞 0811-3730-122⠀",Image,2026-06-03 09:02:23+00:00,306.0,2,0.0,"Surabaya, Jawa Timur, Indonesia",tripbromomountain,2026-06-03,Apify Instagram Scraper,308.0,2026-06-03
Bromo,#bromo,https://www.instagram.com/p/DZHluibk-AN/,DZHluibk-AN,"Sunrise Bromo emang beda rasanya 🌄
dingin, tenang, tapi bikin hangat karena dinikmati bareng orang tersayang 🤍
Trip ke Bromo itu bukan cuma soal foto bagus,
tapi soal momen kecil yang bakal diingat lama —
apalagi kalau sama keluarga, bahkan bawa anak pun tetap aman & nyaman 👶✨
Mulai dari jeep, spot terbaik, sampai waktu yang pas buat keluarga,
semua bisa disiapin biar tinggal nikmatin momennya aja.
Kalau pengen ke Bromo tanpa ribet,
tinggal duduk manis, nikmatin sunrise, dan pulang bawa cerita 🌿",Image,2026-06-03 09:23:54+00:00,305.0,2,0.0,Bromo Tengger Semeru,travelbromo.info,2026-06-03,Apify Instagram Scraper,307.0,2026-06-03
Bromo,#gunungbromo,https://www.instagram.com/p/DZHiRCdPxm6/,DZHiRCdPxm6,"🔥 PRIVATE JEEP LONG BROMO 🔥
Liburan rame-rame ke sekarang makin seru, nyaman, dan pastinya lebih private! 🚙✨

Nikmati pengalaman explore Bromo bareng bestie, keluarga, atau circle favorit tanpa gabung peserta lain 👌
Lebih bebas, lebih santai, dan pastinya lebih puas buat foto-foto 📸

📍 Destinasi favorit yang bakal dikunjungi: 🌄 Sunrise Point
⛰️ Widodaren Hill
🌋 Kawah Bromo
🏜️ Pasir Berbisik
🌿 Padang Savana
🍃 Bukit Teletubbies

💼 Fasilitas lengkap: ✔ Transportasi PP
✔ Jeep Long Bromo
✔ Driver + BBM
✔ Tiket wisata Bromo
✔ Retribusi
✔ Guide fotografer
✔ Video cinematic 🎥

💰 Pilihan Paket: ❌ Exclude dokumentasi — Rp2.700.000/paket
📸 Include dokumentasi — Rp3.000.000/paket

👥 Kapasitas 6–8 orang
Cocok buat: ✨ Family trip
✨ Bestie trip
✨ Company gathering kecil
✨ Couple group trip

Gak cuma jalan-jalan, tapi pulang bawa pengalaman & konten keren buat feed kamu 😎

📌 Slot terbatas setiap harinya!
Yuk booking sekarang sebelum tanggal favorit penuh 🔥

📲 DM atau WhatsApp untuk reservasi & info lengkap

#bromo #bromomountain #gunungbromo #tripbromo #opentripbromo",Image,2026-06-03 08:53:43+00:00,305.0,2,0.0,Bromo Tengger Semeru,tripbromomalang,2026-06-03,Apify Instagram Scraper,307.0,2026-06-03
Bromo,#wisatabromo,https://www.instagram.com/p/DZHjM5XOnn7/,DZHjM5XOnn7,"Trip Bromo dari kota malang
⠀
👉1 Orang Bisa Pesan⠀
👉Harga mulai 300K 
👉Gabungan Dengan Peserta Lain⠀
👉Berangkat Setiap Hari⠀

Destinasi :⠀
1. View point Sunrise⠀
2. Kawah Bromo⠀
3. Widodaren hill
4. Pura Luhur Poten⠀
5. Pusung Gedhe⠀
6. Savanna⠀
7. Lembah Watangan
⠀
Fasilitas⠀
⁣➖➖➖➖➖➖➖➖➖➖➖➖➖➖⠀
.✔ Transport shuttle dengan city car⠀
✔ BBM⠀
✔ Driver⠀
✔ Parkir⠀
✔ Jeep bromo tertutup⠀
✔ Tiket masuk bromo untuk WNI⠀

⠀
==============================⠀
Tersedia juga paket :
📌Sewa Jeep Sukapura Probolinggo, Wonokitri Pasuruan, Tumpang Malang
📌Breakfast savana juga ada 

free pengantaran ke pusat oleh-oleh di goedang malang

Contact info :⠀
📞 0341 - 511057⠀
📞 0811-3730-122⠀",Image,2026-06-03 09:01:52+00:00,305.0,2,0.0,Penanjakan Bromo,tripbromomountain,2026-06-03,Apify Instagram Scraper,307.0,2026-06-03
Bromo,#wisatabromo,https://www.instagram.com/p/DZHjHUfufz-/,DZHjHUfufz-,"Trip Bromo dari kota malang
⠀
👉1 Orang Bisa Pesan⠀
👉Harga mulai 300K 
👉Gabungan Dengan Peserta Lain⠀
👉Berangkat Setiap Hari⠀

Destinasi :⠀
1. View point Sunrise⠀
2. Kawah Bromo⠀
3. Widodaren hill
4. Pura Luhur Poten⠀
5. Pusung Gedhe⠀
6. Savanna⠀
7. Lembah Watangan
⠀
Fasilitas⠀
⁣➖➖➖➖➖➖➖➖➖➖➖➖➖➖⠀
.✔ Transport shuttle dengan city car⠀
✔ BBM⠀
✔ Driver⠀
✔ Parkir⠀
✔ Jeep bromo tertutup⠀
✔ Tiket masuk bromo untuk WNI⠀

⠀
==============================⠀
Tersedia juga paket :
📌Sewa Jeep Sukapura Probolinggo, Wonokitri Pasuruan, Tumpang Malang
📌Breakfast savana juga ada 

free pengantaran ke pusat oleh-oleh di goedang malang

Contact info :⠀
📞 0341 - 511057⠀
📞 0811-3730-122⠀",Image,2026-06-03 09:01:07+00:00,305.0,2,0.0,"Surabaya, Jawa Timur, Indonesia",tripbromomountain,2026-06-03,Apify Instagram Scraper,307.0,2026-06-03
Bromo,#wisatabromo,https://www.instagram.com/p/DZHiqBCTGoQ/,DZHiqBCTGoQ,"Mau Nikmatin Sunrise Bromo yang Super Keren? Gabung aja di Open Trip Bromo Midnight! 🌙✨
Ngapain repot kalau bisa seru-seruan bareng? Di trip ini, kamu bakal:
🔥 Lihat sunrise epic di Gunung Bromo yang bikin speechless
🔥 Jalan bareng teman-teman baru, dijamin makin asik!
🔥 Gak usah pusing atur-atur, tinggal ikut dan nikmatin vibes liburannya
Cuma Rp325.000/orang, udah dapet pengalaman yang gak bakal dilupain!
👉 Langsung aja DM atau klik link di bio buat booking. Ingat, tempatnya terbatas banget

#opentripbromo #traveltourbromo #travelbatu #travelmalang #travelbromo",Image,2026-06-03 08:57:06+00:00,304.0,2,0.0,Bromo Tengger Semeru,tripkebromo,2026-06-03,Apify Instagram Scraper,306.0,2026-06-03
Bromo,#mountbromo,https://www.instagram.com/p/DZEABV9kwx0/,DZEABV9kwx0,"Bromo bukan hanya tentang gunung, sunrise, atau hamparan lautan pasir yang indah.
Bromo adalah tentang momen ketika kamu rela bangun tengah malam demi menyaksikan matahari terbit yang luar biasa. Tentang udara dingin yang menyapa wajahmu saat langit perlahan berubah warna. Tentang perjalanan yang membuatmu berhenti sejenak dari rutinitas dan menikmati keindahan alam yang sulit dijelaskan dengan kata-kata.
Di sini, setiap sudut menyimpan cerita. Setiap langkah menghadirkan pengalaman. Dan setiap kunjungan selalu meninggalkan alasan untuk kembali.
Karena pada akhirnya, Bromo bukan sekadar destinasi wisata. Bromo adalah pengalaman yang akan selalu kamu kenang.
Siapa yang ingin kembali menikmati indahnya Bromo? 🌅✨

#bromo #bromomountain #gunungbromo #opentripbromo #tripbromo",Sidecar,2026-06-01 23:56:42+00:00,298.0,2,0.0,Museum Angkut Batu Malang,tripkebromo,2026-06-03,Apify Instagram Scraper,300.0,2026-06-01
Bromo,#mountbromo,https://www.instagram.com/p/DZFDvvCnU_t/,DZFDvvCnU_t,"This photo sat in my drafts for two years.

I thought I was waiting for the right caption.
Maybe I just couldn’t tell if what I felt was hollowness or fullness.

Funny how they can look exactly the same from the outside.

#mountbromo #surabaya",Sidecar,2026-06-02 09:48:29+00:00,138.0,0,0.0,Mount Bromo,louis_viiiix,2026-06-03,Apify Instagram Scraper,138.0,2026-06-02
Bromo,#mountbromo,https://www.instagram.com/p/DZGGgvwkppI/,DZGGgvwkppI,"Hiking through the night to see the sunrise over this magical place was absolutely worth it. 

#mtbromo #mountbromo #mtsemeru #mountsemeru #volcano",Sidecar,2026-06-02 19:31:53+00:00,111.0,6,0.0,Penanjakan Bromo,iamdanielbrandt,2026-06-03,Apify Instagram Scraper,117.0,2026-06-02
Bromo,#mountbromo,https://www.instagram.com/p/DZEZdBeJeTO/,DZEZdBeJeTO,"Dari tempat setinggi ini, aku jadi teringat betapa seringnya kita takut melangkah sebelum perjalanan dimulai.

Takut tidak sanggup. Takut sendirian. Takut semuanya tidak berjalan seperti yang dibayangkan.

Padahal sebagian besar ketakutan itu hanya hidup di kepala kita.

Beberapa hari lalu, perjalanan ini terasa jauh. Hari ini, ia sudah menjadi kenangan.

Maka untuk bulan yang baru ini, semoga kita semua diberi keberanian untuk melangkahkan kaki, bahkan saat belum tahu apa yang menunggu di depan.

Karena sering kali, pemandangan terindah datang setelah keputusan-keputusan yang paling kita ragukan.

Welcome, June.

—

Challenge by @foto_frm
Tema: Bebas with Text ""Welcome June""
Sponsor: Hamba Allah

#foto_frm
#fotofrmchallenge518
#fotofrm_hbjune_0204",Image,2026-06-02 03:38:59+00:00,73.0,40,0.0,Bromo Mountain,trytoshoot13,2026-06-03,Apify Instagram Scraper,113.0,2026-06-02
Bromo,#bromo,https://www.instagram.com/p/DZHvvt_j7RH/,DZHvvt_j7RH,The journey begins where the sun rises 🌄,Sidecar,2026-06-03 10:51:26+00:00,29.0,5,0.0,Bromo Tengger Semeru National Park,jamil_ahwali,2026-06-03,Apify Instagram Scraper,34.0,2026-06-03
Bromo,#mountbromo,https://www.instagram.com/p/DZHKxZRDi7k/,DZHKxZRDi7k,"รางวันของคนนอนน้อย 😅
 ขอบคุณเพื่อนๆ และลูกทริปที่น่ารักเสมอ ความสวยงามไม่ใช่แค่ปลายทาง แต่มันคือตลอดของการเดินทาง มีทั้งรอยยิ้ม เสียงหัวเราะ
  ถ้ารับปากแล้วว่าจะทำ ก็จะทำด้วยใจ และเต็มที่เสมอ 100%
#Bromo #Semaru #MountBromo 
#WiroonLife #LonelyTogether 
#โลกของคนเดินทาง",Sidecar,2026-06-03 05:28:21+00:00,25.0,1,0.0,,wiroonlife,2026-06-03,Apify Instagram Scraper,26.0,2026-06-03
Bromo,#bromo,https://www.instagram.com/p/C9XiY7ETqHK/,C9XiY7ETqHK,"Singkat saja......
Tahun ini tidak ingin berharap lebih,
Hanya ingin berterimakasih saja untuk apapun yang terjadi selama 21 tahun ini😊😊

#puncakp30 #bromo",Sidecar,2024-07-13 15:23:33+00:00,23.0,0,0.0,Puncak P 30,devikayuliana25,2026-06-03,Apify Instagram Scraper,23.0,2024-07-13
Bromo,#mountbromo,https://www.instagram.com/p/DZF4HBvjcMM/,DZF4HBvjcMM,"Vroeg uit de veren, maar meer dan de moeite waard. 🌋✨

Nog voor zonsopkomst op pad om de Bromo te bewonderen. Terwijl de lucht langzaam van donker naar goud kleurde, kwam het indrukwekkende landschap steeds meer tot leven. Een van die momenten die je niet snel vergeet.

#Bromo #MountBromo #Indonesia #Sunrise #TravelMemories",Sidecar,2026-06-02 17:26:03+00:00,22.0,0,0.0,,ruthhenzen,2026-06-03,Apify Instagram Scraper,22.0,2026-06-02
Bromo,#bromo,https://www.instagram.com/p/DZHrkVJE0Q3/,DZHrkVJE0Q3,"the magical of bromo ✨
#bromo#fyp#view",Sidecar,2026-06-03 10:14:56+00:00,13.0,0,0.0,,semzzz___,2026-06-03,Apify Instagram Scraper,13.0,2026-06-03
Bromo,#mountbromo,https://www.instagram.com/p/DZHKrN-GaQd/,DZHKrN-GaQd,"Di hamparan pasir berbisik ini, aku mendengar semesta mendiktekan namamu. Seperti Bromo yang setia menanti fajar, begitulah caraku merawat tunggu.

#Bromo #MountBromo #Tengger #ExploreJatim #WonderfulIndonesia",Sidecar,2026-06-03 05:27:31+00:00,13.0,0,0.0,Taman Nasional Gunung Bromo Tengger Semeru,syarifmohamad_,2026-06-03,Apify Instagram Scraper,13.0,2026-06-03
Bromo,#mountbromo,https://www.instagram.com/p/DZFGWWMTkKy/,DZFGWWMTkKy,"🌏 Mount Bromo 🌏

📌 29 May 2026 

#bromo
#mountbromo
#eastjavaindonesia
#beautifulindonesia 
#penangborntraveller",Image,2026-06-02 10:11:18+00:00,7.0,4,0.0,"Mount Bromo, East Java",penangborntraveller,2026-06-03,Apify Instagram Scraper,11.0,2026-06-02
Bromo,#bromo,https://www.instagram.com/p/DZHpQrZhtS6/,DZHpQrZhtS6,"Hello gais, mumpung musim wisuda nih, kami kenalkan jasa dokumentasi fotografer videografer buat wisuda 😁

Perkenalkan tim @dejavucreator, jasa Dokumentasi terlengkap di Malang lohh. Apa aja sih jasa yang kami sediakan 👇🏻👇🏻👇🏻
.
Dejavucreator menekuni bidang dokumentasi, seperti Traveling,  Wisuda, Wedding, Prewed, Engagement, dan kami juga menyediakan jasa di bidang lain seperti berikut:

-Jasa Dokumentasi Wisuda
-Jasa Dokumentasi Prewed - Wedding
-Jasa Dokumentasi Engagement 
-Jasa Dokumentasi Private Keluarga
-Jasa Pilot Drone
-Jasa Trip Jeep Explore Bromo
-Jasa Trip Kawah Explore Kawah Ijen Banyuwangi
-Jasa Trip Explore Pantai Malang 
-Jasa Trip Explore Tumpak Sewu
-Jasa Jeep Offroad Explore Batu
-Jasa Foto Produk
-Jasa Foto Hunting 
-Jasa Foto Acara Organisasi 
-Jasa Dokumentasi Panggilan lainnya
-MUA untuk Wisuda / Wedding
-Media Sponsorship
-Pembuatan Selempang & Bucket Wisuda

Penasaran sama hasil dokumentasi dan keceriaan trip bersama tim @dejavucreator?🤔
Langsung follow dan pantau  Instagram nya  @dejavucreator untuk menjadikan acara kalian penuh cerita dan ceria bersama, kalian bisa langsung hubungin adminnya yang sangat ramah 😁
.
Tunggu apa lagi, Dejavucreator siap mewujudkan dream list kalian🫡
Terimakasih dan see youuu 😁🤗

#dejavucreator #wisudaoutdoormalang #wisudamalang #fotograferoutdoormalang #bromo privatetripbromo fotograferweddingmalang graduationmalang abmmalang wisudauin uinmalang ummmalang polinemamalang ummalang ubmalang domeumm grahacakrawala gracakum wisudauinmalang engagementmalang dronemalang",Image,2026-06-03 09:54:49+00:00,7.0,0,0.0,,dheka_eka,2026-06-03,Apify Instagram Scraper,7.0,2026-06-03
Bromo,#bromo,https://www.instagram.com/p/DZHp02PFA-o/,DZHp02PFA-o,"YangkungYangtiArkaBianFannyAyra❤️❤️.
Sehatsehat sll yaa. ..🥰

#tulungagung#bromo#batu#",Sidecar,2026-06-03 09:59:43+00:00,6.0,0,0.0,,yettynuryanti,2026-06-03,Apify Instagram Scraper,6.0,2026-06-03
Bromo,#bromo,https://www.instagram.com/p/DZHmWebmBbY/,DZHmWebmBbY,"⛰️

#bromo #calyapurinavisha",Sidecar,2026-06-03 09:29:21+00:00,6.0,0,0.0,Bromo Sunrise view point,fanyokta20,2026-06-03,Apify Instagram Scraper,6.0,2026-06-03
Bromo,#bromo,https://www.instagram.com/p/DZHzY26gUvy/,DZHzY26gUvy,"B R O M O  M O U T A I N ⛰️💨 
ถึงเวลามาเติม(ภูเขา)ไฟ! 

[ 𝐂𝐡𝐚𝐩𝐭𝐞𝐫 𝟐 ] : ออกเดินทางตีสอง บุกปล่องภูเขาไฟ #Bromo 

#Indonesia #VolcanoTrip
#ทริปนอนน้อย #อินโดนีเซีย",Sidecar,2026-06-03 11:23:16+00:00,4.0,1,0.0,Bromo Mountain,pat_wwmt,2026-06-03,Apify Instagram Scraper,5.0,2026-06-03
Bromo,#explorebromo,https://www.instagram.com/p/DZHvLgUCLTL/,DZHvLgUCLTL,"⌚✨ La technologie à votre poignet !

Découvrez notre montre connectée élégante et performante :

✅ Bluetooth 5.3
✅ Suivi de la fréquence cardiaque et de l'activité
✅ Résistante à l'eau
✅ Autonomie longue durée
✅ Notifications en temps réel

Restez connecté(e), suivez votre santé et adoptez un style moderne au quotidien.

🛒 Commandez dès maintenant sur SharedStore #foryoupage❤️😍 #foryoü #foryoupageviralシ゚ #foryoupageシforyou #fyyy #fyb #pourtoi #pourtoii❤️ #liketolike #likeforshare #explorebromo #promoramadhan",Image,2026-06-03 10:46:30+00:00,5.0,0,0.0,,sharedstoremaroc,2026-06-03,Apify Instagram Scraper,5.0,2026-06-03
Bromo,#bromo,https://www.instagram.com/p/DZHpxT9CX87/,DZHpxT9CX87,ชีวิตเราก็เหมือนนิทาน เริ่มต้นที่กาลครั้งหนึ่ง... และจบลงด้วย เรื่องนี้สอนให้รู้ว่า... แต่จะสอนอะไรนั้น ขึ้นอยู่กับว่าวันนี้เราเลือกใช้ชีวิตยังไง #bromo,Image,2026-06-03 09:59:19+00:00,4.0,0,0.0,,tonraktonlike,2026-06-03,Apify Instagram Scraper,4.0,2026-06-03
Bromo,#mountbromo,https://www.instagram.com/p/DZFaAWiGH6z/,DZFaAWiGH6z,"Finally made it to Bromo! Been dreaming of this forever 🥰

#fyp
#Bromotenggersemeru
#mountBromo 
#wonderfulIndonesia 
#travelindonesia",Sidecar,2026-06-02 13:02:59+00:00,4.0,0,0.0,,markusgabriel28,2026-06-03,Apify Instagram Scraper,4.0,2026-06-02
Bromo,#bromo,https://www.instagram.com/p/DZHvExxTqwR/,DZHvExxTqwR,"Hello gais, mumpung musim wisuda nih, kami kenalkan jasa dokumentasi fotografer videografer buat wisuda 😁

Perkenalkan tim @dejavucreator, jasa Dokumentasi terlengkap di Malang lohh. Apa aja sih jasa yang kami sediakan 👇🏻👇🏻👇🏻
.
Dejavucreator menekuni bidang dokumentasi, seperti Traveling,  Wisuda, Wedding, Prewed, Engagement, dan kami juga menyediakan jasa di bidang lain seperti berikut:

-Jasa Dokumentasi Wisuda
-Jasa Dokumentasi Prewed - Wedding
-Jasa Dokumentasi Engagement 
-Jasa Dokumentasi Private Keluarga
-Jasa Pilot Drone
-Jasa Trip Jeep Explore Bromo
-Jasa Trip Kawah Explore Kawah Ijen Banyuwangi
-Jasa Trip Explore Pantai Malang 
-Jasa Trip Explore Tumpak Sewu
-Jasa Jeep Offroad Explore Batu
-Jasa Foto Produk
-Jasa Foto Hunting 
-Jasa Foto Acara Organisasi 
-Jasa Dokumentasi Panggilan lainnya
-MUA untuk Wisuda / Wedding
-Media Sponsorship
-Pembuatan Selempang & Bucket Wisuda

Penasaran sama hasil dokumentasi dan keceriaan trip bersama tim @dejavucreator?🤔
Langsung follow dan pantau  Instagram nya  @dejavucreator untuk menjadikan acara kalian penuh cerita dan ceria bersama, kalian bisa langsung hubungin adminnya yang sangat ramah 😁
.
Tunggu apa lagi, Dejavucreator siap mewujudkan dream list kalian🫡
Terimakasih dan see youuu 😁🤗

#dejavucreator #wisudaoutdoormalang #wisudamalang #fotograferoutdoormalang #bromo privatetripbromo fotograferweddingmalang graduationmalang abmmalang wisudauin uinmalang ummmalang polinemamalang ummalang ubmalang domeumm grahacakrawala gracakum wisudauinmalang engagementmalang dronemalang",Image,2026-06-03 10:45:38+00:00,3.0,0,0.0,,ggeakkk,2026-06-03,Apify Instagram Scraper,3.0,2026-06-03
Bromo,#mountbromo,https://www.instagram.com/p/DZCHDDhk0I6/,DZCHDDhk0I6,"🌟 OPEN TRIP BROMO 🌟
✅ Berangkat tiap hari tanpa minimal peserta 
Satu orang bisa daftar bebas pilih tanggal keberangkatan | Trip gabungan

☎️ ADMIN 0812 2776 5515 WHATSHAP

✅ PENJEMPUTAN KOTA MALANG
👉🏼 Tanpa Dokumentasi Foto
>> weekday : 250.000 /orang WNI
>> weekend : 275.000 /orang WN
💥FASILITAS : penjemputan pp kota malang , jeep , tiket online , driver+bbm+parkir

👉🏼 Include Dokumentasi Foto
>> weekday : 275.000 / orang WNI
>> Weekend : 300.000 / orang WNI
💥FASILITAS :Penjemputan pp , jeep , Tiket online , bbm+parkir+dreiver , Dokumentasi foto
DOKUMENTASI FOTO (DSLR)

🌟PRIVAT TRIP BROMO 🌟
✅ Berangkat Tiap Hari | Bebas pilih Tanggal
Tidak di gabung dengan peserta lain

✅ PENJEMPUTAN KOTA MALANG
👉🏼 Dokumtasi Foto
>> weekday : 1.650.000 / grup (max 6 orang termasuk anak)
>> weekday : 1.400.000 / grup (non dok)

>> Weekend : 1.800.000 / grup (max 6 orang termasuk anak)
>> weekend : 1.600.000 / grup ( non dok)

💥FASILITAS : penjemputan pp , jeep , tiket online , bbm+driver+parkir +dokumentasi foto

DESTIINASI ;
1.Penanjakan Sunrise 
2.Bukit Widodaren 
3.Kawah Bromo
4.Pura Luhur
5.Pasir Berbisik 
6.Savana Teletubies 

INTENARY ;
-23.45-0015 Penjemputan 
-00.30-01.00 perjalanan ke bascam jeep
-01.00-01.30 istiraht di bascam 
-01.30-02.00 pemberangkatan ke sunrise point
-04.00-06.00 sunrise area
-06.30-08.00 explore kawah bromo
-09.00-10.00 explore pasir berbisik & savan 
-11.00-12.00 perjalanan pulang
#bromo #opentripbromo #gunungbromo",Image,2026-06-01 06:19:37+00:00,2.0,1,0.0,Juanda International Airport,magicalbromosunrisetour,2026-06-03,Apify Instagram Scraper,3.0,2026-06-01
Bromo,#mountbromo,https://www.instagram.com/p/DZBVKLAk2aR/,DZBVKLAk2aR,"🌟 OPEN TRIP BROMO 🌟
✅ Berangkat tiap hari tanpa minimal peserta 
Satu orang bisa daftar bebas pilih tanggal keberangkatan | Trip gabungan

☎️ ADMIN 0812 2776 5515 WHATSHAP

✅ PENJEMPUTAN KOTA MALANG
👉🏼 Tanpa Dokumentasi Foto
>> weekday : 250.000 /orang WNI
>> weekend : 275.000 /orang WN
💥FASILITAS : penjemputan pp kota malang , jeep , tiket online , driver+bbm+parkir

👉🏼 Include Dokumentasi Foto
>> weekday : 275.000 / orang WNI
>> Weekend : 300.000 / orang WNI
💥FASILITAS :Penjemputan pp , jeep , Tiket online , bbm+parkir+dreiver , Dokumentasi foto
DOKUMENTASI FOTO (DSLR)

🌟PRIVAT TRIP BROMO 🌟
✅ Berangkat Tiap Hari | Bebas pilih Tanggal
Tidak di gabung dengan peserta lain

✅ PENJEMPUTAN KOTA MALANG
👉🏼 Dokumtasi Foto
>> weekday : 1.650.000 / grup (max 6 orang termasuk anak)
>> weekday : 1.400.000 / grup (non dok)

>> Weekend : 1.800.000 / grup (max 6 orang termasuk anak)
>> weekend : 1.600.000 / grup ( non dok)

💥FASILITAS : penjemputan pp , jeep , tiket online , bbm+driver+parkir +dokumentasi foto

DESTIINASI ;
1.Penanjakan Sunrise 
2.Bukit Widodaren 
3.Kawah Bromo
4.Pura Luhur
5.Pasir Berbisik 
6.Savana Teletubies 

INTENARY ;
-23.45-0015 Penjemputan 
-00.30-01.00 perjalanan ke bascam jeep
-01.00-01.30 istiraht di bascam 
-01.30-02.00 pemberangkatan ke sunrise point
-04.00-06.00 sunrise area
-06.30-08.00 explore kawah bromo
-09.00-10.00 explore pasir berbisik & savan 
-11.00-12.00 perjalanan pulang
#opentripbromo #bromo #gunungbromo",Image,2026-05-31 23:03:41+00:00,2.0,1,0.0,"Jakarta, Indonesia",magicalbromosunrisetour,2026-06-03,Apify Instagram Scraper,3.0,2026-05-31
Bromo,#wisatabromo,https://www.instagram.com/p/DZHWeZtTHhi/,DZHWeZtTHhi,"Yuk, jadikan trip keluarga kali ini lebih spesial di Bromo.
.
🔻Paket Sewa Jeep Bromo :
➡️ Sewa Jeep Bromo dari Tosari (jalur penanjakan pasuruan)
.
➡️ Sewa Jeep Bromo dari Sukapura (jalur cemoro lawang probolinggo)
.
➡️ Sewa Jeep Bromo dari Tumpang (jalur Tumpang Malang)
.
.
🚨Prasasti peninggalan paling bersejarah anda mengabadikan kenangan adalah dengan mendokumentasikan momen-momen berharga
.
More info :
📲 (+62)81 234 581 177
🌐 www.purirayagroup.com
admin@purirayagroup.com
.
Part of @purirayagroup
.
.
#purirayagroup 
#SewaJeepBromo
#ExploreBromo
#TripBromo
#wisatabromo",Image,2026-06-03 07:10:57+00:00,2.0,1,0.0,,sewajeepbromo.indo,2026-06-03,Apify Instagram Scraper,3.0,2026-06-03
Bromo,#wisatabromo,https://www.instagram.com/p/DZF-ETlkmKD/,DZF-ETlkmKD,"⭕OPEN TRIP BROMO🚦
✅ Berangkat setiap hari | Tanpa minimal pendaftaran (1 orang bisa daftar) | Bebas pilih tanggal | Trip gabungan (semua fasilitas share)

✅ ADMIN 0812 5207 0005 CALL/WHATSAPP 

✅PENJEMPUTAN KOTA MALANG
➡️Tanpa Dokumentasi Foto
- - Weekday: 250.000/orang WNI
- - Weekend: 290.000/orang WNI
Fasilitas: Transportasi PP, Jeep Hardtops, Driver+BBM+Parkir, Tiket Online
 
➡️Dengan Dokumentasi Foto
- - Weekday: 300.000/orang WNI
- - Weekend : 340.000/orang WNI
Fasilitas: Transportasi PP, Jeep Hardtops, Driver+BBM+Parkir, Tiket Online + Guide/Fotografer, Dokumentasi Foto (DSLR)

⭕PRIVATE TRIP BROMO🚦
✅ Berangkat setiap hari | Bebas pilih tanggal | Tidak digabung peserta lain (semua fasilitas eksklusif)

✅PENJEMPUTAN KOTA MALANG
➡️Tanpa Dokumentasi Foto-Video Cinematic 
- -Weekday: 1.400.000/grup (max 6 orang termasuk anak)
- -Weekend :1.700.000/grup (max 6 orang termasuk anak)
Fasilitas: Transportasi PP, Jeep Hardtops, Driver+BBM+Parkir, Tiket Online

Meeting Point: Stasiun Malang, Alun-Alun Malang, Terminal Arjosari/Landungsari, atau penginapan sekitarnya
 
➡️Dengan Dokumentasi Foto-Video Cinematic
- - Weekday: 1.800.000/grup (max 5 orang termasuk anak)
- - Weekend : 1.950.000/grup (max 5 orang termasuk anak)
Fasilitas: Transportasi PP, Jeep Hardtops, Driver+BBM+Parkir, Tiket Online
 + Guide/Fotografer, Dokumentasi Foto, Video Cinematic (1 menit max)

DESTINASI
1. Penanjakan Sunrise
2. Bukit Widodaren
3. Kawah Bromo (Pura Luhur Poten, Gunung Batok, Pasir Berbisik)
4. Padang Savana
5. Bukit Teletubbies
 
ITINERARI
• 23.30-00.30: Penjemputan
• 00.30-01.00: Perjalanan ke Base Camp
• 01.00-02.30: Istirahat + Briefing
• 02.30-04.00: Perjalanan ke Sunrise View Point
• 04.00-08.00: Menunggu Sunrise & Explore Area Sunrise 
• 08.00-10.00: Explore area Kawah Bromo 
• 10.00-11.00: Explore Padang Savana & Bukit Teletubbies
• 11.00-13.00: Perjalanan pulang

#gunungbromo #bromo #malang #mikutopia #wisatabatu",Image,2026-06-02 18:18:06+00:00,2.0,1,0.0,Wisata Murah Malang,planetbromo147.id,2026-06-03,Apify Instagram Scraper,3.0,2026-06-02
Bromo,#mountbromo,https://www.instagram.com/p/DZFp7-QEwlS/,DZFp7-QEwlS,"Above the sea of ​​clouds I saw the first rays of dawn on Mount Bromo 🌋☀️

#Bromo #MountBromo #Indonesia #Healing #Photography",Sidecar,2026-06-02 15:22:12+00:00,1.0,1,0.0,,geloescht20kkdkf,2026-06-03,Apify Instagram Scraper,2.0,2026-06-02
Bromo,#mountbromo,https://www.instagram.com/p/DZFla4mCe9_/,DZFla4mCe9_,"Above the sea of ​​clouds I saw the first rays of dawn on Mount Bromo 🌋☀️

#Bromo #MountBromo #Indonesia #Healing #Photography",Sidecar,2026-06-02 14:42:44+00:00,1.0,1,0.0,,my.princess.elma,2026-06-03,Apify Instagram Scraper,2.0,2026-06-02
Bromo,#mountbromo,https://www.instagram.com/p/DZFCd_gk5MG/,DZFCd_gk5MG,"🌟 OPEN TRIP BROMO 🌟
✅ Berangkat tiap hari tanpa minimal peserta 
Satu orang bisa daftar bebas pilih tanggal keberangkatan | Trip gabungan

☎️ ADMIN 0812 2776 5515 WHATSHAP

✅ PENJEMPUTAN KOTA MALANG
👉🏼 Tanpa Dokumentasi Foto
>> weekday : 250.000 /orang WNI
>> weekend : 275.000 /orang WN
💥FASILITAS : penjemputan pp kota malang , jeep , tiket online , driver+bbm+parkir

👉🏼 Include Dokumentasi Foto
>> weekday : 275.000 / orang WNI
>> Weekend : 300.000 / orang WNI
💥FASILITAS :Penjemputan pp , jeep , Tiket online , bbm+parkir+dreiver , Dokumentasi foto
DOKUMENTASI FOTO (DSLR)

🌟PRIVAT TRIP BROMO 🌟
✅ Berangkat Tiap Hari | Bebas pilih Tanggal
Tidak di gabung dengan peserta lain

✅ PENJEMPUTAN KOTA MALANG
👉🏼 Dokumtasi Foto
>> weekday : 1.650.000 / grup (max 6 orang termasuk anak)
>> weekday : 1.400.000 / grup (non dok)

>> Weekend : 1.800.000 / grup (max 6 orang termasuk anak)
>> weekend : 1.600.000 / grup ( non dok)

💥FASILITAS : penjemputan pp , jeep , tiket online , bbm+driver+parkir +dokumentasi foto

DESTIINASI ;
1.Penanjakan Sunrise 
2.Bukit Widodaren 
3.Kawah Bromo
4.Pura Luhur
5.Pasir Berbisik 
6.Savana Teletubies 

INTENARY ;
-23.45-0015 Penjemputan 
-00.30-01.00 perjalanan ke bascam jeep
-01.00-01.30 istiraht di bascam 
-01.30-02.00 pemberangkatan ke sunrise point
-04.00-06.00 sunrise area
-06.30-08.00 explore kawah bromo
-09.00-10.00 explore pasir berbisik & savan 
-11.00-12.00 perjalanan pulang
#opentripbromo #privatetripbromo #wisatabromo",Image,2026-06-02 09:37:19+00:00,1.0,1,0.0,Kota Batu,magicalbromosunrisetour,2026-06-03,Apify Instagram Scraper,2.0,2026-06-02
Bromo,#mountbromo,https://www.instagram.com/p/DY-v13ZE0f1/,DY-v13ZE0f1,"🌟 OPEN TRIP BROMO 🌟
✅ Berangkat tiap hari tanpa minimal peserta 
Satu orang bisa daftar bebas pilih tanggal keberangkatan | Trip gabungan

☎️ ADMIN 0812 2776 5515 WHATSHAP

✅ PENJEMPUTAN KOTA MALANG
👉🏼 Tanpa Dokumentasi Foto
>> weekday : 250.000 /orang WNI
>> weekend : 275.000 /orang WN
💥FASILITAS : penjemputan pp kota malang , jeep , tiket online , driver+bbm+parkir

👉🏼 Include Dokumentasi Foto
>> weekday : 275.000 / orang WNI
>> Weekend : 300.000 / orang WNI
💥FASILITAS :Penjemputan pp , jeep , Tiket online , bbm+parkir+dreiver , Dokumentasi foto
DOKUMENTASI FOTO (DSLR)

🌟PRIVAT TRIP BROMO 🌟
✅ Berangkat Tiap Hari | Bebas pilih Tanggal
Tidak di gabung dengan peserta lain

✅ PENJEMPUTAN KOTA MALANG
👉🏼 Dokumtasi Foto
>> weekday : 1.650.000 / grup (max 6 orang termasuk anak)
>> weekday : 1.400.000 / grup (non dok)

>> Weekend : 1.800.000 / grup (max 6 orang termasuk anak)
>> weekend : 1.600.000 / grup ( non dok)

💥FASILITAS : penjemputan pp , jeep , tiket online , bbm+driver+parkir +dokumentasi foto

DESTIINASI ;
1.Penanjakan Sunrise 
2.Bukit Widodaren 
3.Kawah Bromo
4.Pura Luhur
5.Pasir Berbisik 
6.Savana Teletubies 

INTENARY ;
-23.45-0015 Penjemputan 
-00.30-01.00 perjalanan ke bascam jeep
-01.00-01.30 istiraht di bascam 
-01.30-02.00 pemberangkatan ke sunrise point
-04.00-06.00 sunrise area
-06.30-08.00 explore kawah bromo
-09.00-10.00 explore pasir berbisik & savan 
-11.00-12.00 perjalanan pulang
#bromo #opentripbromo #gunungbromo",Image,2026-05-30 22:59:07+00:00,1.0,1,0.0,Tunjungan Plaza Mall Surabaya,magicalbromosunrisetour,2026-06-03,Apify Instagram Scraper,2.0,2026-05-30
Bromo,#wisatabromo,https://www.instagram.com/p/DZHp4RbCRt_/,DZHp4RbCRt_,"Bromo di musim kemarau selalu punya pesonanya sendiri. Langit biru cerah, lautan awan yang memukau, dan pemandangan yang begitu cantik siap menyambut setiap langkah perjalananmu.

Yuk, wujudkan liburan impianmu ke Gunung Bromo bersama Transku Bromo! Nikmati perjalanan yang nyaman dan momen sunrise terbaik yang sayang untuk dilewatkan. 

#BromoTrip #ExploreBromo #WisataBromo #BromoSunrise #TranskuBromo",Sidecar,2026-06-03 10:00:37+00:00,2.0,0,0.0,Bromo Tengger Semeru National Park,transkubromo,2026-06-03,Apify Instagram Scraper,2.0,2026-06-03
Bromo,#wisatabromo,https://www.instagram.com/p/DZF-EXjkr0S/,DZF-EXjkr0S,"⭕OPEN TRIP BROMO🚦
✅ Berangkat setiap hari | Tanpa minimal pendaftaran (1 orang bisa daftar) | Bebas pilih tanggal | Trip gabungan (semua fasilitas share)

✅ ADMIN 0812 5207 0005 CALL/WHATSAPP 

✅PENJEMPUTAN KOTA MALANG
➡️Tanpa Dokumentasi Foto
- - Weekday: 250.000/orang WNI
- - Weekend: 290.000/orang WNI
Fasilitas: Transportasi PP, Jeep Hardtops, Driver+BBM+Parkir, Tiket Online
 
➡️Dengan Dokumentasi Foto
- - Weekday: 300.000/orang WNI
- - Weekend : 340.000/orang WNI
Fasilitas: Transportasi PP, Jeep Hardtops, Driver+BBM+Parkir, Tiket Online + Guide/Fotografer, Dokumentasi Foto (DSLR)

⭕PRIVATE TRIP BROMO🚦
✅ Berangkat setiap hari | Bebas pilih tanggal | Tidak digabung peserta lain (semua fasilitas eksklusif)

✅PENJEMPUTAN KOTA MALANG
➡️Tanpa Dokumentasi Foto-Video Cinematic 
- -Weekday: 1.400.000/grup (max 6 orang termasuk anak)
- -Weekend :1.700.000/grup (max 6 orang termasuk anak)
Fasilitas: Transportasi PP, Jeep Hardtops, Driver+BBM+Parkir, Tiket Online

Meeting Point: Stasiun Malang, Alun-Alun Malang, Terminal Arjosari/Landungsari, atau penginapan sekitarnya
 
➡️Dengan Dokumentasi Foto-Video Cinematic
- - Weekday: 1.800.000/grup (max 5 orang termasuk anak)
- - Weekend : 1.950.000/grup (max 5 orang termasuk anak)
Fasilitas: Transportasi PP, Jeep Hardtops, Driver+BBM+Parkir, Tiket Online
 + Guide/Fotografer, Dokumentasi Foto, Video Cinematic (1 menit max)

DESTINASI
1. Penanjakan Sunrise
2. Bukit Widodaren
3. Kawah Bromo (Pura Luhur Poten, Gunung Batok, Pasir Berbisik)
4. Padang Savana
5. Bukit Teletubbies
 
ITINERARI
• 23.30-00.30: Penjemputan
• 00.30-01.00: Perjalanan ke Base Camp
• 01.00-02.30: Istirahat + Briefing
• 02.30-04.00: Perjalanan ke Sunrise View Point
• 04.00-08.00: Menunggu Sunrise & Explore Area Sunrise 
• 08.00-10.00: Explore area Kawah Bromo 
• 10.00-11.00: Explore Padang Savana & Bukit Teletubbies
• 11.00-13.00: Perjalanan pulang

#gunungbromo #bromo #malang #mikutopia #wisatabatu",Image,2026-06-02 18:18:07+00:00,1.0,1,0.0,Wisata Murah Malang,gunungbromo147,2026-06-03,Apify Instagram Scraper,2.0,2026-06-02
Bromo,#wisatabromo,https://www.instagram.com/p/DZF-EZjEv0u/,DZF-EZjEv0u,"⭕OPEN TRIP BROMO🚦
✅ Berangkat setiap hari | Tanpa minimal pendaftaran (1 orang bisa daftar) | Bebas pilih tanggal | Trip gabungan (semua fasilitas share)

✅ ADMIN 0812 5207 0005 CALL/WHATSAPP 

✅PENJEMPUTAN KOTA MALANG
➡️Tanpa Dokumentasi Foto
- - Weekday: 250.000/orang WNI
- - Weekend: 290.000/orang WNI
Fasilitas: Transportasi PP, Jeep Hardtops, Driver+BBM+Parkir, Tiket Online
 
➡️Dengan Dokumentasi Foto
- - Weekday: 300.000/orang WNI
- - Weekend : 340.000/orang WNI
Fasilitas: Transportasi PP, Jeep Hardtops, Driver+BBM+Parkir, Tiket Online + Guide/Fotografer, Dokumentasi Foto (DSLR)

⭕PRIVATE TRIP BROMO🚦
✅ Berangkat setiap hari | Bebas pilih tanggal | Tidak digabung peserta lain (semua fasilitas eksklusif)

✅PENJEMPUTAN KOTA MALANG
➡️Tanpa Dokumentasi Foto-Video Cinematic 
- -Weekday: 1.400.000/grup (max 6 orang termasuk anak)
- -Weekend :1.700.000/grup (max 6 orang termasuk anak)
Fasilitas: Transportasi PP, Jeep Hardtops, Driver+BBM+Parkir, Tiket Online

Meeting Point: Stasiun Malang, Alun-Alun Malang, Terminal Arjosari/Landungsari, atau penginapan sekitarnya
 
➡️Dengan Dokumentasi Foto-Video Cinematic
- - Weekday: 1.800.000/grup (max 5 orang termasuk anak)
- - Weekend : 1.950.000/grup (max 5 orang termasuk anak)
Fasilitas: Transportasi PP, Jeep Hardtops, Driver+BBM+Parkir, Tiket Online
 + Guide/Fotografer, Dokumentasi Foto, Video Cinematic (1 menit max)

DESTINASI
1. Penanjakan Sunrise
2. Bukit Widodaren
3. Kawah Bromo (Pura Luhur Poten, Gunung Batok, Pasir Berbisik)
4. Padang Savana
5. Bukit Teletubbies
 
ITINERARI
• 23.30-00.30: Penjemputan
• 00.30-01.00: Perjalanan ke Base Camp
• 01.00-02.30: Istirahat + Briefing
• 02.30-04.00: Perjalanan ke Sunrise View Point
• 04.00-08.00: Menunggu Sunrise & Explore Area Sunrise 
• 08.00-10.00: Explore area Kawah Bromo 
• 10.00-11.00: Explore Padang Savana & Bukit Teletubbies
• 11.00-13.00: Perjalanan pulang

#gunungbromo #bromo #malang #mikutopia #wisatabatu",Image,2026-06-02 18:18:07+00:00,1.0,1,0.0,Wisata Murah Malang,bromomidnight147,2026-06-03,Apify Instagram Scraper,2.0,2026-06-02
Bromo,#wisatabromo,https://www.instagram.com/p/DZF-EXAErSx/,DZF-EXAErSx,"⭕OPEN TRIP BROMO🚦
✅ Berangkat setiap hari | Tanpa minimal pendaftaran (1 orang bisa daftar) | Bebas pilih tanggal | Trip gabungan (semua fasilitas share)

✅ ADMIN 0812 5207 0005 CALL/WHATSAPP 

✅PENJEMPUTAN KOTA MALANG
➡️Tanpa Dokumentasi Foto
- - Weekday: 250.000/orang WNI
- - Weekend: 290.000/orang WNI
Fasilitas: Transportasi PP, Jeep Hardtops, Driver+BBM+Parkir, Tiket Online
 
➡️Dengan Dokumentasi Foto
- - Weekday: 300.000/orang WNI
- - Weekend : 340.000/orang WNI
Fasilitas: Transportasi PP, Jeep Hardtops, Driver+BBM+Parkir, Tiket Online + Guide/Fotografer, Dokumentasi Foto (DSLR)

⭕PRIVATE TRIP BROMO🚦
✅ Berangkat setiap hari | Bebas pilih tanggal | Tidak digabung peserta lain (semua fasilitas eksklusif)

✅PENJEMPUTAN KOTA MALANG
➡️Tanpa Dokumentasi Foto-Video Cinematic 
- -Weekday: 1.400.000/grup (max 6 orang termasuk anak)
- -Weekend :1.700.000/grup (max 6 orang termasuk anak)
Fasilitas: Transportasi PP, Jeep Hardtops, Driver+BBM+Parkir, Tiket Online

Meeting Point: Stasiun Malang, Alun-Alun Malang, Terminal Arjosari/Landungsari, atau penginapan sekitarnya
 
➡️Dengan Dokumentasi Foto-Video Cinematic
- - Weekday: 1.800.000/grup (max 5 orang termasuk anak)
- - Weekend : 1.950.000/grup (max 5 orang termasuk anak)
Fasilitas: Transportasi PP, Jeep Hardtops, Driver+BBM+Parkir, Tiket Online
 + Guide/Fotografer, Dokumentasi Foto, Video Cinematic (1 menit max)

DESTINASI
1. Penanjakan Sunrise
2. Bukit Widodaren
3. Kawah Bromo (Pura Luhur Poten, Gunung Batok, Pasir Berbisik)
4. Padang Savana
5. Bukit Teletubbies
 
ITINERARI
• 23.30-00.30: Penjemputan
• 00.30-01.00: Perjalanan ke Base Camp
• 01.00-02.30: Istirahat + Briefing
• 02.30-04.00: Perjalanan ke Sunrise View Point
• 04.00-08.00: Menunggu Sunrise & Explore Area Sunrise 
• 08.00-10.00: Explore area Kawah Bromo 
• 10.00-11.00: Explore Padang Savana & Bukit Teletubbies
• 11.00-13.00: Perjalanan pulang

#gunungbromo #bromo #malang #mikutopia #wisatabatu",Image,2026-06-02 18:18:07+00:00,1.0,1,0.0,Wisata Murah Malang,bromohemat147,2026-06-03,Apify Instagram Scraper,2.0,2026-06-02
Bromo,#wisatabromo,https://www.instagram.com/p/DZF-EXFklCy/,DZF-EXFklCy,"⭕OPEN TRIP BROMO🚦
✅ Berangkat setiap hari | Tanpa minimal pendaftaran (1 orang bisa daftar) | Bebas pilih tanggal | Trip gabungan (semua fasilitas share)

✅ ADMIN 0812 5207 0005 CALL/WHATSAPP 

✅PENJEMPUTAN KOTA MALANG
➡️Tanpa Dokumentasi Foto
- - Weekday: 250.000/orang WNI
- - Weekend: 290.000/orang WNI
Fasilitas: Transportasi PP, Jeep Hardtops, Driver+BBM+Parkir, Tiket Online
 
➡️Dengan Dokumentasi Foto
- - Weekday: 300.000/orang WNI
- - Weekend : 340.000/orang WNI
Fasilitas: Transportasi PP, Jeep Hardtops, Driver+BBM+Parkir, Tiket Online + Guide/Fotografer, Dokumentasi Foto (DSLR)

⭕PRIVATE TRIP BROMO🚦
✅ Berangkat setiap hari | Bebas pilih tanggal | Tidak digabung peserta lain (semua fasilitas eksklusif)

✅PENJEMPUTAN KOTA MALANG
➡️Tanpa Dokumentasi Foto-Video Cinematic 
- -Weekday: 1.400.000/grup (max 6 orang termasuk anak)
- -Weekend :1.700.000/grup (max 6 orang termasuk anak)
Fasilitas: Transportasi PP, Jeep Hardtops, Driver+BBM+Parkir, Tiket Online

Meeting Point: Stasiun Malang, Alun-Alun Malang, Terminal Arjosari/Landungsari, atau penginapan sekitarnya
 
➡️Dengan Dokumentasi Foto-Video Cinematic
- - Weekday: 1.800.000/grup (max 5 orang termasuk anak)
- - Weekend : 1.950.000/grup (max 5 orang termasuk anak)
Fasilitas: Transportasi PP, Jeep Hardtops, Driver+BBM+Parkir, Tiket Online
 + Guide/Fotografer, Dokumentasi Foto, Video Cinematic (1 menit max)

DESTINASI
1. Penanjakan Sunrise
2. Bukit Widodaren
3. Kawah Bromo (Pura Luhur Poten, Gunung Batok, Pasir Berbisik)
4. Padang Savana
5. Bukit Teletubbies
 
ITINERARI
• 23.30-00.30: Penjemputan
• 00.30-01.00: Perjalanan ke Base Camp
• 01.00-02.30: Istirahat + Briefing
• 02.30-04.00: Perjalanan ke Sunrise View Point
• 04.00-08.00: Menunggu Sunrise & Explore Area Sunrise 
• 08.00-10.00: Explore area Kawah Bromo 
• 10.00-11.00: Explore Padang Savana & Bukit Teletubbies
• 11.00-13.00: Perjalanan pulang

#gunungbromo #bromo #malang #mikutopia #wisatabatu",Image,2026-06-02 18:18:07+00:00,1.0,1,0.0,Wisata Murah Malang,bromogarasi147,2026-06-03,Apify Instagram Scraper,2.0,2026-06-02
Bromo,#wisatabromo,https://www.instagram.com/p/DZF-EWEEqmM/,DZF-EWEEqmM,"⭕OPEN TRIP BROMO🚦
✅ Berangkat setiap hari | Tanpa minimal pendaftaran (1 orang bisa daftar) | Bebas pilih tanggal | Trip gabungan (semua fasilitas share)

✅ ADMIN 0812 5207 0005 CALL/WHATSAPP 

✅PENJEMPUTAN KOTA MALANG
➡️Tanpa Dokumentasi Foto
- - Weekday: 250.000/orang WNI
- - Weekend: 290.000/orang WNI
Fasilitas: Transportasi PP, Jeep Hardtops, Driver+BBM+Parkir, Tiket Online
 
➡️Dengan Dokumentasi Foto
- - Weekday: 300.000/orang WNI
- - Weekend : 340.000/orang WNI
Fasilitas: Transportasi PP, Jeep Hardtops, Driver+BBM+Parkir, Tiket Online + Guide/Fotografer, Dokumentasi Foto (DSLR)

⭕PRIVATE TRIP BROMO🚦
✅ Berangkat setiap hari | Bebas pilih tanggal | Tidak digabung peserta lain (semua fasilitas eksklusif)

✅PENJEMPUTAN KOTA MALANG
➡️Tanpa Dokumentasi Foto-Video Cinematic 
- -Weekday: 1.400.000/grup (max 6 orang termasuk anak)
- -Weekend :1.700.000/grup (max 6 orang termasuk anak)
Fasilitas: Transportasi PP, Jeep Hardtops, Driver+BBM+Parkir, Tiket Online

Meeting Point: Stasiun Malang, Alun-Alun Malang, Terminal Arjosari/Landungsari, atau penginapan sekitarnya
 
➡️Dengan Dokumentasi Foto-Video Cinematic
- - Weekday: 1.800.000/grup (max 5 orang termasuk anak)
- - Weekend : 1.950.000/grup (max 5 orang termasuk anak)
Fasilitas: Transportasi PP, Jeep Hardtops, Driver+BBM+Parkir, Tiket Online
 + Guide/Fotografer, Dokumentasi Foto, Video Cinematic (1 menit max)

DESTINASI
1. Penanjakan Sunrise
2. Bukit Widodaren
3. Kawah Bromo (Pura Luhur Poten, Gunung Batok, Pasir Berbisik)
4. Padang Savana
5. Bukit Teletubbies
 
ITINERARI
• 23.30-00.30: Penjemputan
• 00.30-01.00: Perjalanan ke Base Camp
• 01.00-02.30: Istirahat + Briefing
• 02.30-04.00: Perjalanan ke Sunrise View Point
• 04.00-08.00: Menunggu Sunrise & Explore Area Sunrise 
• 08.00-10.00: Explore area Kawah Bromo 
• 10.00-11.00: Explore Padang Savana & Bukit Teletubbies
• 11.00-13.00: Perjalanan pulang

#gunungbromo #bromo #malang #mikutopia #wisatabatu",Image,2026-06-02 18:18:06+00:00,1.0,1,0.0,Wisata Murah Malang,bromomurah147,2026-06-03,Apify Instagram Scraper,2.0,2026-06-02
Bromo,#wisatabromo,https://www.instagram.com/p/DZF-ET_Eg4Q/,DZF-ET_Eg4Q,"⭕OPEN TRIP BROMO🚦
✅ Berangkat setiap hari | Tanpa minimal pendaftaran (1 orang bisa daftar) | Bebas pilih tanggal | Trip gabungan (semua fasilitas share)

✅ ADMIN 0812 5207 0005 CALL/WHATSAPP 

✅PENJEMPUTAN KOTA MALANG
➡️Tanpa Dokumentasi Foto
- - Weekday: 250.000/orang WNI
- - Weekend: 290.000/orang WNI
Fasilitas: Transportasi PP, Jeep Hardtops, Driver+BBM+Parkir, Tiket Online
 
➡️Dengan Dokumentasi Foto
- - Weekday: 300.000/orang WNI
- - Weekend : 340.000/orang WNI
Fasilitas: Transportasi PP, Jeep Hardtops, Driver+BBM+Parkir, Tiket Online + Guide/Fotografer, Dokumentasi Foto (DSLR)

⭕PRIVATE TRIP BROMO🚦
✅ Berangkat setiap hari | Bebas pilih tanggal | Tidak digabung peserta lain (semua fasilitas eksklusif)

✅PENJEMPUTAN KOTA MALANG
➡️Tanpa Dokumentasi Foto-Video Cinematic 
- -Weekday: 1.400.000/grup (max 6 orang termasuk anak)
- -Weekend :1.700.000/grup (max 6 orang termasuk anak)
Fasilitas: Transportasi PP, Jeep Hardtops, Driver+BBM+Parkir, Tiket Online

Meeting Point: Stasiun Malang, Alun-Alun Malang, Terminal Arjosari/Landungsari, atau penginapan sekitarnya
 
➡️Dengan Dokumentasi Foto-Video Cinematic
- - Weekday: 1.800.000/grup (max 5 orang termasuk anak)
- - Weekend : 1.950.000/grup (max 5 orang termasuk anak)
Fasilitas: Transportasi PP, Jeep Hardtops, Driver+BBM+Parkir, Tiket Online
 + Guide/Fotografer, Dokumentasi Foto, Video Cinematic (1 menit max)

DESTINASI
1. Penanjakan Sunrise
2. Bukit Widodaren
3. Kawah Bromo (Pura Luhur Poten, Gunung Batok, Pasir Berbisik)
4. Padang Savana
5. Bukit Teletubbies
 
ITINERARI
• 23.30-00.30: Penjemputan
• 00.30-01.00: Perjalanan ke Base Camp
• 01.00-02.30: Istirahat + Briefing
• 02.30-04.00: Perjalanan ke Sunrise View Point
• 04.00-08.00: Menunggu Sunrise & Explore Area Sunrise 
• 08.00-10.00: Explore area Kawah Bromo 
• 10.00-11.00: Explore Padang Savana & Bukit Teletubbies
• 11.00-13.00: Perjalanan pulang

#gunungbromo #bromo #malang #mikutopia #wisatabatu",Image,2026-06-02 18:18:06+00:00,1.0,1,0.0,Wisata Murah Malang,tourbromomurah147,2026-06-03,Apify Instagram Scraper,2.0,2026-06-02
Bromo,#wisatabromo,https://www.instagram.com/p/DZF-EVKErQi/,DZF-EVKErQi,"⭕OPEN TRIP BROMO🚦
✅ Berangkat setiap hari | Tanpa minimal pendaftaran (1 orang bisa daftar) | Bebas pilih tanggal | Trip gabungan (semua fasilitas share)

✅ ADMIN 0812 5207 0005 CALL/WHATSAPP 

✅PENJEMPUTAN KOTA MALANG
➡️Tanpa Dokumentasi Foto
- - Weekday: 250.000/orang WNI
- - Weekend: 290.000/orang WNI
Fasilitas: Transportasi PP, Jeep Hardtops, Driver+BBM+Parkir, Tiket Online
 
➡️Dengan Dokumentasi Foto
- - Weekday: 300.000/orang WNI
- - Weekend : 340.000/orang WNI
Fasilitas: Transportasi PP, Jeep Hardtops, Driver+BBM+Parkir, Tiket Online + Guide/Fotografer, Dokumentasi Foto (DSLR)

⭕PRIVATE TRIP BROMO🚦
✅ Berangkat setiap hari | Bebas pilih tanggal | Tidak digabung peserta lain (semua fasilitas eksklusif)

✅PENJEMPUTAN KOTA MALANG
➡️Tanpa Dokumentasi Foto-Video Cinematic 
- -Weekday: 1.400.000/grup (max 6 orang termasuk anak)
- -Weekend :1.700.000/grup (max 6 orang termasuk anak)
Fasilitas: Transportasi PP, Jeep Hardtops, Driver+BBM+Parkir, Tiket Online

Meeting Point: Stasiun Malang, Alun-Alun Malang, Terminal Arjosari/Landungsari, atau penginapan sekitarnya
 
➡️Dengan Dokumentasi Foto-Video Cinematic
- - Weekday: 1.800.000/grup (max 5 orang termasuk anak)
- - Weekend : 1.950.000/grup (max 5 orang termasuk anak)
Fasilitas: Transportasi PP, Jeep Hardtops, Driver+BBM+Parkir, Tiket Online
 + Guide/Fotografer, Dokumentasi Foto, Video Cinematic (1 menit max)

DESTINASI
1. Penanjakan Sunrise
2. Bukit Widodaren
3. Kawah Bromo (Pura Luhur Poten, Gunung Batok, Pasir Berbisik)
4. Padang Savana
5. Bukit Teletubbies
 
ITINERARI
• 23.30-00.30: Penjemputan
• 00.30-01.00: Perjalanan ke Base Camp
• 01.00-02.30: Istirahat + Briefing
• 02.30-04.00: Perjalanan ke Sunrise View Point
• 04.00-08.00: Menunggu Sunrise & Explore Area Sunrise 
• 08.00-10.00: Explore area Kawah Bromo 
• 10.00-11.00: Explore Padang Savana & Bukit Teletubbies
• 11.00-13.00: Perjalanan pulang

#gunungbromo #bromo #malang #mikutopia #wisatabatu",Image,2026-06-02 18:18:06+00:00,1.0,1,0.0,Wisata Murah Malang,planetbromoofficial,2026-06-03,Apify Instagram Scraper,2.0,2026-06-02
Bromo,#wisatabromo,https://www.instagram.com/p/DZF-EVPkrmk/,DZF-EVPkrmk,"⭕OPEN TRIP BROMO🚦
✅ Berangkat setiap hari | Tanpa minimal pendaftaran (1 orang bisa daftar) | Bebas pilih tanggal | Trip gabungan (semua fasilitas share)

✅ ADMIN 0812 5207 0005 CALL/WHATSAPP 

✅PENJEMPUTAN KOTA MALANG
➡️Tanpa Dokumentasi Foto
- - Weekday: 250.000/orang WNI
- - Weekend: 290.000/orang WNI
Fasilitas: Transportasi PP, Jeep Hardtops, Driver+BBM+Parkir, Tiket Online
 
➡️Dengan Dokumentasi Foto
- - Weekday: 300.000/orang WNI
- - Weekend : 340.000/orang WNI
Fasilitas: Transportasi PP, Jeep Hardtops, Driver+BBM+Parkir, Tiket Online + Guide/Fotografer, Dokumentasi Foto (DSLR)

⭕PRIVATE TRIP BROMO🚦
✅ Berangkat setiap hari | Bebas pilih tanggal | Tidak digabung peserta lain (semua fasilitas eksklusif)

✅PENJEMPUTAN KOTA MALANG
➡️Tanpa Dokumentasi Foto-Video Cinematic 
- -Weekday: 1.400.000/grup (max 6 orang termasuk anak)
- -Weekend :1.700.000/grup (max 6 orang termasuk anak)
Fasilitas: Transportasi PP, Jeep Hardtops, Driver+BBM+Parkir, Tiket Online

Meeting Point: Stasiun Malang, Alun-Alun Malang, Terminal Arjosari/Landungsari, atau penginapan sekitarnya
 
➡️Dengan Dokumentasi Foto-Video Cinematic
- - Weekday: 1.800.000/grup (max 5 orang termasuk anak)
- - Weekend : 1.950.000/grup (max 5 orang termasuk anak)
Fasilitas: Transportasi PP, Jeep Hardtops, Driver+BBM+Parkir, Tiket Online
 + Guide/Fotografer, Dokumentasi Foto, Video Cinematic (1 menit max)

DESTINASI
1. Penanjakan Sunrise
2. Bukit Widodaren
3. Kawah Bromo (Pura Luhur Poten, Gunung Batok, Pasir Berbisik)
4. Padang Savana
5. Bukit Teletubbies
 
ITINERARI
• 23.30-00.30: Penjemputan
• 00.30-01.00: Perjalanan ke Base Camp
• 01.00-02.30: Istirahat + Briefing
• 02.30-04.00: Perjalanan ke Sunrise View Point
• 04.00-08.00: Menunggu Sunrise & Explore Area Sunrise 
• 08.00-10.00: Explore area Kawah Bromo 
• 10.00-11.00: Explore Padang Savana & Bukit Teletubbies
• 11.00-13.00: Perjalanan pulang

#gunungbromo #bromo #malang #mikutopia #wisatabatu",Image,2026-06-02 18:18:06+00:00,1.0,1,0.0,Wisata Murah Malang,bromopiknik147,2026-06-03,Apify Instagram Scraper,2.0,2026-06-02
Bromo,#wisatabromo,https://www.instagram.com/p/DZF-EUWkvMz/,DZF-EUWkvMz,"⭕OPEN TRIP BROMO🚦
✅ Berangkat setiap hari | Tanpa minimal pendaftaran (1 orang bisa daftar) | Bebas pilih tanggal | Trip gabungan (semua fasilitas share)

✅ ADMIN 0812 5207 0005 CALL/WHATSAPP 

✅PENJEMPUTAN KOTA MALANG
➡️Tanpa Dokumentasi Foto
- - Weekday: 250.000/orang WNI
- - Weekend: 290.000/orang WNI
Fasilitas: Transportasi PP, Jeep Hardtops, Driver+BBM+Parkir, Tiket Online
 
➡️Dengan Dokumentasi Foto
- - Weekday: 300.000/orang WNI
- - Weekend : 340.000/orang WNI
Fasilitas: Transportasi PP, Jeep Hardtops, Driver+BBM+Parkir, Tiket Online + Guide/Fotografer, Dokumentasi Foto (DSLR)

⭕PRIVATE TRIP BROMO🚦
✅ Berangkat setiap hari | Bebas pilih tanggal | Tidak digabung peserta lain (semua fasilitas eksklusif)

✅PENJEMPUTAN KOTA MALANG
➡️Tanpa Dokumentasi Foto-Video Cinematic 
- -Weekday: 1.400.000/grup (max 6 orang termasuk anak)
- -Weekend :1.700.000/grup (max 6 orang termasuk anak)
Fasilitas: Transportasi PP, Jeep Hardtops, Driver+BBM+Parkir, Tiket Online

Meeting Point: Stasiun Malang, Alun-Alun Malang, Terminal Arjosari/Landungsari, atau penginapan sekitarnya
 
➡️Dengan Dokumentasi Foto-Video Cinematic
- - Weekday: 1.800.000/grup (max 5 orang termasuk anak)
- - Weekend : 1.950.000/grup (max 5 orang termasuk anak)
Fasilitas: Transportasi PP, Jeep Hardtops, Driver+BBM+Parkir, Tiket Online
 + Guide/Fotografer, Dokumentasi Foto, Video Cinematic (1 menit max)

DESTINASI
1. Penanjakan Sunrise
2. Bukit Widodaren
3. Kawah Bromo (Pura Luhur Poten, Gunung Batok, Pasir Berbisik)
4. Padang Savana
5. Bukit Teletubbies
 
ITINERARI
• 23.30-00.30: Penjemputan
• 00.30-01.00: Perjalanan ke Base Camp
• 01.00-02.30: Istirahat + Briefing
• 02.30-04.00: Perjalanan ke Sunrise View Point
• 04.00-08.00: Menunggu Sunrise & Explore Area Sunrise 
• 08.00-10.00: Explore area Kawah Bromo 
• 10.00-11.00: Explore Padang Savana & Bukit Teletubbies
• 11.00-13.00: Perjalanan pulang

#gunungbromo #bromo #malang #mikutopia #wisatabatu",Image,2026-06-02 18:18:06+00:00,1.0,1,0.0,Wisata Murah Malang,bromoadventure147,2026-06-03,Apify Instagram Scraper,2.0,2026-06-02
Bromo,#wisatabromo,https://www.instagram.com/p/DZF-EU5kss2/,DZF-EU5kss2,"⭕OPEN TRIP BROMO🚦
✅ Berangkat setiap hari | Tanpa minimal pendaftaran (1 orang bisa daftar) | Bebas pilih tanggal | Trip gabungan (semua fasilitas share)

✅ ADMIN 0812 5207 0005 CALL/WHATSAPP 

✅PENJEMPUTAN KOTA MALANG
➡️Tanpa Dokumentasi Foto
- - Weekday: 250.000/orang WNI
- - Weekend: 290.000/orang WNI
Fasilitas: Transportasi PP, Jeep Hardtops, Driver+BBM+Parkir, Tiket Online
 
➡️Dengan Dokumentasi Foto
- - Weekday: 300.000/orang WNI
- - Weekend : 340.000/orang WNI
Fasilitas: Transportasi PP, Jeep Hardtops, Driver+BBM+Parkir, Tiket Online + Guide/Fotografer, Dokumentasi Foto (DSLR)

⭕PRIVATE TRIP BROMO🚦
✅ Berangkat setiap hari | Bebas pilih tanggal | Tidak digabung peserta lain (semua fasilitas eksklusif)

✅PENJEMPUTAN KOTA MALANG
➡️Tanpa Dokumentasi Foto-Video Cinematic 
- -Weekday: 1.400.000/grup (max 6 orang termasuk anak)
- -Weekend :1.700.000/grup (max 6 orang termasuk anak)
Fasilitas: Transportasi PP, Jeep Hardtops, Driver+BBM+Parkir, Tiket Online

Meeting Point: Stasiun Malang, Alun-Alun Malang, Terminal Arjosari/Landungsari, atau penginapan sekitarnya
 
➡️Dengan Dokumentasi Foto-Video Cinematic
- - Weekday: 1.800.000/grup (max 5 orang termasuk anak)
- - Weekend : 1.950.000/grup (max 5 orang termasuk anak)
Fasilitas: Transportasi PP, Jeep Hardtops, Driver+BBM+Parkir, Tiket Online
 + Guide/Fotografer, Dokumentasi Foto, Video Cinematic (1 menit max)

DESTINASI
1. Penanjakan Sunrise
2. Bukit Widodaren
3. Kawah Bromo (Pura Luhur Poten, Gunung Batok, Pasir Berbisik)
4. Padang Savana
5. Bukit Teletubbies
 
ITINERARI
• 23.30-00.30: Penjemputan
• 00.30-01.00: Perjalanan ke Base Camp
• 01.00-02.30: Istirahat + Briefing
• 02.30-04.00: Perjalanan ke Sunrise View Point
• 04.00-08.00: Menunggu Sunrise & Explore Area Sunrise 
• 08.00-10.00: Explore area Kawah Bromo 
• 10.00-11.00: Explore Padang Savana & Bukit Teletubbies
• 11.00-13.00: Perjalanan pulang

#gunungbromo #bromo #malang #mikutopia #wisatabatu",Image,2026-06-02 18:18:06+00:00,1.0,1,0.0,Wisata Murah Malang,planetbromo.id,2026-06-03,Apify Instagram Scraper,2.0,2026-06-02
Bromo,#wisatabromo,https://www.instagram.com/p/DZF-EVtEvi_/,DZF-EVtEvi_,"⭕OPEN TRIP BROMO🚦
✅ Berangkat setiap hari | Tanpa minimal pendaftaran (1 orang bisa daftar) | Bebas pilih tanggal | Trip gabungan (semua fasilitas share)

✅ ADMIN 0812 5207 0005 CALL/WHATSAPP 

✅PENJEMPUTAN KOTA MALANG
➡️Tanpa Dokumentasi Foto
- - Weekday: 250.000/orang WNI
- - Weekend: 290.000/orang WNI
Fasilitas: Transportasi PP, Jeep Hardtops, Driver+BBM+Parkir, Tiket Online
 
➡️Dengan Dokumentasi Foto
- - Weekday: 300.000/orang WNI
- - Weekend : 340.000/orang WNI
Fasilitas: Transportasi PP, Jeep Hardtops, Driver+BBM+Parkir, Tiket Online + Guide/Fotografer, Dokumentasi Foto (DSLR)

⭕PRIVATE TRIP BROMO🚦
✅ Berangkat setiap hari | Bebas pilih tanggal | Tidak digabung peserta lain (semua fasilitas eksklusif)

✅PENJEMPUTAN KOTA MALANG
➡️Tanpa Dokumentasi Foto-Video Cinematic 
- -Weekday: 1.400.000/grup (max 6 orang termasuk anak)
- -Weekend :1.700.000/grup (max 6 orang termasuk anak)
Fasilitas: Transportasi PP, Jeep Hardtops, Driver+BBM+Parkir, Tiket Online

Meeting Point: Stasiun Malang, Alun-Alun Malang, Terminal Arjosari/Landungsari, atau penginapan sekitarnya
 
➡️Dengan Dokumentasi Foto-Video Cinematic
- - Weekday: 1.800.000/grup (max 5 orang termasuk anak)
- - Weekend : 1.950.000/grup (max 5 orang termasuk anak)
Fasilitas: Transportasi PP, Jeep Hardtops, Driver+BBM+Parkir, Tiket Online
 + Guide/Fotografer, Dokumentasi Foto, Video Cinematic (1 menit max)

DESTINASI
1. Penanjakan Sunrise
2. Bukit Widodaren
3. Kawah Bromo (Pura Luhur Poten, Gunung Batok, Pasir Berbisik)
4. Padang Savana
5. Bukit Teletubbies
 
ITINERARI
• 23.30-00.30: Penjemputan
• 00.30-01.00: Perjalanan ke Base Camp
• 01.00-02.30: Istirahat + Briefing
• 02.30-04.00: Perjalanan ke Sunrise View Point
• 04.00-08.00: Menunggu Sunrise & Explore Area Sunrise 
• 08.00-10.00: Explore area Kawah Bromo 
• 10.00-11.00: Explore Padang Savana & Bukit Teletubbies
• 11.00-13.00: Perjalanan pulang

#gunungbromo #bromo #malang #mikutopia #wisatabatu",Image,2026-06-02 18:18:06+00:00,1.0,1,0.0,Wisata Murah Malang,bromotrip147,2026-06-03,Apify Instagram Scraper,2.0,2026-06-02
Bromo,#wisatabromo,https://www.instagram.com/p/DZF-EVSktLC/,DZF-EVSktLC,"⭕OPEN TRIP BROMO🚦
✅ Berangkat setiap hari | Tanpa minimal pendaftaran (1 orang bisa daftar) | Bebas pilih tanggal | Trip gabungan (semua fasilitas share)

✅ ADMIN 0812 5207 0005 CALL/WHATSAPP 

✅PENJEMPUTAN KOTA MALANG
➡️Tanpa Dokumentasi Foto
- - Weekday: 250.000/orang WNI
- - Weekend: 290.000/orang WNI
Fasilitas: Transportasi PP, Jeep Hardtops, Driver+BBM+Parkir, Tiket Online
 
➡️Dengan Dokumentasi Foto
- - Weekday: 300.000/orang WNI
- - Weekend : 340.000/orang WNI
Fasilitas: Transportasi PP, Jeep Hardtops, Driver+BBM+Parkir, Tiket Online + Guide/Fotografer, Dokumentasi Foto (DSLR)

⭕PRIVATE TRIP BROMO🚦
✅ Berangkat setiap hari | Bebas pilih tanggal | Tidak digabung peserta lain (semua fasilitas eksklusif)

✅PENJEMPUTAN KOTA MALANG
➡️Tanpa Dokumentasi Foto-Video Cinematic 
- -Weekday: 1.400.000/grup (max 6 orang termasuk anak)
- -Weekend :1.700.000/grup (max 6 orang termasuk anak)
Fasilitas: Transportasi PP, Jeep Hardtops, Driver+BBM+Parkir, Tiket Online

Meeting Point: Stasiun Malang, Alun-Alun Malang, Terminal Arjosari/Landungsari, atau penginapan sekitarnya
 
➡️Dengan Dokumentasi Foto-Video Cinematic
- - Weekday: 1.800.000/grup (max 5 orang termasuk anak)
- - Weekend : 1.950.000/grup (max 5 orang termasuk anak)
Fasilitas: Transportasi PP, Jeep Hardtops, Driver+BBM+Parkir, Tiket Online
 + Guide/Fotografer, Dokumentasi Foto, Video Cinematic (1 menit max)

DESTINASI
1. Penanjakan Sunrise
2. Bukit Widodaren
3. Kawah Bromo (Pura Luhur Poten, Gunung Batok, Pasir Berbisik)
4. Padang Savana
5. Bukit Teletubbies
 
ITINERARI
• 23.30-00.30: Penjemputan
• 00.30-01.00: Perjalanan ke Base Camp
• 01.00-02.30: Istirahat + Briefing
• 02.30-04.00: Perjalanan ke Sunrise View Point
• 04.00-08.00: Menunggu Sunrise & Explore Area Sunrise 
• 08.00-10.00: Explore area Kawah Bromo 
• 10.00-11.00: Explore Padang Savana & Bukit Teletubbies
• 11.00-13.00: Perjalanan pulang

#gunungbromo #bromo #malang #mikutopia #wisatabatu",Image,2026-06-02 18:18:06+00:00,1.0,1,0.0,Wisata Murah Malang,bromomalang147,2026-06-03,Apify Instagram Scraper,2.0,2026-06-02
Bromo,#wisatabromo,https://www.instagram.com/p/DZF-EWUkl5H/,DZF-EWUkl5H,"⭕OPEN TRIP BROMO🚦
✅ Berangkat setiap hari | Tanpa minimal pendaftaran (1 orang bisa daftar) | Bebas pilih tanggal | Trip gabungan (semua fasilitas share)

✅ ADMIN 0812 5207 0005 CALL/WHATSAPP 

✅PENJEMPUTAN KOTA MALANG
➡️Tanpa Dokumentasi Foto
- - Weekday: 250.000/orang WNI
- - Weekend: 290.000/orang WNI
Fasilitas: Transportasi PP, Jeep Hardtops, Driver+BBM+Parkir, Tiket Online
 
➡️Dengan Dokumentasi Foto
- - Weekday: 300.000/orang WNI
- - Weekend : 340.000/orang WNI
Fasilitas: Transportasi PP, Jeep Hardtops, Driver+BBM+Parkir, Tiket Online + Guide/Fotografer, Dokumentasi Foto (DSLR)

⭕PRIVATE TRIP BROMO🚦
✅ Berangkat setiap hari | Bebas pilih tanggal | Tidak digabung peserta lain (semua fasilitas eksklusif)

✅PENJEMPUTAN KOTA MALANG
➡️Tanpa Dokumentasi Foto-Video Cinematic 
- -Weekday: 1.400.000/grup (max 6 orang termasuk anak)
- -Weekend :1.700.000/grup (max 6 orang termasuk anak)
Fasilitas: Transportasi PP, Jeep Hardtops, Driver+BBM+Parkir, Tiket Online

Meeting Point: Stasiun Malang, Alun-Alun Malang, Terminal Arjosari/Landungsari, atau penginapan sekitarnya
 
➡️Dengan Dokumentasi Foto-Video Cinematic
- - Weekday: 1.800.000/grup (max 5 orang termasuk anak)
- - Weekend : 1.950.000/grup (max 5 orang termasuk anak)
Fasilitas: Transportasi PP, Jeep Hardtops, Driver+BBM+Parkir, Tiket Online
 + Guide/Fotografer, Dokumentasi Foto, Video Cinematic (1 menit max)

DESTINASI
1. Penanjakan Sunrise
2. Bukit Widodaren
3. Kawah Bromo (Pura Luhur Poten, Gunung Batok, Pasir Berbisik)
4. Padang Savana
5. Bukit Teletubbies
 
ITINERARI
• 23.30-00.30: Penjemputan
• 00.30-01.00: Perjalanan ke Base Camp
• 01.00-02.30: Istirahat + Briefing
• 02.30-04.00: Perjalanan ke Sunrise View Point
• 04.00-08.00: Menunggu Sunrise & Explore Area Sunrise 
• 08.00-10.00: Explore area Kawah Bromo 
• 10.00-11.00: Explore Padang Savana & Bukit Teletubbies
• 11.00-13.00: Perjalanan pulang

#gunungbromo #bromo #malang #mikutopia #wisatabatu",Image,2026-06-02 18:18:06+00:00,1.0,1,0.0,Wisata Murah Malang,bromosunrise147,2026-06-03,Apify Instagram Scraper,2.0,2026-06-02
Bromo,#wisatabromo,https://www.instagram.com/p/DZF-EUIErXf/,DZF-EUIErXf,"⭕OPEN TRIP BROMO🚦
✅ Berangkat setiap hari | Tanpa minimal pendaftaran (1 orang bisa daftar) | Bebas pilih tanggal | Trip gabungan (semua fasilitas share)

✅ ADMIN 0812 5207 0005 CALL/WHATSAPP 

✅PENJEMPUTAN KOTA MALANG
➡️Tanpa Dokumentasi Foto
- - Weekday: 250.000/orang WNI
- - Weekend: 290.000/orang WNI
Fasilitas: Transportasi PP, Jeep Hardtops, Driver+BBM+Parkir, Tiket Online
 
➡️Dengan Dokumentasi Foto
- - Weekday: 300.000/orang WNI
- - Weekend : 340.000/orang WNI
Fasilitas: Transportasi PP, Jeep Hardtops, Driver+BBM+Parkir, Tiket Online + Guide/Fotografer, Dokumentasi Foto (DSLR)

⭕PRIVATE TRIP BROMO🚦
✅ Berangkat setiap hari | Bebas pilih tanggal | Tidak digabung peserta lain (semua fasilitas eksklusif)

✅PENJEMPUTAN KOTA MALANG
➡️Tanpa Dokumentasi Foto-Video Cinematic 
- -Weekday: 1.400.000/grup (max 6 orang termasuk anak)
- -Weekend :1.700.000/grup (max 6 orang termasuk anak)
Fasilitas: Transportasi PP, Jeep Hardtops, Driver+BBM+Parkir, Tiket Online

Meeting Point: Stasiun Malang, Alun-Alun Malang, Terminal Arjosari/Landungsari, atau penginapan sekitarnya
 
➡️Dengan Dokumentasi Foto-Video Cinematic
- - Weekday: 1.800.000/grup (max 5 orang termasuk anak)
- - Weekend : 1.950.000/grup (max 5 orang termasuk anak)
Fasilitas: Transportasi PP, Jeep Hardtops, Driver+BBM+Parkir, Tiket Online
 + Guide/Fotografer, Dokumentasi Foto, Video Cinematic (1 menit max)

DESTINASI
1. Penanjakan Sunrise
2. Bukit Widodaren
3. Kawah Bromo (Pura Luhur Poten, Gunung Batok, Pasir Berbisik)
4. Padang Savana
5. Bukit Teletubbies
 
ITINERARI
• 23.30-00.30: Penjemputan
• 00.30-01.00: Perjalanan ke Base Camp
• 01.00-02.30: Istirahat + Briefing
• 02.30-04.00: Perjalanan ke Sunrise View Point
• 04.00-08.00: Menunggu Sunrise & Explore Area Sunrise 
• 08.00-10.00: Explore area Kawah Bromo 
• 10.00-11.00: Explore Padang Savana & Bukit Teletubbies
• 11.00-13.00: Perjalanan pulang

#gunungbromo #bromo #malang #mikutopia #wisatabatu",Image,2026-06-02 18:18:06+00:00,1.0,1,0.0,Wisata Murah Malang,bromoindonesia147,2026-06-03,Apify Instagram Scraper,2.0,2026-06-02
Bromo,#wisatabromo,https://www.instagram.com/p/DZF-EUuEuVp/,DZF-EUuEuVp,"⭕OPEN TRIP BROMO🚦
✅ Berangkat setiap hari | Tanpa minimal pendaftaran (1 orang bisa daftar) | Bebas pilih tanggal | Trip gabungan (semua fasilitas share)

✅ ADMIN 0812 5207 0005 CALL/WHATSAPP 

✅PENJEMPUTAN KOTA MALANG
➡️Tanpa Dokumentasi Foto
- - Weekday: 250.000/orang WNI
- - Weekend: 290.000/orang WNI
Fasilitas: Transportasi PP, Jeep Hardtops, Driver+BBM+Parkir, Tiket Online
 
➡️Dengan Dokumentasi Foto
- - Weekday: 300.000/orang WNI
- - Weekend : 340.000/orang WNI
Fasilitas: Transportasi PP, Jeep Hardtops, Driver+BBM+Parkir, Tiket Online + Guide/Fotografer, Dokumentasi Foto (DSLR)

⭕PRIVATE TRIP BROMO🚦
✅ Berangkat setiap hari | Bebas pilih tanggal | Tidak digabung peserta lain (semua fasilitas eksklusif)

✅PENJEMPUTAN KOTA MALANG
➡️Tanpa Dokumentasi Foto-Video Cinematic 
- -Weekday: 1.400.000/grup (max 6 orang termasuk anak)
- -Weekend :1.700.000/grup (max 6 orang termasuk anak)
Fasilitas: Transportasi PP, Jeep Hardtops, Driver+BBM+Parkir, Tiket Online

Meeting Point: Stasiun Malang, Alun-Alun Malang, Terminal Arjosari/Landungsari, atau penginapan sekitarnya
 
➡️Dengan Dokumentasi Foto-Video Cinematic
- - Weekday: 1.800.000/grup (max 5 orang termasuk anak)
- - Weekend : 1.950.000/grup (max 5 orang termasuk anak)
Fasilitas: Transportasi PP, Jeep Hardtops, Driver+BBM+Parkir, Tiket Online
 + Guide/Fotografer, Dokumentasi Foto, Video Cinematic (1 menit max)

DESTINASI
1. Penanjakan Sunrise
2. Bukit Widodaren
3. Kawah Bromo (Pura Luhur Poten, Gunung Batok, Pasir Berbisik)
4. Padang Savana
5. Bukit Teletubbies
 
ITINERARI
• 23.30-00.30: Penjemputan
• 00.30-01.00: Perjalanan ke Base Camp
• 01.00-02.30: Istirahat + Briefing
• 02.30-04.00: Perjalanan ke Sunrise View Point
• 04.00-08.00: Menunggu Sunrise & Explore Area Sunrise 
• 08.00-10.00: Explore area Kawah Bromo 
• 10.00-11.00: Explore Padang Savana & Bukit Teletubbies
• 11.00-13.00: Perjalanan pulang

#gunungbromo #bromo #malang #mikutopia #wisatabatu",Image,2026-06-02 18:18:06+00:00,1.0,1,0.0,Wisata Murah Malang,planetbromo147,2026-06-03,Apify Instagram Scraper,2.0,2026-06-02
Bromo,#wisatabromo,https://www.instagram.com/p/DZF-EV5EvJq/,DZF-EV5EvJq,"⭕OPEN TRIP BROMO🚦
✅ Berangkat setiap hari | Tanpa minimal pendaftaran (1 orang bisa daftar) | Bebas pilih tanggal | Trip gabungan (semua fasilitas share)

✅ ADMIN 0812 5207 0005 CALL/WHATSAPP 

✅PENJEMPUTAN KOTA MALANG
➡️Tanpa Dokumentasi Foto
- - Weekday: 250.000/orang WNI
- - Weekend: 290.000/orang WNI
Fasilitas: Transportasi PP, Jeep Hardtops, Driver+BBM+Parkir, Tiket Online
 
➡️Dengan Dokumentasi Foto
- - Weekday: 300.000/orang WNI
- - Weekend : 340.000/orang WNI
Fasilitas: Transportasi PP, Jeep Hardtops, Driver+BBM+Parkir, Tiket Online + Guide/Fotografer, Dokumentasi Foto (DSLR)

⭕PRIVATE TRIP BROMO🚦
✅ Berangkat setiap hari | Bebas pilih tanggal | Tidak digabung peserta lain (semua fasilitas eksklusif)

✅PENJEMPUTAN KOTA MALANG
➡️Tanpa Dokumentasi Foto-Video Cinematic 
- -Weekday: 1.400.000/grup (max 6 orang termasuk anak)
- -Weekend :1.700.000/grup (max 6 orang termasuk anak)
Fasilitas: Transportasi PP, Jeep Hardtops, Driver+BBM+Parkir, Tiket Online

Meeting Point: Stasiun Malang, Alun-Alun Malang, Terminal Arjosari/Landungsari, atau penginapan sekitarnya
 
➡️Dengan Dokumentasi Foto-Video Cinematic
- - Weekday: 1.800.000/grup (max 5 orang termasuk anak)
- - Weekend : 1.950.000/grup (max 5 orang termasuk anak)
Fasilitas: Transportasi PP, Jeep Hardtops, Driver+BBM+Parkir, Tiket Online
 + Guide/Fotografer, Dokumentasi Foto, Video Cinematic (1 menit max)

DESTINASI
1. Penanjakan Sunrise
2. Bukit Widodaren
3. Kawah Bromo (Pura Luhur Poten, Gunung Batok, Pasir Berbisik)
4. Padang Savana
5. Bukit Teletubbies
 
ITINERARI
• 23.30-00.30: Penjemputan
• 00.30-01.00: Perjalanan ke Base Camp
• 01.00-02.30: Istirahat + Briefing
• 02.30-04.00: Perjalanan ke Sunrise View Point
• 04.00-08.00: Menunggu Sunrise & Explore Area Sunrise 
• 08.00-10.00: Explore area Kawah Bromo 
• 10.00-11.00: Explore Padang Savana & Bukit Teletubbies
• 11.00-13.00: Perjalanan pulang

#gunungbromo #bromo #malang #mikutopia #wisatabatu",Image,2026-06-02 18:18:06+00:00,1.0,1,0.0,Wisata Murah Malang,jeepwisatabromo147,2026-06-03,Apify Instagram Scraper,2.0,2026-06-02
Bromo,#wisatabromo,https://www.instagram.com/p/DZF9_wayCvJ/,DZF9_wayCvJ,"⭕OPEN TRIP BROMO🚦
✅ Berangkat setiap hari | Tanpa minimal pendaftaran (1 orang bisa daftar) | Bebas pilih tanggal | Trip gabungan (semua fasilitas share)

✅ ADMIN 0812 5207 0005 CALL/WHATSAPP 

✅PENJEMPUTAN KOTA MALANG
➡️Tanpa Dokumentasi Foto
- - Weekday: 250.000/orang WNI
- - Weekend: 290.000/orang WNI
Fasilitas: Transportasi PP, Jeep Hardtops, Driver+BBM+Parkir, Tiket Online
 
➡️Dengan Dokumentasi Foto
- - Weekday: 300.000/orang WNI
- - Weekend : 340.000/orang WNI
Fasilitas: Transportasi PP, Jeep Hardtops, Driver+BBM+Parkir, Tiket Online + Guide/Fotografer, Dokumentasi Foto (DSLR)

⭕PRIVATE TRIP BROMO🚦
✅ Berangkat setiap hari | Bebas pilih tanggal | Tidak digabung peserta lain (semua fasilitas eksklusif)

✅PENJEMPUTAN KOTA MALANG
➡️Tanpa Dokumentasi Foto-Video Cinematic 
- -Weekday: 1.400.000/grup (max 6 orang termasuk anak)
- -Weekend :1.700.000/grup (max 6 orang termasuk anak)
Fasilitas: Transportasi PP, Jeep Hardtops, Driver+BBM+Parkir, Tiket Online

Meeting Point: Stasiun Malang, Alun-Alun Malang, Terminal Arjosari/Landungsari, atau penginapan sekitarnya
 
➡️Dengan Dokumentasi Foto-Video Cinematic
- - Weekday: 1.800.000/grup (max 5 orang termasuk anak)
- - Weekend : 1.950.000/grup (max 5 orang termasuk anak)
Fasilitas: Transportasi PP, Jeep Hardtops, Driver+BBM+Parkir, Tiket Online
 + Guide/Fotografer, Dokumentasi Foto, Video Cinematic (1 menit max)

DESTINASI
1. Penanjakan Sunrise
2. Bukit Widodaren
3. Kawah Bromo (Pura Luhur Poten, Gunung Batok, Pasir Berbisik)
4. Padang Savana
5. Bukit Teletubbies
 
ITINERARI
• 23.30-00.30: Penjemputan
• 00.30-01.00: Perjalanan ke Base Camp
• 01.00-02.30: Istirahat + Briefing
• 02.30-04.00: Perjalanan ke Sunrise View Point
• 04.00-08.00: Menunggu Sunrise & Explore Area Sunrise 
• 08.00-10.00: Explore area Kawah Bromo 
• 10.00-11.00: Explore Padang Savana & Bukit Teletubbies
• 11.00-13.00: Perjalanan pulang

#gunungbromo #bromo #malang #mikutopia #wisatabatu",Image,2026-06-02 18:18:00+00:00,1.0,1,0.0,Wisata Murah Malang,gunungbromoindonesia147,2026-06-03,Apify Instagram Scraper,2.0,2026-06-02
Bromo,#wisatabromo,https://www.instagram.com/p/DZF980JktMj/,DZF980JktMj,"⭕OPEN TRIP BROMO🚦
✅ Berangkat setiap hari | Tanpa minimal pendaftaran (1 orang bisa daftar) | Bebas pilih tanggal | Trip gabungan (semua fasilitas share)

✅ ADMIN 0812 5207 0005 CALL/WHATSAPP 

✅PENJEMPUTAN KOTA MALANG
➡️Tanpa Dokumentasi Foto
- - Weekday: 250.000/orang WNI
- - Weekend: 290.000/orang WNI
Fasilitas: Transportasi PP, Jeep Hardtops, Driver+BBM+Parkir, Tiket Online
 
➡️Dengan Dokumentasi Foto
- - Weekday: 300.000/orang WNI
- - Weekend : 340.000/orang WNI
Fasilitas: Transportasi PP, Jeep Hardtops, Driver+BBM+Parkir, Tiket Online + Guide/Fotografer, Dokumentasi Foto (DSLR)

⭕PRIVATE TRIP BROMO🚦
✅ Berangkat setiap hari | Bebas pilih tanggal | Tidak digabung peserta lain (semua fasilitas eksklusif)

✅PENJEMPUTAN KOTA MALANG
➡️Tanpa Dokumentasi Foto-Video Cinematic 
- -Weekday: 1.400.000/grup (max 6 orang termasuk anak)
- -Weekend :1.700.000/grup (max 6 orang termasuk anak)
Fasilitas: Transportasi PP, Jeep Hardtops, Driver+BBM+Parkir, Tiket Online

Meeting Point: Stasiun Malang, Alun-Alun Malang, Terminal Arjosari/Landungsari, atau penginapan sekitarnya
 
➡️Dengan Dokumentasi Foto-Video Cinematic
- - Weekday: 1.800.000/grup (max 5 orang termasuk anak)
- - Weekend : 1.950.000/grup (max 5 orang termasuk anak)
Fasilitas: Transportasi PP, Jeep Hardtops, Driver+BBM+Parkir, Tiket Online
 + Guide/Fotografer, Dokumentasi Foto, Video Cinematic (1 menit max)

DESTINASI
1. Penanjakan Sunrise
2. Bukit Widodaren
3. Kawah Bromo (Pura Luhur Poten, Gunung Batok, Pasir Berbisik)
4. Padang Savana
5. Bukit Teletubbies
 
ITINERARI
• 23.30-00.30: Penjemputan
• 00.30-01.00: Perjalanan ke Base Camp
• 01.00-02.30: Istirahat + Briefing
• 02.30-04.00: Perjalanan ke Sunrise View Point
• 04.00-08.00: Menunggu Sunrise & Explore Area Sunrise 
• 08.00-10.00: Explore area Kawah Bromo 
• 10.00-11.00: Explore Padang Savana & Bukit Teletubbies
• 11.00-13.00: Perjalanan pulang

#gunungbromo #bromo #malang #mikutopia #wisatabatu",Image,2026-06-02 18:17:05+00:00,1.0,1,0.0,Wisata Murah Malang,bromohits147,2026-06-03,Apify Instagram Scraper,2.0,2026-06-02
Bromo,#wisatabromo,https://www.instagram.com/p/DZF981CkiVC/,DZF981CkiVC,"⭕OPEN TRIP BROMO🚦
✅ Berangkat setiap hari | Tanpa minimal pendaftaran (1 orang bisa daftar) | Bebas pilih tanggal | Trip gabungan (semua fasilitas share)

✅ ADMIN 0812 5207 0005 CALL/WHATSAPP 

✅PENJEMPUTAN KOTA MALANG
➡️Tanpa Dokumentasi Foto
- - Weekday: 250.000/orang WNI
- - Weekend: 290.000/orang WNI
Fasilitas: Transportasi PP, Jeep Hardtops, Driver+BBM+Parkir, Tiket Online
 
➡️Dengan Dokumentasi Foto
- - Weekday: 300.000/orang WNI
- - Weekend : 340.000/orang WNI
Fasilitas: Transportasi PP, Jeep Hardtops, Driver+BBM+Parkir, Tiket Online + Guide/Fotografer, Dokumentasi Foto (DSLR)

⭕PRIVATE TRIP BROMO🚦
✅ Berangkat setiap hari | Bebas pilih tanggal | Tidak digabung peserta lain (semua fasilitas eksklusif)

✅PENJEMPUTAN KOTA MALANG
➡️Tanpa Dokumentasi Foto-Video Cinematic 
- -Weekday: 1.400.000/grup (max 6 orang termasuk anak)
- -Weekend :1.700.000/grup (max 6 orang termasuk anak)
Fasilitas: Transportasi PP, Jeep Hardtops, Driver+BBM+Parkir, Tiket Online

Meeting Point: Stasiun Malang, Alun-Alun Malang, Terminal Arjosari/Landungsari, atau penginapan sekitarnya
 
➡️Dengan Dokumentasi Foto-Video Cinematic
- - Weekday: 1.800.000/grup (max 5 orang termasuk anak)
- - Weekend : 1.950.000/grup (max 5 orang termasuk anak)
Fasilitas: Transportasi PP, Jeep Hardtops, Driver+BBM+Parkir, Tiket Online
 + Guide/Fotografer, Dokumentasi Foto, Video Cinematic (1 menit max)

DESTINASI
1. Penanjakan Sunrise
2. Bukit Widodaren
3. Kawah Bromo (Pura Luhur Poten, Gunung Batok, Pasir Berbisik)
4. Padang Savana
5. Bukit Teletubbies
 
ITINERARI
• 23.30-00.30: Penjemputan
• 00.30-01.00: Perjalanan ke Base Camp
• 01.00-02.30: Istirahat + Briefing
• 02.30-04.00: Perjalanan ke Sunrise View Point
• 04.00-08.00: Menunggu Sunrise & Explore Area Sunrise 
• 08.00-10.00: Explore area Kawah Bromo 
• 10.00-11.00: Explore Padang Savana & Bukit Teletubbies
• 11.00-13.00: Perjalanan pulang

#gunungbromo #bromo #malang #mikutopia #wisatabatu",Image,2026-06-02 18:17:05+00:00,1.0,1,0.0,Wisata Murah Malang,bromomalang.explore,2026-06-03,Apify Instagram Scraper,2.0,2026-06-02
Bromo,#wisatabromo,https://www.instagram.com/p/DZF98zGkhPb/,DZF98zGkhPb,"⭕OPEN TRIP BROMO🚦
✅ Berangkat setiap hari | Tanpa minimal pendaftaran (1 orang bisa daftar) | Bebas pilih tanggal | Trip gabungan (semua fasilitas share)

✅ ADMIN 0812 5207 0005 CALL/WHATSAPP 

✅PENJEMPUTAN KOTA MALANG
➡️Tanpa Dokumentasi Foto
- - Weekday: 250.000/orang WNI
- - Weekend: 290.000/orang WNI
Fasilitas: Transportasi PP, Jeep Hardtops, Driver+BBM+Parkir, Tiket Online
 
➡️Dengan Dokumentasi Foto
- - Weekday: 300.000/orang WNI
- - Weekend : 340.000/orang WNI
Fasilitas: Transportasi PP, Jeep Hardtops, Driver+BBM+Parkir, Tiket Online + Guide/Fotografer, Dokumentasi Foto (DSLR)

⭕PRIVATE TRIP BROMO🚦
✅ Berangkat setiap hari | Bebas pilih tanggal | Tidak digabung peserta lain (semua fasilitas eksklusif)

✅PENJEMPUTAN KOTA MALANG
➡️Tanpa Dokumentasi Foto-Video Cinematic 
- -Weekday: 1.400.000/grup (max 6 orang termasuk anak)
- -Weekend :1.700.000/grup (max 6 orang termasuk anak)
Fasilitas: Transportasi PP, Jeep Hardtops, Driver+BBM+Parkir, Tiket Online

Meeting Point: Stasiun Malang, Alun-Alun Malang, Terminal Arjosari/Landungsari, atau penginapan sekitarnya
 
➡️Dengan Dokumentasi Foto-Video Cinematic
- - Weekday: 1.800.000/grup (max 5 orang termasuk anak)
- - Weekend : 1.950.000/grup (max 5 orang termasuk anak)
Fasilitas: Transportasi PP, Jeep Hardtops, Driver+BBM+Parkir, Tiket Online
 + Guide/Fotografer, Dokumentasi Foto, Video Cinematic (1 menit max)

DESTINASI
1. Penanjakan Sunrise
2. Bukit Widodaren
3. Kawah Bromo (Pura Luhur Poten, Gunung Batok, Pasir Berbisik)
4. Padang Savana
5. Bukit Teletubbies
 
ITINERARI
• 23.30-00.30: Penjemputan
• 00.30-01.00: Perjalanan ke Base Camp
• 01.00-02.30: Istirahat + Briefing
• 02.30-04.00: Perjalanan ke Sunrise View Point
• 04.00-08.00: Menunggu Sunrise & Explore Area Sunrise 
• 08.00-10.00: Explore area Kawah Bromo 
• 10.00-11.00: Explore Padang Savana & Bukit Teletubbies
• 11.00-13.00: Perjalanan pulang

#gunungbromo #bromo #malang #mikutopia #wisatabatu",Image,2026-06-02 18:17:05+00:00,1.0,1,0.0,Wisata Murah Malang,bromotrip.147,2026-06-03,Apify Instagram Scraper,2.0,2026-06-02
Bromo,#wisatabromo,https://www.instagram.com/p/DZF980GkgH9/,DZF980GkgH9,"⭕OPEN TRIP BROMO🚦
✅ Berangkat setiap hari | Tanpa minimal pendaftaran (1 orang bisa daftar) | Bebas pilih tanggal | Trip gabungan (semua fasilitas share)

✅ ADMIN 0812 5207 0005 CALL/WHATSAPP 

✅PENJEMPUTAN KOTA MALANG
➡️Tanpa Dokumentasi Foto
- - Weekday: 250.000/orang WNI
- - Weekend: 290.000/orang WNI
Fasilitas: Transportasi PP, Jeep Hardtops, Driver+BBM+Parkir, Tiket Online
 
➡️Dengan Dokumentasi Foto
- - Weekday: 300.000/orang WNI
- - Weekend : 340.000/orang WNI
Fasilitas: Transportasi PP, Jeep Hardtops, Driver+BBM+Parkir, Tiket Online + Guide/Fotografer, Dokumentasi Foto (DSLR)

⭕PRIVATE TRIP BROMO🚦
✅ Berangkat setiap hari | Bebas pilih tanggal | Tidak digabung peserta lain (semua fasilitas eksklusif)

✅PENJEMPUTAN KOTA MALANG
➡️Tanpa Dokumentasi Foto-Video Cinematic 
- -Weekday: 1.400.000/grup (max 6 orang termasuk anak)
- -Weekend :1.700.000/grup (max 6 orang termasuk anak)
Fasilitas: Transportasi PP, Jeep Hardtops, Driver+BBM+Parkir, Tiket Online

Meeting Point: Stasiun Malang, Alun-Alun Malang, Terminal Arjosari/Landungsari, atau penginapan sekitarnya
 
➡️Dengan Dokumentasi Foto-Video Cinematic
- - Weekday: 1.800.000/grup (max 5 orang termasuk anak)
- - Weekend : 1.950.000/grup (max 5 orang termasuk anak)
Fasilitas: Transportasi PP, Jeep Hardtops, Driver+BBM+Parkir, Tiket Online
 + Guide/Fotografer, Dokumentasi Foto, Video Cinematic (1 menit max)

DESTINASI
1. Penanjakan Sunrise
2. Bukit Widodaren
3. Kawah Bromo (Pura Luhur Poten, Gunung Batok, Pasir Berbisik)
4. Padang Savana
5. Bukit Teletubbies
 
ITINERARI
• 23.30-00.30: Penjemputan
• 00.30-01.00: Perjalanan ke Base Camp
• 01.00-02.30: Istirahat + Briefing
• 02.30-04.00: Perjalanan ke Sunrise View Point
• 04.00-08.00: Menunggu Sunrise & Explore Area Sunrise 
• 08.00-10.00: Explore area Kawah Bromo 
• 10.00-11.00: Explore Padang Savana & Bukit Teletubbies
• 11.00-13.00: Perjalanan pulang

#gunungbromo #bromo #malang #mikutopia #wisatabatu",Image,2026-06-02 18:17:05+00:00,1.0,1,0.0,Wisata Murah Malang,bromoholiday147,2026-06-03,Apify Instagram Scraper,2.0,2026-06-02
Bromo,#explorebromo,https://www.instagram.com/p/DZHkeZpkro6/,DZHkeZpkro6,"Open Trip Bromo Start Kota Malang

✅️1 orang bisa join trip
✅️Harga start 275k
✅️Gabungan dengan peserta lain
✅️Berangkat setiap hari

Destinasi
1. Sunrise Point
2. Widodaren
3. Kawah Bromo
4. Pasir Berbisik
5. Savana (Bukit Telletubies)

Fasilitas
✅️ Penjemputan PP Malang (pulang pergi)
✅️ Jeep Tour Bromo
✅️ Parkir Area
✅️ BBM
✅️ Tiket Masuk Wisata Gunung Bromo
✅️ Dokumentasi

__________________________________

Tersedia Juga Paket:

📌 Sewa Jeep Via Sukapura Probolinggo, Via Wonokitri Pasuruan, Via Tumpang Malang
📌 Paket Piknik

Contact info:
📞+62 821-1864-3604

#bromo #tripbromo #tourbromo #explorebromo #bromotravel",Sidecar,2026-06-03 09:12:57+00:00,2.0,0,0.0,Gunung Bromo,garuda.bromo,2026-06-03,Apify Instagram Scraper,2.0,2026-06-03
Bromo,#explorebromo,https://www.instagram.com/p/DZHXib-SK4E/,DZHXib-SK4E,"Open Trip Bromo Start Kota Malang

✅️1 orang bisa join trip
✅️Harga start 275k
✅️Gabungan dengan peserta lain
✅️Berangkat setiap hari

Destinasi
1. Sunrise Point
2. Widodaren
3. Kawah Bromo
4. Pasir Berbisik
5. Savana (Bukit Telletubies)

Fasilitas
✅️ Penjemputan PP Malang (pulang pergi)
✅️ Jeep Tour Bromo
✅️ Parkir Area
✅️ BBM
✅️ Tiket Masuk Wisata Gunung Bromo
✅️ Dokumentasi

__________________________________

Tersedia Juga Paket:

📌 Sewa Jeep Via Sukapura Probolinggo, Via Wonokitri Pasuruan, Via Tumpang Malang
📌 Paket Piknik

Contact info:
📞+62 821-1864-3604

#bromo #tripbromo #tourbromo #explorebromo #bromotravel",Image,2026-06-03 07:19:57+00:00,2.0,0,0.0,Gunung Bromo,garuda.bromo,2026-06-03,Apify Instagram Scraper,2.0,2026-06-03
Bromo,#bromo,https://www.instagram.com/p/DZH0KLiE6Ko/,DZH0KLiE6Ko,"Masyarakat adat Suku Tengger menggelar upacara Yadnya Kasada di kawasan Gunung Bromo, Probolinggo, Jawa Timur, Senin (1/6/2026). Ritual tahunan tersebut merupakan wujud rasa syukur kepada Sang Hyang Widhi atas hasil bumi dan ternak yang melimpah, sekaligus sebagai permohonan keselamatan, keberkahan, serta perlindungan dari berbagai marabahaya.

#photojournalism #yadnyakasada #bromo #wonderfulindonesia",Sidecar,2026-06-03 11:30:00+00:00,1.0,0,0.0,,rifki_afifan,2026-06-03,Apify Instagram Scraper,1.0,2026-06-03
Bromo,#bromo,https://www.instagram.com/p/DZHxsMrBJP1/,DZHxsMrBJP1,"🌄Tour Bromo, Batu Malang, Pronojiwo, Banyuwangi📷✨

#fotograferbromo #bromo #bromotrip #bromomountain #bromotenggersemeru",Image,2026-06-03 11:08:28+00:00,1.0,0,0.0,Bromo Tengger Semeru National Park,landscape_kita,2026-06-03,Apify Instagram Scraper,1.0,2026-06-03
Bromo,#bromo,https://www.instagram.com/p/DZHxXmJpGGQ/,DZHxXmJpGGQ,"🌄Private Trip Bromo @bromo_documentation 📷✨

#fotograferbromo #bromo #bromotrip #bromomountain #bromotenggersemeru",Image,2026-06-03 11:05:40+00:00,1.0,0,0.0,Bromo Tengger Semeru National Park,bromo_documentation,2026-06-03,Apify Instagram Scraper,1.0,2026-06-03
Bromo,#bromo,https://www.instagram.com/p/DZHprO-kg1P/,DZHprO-kg1P,"Volume sampah pasca-Perayaan Yadnya Kasada 2026 di kawasan Gunung Bromo mengalami penurunan. Dalam aksi bersih-bersih massal yang digelar Selasa (2/6), petugas dan relawan berhasil mengumpulkan sekitar 1 ton sampah. Jumlah ini berkurang dibandingkan tahun lalu yang mencapai 1,5 ton.

​Aksi pembersihan ini melibatkan kolaborasi lintas sektor, mulai dari Balai Besar TNBTS, masyarakat Suku Tengger, pelaku wisata, TNI, Polri, hingga para pelajar dan relawan. Penyisiran sampah dilakukan di titik-titik krusial, meliputi pintu masuk Cemorolawang, jalur menuju kawah, sekitar pura, hingga puncak Kawah Bromo.

​Total 1 ton sampah yang terkumpul kemudian diangkut menggunakan dua truk DLH menuju Tempat Pemrosesan Akhir (TPA). Penurunan jumlah sampah ini menjadi indikasi positif bahwa kesadaran pengunjung untuk menjaga kebersihan di kawasan Bromo mulai meningkat.

#agendapasuruan #bromo #yadyakasada #bromopasuruan #bromoprobolinggo",Image,2026-06-03 09:58:24+00:00,1.0,0,0.0,,agendapasuruan,2026-06-03,Apify Instagram Scraper,1.0,2026-06-03
Bromo,#bromo,https://www.instagram.com/p/DZHlovNEzet/,DZHlovNEzet,"🌟 OPEN TRIP BROMO 🌟
✅ Berangkat tiap hari tanpa minimal peserta 
Satu orang bisa daftar bebas pilih tanggal keberangkatan | Trip gabungan

☎️ ADMIN 0812 2776 5515 WHATSHAP

✅ PENJEMPUTAN KOTA MALANG
👉🏼 Tanpa Dokumentasi Foto
>> weekday : 250.000 /orang WNI
>> weekend : 275.000 /orang WN
💥FASILITAS : penjemputan pp kota malang , jeep , tiket online , driver+bbm+parkir

👉🏼 Include Dokumentasi Foto
>> weekday : 275.000 / orang WNI
>> Weekend : 300.000 / orang WNI
💥FASILITAS :Penjemputan pp , jeep , Tiket online , bbm+parkir+dreiver , Dokumentasi foto
DOKUMENTASI FOTO (DSLR)

🌟PRIVAT TRIP BROMO 🌟
✅ Berangkat Tiap Hari | Bebas pilih Tanggal
Tidak di gabung dengan peserta lain

✅ PENJEMPUTAN KOTA MALANG
👉🏼 Dokumtasi Foto
>> weekday : 1.650.000 / grup (max 6 orang termasuk anak)
>> weekday : 1.400.000 / grup (non dok)

>> Weekend : 1.800.000 / grup (max 6 orang termasuk anak)
>> weekend : 1.600.000 / grup ( non dok)

💥FASILITAS : penjemputan pp , jeep , tiket online , bbm+driver+parkir +dokumentasi foto

DESTIINASI ;
1.Penanjakan Sunrise 
2.Bukit Widodaren 
3.Kawah Bromo
4.Pura Luhur
5.Pasir Berbisik 
6.Savana Teletubies 

INTENARY ;
-23.45-0015 Penjemputan 
-00.30-01.00 perjalanan ke bascam jeep
-01.00-01.30 istiraht di bascam 
-01.30-02.00 pemberangkatan ke sunrise point
-04.00-06.00 sunrise area
-06.30-08.00 explore kawah bromo
-09.00-10.00 explore pasir berbisik & savan 
-11.00-12.00 perjalanan pulang
#bromo #opentripbromo #gunungbromo",Image,2026-06-03 09:23:06+00:00,1.0,0,0.0,Makasar City - Sulawesi Selatan,mainkebromotumpaksewu,2026-06-03,Apify Instagram Scraper,1.0,2026-06-03
Bromo,#mountbromo,https://www.instagram.com/p/DZHZZH8voW7/,DZHZZH8voW7,Long time since I rode a horse #mountbromo,Image,2026-06-03 07:36:44+00:00,1.0,0,0.0,,rynette22,2026-06-03,Apify Instagram Scraper,1.0,2026-06-03
Bromo,#mountbromo,https://www.instagram.com/p/DZESXH2GpTr/,DZESXH2GpTr,"Interested? comment ‘JAVA’ and ill send you more details and the link to book 🌋 

I’ve partnered with @worldpackers to create this 😍

Most trips show you a destination - this one lets you become part of it

Imagine hiking to the sunrise over Mount Bromo after a midnight drive through the volcanic landscapes of East Java. Watching the blue flames of Ijen before dawn. Standing at the base of Tumpak Sewu waterfall feeling completely tiny.

But also...

Learning traditional Javanese music from locals

Creating your own eco-print scarf alongside students 

Cooking meals straight from the garden

Exploring traditional markets

Dancing at a real community festival

And sharing it all with a small group of women who started as strangers and somehow end up feeling like lifelong friends.

This isn’t just an Indonesia group trip.

It’s a chance to experience a side of East Java that most travellers never get to see.

📍 East Java, Indonesia
📅 30 Aug – 7 Sep 2026
👯‍♀️ Women only
🌋 Mount Bromo, Ijen Blue Fire, Tumpak Sewu & Kapas Biru Waterfall
🎭 Cultural workshops, village life & community experiences
✨ Limited spots available

Comment “JAVA” and I’ll send you all the details 💛

#EastJava #IndonesiaTravel #MountBromo #SoloFemaleTravel #GroupTravel",Sidecar,2026-06-02 02:36:57+00:00,-1.0,2,0.0,,bonnietravel_,2026-06-03,Apify Instagram Scraper,1.0,2026-06-02
Bromo,#gunungbromo,https://www.instagram.com/p/DZHlny1zPvX/,DZHlny1zPvX,"🌟 OPEN TRIP BROMO 🌟
✅ Berangkat tiap hari tanpa minimal peserta 
Satu orang bisa daftar bebas pilih tanggal keberangkatan | Trip gabungan

☎️ ADMIN 0812 2776 5515 WHATSHAP

✅ PENJEMPUTAN KOTA MALANG
👉🏼 Tanpa Dokumentasi Foto
>> weekday : 250.000 /orang WNI
>> weekend : 275.000 /orang WN
💥FASILITAS : penjemputan pp kota malang , jeep , tiket online , driver+bbm+parkir

👉🏼 Include Dokumentasi Foto
>> weekday : 275.000 / orang WNI
>> Weekend : 300.000 / orang WNI
💥FASILITAS :Penjemputan pp , jeep , Tiket online , bbm+parkir+dreiver , Dokumentasi foto
DOKUMENTASI FOTO (DSLR)

🌟PRIVAT TRIP BROMO 🌟
✅ Berangkat Tiap Hari | Bebas pilih Tanggal
Tidak di gabung dengan peserta lain

✅ PENJEMPUTAN KOTA MALANG
👉🏼 Dokumtasi Foto
>> weekday : 1.650.000 / grup (max 6 orang termasuk anak)
>> weekday : 1.400.000 / grup (non dok)

>> Weekend : 1.800.000 / grup (max 6 orang termasuk anak)
>> weekend : 1.600.000 / grup ( non dok)

💥FASILITAS : penjemputan pp , jeep , tiket online , bbm+driver+parkir +dokumentasi foto

DESTIINASI ;
1.Penanjakan Sunrise 
2.Bukit Widodaren 
3.Kawah Bromo
4.Pura Luhur
5.Pasir Berbisik 
6.Savana Teletubies 

INTENARY ;
-23.45-0015 Penjemputan 
-00.30-01.00 perjalanan ke bascam jeep
-01.00-01.30 istiraht di bascam 
-01.30-02.00 pemberangkatan ke sunrise point
-04.00-06.00 sunrise area
-06.30-08.00 explore kawah bromo
-09.00-10.00 explore pasir berbisik & savan 
-11.00-12.00 perjalanan pulang
#bromo #opentripbromo #gunungbromo",Image,2026-06-03 09:23:01+00:00,1.0,0,0.0,Makasar City - Sulawesi Selatan,tourbromo4x4official,2026-06-03,Apify Instagram Scraper,1.0,2026-06-03
Bromo,#bromo,https://www.instagram.com/p/DZHzDiLk2Kg/,DZHzDiLk2Kg,"Bromo in a cinematic view 📸

#bromo #indonesia #photography",Sidecar,2026-06-03 11:20:22+00:00,-1.0,1,0.0,Gunung Bromo,_thineshh,2026-06-03,Apify Instagram Scraper,0.0,2026-06-03
Bromo,#bromo,https://www.instagram.com/p/DZHxsd7kuvx/,DZHxsd7kuvx,"Part 2
ini pengembangan dari karya yang pertama arka bromo, bisa dipilih ya semoga suka dengan design-design ini 🥰 oh ya aku designnya by canva 🙏🏻 @exoticbromo #maskotexoticbromo #exoticbromo #bromo",Sidecar,2026-06-03 11:08:28+00:00,0.0,0,0.0,,susantisudibyo,2026-06-03,Apify Instagram Scraper,0.0,2026-06-03
Bromo,#bromo,https://www.instagram.com/p/DZHvt4CD7wY/,DZHvt4CD7wY,"Bromo -> Komodo 🌋🏝️
Sunset -> Moonset 🌄🌕🌌
Dragon, Manta and Baby Sharks. 
A trip of a lifetime. 💧
#bromo #komodo",Sidecar,2026-06-03 10:51:11+00:00,0.0,0,0.0,,lh_becool,2026-06-03,Apify Instagram Scraper,0.0,2026-06-03
Bromo,#bromo,https://www.instagram.com/p/DZHlosBk70J/,DZHlosBk70J,"🌟 OPEN TRIP BROMO 🌟
✅ Berangkat tiap hari tanpa minimal peserta 
Satu orang bisa daftar bebas pilih tanggal keberangkatan | Trip gabungan

☎️ ADMIN 0812 2776 5515 WHATSHAP

✅ PENJEMPUTAN KOTA MALANG
👉🏼 Tanpa Dokumentasi Foto
>> weekday : 250.000 /orang WNI
>> weekend : 275.000 /orang WN
💥FASILITAS : penjemputan pp kota malang , jeep , tiket online , driver+bbm+parkir

👉🏼 Include Dokumentasi Foto
>> weekday : 275.000 / orang WNI
>> Weekend : 300.000 / orang WNI
💥FASILITAS :Penjemputan pp , jeep , Tiket online , bbm+parkir+dreiver , Dokumentasi foto
DOKUMENTASI FOTO (DSLR)

🌟PRIVAT TRIP BROMO 🌟
✅ Berangkat Tiap Hari | Bebas pilih Tanggal
Tidak di gabung dengan peserta lain

✅ PENJEMPUTAN KOTA MALANG
👉🏼 Dokumtasi Foto
>> weekday : 1.650.000 / grup (max 6 orang termasuk anak)
>> weekday : 1.400.000 / grup (non dok)

>> Weekend : 1.800.000 / grup (max 6 orang termasuk anak)
>> weekend : 1.600.000 / grup ( non dok)

💥FASILITAS : penjemputan pp , jeep , tiket online , bbm+driver+parkir +dokumentasi foto

DESTIINASI ;
1.Penanjakan Sunrise 
2.Bukit Widodaren 
3.Kawah Bromo
4.Pura Luhur
5.Pasir Berbisik 
6.Savana Teletubies 

INTENARY ;
-23.45-0015 Penjemputan 
-00.30-01.00 perjalanan ke bascam jeep
-01.00-01.30 istiraht di bascam 
-01.30-02.00 pemberangkatan ke sunrise point
-04.00-06.00 sunrise area
-06.30-08.00 explore kawah bromo
-09.00-10.00 explore pasir berbisik & savan 
-11.00-12.00 perjalanan pulang
#bromo #opentripbromo #gunungbromo",Image,2026-06-03 09:23:06+00:00,0.0,0,0.0,Makasar City - Sulawesi Selatan,tourbromo4x4.id,2026-06-03,Apify Instagram Scraper,0.0,2026-06-03
Bromo,#bromo,https://www.instagram.com/p/DZHloqHk7oX/,DZHloqHk7oX,"🌟 OPEN TRIP BROMO 🌟
✅ Berangkat tiap hari tanpa minimal peserta 
Satu orang bisa daftar bebas pilih tanggal keberangkatan | Trip gabungan

☎️ ADMIN 0812 2776 5515 WHATSHAP

✅ PENJEMPUTAN KOTA MALANG
👉🏼 Tanpa Dokumentasi Foto
>> weekday : 250.000 /orang WNI
>> weekend : 275.000 /orang WN
💥FASILITAS : penjemputan pp kota malang , jeep , tiket online , driver+bbm+parkir

👉🏼 Include Dokumentasi Foto
>> weekday : 275.000 / orang WNI
>> Weekend : 300.000 / orang WNI
💥FASILITAS :Penjemputan pp , jeep , Tiket online , bbm+parkir+dreiver , Dokumentasi foto
DOKUMENTASI FOTO (DSLR)

🌟PRIVAT TRIP BROMO 🌟
✅ Berangkat Tiap Hari | Bebas pilih Tanggal
Tidak di gabung dengan peserta lain

✅ PENJEMPUTAN KOTA MALANG
👉🏼 Dokumtasi Foto
>> weekday : 1.650.000 / grup (max 6 orang termasuk anak)
>> weekday : 1.400.000 / grup (non dok)

>> Weekend : 1.800.000 / grup (max 6 orang termasuk anak)
>> weekend : 1.600.000 / grup ( non dok)

💥FASILITAS : penjemputan pp , jeep , tiket online , bbm+driver+parkir +dokumentasi foto

DESTIINASI ;
1.Penanjakan Sunrise 
2.Bukit Widodaren 
3.Kawah Bromo
4.Pura Luhur
5.Pasir Berbisik 
6.Savana Teletubies 

INTENARY ;
-23.45-0015 Penjemputan 
-00.30-01.00 perjalanan ke bascam jeep
-01.00-01.30 istiraht di bascam 
-01.30-02.00 pemberangkatan ke sunrise point
-04.00-06.00 sunrise area
-06.30-08.00 explore kawah bromo
-09.00-10.00 explore pasir berbisik & savan 
-11.00-12.00 perjalanan pulang
#bromo #opentripbromo #gunungbromo",Image,2026-06-03 09:23:06+00:00,0.0,0,0.0,Makasar City - Sulawesi Selatan,infoseputarliburanbromo,2026-06-03,Apify Instagram Scraper,0.0,2026-06-03
Bromo,#bromo,https://www.instagram.com/p/DZHlortE4ah/,DZHlortE4ah,"🌟 OPEN TRIP BROMO 🌟
✅ Berangkat tiap hari tanpa minimal peserta 
Satu orang bisa daftar bebas pilih tanggal keberangkatan | Trip gabungan

☎️ ADMIN 0812 2776 5515 WHATSHAP

✅ PENJEMPUTAN KOTA MALANG
👉🏼 Tanpa Dokumentasi Foto
>> weekday : 250.000 /orang WNI
>> weekend : 275.000 /orang WN
💥FASILITAS : penjemputan pp kota malang , jeep , tiket online , driver+bbm+parkir

👉🏼 Include Dokumentasi Foto
>> weekday : 275.000 / orang WNI
>> Weekend : 300.000 / orang WNI
💥FASILITAS :Penjemputan pp , jeep , Tiket online , bbm+parkir+dreiver , Dokumentasi foto
DOKUMENTASI FOTO (DSLR)

🌟PRIVAT TRIP BROMO 🌟
✅ Berangkat Tiap Hari | Bebas pilih Tanggal
Tidak di gabung dengan peserta lain

✅ PENJEMPUTAN KOTA MALANG
👉🏼 Dokumtasi Foto
>> weekday : 1.650.000 / grup (max 6 orang termasuk anak)
>> weekday : 1.400.000 / grup (non dok)

>> Weekend : 1.800.000 / grup (max 6 orang termasuk anak)
>> weekend : 1.600.000 / grup ( non dok)

💥FASILITAS : penjemputan pp , jeep , tiket online , bbm+driver+parkir +dokumentasi foto

DESTIINASI ;
1.Penanjakan Sunrise 
2.Bukit Widodaren 
3.Kawah Bromo
4.Pura Luhur
5.Pasir Berbisik 
6.Savana Teletubies 

INTENARY ;
-23.45-0015 Penjemputan 
-00.30-01.00 perjalanan ke bascam jeep
-01.00-01.30 istiraht di bascam 
-01.30-02.00 pemberangkatan ke sunrise point
-04.00-06.00 sunrise area
-06.30-08.00 explore kawah bromo
-09.00-10.00 explore pasir berbisik & savan 
-11.00-12.00 perjalanan pulang
#bromo #opentripbromo #gunungbromo",Image,2026-06-03 09:23:06+00:00,0.0,0,0.0,Makasar City - Sulawesi Selatan,sinikebromoo,2026-06-03,Apify Instagram Scraper,0.0,2026-06-03
Bromo,#bromo,https://www.instagram.com/p/DZHloroE5qn/,DZHloroE5qn,"🌟 OPEN TRIP BROMO 🌟
✅ Berangkat tiap hari tanpa minimal peserta 
Satu orang bisa daftar bebas pilih tanggal keberangkatan | Trip gabungan

☎️ ADMIN 0812 2776 5515 WHATSHAP

✅ PENJEMPUTAN KOTA MALANG
👉🏼 Tanpa Dokumentasi Foto
>> weekday : 250.000 /orang WNI
>> weekend : 275.000 /orang WN
💥FASILITAS : penjemputan pp kota malang , jeep , tiket online , driver+bbm+parkir

👉🏼 Include Dokumentasi Foto
>> weekday : 275.000 / orang WNI
>> Weekend : 300.000 / orang WNI
💥FASILITAS :Penjemputan pp , jeep , Tiket online , bbm+parkir+dreiver , Dokumentasi foto
DOKUMENTASI FOTO (DSLR)

🌟PRIVAT TRIP BROMO 🌟
✅ Berangkat Tiap Hari | Bebas pilih Tanggal
Tidak di gabung dengan peserta lain

✅ PENJEMPUTAN KOTA MALANG
👉🏼 Dokumtasi Foto
>> weekday : 1.650.000 / grup (max 6 orang termasuk anak)
>> weekday : 1.400.000 / grup (non dok)

>> Weekend : 1.800.000 / grup (max 6 orang termasuk anak)
>> weekend : 1.600.000 / grup ( non dok)

💥FASILITAS : penjemputan pp , jeep , tiket online , bbm+driver+parkir +dokumentasi foto

DESTIINASI ;
1.Penanjakan Sunrise 
2.Bukit Widodaren 
3.Kawah Bromo
4.Pura Luhur
5.Pasir Berbisik 
6.Savana Teletubies 

INTENARY ;
-23.45-0015 Penjemputan 
-00.30-01.00 perjalanan ke bascam jeep
-01.00-01.30 istiraht di bascam 
-01.30-02.00 pemberangkatan ke sunrise point
-04.00-06.00 sunrise area
-06.30-08.00 explore kawah bromo
-09.00-10.00 explore pasir berbisik & savan 
-11.00-12.00 perjalanan pulang
#bromo #opentripbromo #gunungbromo",Image,2026-06-03 09:23:06+00:00,0.0,0,0.0,Makasar City - Sulawesi Selatan,infoseputarliburan.id,2026-06-03,Apify Instagram Scraper,0.0,2026-06-03
Bromo,#bromo,https://www.instagram.com/p/DZHlosDE04x/,DZHlosDE04x,"🌟 OPEN TRIP BROMO 🌟
✅ Berangkat tiap hari tanpa minimal peserta 
Satu orang bisa daftar bebas pilih tanggal keberangkatan | Trip gabungan

☎️ ADMIN 0812 2776 5515 WHATSHAP

✅ PENJEMPUTAN KOTA MALANG
👉🏼 Tanpa Dokumentasi Foto
>> weekday : 250.000 /orang WNI
>> weekend : 275.000 /orang WN
💥FASILITAS : penjemputan pp kota malang , jeep , tiket online , driver+bbm+parkir

👉🏼 Include Dokumentasi Foto
>> weekday : 275.000 / orang WNI
>> Weekend : 300.000 / orang WNI
💥FASILITAS :Penjemputan pp , jeep , Tiket online , bbm+parkir+dreiver , Dokumentasi foto
DOKUMENTASI FOTO (DSLR)

🌟PRIVAT TRIP BROMO 🌟
✅ Berangkat Tiap Hari | Bebas pilih Tanggal
Tidak di gabung dengan peserta lain

✅ PENJEMPUTAN KOTA MALANG
👉🏼 Dokumtasi Foto
>> weekday : 1.650.000 / grup (max 6 orang termasuk anak)
>> weekday : 1.400.000 / grup (non dok)

>> Weekend : 1.800.000 / grup (max 6 orang termasuk anak)
>> weekend : 1.600.000 / grup ( non dok)

💥FASILITAS : penjemputan pp , jeep , tiket online , bbm+driver+parkir +dokumentasi foto

DESTIINASI ;
1.Penanjakan Sunrise 
2.Bukit Widodaren 
3.Kawah Bromo
4.Pura Luhur
5.Pasir Berbisik 
6.Savana Teletubies 

INTENARY ;
-23.45-0015 Penjemputan 
-00.30-01.00 perjalanan ke bascam jeep
-01.00-01.30 istiraht di bascam 
-01.30-02.00 pemberangkatan ke sunrise point
-04.00-06.00 sunrise area
-06.30-08.00 explore kawah bromo
-09.00-10.00 explore pasir berbisik & savan 
-11.00-12.00 perjalanan pulang
#bromo #opentripbromo #gunungbromo",Image,2026-06-03 09:23:06+00:00,0.0,0,0.0,Makasar City - Sulawesi Selatan,magicalbromosunrisetour,2026-06-03,Apify Instagram Scraper,0.0,2026-06-03
Bromo,#bromo,https://www.instagram.com/p/DZHlos8k4i4/,DZHlos8k4i4,"🌟 OPEN TRIP BROMO 🌟
✅ Berangkat tiap hari tanpa minimal peserta 
Satu orang bisa daftar bebas pilih tanggal keberangkatan | Trip gabungan

☎️ ADMIN 0812 2776 5515 WHATSHAP

✅ PENJEMPUTAN KOTA MALANG
👉🏼 Tanpa Dokumentasi Foto
>> weekday : 250.000 /orang WNI
>> weekend : 275.000 /orang WN
💥FASILITAS : penjemputan pp kota malang , jeep , tiket online , driver+bbm+parkir

👉🏼 Include Dokumentasi Foto
>> weekday : 275.000 / orang WNI
>> Weekend : 300.000 / orang WNI
💥FASILITAS :Penjemputan pp , jeep , Tiket online , bbm+parkir+dreiver , Dokumentasi foto
DOKUMENTASI FOTO (DSLR)

🌟PRIVAT TRIP BROMO 🌟
✅ Berangkat Tiap Hari | Bebas pilih Tanggal
Tidak di gabung dengan peserta lain

✅ PENJEMPUTAN KOTA MALANG
👉🏼 Dokumtasi Foto
>> weekday : 1.650.000 / grup (max 6 orang termasuk anak)
>> weekday : 1.400.000 / grup (non dok)

>> Weekend : 1.800.000 / grup (max 6 orang termasuk anak)
>> weekend : 1.600.000 / grup ( non dok)

💥FASILITAS : penjemputan pp , jeep , tiket online , bbm+driver+parkir +dokumentasi foto

DESTIINASI ;
1.Penanjakan Sunrise 
2.Bukit Widodaren 
3.Kawah Bromo
4.Pura Luhur
5.Pasir Berbisik 
6.Savana Teletubies 

INTENARY ;
-23.45-0015 Penjemputan 
-00.30-01.00 perjalanan ke bascam jeep
-01.00-01.30 istiraht di bascam 
-01.30-02.00 pemberangkatan ke sunrise point
-04.00-06.00 sunrise area
-06.30-08.00 explore kawah bromo
-09.00-10.00 explore pasir berbisik & savan 
-11.00-12.00 perjalanan pulang
#bromo #opentripbromo #gunungbromo",Image,2026-06-03 09:23:06+00:00,0.0,0,0.0,Makasar City - Sulawesi Selatan,tourbromo4x4.idn,2026-06-03,Apify Instagram Scraper,0.0,2026-06-03
Bromo,#mountbromo,https://www.instagram.com/p/DZHxhizn4rZ/,DZHxhizn4rZ,"Mount Bromo One-Day Tour Package offers a short trip to enjoy the beauty of Bromo National Park, including Pananjakan, Kingkong Hill, and Love Hill.

The trip begins at midnight from Surabaya, Malang, or Banyuwangi and ends in the afternoon after enjoying the panoramic views of Bromo.

This package is suitable for travelers with limited time as it doesn't require an overnight stay, yet still offers the experience of seeing the sunrise and the beauty of Mount Bromo. #Mountbromo #Sunrise #Travel #Eastjava #Midnighttour #Volcano",Image,2026-06-03 11:07:00+00:00,0.0,0,0.0,,mountbromotourguide,2026-06-03,Apify Instagram Scraper,0.0,2026-06-03
Bromo,#mountbromo,https://www.instagram.com/p/DZHcgULPY60/,DZHcgULPY60,Wonder Woman in turquoise #mountbromo,Image,2026-06-03 08:03:52+00:00,0.0,0,0.0,,rynette22,2026-06-03,Apify Instagram Scraper,0.0,2026-06-03
Bromo,#mountbromo,https://www.instagram.com/p/DZHA877iXau/,DZHA877iXau,"Above the sea of ​​clouds I saw the first rays of dawn on Mount Bromo 🌋☀️

#Bromo #MountBromo #Indonesia #Healing #Photography",Sidecar,2026-06-03 04:02:33+00:00,0.0,0,0.0,,my.princess.elma,2026-06-03,Apify Instagram Scraper,0.0,2026-06-03
Bromo,#mountbromo,https://www.instagram.com/p/DZFp7ZpGNKz/,DZFp7ZpGNKz,"Nature always manages to deliver the most breathtaking scenery in the quietest way 🌋

#TravelIndonesia #EastJava #Bromo #MountBromo #Indonesia",Sidecar,2026-06-02 15:22:07+00:00,0.0,0,0.0,,googlehandy,2026-06-03,Apify Instagram Scraper,0.0,2026-06-02
Bromo,#mountbromo,https://www.instagram.com/p/DZFAgKYkzyw/,DZFAgKYkzyw,"Above the sea of ​​clouds I saw the first rays of dawn on Mount Bromo 🌋☀️

#Bromo #MountBromo #Indonesia #Healing #Photography",Sidecar,2026-06-02 09:20:09+00:00,0.0,0,0.0,,geloescht20kkdkf,2026-06-03,Apify Instagram Scraper,0.0,2026-06-02
Bromo,#mountbromo,https://www.instagram.com/p/DZFAYiqmNrN/,DZFAYiqmNrN,"Nature always manages to deliver the most breathtaking scenery in the quietest way 🌋

#TravelIndonesia #EastJava #Bromo #MountBromo #Indonesia",Sidecar,2026-06-02 09:19:06+00:00,0.0,0,0.0,,jedo1920,2026-06-03,Apify Instagram Scraper,0.0,2026-06-02
Bromo,#mountbromo,https://www.instagram.com/p/DZFAUiDmOQn/,DZFAUiDmOQn,"Volcanoes sea of ​​clouds sunrise

Nature always manages to deliver the most breathtaking scenery in the quietest way 🌋

#BromoSunrise #EastJava #Bromo #MountBromo #Indonesia",Sidecar,2026-06-02 09:18:33+00:00,0.0,0,0.0,,googlehandy,2026-06-03,Apify Instagram Scraper,0.0,2026-06-02
Bromo,#mountbromo,https://www.instagram.com/p/DZEWCDNkd3R/,DZEWCDNkd3R,"Bromo Pojur Bromo Tour is a locally-owned travel service specializing in private Bromo, ijen and Tumpak Sewu tour packages. With years of experience in the tourism industry, we provide personalized, flexible, and comfortable travel experiences tailored to your interests. From breathtaking Volcano and dessert to pristine Waterfalls and cultural landmarks, we help you explore the best of Bromo with ease.

Our services include transport-only options, all-inclusive packages with hotel and meals, and day trips to Nusa Penida—all guided by friendly local drivers. Whether you’re a solo traveler, a couple, or a group, Pojur Bromo Tour is committed to delivering exceptional service, local insight, and unforgettable memories throughout your journey.

#bromotrip #bromo #mountbromo #bromotourpackages",Sidecar,2026-06-02 03:09:02+00:00,0.0,0,0.0,Mount Bromo,pojur_bromo_tour,2026-06-03,Apify Instagram Scraper,0.0,2026-06-02
Bromo,#gunungbromo,https://www.instagram.com/p/DZHzZVKGl3V/,DZHzZVKGl3V,"Senin, 1 Juni 2026, Gunung Bromo di Probolinggo kembali jadi pusat perhatian. Ribuan warga Suku Tengger gelar ritual Yadnya Kasada. Tradisi luhur ini cerminan kuatnya identitas dan persatuan bangsa, menarik wisatawan global. Ini menegaskan pentingnya menjaga warisan budaya demi keutuhan NKRI.

#GunungBromo #JagaIndonesia #WisataBudayaIndonesia",Sidecar,2026-06-03 11:23:55+00:00,0.0,0,0.0,,edukasipandai,2026-06-03,Apify Instagram Scraper,0.0,2026-06-03
Bromo,#gunungbromo,https://www.instagram.com/p/DZHvZY3CAED/,DZHvZY3CAED,"Gunung Bromo kembali menjadi saksi bisu sebuah perhelatan agung yang memukau. Ritual Yadnya Kasada, tradisi luhur masyarakat Tengger, baru saja digelar di kawahnya yang legendaris, menarik perhatian ribuan pasang mata. Pada Senin (1/6/2026) lalu, masyarakat adat Tengger berduyun-duyun menuju kawah Bromo, membawa aneka sesaji hasil bumi dan ternak. Ini adalah wujud syukur mendalam kepada Sang Hyang Widhi dan penghormatan abadi kepada para leluhur mereka. Tradisi tahunan ini bukan sekadar ritual, melainkan sebuah manifestasi kearifan lokal yang mengikat erat komunitas dengan akar budayanya. Keindahan dan kedalaman makna Yadnya Kasada terbukti mampu menyedot perhatian wisatawan dari berbagai penjuru dunia, baik domestik maupun mancanegara. Sebuah kebanggaan daerah yang terus lestari, memancarkan pesona dari tanah Jawa Timur.

#GunungBromo #JagaIndonesia #Probolinggo",Sidecar,2026-06-03 10:48:58+00:00,0.0,0,0.0,,edukasihandal,2026-06-03,Apify Instagram Scraper,0.0,2026-06-03
Bromo,#gunungbromo,https://www.instagram.com/p/DZHloqFE_Y_/,DZHloqFE_Y_,"🌟 OPEN TRIP BROMO 🌟
✅ Berangkat tiap hari tanpa minimal peserta 
Satu orang bisa daftar bebas pilih tanggal keberangkatan | Trip gabungan

☎️ ADMIN 0812 2776 5515 WHATSHAP

✅ PENJEMPUTAN KOTA MALANG
👉🏼 Tanpa Dokumentasi Foto
>> weekday : 250.000 /orang WNI
>> weekend : 275.000 /orang WN
💥FASILITAS : penjemputan pp kota malang , jeep , tiket online , driver+bbm+parkir

👉🏼 Include Dokumentasi Foto
>> weekday : 275.000 / orang WNI
>> Weekend : 300.000 / orang WNI
💥FASILITAS :Penjemputan pp , jeep , Tiket online , bbm+parkir+dreiver , Dokumentasi foto
DOKUMENTASI FOTO (DSLR)

🌟PRIVAT TRIP BROMO 🌟
✅ Berangkat Tiap Hari | Bebas pilih Tanggal
Tidak di gabung dengan peserta lain

✅ PENJEMPUTAN KOTA MALANG
👉🏼 Dokumtasi Foto
>> weekday : 1.650.000 / grup (max 6 orang termasuk anak)
>> weekday : 1.400.000 / grup (non dok)

>> Weekend : 1.800.000 / grup (max 6 orang termasuk anak)
>> weekend : 1.600.000 / grup ( non dok)

💥FASILITAS : penjemputan pp , jeep , tiket online , bbm+driver+parkir +dokumentasi foto

DESTIINASI ;
1.Penanjakan Sunrise 
2.Bukit Widodaren 
3.Kawah Bromo
4.Pura Luhur
5.Pasir Berbisik 
6.Savana Teletubies 

INTENARY ;
-23.45-0015 Penjemputan 
-00.30-01.00 perjalanan ke bascam jeep
-01.00-01.30 istiraht di bascam 
-01.30-02.00 pemberangkatan ke sunrise point
-04.00-06.00 sunrise area
-06.30-08.00 explore kawah bromo
-09.00-10.00 explore pasir berbisik & savan 
-11.00-12.00 perjalanan pulang
#bromo #opentripbromo #gunungbromo",Image,2026-06-03 09:23:06+00:00,0.0,0,0.0,Makasar City - Sulawesi Selatan,tourbromo4x4.ina,2026-06-03,Apify Instagram Scraper,0.0,2026-06-03
Bromo,#gunungbromo,https://www.instagram.com/p/DZHlosOE-hr/,DZHlosOE-hr,"🌟 OPEN TRIP BROMO 🌟
✅ Berangkat tiap hari tanpa minimal peserta 
Satu orang bisa daftar bebas pilih tanggal keberangkatan | Trip gabungan

☎️ ADMIN 0812 2776 5515 WHATSHAP

✅ PENJEMPUTAN KOTA MALANG
👉🏼 Tanpa Dokumentasi Foto
>> weekday : 250.000 /orang WNI
>> weekend : 275.000 /orang WN
💥FASILITAS : penjemputan pp kota malang , jeep , tiket online , driver+bbm+parkir

👉🏼 Include Dokumentasi Foto
>> weekday : 275.000 / orang WNI
>> Weekend : 300.000 / orang WNI
💥FASILITAS :Penjemputan pp , jeep , Tiket online , bbm+parkir+dreiver , Dokumentasi foto
DOKUMENTASI FOTO (DSLR)

🌟PRIVAT TRIP BROMO 🌟
✅ Berangkat Tiap Hari | Bebas pilih Tanggal
Tidak di gabung dengan peserta lain

✅ PENJEMPUTAN KOTA MALANG
👉🏼 Dokumtasi Foto
>> weekday : 1.650.000 / grup (max 6 orang termasuk anak)
>> weekday : 1.400.000 / grup (non dok)

>> Weekend : 1.800.000 / grup (max 6 orang termasuk anak)
>> weekend : 1.600.000 / grup ( non dok)

💥FASILITAS : penjemputan pp , jeep , tiket online , bbm+driver+parkir +dokumentasi foto

DESTIINASI ;
1.Penanjakan Sunrise 
2.Bukit Widodaren 
3.Kawah Bromo
4.Pura Luhur
5.Pasir Berbisik 
6.Savana Teletubies 

INTENARY ;
-23.45-0015 Penjemputan 
-00.30-01.00 perjalanan ke bascam jeep
-01.00-01.30 istiraht di bascam 
-01.30-02.00 pemberangkatan ke sunrise point
-04.00-06.00 sunrise area
-06.30-08.00 explore kawah bromo
-09.00-10.00 explore pasir berbisik & savan 
-11.00-12.00 perjalanan pulang
#bromo #opentripbromo #gunungbromo",Image,2026-06-03 09:23:06+00:00,0.0,0,0.0,Makasar City - Sulawesi Selatan,magicalbromo.id,2026-06-03,Apify Instagram Scraper,0.0,2026-06-03
Bromo,#gunungbromo,https://www.instagram.com/p/DZHjw2HAVqa/,DZHjw2HAVqa,"🌟 OPEN TRIP BROMO 🌟
✅ Berangkat tiap hari tanpa minimal peserta 
Satu orang bisa daftar bebas pilih tanggal keberangkatan | Trip gabungan

☎️ ADMIN 0812 2776 5515 WHATSHAP

✅ PENJEMPUTAN KOTA MALANG
👉🏼 Tanpa Dokumentasi Foto
>> weekday : 250.000 /orang WNI
>> weekend : 275.000 /orang WN
💥FASILITAS : penjemputan pp kota malang , jeep , tiket online , driver+bbm+parkir

👉🏼 Include Dokumentasi Foto
>> weekday : 275.000 / orang WNI
>> Weekend : 300.000 / orang WNI
💥FASILITAS :Penjemputan pp , jeep , Tiket online , bbm+parkir+dreiver , Dokumentasi foto
DOKUMENTASI FOTO (DSLR)

🌟PRIVAT TRIP BROMO 🌟
✅ Berangkat Tiap Hari | Bebas pilih Tanggal
Tidak di gabung dengan peserta lain

✅ PENJEMPUTAN KOTA MALANG
👉🏼 Dokumtasi Foto
>> weekday : 1.650.000 / grup (max 6 orang termasuk anak)
>> weekday : 1.400.000 / grup (non dok)

>> Weekend : 1.800.000 / grup (max 6 orang termasuk anak)
>> weekend : 1.600.000 / grup ( non dok)

💥FASILITAS : penjemputan pp , jeep , tiket online , bbm+driver+parkir +dokumentasi foto

DESTIINASI ;
1.Penanjakan Sunrise 
2.Bukit Widodaren 
3.Kawah Bromo
4.Pura Luhur
5.Pasir Berbisik 
6.Savana Teletubies 

INTENARY ;
-23.45-0015 Penjemputan 
-00.30-01.00 perjalanan ke bascam jeep
-01.00-01.30 istiraht di bascam 
-01.30-02.00 pemberangkatan ke sunrise point
-04.00-06.00 sunrise area
-06.30-08.00 explore kawah bromo
-09.00-10.00 explore pasir berbisik & savan 
-11.00-12.00 perjalanan pulang
#opentripbromo #gunungbromo #bromo",Image,2026-06-03 09:06:44+00:00,0.0,0,0.0,Makasar Sulawesi Selatan,tripbromo4x4id,2026-06-03,Apify Instagram Scraper,0.0,2026-06-03
Bromo,#gunungbromo,https://www.instagram.com/p/DZHjw3NAeoc/,DZHjw3NAeoc,"🌟 OPEN TRIP BROMO 🌟
✅ Berangkat tiap hari tanpa minimal peserta 
Satu orang bisa daftar bebas pilih tanggal keberangkatan | Trip gabungan

☎️ ADMIN 0812 2776 5515 WHATSHAP

✅ PENJEMPUTAN KOTA MALANG
👉🏼 Tanpa Dokumentasi Foto
>> weekday : 250.000 /orang WNI
>> weekend : 275.000 /orang WN
💥FASILITAS : penjemputan pp kota malang , jeep , tiket online , driver+bbm+parkir

👉🏼 Include Dokumentasi Foto
>> weekday : 275.000 / orang WNI
>> Weekend : 300.000 / orang WNI
💥FASILITAS :Penjemputan pp , jeep , Tiket online , bbm+parkir+dreiver , Dokumentasi foto
DOKUMENTASI FOTO (DSLR)

🌟PRIVAT TRIP BROMO 🌟
✅ Berangkat Tiap Hari | Bebas pilih Tanggal
Tidak di gabung dengan peserta lain

✅ PENJEMPUTAN KOTA MALANG
👉🏼 Dokumtasi Foto
>> weekday : 1.650.000 / grup (max 6 orang termasuk anak)
>> weekday : 1.400.000 / grup (non dok)

>> Weekend : 1.800.000 / grup (max 6 orang termasuk anak)
>> weekend : 1.600.000 / grup ( non dok)

💥FASILITAS : penjemputan pp , jeep , tiket online , bbm+driver+parkir +dokumentasi foto

DESTIINASI ;
1.Penanjakan Sunrise 
2.Bukit Widodaren 
3.Kawah Bromo
4.Pura Luhur
5.Pasir Berbisik 
6.Savana Teletubies 

INTENARY ;
-23.45-0015 Penjemputan 
-00.30-01.00 perjalanan ke bascam jeep
-01.00-01.30 istiraht di bascam 
-01.30-02.00 pemberangkatan ke sunrise point
-04.00-06.00 sunrise area
-06.30-08.00 explore kawah bromo
-09.00-10.00 explore pasir berbisik & savan 
-11.00-12.00 perjalanan pulang
#opentripbromo #gunungbromo #bromo",Image,2026-06-03 09:06:44+00:00,0.0,0,0.0,Makasar Sulawesi Selatan,tripbromoreels,2026-06-03,Apify Instagram Scraper,0.0,2026-06-03
Bromo,#gunungbromo,https://www.instagram.com/p/DZHjw25AQUg/,DZHjw25AQUg,"🌟 OPEN TRIP BROMO 🌟
✅ Berangkat tiap hari tanpa minimal peserta 
Satu orang bisa daftar bebas pilih tanggal keberangkatan | Trip gabungan

☎️ ADMIN 0812 2776 5515 WHATSHAP

✅ PENJEMPUTAN KOTA MALANG
👉🏼 Tanpa Dokumentasi Foto
>> weekday : 250.000 /orang WNI
>> weekend : 275.000 /orang WN
💥FASILITAS : penjemputan pp kota malang , jeep , tiket online , driver+bbm+parkir

👉🏼 Include Dokumentasi Foto
>> weekday : 275.000 / orang WNI
>> Weekend : 300.000 / orang WNI
💥FASILITAS :Penjemputan pp , jeep , Tiket online , bbm+parkir+dreiver , Dokumentasi foto
DOKUMENTASI FOTO (DSLR)

🌟PRIVAT TRIP BROMO 🌟
✅ Berangkat Tiap Hari | Bebas pilih Tanggal
Tidak di gabung dengan peserta lain

✅ PENJEMPUTAN KOTA MALANG
👉🏼 Dokumtasi Foto
>> weekday : 1.650.000 / grup (max 6 orang termasuk anak)
>> weekday : 1.400.000 / grup (non dok)

>> Weekend : 1.800.000 / grup (max 6 orang termasuk anak)
>> weekend : 1.600.000 / grup ( non dok)

💥FASILITAS : penjemputan pp , jeep , tiket online , bbm+driver+parkir +dokumentasi foto

DESTIINASI ;
1.Penanjakan Sunrise 
2.Bukit Widodaren 
3.Kawah Bromo
4.Pura Luhur
5.Pasir Berbisik 
6.Savana Teletubies 

INTENARY ;
-23.45-0015 Penjemputan 
-00.30-01.00 perjalanan ke bascam jeep
-01.00-01.30 istiraht di bascam 
-01.30-02.00 pemberangkatan ke sunrise point
-04.00-06.00 sunrise area
-06.30-08.00 explore kawah bromo
-09.00-10.00 explore pasir berbisik & savan 
-11.00-12.00 perjalanan pulang
#opentripbromo #gunungbromo #bromo",Image,2026-06-03 09:06:44+00:00,0.0,0,0.0,Makasar Sulawesi Selatan,tripbromo4x4.mlg,2026-06-03,Apify Instagram Scraper,0.0,2026-06-03
Bromo,#gunungbromo,https://www.instagram.com/p/DZHjw00gZBK/,DZHjw00gZBK,"🌟 OPEN TRIP BROMO 🌟
✅ Berangkat tiap hari tanpa minimal peserta 
Satu orang bisa daftar bebas pilih tanggal keberangkatan | Trip gabungan

☎️ ADMIN 0812 2776 5515 WHATSHAP

✅ PENJEMPUTAN KOTA MALANG
👉🏼 Tanpa Dokumentasi Foto
>> weekday : 250.000 /orang WNI
>> weekend : 275.000 /orang WN
💥FASILITAS : penjemputan pp kota malang , jeep , tiket online , driver+bbm+parkir

👉🏼 Include Dokumentasi Foto
>> weekday : 275.000 / orang WNI
>> Weekend : 300.000 / orang WNI
💥FASILITAS :Penjemputan pp , jeep , Tiket online , bbm+parkir+dreiver , Dokumentasi foto
DOKUMENTASI FOTO (DSLR)

🌟PRIVAT TRIP BROMO 🌟
✅ Berangkat Tiap Hari | Bebas pilih Tanggal
Tidak di gabung dengan peserta lain

✅ PENJEMPUTAN KOTA MALANG
👉🏼 Dokumtasi Foto
>> weekday : 1.650.000 / grup (max 6 orang termasuk anak)
>> weekday : 1.400.000 / grup (non dok)

>> Weekend : 1.800.000 / grup (max 6 orang termasuk anak)
>> weekend : 1.600.000 / grup ( non dok)

💥FASILITAS : penjemputan pp , jeep , tiket online , bbm+driver+parkir +dokumentasi foto

DESTIINASI ;
1.Penanjakan Sunrise 
2.Bukit Widodaren 
3.Kawah Bromo
4.Pura Luhur
5.Pasir Berbisik 
6.Savana Teletubies 

INTENARY ;
-23.45-0015 Penjemputan 
-00.30-01.00 perjalanan ke bascam jeep
-01.00-01.30 istiraht di bascam 
-01.30-02.00 pemberangkatan ke sunrise point
-04.00-06.00 sunrise area
-06.30-08.00 explore kawah bromo
-09.00-10.00 explore pasir berbisik & savan 
-11.00-12.00 perjalanan pulang
#opentripbromo #gunungbromo #bromo",Image,2026-06-03 09:06:44+00:00,0.0,0,0.0,Makasar Sulawesi Selatan,tripbromo4x4.ina,2026-06-03,Apify Instagram Scraper,0.0,2026-06-03
Bromo,#gunungbromo,https://www.instagram.com/p/DZHjw1YgT_L/,DZHjw1YgT_L,"🌟 OPEN TRIP BROMO 🌟
✅ Berangkat tiap hari tanpa minimal peserta 
Satu orang bisa daftar bebas pilih tanggal keberangkatan | Trip gabungan

☎️ ADMIN 0812 2776 5515 WHATSHAP

✅ PENJEMPUTAN KOTA MALANG
👉🏼 Tanpa Dokumentasi Foto
>> weekday : 250.000 /orang WNI
>> weekend : 275.000 /orang WN
💥FASILITAS : penjemputan pp kota malang , jeep , tiket online , driver+bbm+parkir

👉🏼 Include Dokumentasi Foto
>> weekday : 275.000 / orang WNI
>> Weekend : 300.000 / orang WNI
💥FASILITAS :Penjemputan pp , jeep , Tiket online , bbm+parkir+dreiver , Dokumentasi foto
DOKUMENTASI FOTO (DSLR)

🌟PRIVAT TRIP BROMO 🌟
✅ Berangkat Tiap Hari | Bebas pilih Tanggal
Tidak di gabung dengan peserta lain

✅ PENJEMPUTAN KOTA MALANG
👉🏼 Dokumtasi Foto
>> weekday : 1.650.000 / grup (max 6 orang termasuk anak)
>> weekday : 1.400.000 / grup (non dok)

>> Weekend : 1.800.000 / grup (max 6 orang termasuk anak)
>> weekend : 1.600.000 / grup ( non dok)

💥FASILITAS : penjemputan pp , jeep , tiket online , bbm+driver+parkir +dokumentasi foto

DESTIINASI ;
1.Penanjakan Sunrise 
2.Bukit Widodaren 
3.Kawah Bromo
4.Pura Luhur
5.Pasir Berbisik 
6.Savana Teletubies 

INTENARY ;
-23.45-0015 Penjemputan 
-00.30-01.00 perjalanan ke bascam jeep
-01.00-01.30 istiraht di bascam 
-01.30-02.00 pemberangkatan ke sunrise point
-04.00-06.00 sunrise area
-06.30-08.00 explore kawah bromo
-09.00-10.00 explore pasir berbisik & savan 
-11.00-12.00 perjalanan pulang
#opentripbromo #gunungbromo #bromo",Image,2026-06-03 09:06:44+00:00,0.0,0,0.0,Makasar Sulawesi Selatan,tripbromo4x4.id,2026-06-03,Apify Instagram Scraper,0.0,2026-06-03
Bromo,#gunungbromo,https://www.instagram.com/p/DZHjw0xgQnK/,DZHjw0xgQnK,"🌟 OPEN TRIP BROMO 🌟
✅ Berangkat tiap hari tanpa minimal peserta 
Satu orang bisa daftar bebas pilih tanggal keberangkatan | Trip gabungan

☎️ ADMIN 0812 2776 5515 WHATSHAP

✅ PENJEMPUTAN KOTA MALANG
👉🏼 Tanpa Dokumentasi Foto
>> weekday : 250.000 /orang WNI
>> weekend : 275.000 /orang WN
💥FASILITAS : penjemputan pp kota malang , jeep , tiket online , driver+bbm+parkir

👉🏼 Include Dokumentasi Foto
>> weekday : 275.000 / orang WNI
>> Weekend : 300.000 / orang WNI
💥FASILITAS :Penjemputan pp , jeep , Tiket online , bbm+parkir+dreiver , Dokumentasi foto
DOKUMENTASI FOTO (DSLR)

🌟PRIVAT TRIP BROMO 🌟
✅ Berangkat Tiap Hari | Bebas pilih Tanggal
Tidak di gabung dengan peserta lain

✅ PENJEMPUTAN KOTA MALANG
👉🏼 Dokumtasi Foto
>> weekday : 1.650.000 / grup (max 6 orang termasuk anak)
>> weekday : 1.400.000 / grup (non dok)

>> Weekend : 1.800.000 / grup (max 6 orang termasuk anak)
>> weekend : 1.600.000 / grup ( non dok)

💥FASILITAS : penjemputan pp , jeep , tiket online , bbm+driver+parkir +dokumentasi foto

DESTIINASI ;
1.Penanjakan Sunrise 
2.Bukit Widodaren 
3.Kawah Bromo
4.Pura Luhur
5.Pasir Berbisik 
6.Savana Teletubies 

INTENARY ;
-23.45-0015 Penjemputan 
-00.30-01.00 perjalanan ke bascam jeep
-01.00-01.30 istiraht di bascam 
-01.30-02.00 pemberangkatan ke sunrise point
-04.00-06.00 sunrise area
-06.30-08.00 explore kawah bromo
-09.00-10.00 explore pasir berbisik & savan 
-11.00-12.00 perjalanan pulang
#opentripbromo #gunungbromo #bromo",Image,2026-06-03 09:06:44+00:00,0.0,0,0.0,Makasar Sulawesi Selatan,tripbromo4x4.official,2026-06-03,Apify Instagram Scraper,0.0,2026-06-03
Bromo,#gunungbromo,https://www.instagram.com/p/DZHjw2zAS9d/,DZHjw2zAS9d,"🌟 OPEN TRIP BROMO 🌟
✅ Berangkat tiap hari tanpa minimal peserta 
Satu orang bisa daftar bebas pilih tanggal keberangkatan | Trip gabungan

☎️ ADMIN 0812 2776 5515 WHATSHAP

✅ PENJEMPUTAN KOTA MALANG
👉🏼 Tanpa Dokumentasi Foto
>> weekday : 250.000 /orang WNI
>> weekend : 275.000 /orang WN
💥FASILITAS : penjemputan pp kota malang , jeep , tiket online , driver+bbm+parkir

👉🏼 Include Dokumentasi Foto
>> weekday : 275.000 / orang WNI
>> Weekend : 300.000 / orang WNI
💥FASILITAS :Penjemputan pp , jeep , Tiket online , bbm+parkir+dreiver , Dokumentasi foto
DOKUMENTASI FOTO (DSLR)

🌟PRIVAT TRIP BROMO 🌟
✅ Berangkat Tiap Hari | Bebas pilih Tanggal
Tidak di gabung dengan peserta lain

✅ PENJEMPUTAN KOTA MALANG
👉🏼 Dokumtasi Foto
>> weekday : 1.650.000 / grup (max 6 orang termasuk anak)
>> weekday : 1.400.000 / grup (non dok)

>> Weekend : 1.800.000 / grup (max 6 orang termasuk anak)
>> weekend : 1.600.000 / grup ( non dok)

💥FASILITAS : penjemputan pp , jeep , tiket online , bbm+driver+parkir +dokumentasi foto

DESTIINASI ;
1.Penanjakan Sunrise 
2.Bukit Widodaren 
3.Kawah Bromo
4.Pura Luhur
5.Pasir Berbisik 
6.Savana Teletubies 

INTENARY ;
-23.45-0015 Penjemputan 
-00.30-01.00 perjalanan ke bascam jeep
-01.00-01.30 istiraht di bascam 
-01.30-02.00 pemberangkatan ke sunrise point
-04.00-06.00 sunrise area
-06.30-08.00 explore kawah bromo
-09.00-10.00 explore pasir berbisik & savan 
-11.00-12.00 perjalanan pulang
#opentripbromo #gunungbromo #bromo",Image,2026-06-03 09:06:44+00:00,0.0,0,0.0,Makasar Sulawesi Selatan,tripbromo4x4malang,2026-06-03,Apify Instagram Scraper,0.0,2026-06-03
Bromo,#gunungbromo,https://www.instagram.com/p/DZHjw1iAW1j/,DZHjw1iAW1j,"🌟 OPEN TRIP BROMO 🌟
✅ Berangkat tiap hari tanpa minimal peserta 
Satu orang bisa daftar bebas pilih tanggal keberangkatan | Trip gabungan

☎️ ADMIN 0812 2776 5515 WHATSHAP

✅ PENJEMPUTAN KOTA MALANG
👉🏼 Tanpa Dokumentasi Foto
>> weekday : 250.000 /orang WNI
>> weekend : 275.000 /orang WN
💥FASILITAS : penjemputan pp kota malang , jeep , tiket online , driver+bbm+parkir

👉🏼 Include Dokumentasi Foto
>> weekday : 275.000 / orang WNI
>> Weekend : 300.000 / orang WNI
💥FASILITAS :Penjemputan pp , jeep , Tiket online , bbm+parkir+dreiver , Dokumentasi foto
DOKUMENTASI FOTO (DSLR)

🌟PRIVAT TRIP BROMO 🌟
✅ Berangkat Tiap Hari | Bebas pilih Tanggal
Tidak di gabung dengan peserta lain

✅ PENJEMPUTAN KOTA MALANG
👉🏼 Dokumtasi Foto
>> weekday : 1.650.000 / grup (max 6 orang termasuk anak)
>> weekday : 1.400.000 / grup (non dok)

>> Weekend : 1.800.000 / grup (max 6 orang termasuk anak)
>> weekend : 1.600.000 / grup ( non dok)

💥FASILITAS : penjemputan pp , jeep , tiket online , bbm+driver+parkir +dokumentasi foto

DESTIINASI ;
1.Penanjakan Sunrise 
2.Bukit Widodaren 
3.Kawah Bromo
4.Pura Luhur
5.Pasir Berbisik 
6.Savana Teletubies 

INTENARY ;
-23.45-0015 Penjemputan 
-00.30-01.00 perjalanan ke bascam jeep
-01.00-01.30 istiraht di bascam 
-01.30-02.00 pemberangkatan ke sunrise point
-04.00-06.00 sunrise area
-06.30-08.00 explore kawah bromo
-09.00-10.00 explore pasir berbisik & savan 
-11.00-12.00 perjalanan pulang
#opentripbromo #gunungbromo #bromo",Image,2026-06-03 09:06:44+00:00,0.0,0,0.0,Makasar Sulawesi Selatan,tripbromo4x4.reel,2026-06-03,Apify Instagram Scraper,0.0,2026-06-03
Bromo,#gunungbromo,https://www.instagram.com/p/DZHjwzlAY7l/,DZHjwzlAY7l,"🌟 OPEN TRIP BROMO 🌟
✅ Berangkat tiap hari tanpa minimal peserta 
Satu orang bisa daftar bebas pilih tanggal keberangkatan | Trip gabungan

☎️ ADMIN 0812 2776 5515 WHATSHAP

✅ PENJEMPUTAN KOTA MALANG
👉🏼 Tanpa Dokumentasi Foto
>> weekday : 250.000 /orang WNI
>> weekend : 275.000 /orang WN
💥FASILITAS : penjemputan pp kota malang , jeep , tiket online , driver+bbm+parkir

👉🏼 Include Dokumentasi Foto
>> weekday : 275.000 / orang WNI
>> Weekend : 300.000 / orang WNI
💥FASILITAS :Penjemputan pp , jeep , Tiket online , bbm+parkir+dreiver , Dokumentasi foto
DOKUMENTASI FOTO (DSLR)

🌟PRIVAT TRIP BROMO 🌟
✅ Berangkat Tiap Hari | Bebas pilih Tanggal
Tidak di gabung dengan peserta lain

✅ PENJEMPUTAN KOTA MALANG
👉🏼 Dokumtasi Foto
>> weekday : 1.650.000 / grup (max 6 orang termasuk anak)
>> weekday : 1.400.000 / grup (non dok)

>> Weekend : 1.800.000 / grup (max 6 orang termasuk anak)
>> weekend : 1.600.000 / grup ( non dok)

💥FASILITAS : penjemputan pp , jeep , tiket online , bbm+driver+parkir +dokumentasi foto

DESTIINASI ;
1.Penanjakan Sunrise 
2.Bukit Widodaren 
3.Kawah Bromo
4.Pura Luhur
5.Pasir Berbisik 
6.Savana Teletubies 

INTENARY ;
-23.45-0015 Penjemputan 
-00.30-01.00 perjalanan ke bascam jeep
-01.00-01.30 istiraht di bascam 
-01.30-02.00 pemberangkatan ke sunrise point
-04.00-06.00 sunrise area
-06.30-08.00 explore kawah bromo
-09.00-10.00 explore pasir berbisik & savan 
-11.00-12.00 perjalanan pulang
#opentripbromo #gunungbromo #bromo",Image,2026-06-03 09:06:44+00:00,0.0,0,0.0,Makasar Sulawesi Selatan,tripbromo4x4,2026-06-03,Apify Instagram Scraper,0.0,2026-06-03
Bromo,#gunungbromo,https://www.instagram.com/p/DZHjvzDhRPE/,DZHjvzDhRPE,"🌟 OPEN TRIP BROMO 🌟
✅ Berangkat tiap hari tanpa minimal peserta 
Satu orang bisa daftar bebas pilih tanggal keberangkatan | Trip gabungan

☎️ ADMIN 0812 2776 5515 WHATSHAP

✅ PENJEMPUTAN KOTA MALANG
👉🏼 Tanpa Dokumentasi Foto
>> weekday : 250.000 /orang WNI
>> weekend : 275.000 /orang WN
💥FASILITAS : penjemputan pp kota malang , jeep , tiket online , driver+bbm+parkir

👉🏼 Include Dokumentasi Foto
>> weekday : 275.000 / orang WNI
>> Weekend : 300.000 / orang WNI
💥FASILITAS :Penjemputan pp , jeep , Tiket online , bbm+parkir+dreiver , Dokumentasi foto
DOKUMENTASI FOTO (DSLR)

🌟PRIVAT TRIP BROMO 🌟
✅ Berangkat Tiap Hari | Bebas pilih Tanggal
Tidak di gabung dengan peserta lain

✅ PENJEMPUTAN KOTA MALANG
👉🏼 Dokumtasi Foto
>> weekday : 1.650.000 / grup (max 6 orang termasuk anak)
>> weekday : 1.400.000 / grup (non dok)

>> Weekend : 1.800.000 / grup (max 6 orang termasuk anak)
>> weekend : 1.600.000 / grup ( non dok)

💥FASILITAS : penjemputan pp , jeep , tiket online , bbm+driver+parkir +dokumentasi foto

DESTIINASI ;
1.Penanjakan Sunrise 
2.Bukit Widodaren 
3.Kawah Bromo
4.Pura Luhur
5.Pasir Berbisik 
6.Savana Teletubies 

INTENARY ;
-23.45-0015 Penjemputan 
-00.30-01.00 perjalanan ke bascam jeep
-01.00-01.30 istiraht di bascam 
-01.30-02.00 pemberangkatan ke sunrise point
-04.00-06.00 sunrise area
-06.30-08.00 explore kawah bromo
-09.00-10.00 explore pasir berbisik & savan 
-11.00-12.00 perjalanan pulang
#opentripbromo #gunungbromo #bromo",Image,2026-06-03 09:06:38+00:00,0.0,0,0.0,Makasar Sulawesi Selatan,tripbromo4x4official,2026-06-03,Apify Instagram Scraper,0.0,2026-06-03
Bromo,#gunungbromo,https://www.instagram.com/p/DZHjYHyCQNv/,DZHjYHyCQNv,"Pernahkah Anda menyaksikan keagungan ritual adat yang telah berusia berabad-abad? Awal Juni lalu, Gunung Bromo kembali menjadi panggung megah bagi upacara Yadnya Kasada, sebuah tradisi sakral Suku Tengger. Mereka melarungkan sesaji ke kawah, sebagai wujud syukur dan penghormatan yang mendalam kepada leluhur dan alam raya.

#WisataBudaya #GunungBromo #JagaIndonesia",Sidecar,2026-06-03 09:03:53+00:00,0.0,0,0.0,,terbarukejadian,2026-06-03,Apify Instagram Scraper,0.0,2026-06-03
Bromo,#gunungbromo,https://www.instagram.com/p/DZHjXb-GhZs/,DZHjXb-GhZs,"Di tengah megahnya Gunung Bromo, sebuah ritual sakral kembali memikat perhatian. Yadnya Kasada, tradisi kuno Suku Tengger, bukan hanya perwujudan rasa syukur dan penghormatan leluhur, tetapi juga menjadi magnet bagi ribuan wisatawan yang ingin menyaksikan langsung keunikan budaya Indonesia ini. Ini adalah bukti nyata bagaimana warisan budaya kita memiliki daya tarik global yang luar biasa.

#YadnyaKasada #JagaIndonesia #GunungBromo",Sidecar,2026-06-03 09:03:44+00:00,0.0,0,0.0,,pusakasubur,2026-06-03,Apify Instagram Scraper,0.0,2026-06-03
Bromo,#gunungbromo,https://www.instagram.com/p/DZHh_z4k7TD/,DZHh_z4k7TD,"Setiap tahun, ribuan wisatawan, baik domestik maupun mancanegara, berbondong-bondong ke Gunung Bromo. Mereka menyaksikan langsung upacara sakral Yadnya Kasada. Ritual ini adalah manifestasi syukur mendalam Suku Tengger kepada Sang Hyang Widhi, sekaligus penghormatan abadi kepada leluhur mereka. Melarungkan hasil bumi dan ternak ke kawah Bromo bukan sekadar tradisi, tetapi menjaga warisan spiritual yang lestari dan menjadi daya tarik pariwisata budaya penting di Indonesia.

#JagaIndonesia #GunungBromo #WarisanBudaya",Sidecar,2026-06-03 08:51:47+00:00,0.0,0,0.0,,halamanmahir,2026-06-03,Apify Instagram Scraper,0.0,2026-06-03
Bromo,#gunungbromo,https://www.instagram.com/p/DZHf_Tpk-Iq/,DZHf_Tpk-Iq,"Upacara adat Yadnya Kasada di Gunung Bromo selalu menarik perhatian. Tiap tahun, ribuan wisatawan, baik lokal maupun internasional, berbondong-bondong datang ke Probolinggo. Mereka ingin menyaksikan langsung tradisi sakral Suku Tengger ini. Prosesi persembahan hasil bumi dan ternak yang dilarung ke kawah Bromo ini adalah wujud syukur serta penghormatan kepada leluhur. Momen ini bukan hanya punya nilai spiritual tinggi, tapi juga jadi daya tarik budaya yang luar biasa.

#WisataBudaya #JagaIndonesia #GunungBromo",Sidecar,2026-06-03 08:34:13+00:00,0.0,0,0.0,,gagahbermartabat,2026-06-03,Apify Instagram Scraper,0.0,2026-06-03
Bromo,#wisatabromo,https://www.instagram.com/p/DZHdxCAj_Jl/,DZHdxCAj_Jl,"First time ke Bromo? Tenang, kamu nggak sendirian 🤝

Banyak orang yang baru pertama kali datang ke Bromo ternyata kaget karena dinginnya, jam keberangkatannya, sampai luasnya kawasan wisata yang bisa dieksplor.

Makanya sebelum berangkat, pastikan kamu tahu, biar makin nyaman dan menyenangkan.

📌 Save postingan ini buat persiapan trip nanti yak!

#ExploreBromo #Bromo #WisataBromo #OpenTripBromo #tipsliburan",Sidecar,2026-06-03 08:14:20+00:00,0.0,0,0.0,,explorebromodotcom,2026-06-03,Apify Instagram Scraper,0.0,2026-06-03
Bromo,#explorebromo,https://www.instagram.com/p/DZHr05MiCzY/,DZHr05MiCzY,"Casio Classic
Gents Watch
Quartz, Date,
40mm, Stainless Case
Water Resistance
1 Yr. Warranty

THE PREMIER WATCH PLACE.
LOCATION: IKEJA CITY MALL, PALMS LEKKI, CIRCLE MALL, MEGA PLAZA.

sales@watchgalleries.com.ng

☎0803 081 9484

Link in bio...
#fypジ #explorebromo #watchcommunity #sportaddict",Sidecar,2026-06-03 10:17:12+00:00,0.0,0,0.0,"Lagos, Nigeria",watchgalleriesng,2026-06-03,Apify Instagram Scraper,0.0,2026-06-03
Bromo,#explorebromo,https://www.instagram.com/p/DZHrQfPCIsE/,DZHrQfPCIsE,"CASIO EDIFACE
Gents Watch
CHRONOGRAPH
Quartz
40mm, Stainless Case
Water Resistance
1 Yr. Warranty

THE PREMIER WATCH PLACE.
LOCATION: IKEJA CITY MALL, PALMS LEKKI, CIRCLE MALL, MEGA PLAZA.

sales@watchgalleries.com.ng

☎0803 081 9484

Link in bio...
#fypジ #explorebromo #watchcommunity #sportaddict",Sidecar,2026-06-03 10:12:13+00:00,0.0,0,0.0,"Lagos, Nigeria",watchgalleriesng,2026-06-03,Apify Instagram Scraper,0.0,2026-06-03
Bromo,#explorebromo,https://www.instagram.com/p/DZHq24yiORc/,DZHq24yiORc,"Casio
Gents Watch
Quartz
40mm, Stainless Case and Leather Strap
Water Resistance
1 Yr. Warranty

THE PREMIER WATCH PLACE.
LOCATION: IKEJA CITY MALL, PALMS LEKKI, CIRCLE MALL, MEGA PLAZA.

sales@watchgalleries.com.ng

☎0803 081 9484

Link in bio...
#fypジ #explorebromo #watchcommunity #sportaddict",Sidecar,2026-06-03 10:08:44+00:00,0.0,0,0.0,"Lagos, Nigeria",watchgalleriesng,2026-06-03,Apify Instagram Scraper,0.0,2026-06-03
Bromo,#explorebromo,https://www.instagram.com/p/DZHdS8WCfyV/,DZHdS8WCfyV,"Berdiri di antara hamparan awan dan dinginnya angin, Bromo selalu punya cara untuk mengingatkan betapa indahnya ciptaan-Nya. 🌋✨

#Bromo #GunungBromo #ExploreBromo #WonderfulIndonesia #Refo",Sidecar,2026-06-03 08:10:13+00:00,0.0,0,0.0,,refo_id,2026-06-03,Apify Instagram Scraper,0.0,2026-06-03
Bromo,#explorebromo,https://www.instagram.com/p/DZHXsC1GTD1/,DZHXsC1GTD1,"Pov : perempuan yang nggak ngejar siapa-siapa, cuma ngejar sunrise di Bromo⛅

Dan ternyata yang datang tepat waktu selalu lebih indah daripada yang dibayangkan🤩

#bromo #tripbromo #bromotripmurah #explorebromo #bromotenggersemeru",Sidecar,2026-06-03 07:21:13+00:00,0.0,0,0.0,Taman Nasional Gunung Bromo Tengger Semeru,bromoimpressive,2026-06-03,Apify Instagram Scraper,0.0,2026-06-03
Bromo,#bromo,https://www.instagram.com/p/DZHy7hpk_FY/,DZHy7hpk_FY,"PP Cibinong - Bromo (via Pasuruan, pulang via Malang)
Total 2156KM DONE 🔥✅😁

Berangkat full Utara, pulang full Selatan bikin nagih 😂
.
.
.
.
.
.
#bromo #touring #xmax #adventure #fyp",Sidecar,2026-06-03 11:19:16+00:00,-1.0,0,0.0,Taman Nasional Gunung Bromo Tengger Semeru,maul.21,2026-06-03,Apify Instagram Scraper,-1.0,2026-06-03
Bromo,#bromo,https://www.instagram.com/p/DZHw0hxE-2_/,DZHw0hxE-2_,"Daripada cuma dipendem jadi wacana di kepala, mending langsung kita gaskan. TAG BESTIE / AYANG LO yang mau lo ajak buat ngewujudin wishlist foto kayak gini, dan tulis bulan apa kalian mau flight ke sini! Let's go, drop di komen! 👇🏼

Info harga paket :
OPEN TRIP BROMO
✅300.000/orang (dokumentasi foto) 

PRIVATE TRIP BROMO 
✅1.700.000/maksimal 5 orang. dokumentasi foto. Weekday
✅1.800.000/maksimal 5 orang. dokumentasi foto. Weekend

PRIVATE TRIP BROMO 
✅1.800.000/maksimal 5 orang. dokumentasi foto+vidio cinematic (1 menit) weekday
✅1.900.000/maksimal 5 orang. dokumentasi foto+vidio cinematic (1 menit) weekend

MEETING POINT : Area Malang  kota ( Penginapan/Hotel/Rumah/Stasiun ) Untuk penjemputan  area kota batu (100K)
#bromo #bromotenggersemeru #bromomountain #tripbromo #pesonawisatamalang.if",Sidecar,2026-06-03 11:00:50+00:00,-1.0,0,0.0,Taman Nasional Bromo Tengger Semeru,pesonawisatamalang.id,2026-06-03,Apify Instagram Scraper,-1.0,2026-06-03
Bromo,#mountbromo,https://www.instagram.com/p/DZE9kz5RZaL/,DZE9kz5RZaL,"​Trading city streets for volcanic sand and endless blue skies. There’s nothing quite like the raw beauty of Mount Bromo. 🌋🏍️

​#MountBromo #shadmotorcases #shadrider #shadindonesia #SeaOfSand",Image,2026-06-02 08:54:37+00:00,-1.0,0,0.0,Bromo Tengger Semeru,yudha_0207,2026-06-03,Apify Instagram Scraper,-1.0,2026-06-02
Danau Toba,#exploretoba,https://www.instagram.com/p/DWAV-JxgcVu/,DWAV-JxgcVu,"𝘴𝘦𝘱𝘢𝘳𝘶𝘩 𝘥𝘢𝘳𝘪 𝘦𝘵𝘪𝘬𝘢 𝘢𝘥𝘢𝘭𝘢𝘩 𝘵𝘪𝘥𝘢𝘬 𝘪𝘬𝘶𝘵 𝘤𝘢𝘮𝘱𝘶𝘳 𝘱𝘢𝘥𝘢 𝘺𝘢𝘯𝘨 𝘣𝘶𝘬𝘢𝘯 𝘶𝘳𝘶𝘴𝘢𝘯 𝘬𝘪𝘵𝘢. 𝘥𝘢𝘯 𝘴𝘦𝘱𝘢𝘳𝘶𝘩 𝘥𝘢𝘳𝘪 𝘬𝘦𝘣𝘪𝘫𝘢𝘬𝘴𝘢𝘯𝘢𝘢𝘯 𝘢𝘥𝘢𝘭𝘢𝘩 𝘥𝘪𝘢𝘮. 
#visitbalige #visitlaketoba
#visitsumut #exploresumut #exploretoba",Sidecar,2026-03-18 00:17:21+00:00,4549.0,24,0.0,,hendiiwijaya,2026-06-03,Apify Instagram Scraper,4573.0,2026-03-18
Danau Toba,#exploretoba,https://www.instagram.com/p/DWwOHTDksg8/,DWwOHTDksg8,"first time touring jauh dengan vespa pertama gw, dan ini pengalaman yang paling mantepp poll pokok nya 

#vespa 
#exploretoba 
#exploresamosir",Sidecar,2026-04-05 14:32:14+00:00,1763.0,13,0.0,Danau Toba • Pulau Samosir • Samosir Island • Toba Lake,kknnisa_,2026-06-03,Apify Instagram Scraper,1776.0,2026-04-05
Danau Toba,#tobakeren,https://www.instagram.com/p/CDRBVeFFqi1/,CDRBVeFFqi1,"Jadilah kuat, tapi tidak kasar.
 Jadilah baik, tapi tidak lemah.
Jadilah berani, tapi tidak mengertak.
 Rendah hati, tapi tidak malu malu.
Bangga, tapi tidak sombong.
.
.
.
.🌏 TEPIAN DANAU TOBA, BAKKARA.
.
.
.",Image,2020-07-30 12:18:25+00:00,495.0,166,0.0,,bangkiteng_,2026-06-03,Apify Instagram Scraper,661.0,2020-07-30
Danau Toba,#exploretoba,https://www.instagram.com/p/DWoAp9jE3KE/,DWoAp9jE3KE,"🔥 10 PENDAFTAR PERTAMA SAJA. SIAPA CEPAT, DIA DAPAT.

Perjalanan melintasi kaldera terbesar di dunia bukan sekadar bersepeda—ini adalah pengalaman yang akan kamu ingat seumur hidup.

🚴‍♂️ Geobike Kaldera Toba 9
✨ Journey Across the Caldera

💥 Early Bird hanya untuk 10 pendaftar pertama
💸 Rp 800.000 (dari harga normal)

📍 Rute lintas 3 wilayah:
Karo – Simalungun – Pematangsiantar

📅 7–9 Agustus 2026

⏳ Jangan tunggu sampai kehabisan.
Karena yang ikut Geobike… selalu ingin kembali.

👉 Daftar sekarang melalui link dibawah ini / scan QR di poster!
https://forms.gle/1xXQMW4Q7q8TUZWS6

#geobikekalderatoba9 #journeyacrossthecaldera #geoparkkalderatoba #rideandlearn #exploretoba",Sidecar,2026-04-02 05:00:27+00:00,312.0,16,0.0,,geobike_kaldera_toba,2026-06-03,Apify Instagram Scraper,328.0,2026-04-02
Danau Toba,#exploretoba,https://www.instagram.com/p/DSBg_ANki9D/,DSBg_ANki9D,"Lukisan semesta Yang Maha Kuasa…
Masya Allah….
.
#madamerva #madamliwen #madamervaadventures #travelingwithmadamerva #sibeabeasamosir #exploretoba #tobalake #madamervaworld #madamervastyle #madamervaadalahapaygdiapikir #tarotbymadamerva #belajartarotbymadamerva #madamervaspiritualjourney",Sidecar,2025-12-09 01:07:15+00:00,290.0,2,0.0,PARSAMOSIR SIBEA'BEA,madam.erva4,2026-06-03,Apify Instagram Scraper,292.0,2025-12-09
Danau Toba,#laketoba,https://www.instagram.com/p/DZFM7ngmcys/,DZFM7ngmcys,"No filter needed 💝💥

#danautoba #laketoba #desameat #viewtoba",Sidecar,2026-06-02 11:08:45+00:00,210.0,6,0.0,Desa Meat,omega_simanungkalit,2026-06-03,Apify Instagram Scraper,216.0,2026-06-02
Danau Toba,#tobakeren,https://www.instagram.com/p/CBxagQvhp6K/,CBxagQvhp6K,"Selamat Sore Hasoman!!
———
Ulang igattung ham au sonon botou. 😀

Ise nasering manggantung hubungan ? 😅
.
Bagi yang fotonya pengen di jadiin background silahkan DM ya teman² @quote.orangindonesia
.
.
.
.
.
.
.
.
.
.
.
.
.
#batak #bataktoba #bataksimalungun  #batakkaro  #simalungun  #toba #tobakeren  #bataktoba  #bataktobaindonesia  #medan  #siantar  #batakkeren #tobatabo Repost by @_reposta
 #simalungunese #au_simalungun #ausimalungun #simalungunitukeren #pemudasimalungun #simalungunese #batakhits #bataksimalungun #bataksimalungun#simalungunesia #putraputribatak #putraputribatakindonesia #putraputribatakindonesia #explore_kabupaten_simalungun#selebsimalungun #parnahits #zonabatakhits #zonabatak #batakselebgram #batakinstagram #orangkitabatak #bataknesia",Image,2020-06-23 09:11:15+00:00,211.0,2,0.0,,selebsimalungun,2026-06-03,Apify Instagram Scraper,213.0,2020-06-23
Danau Toba,#tobakeren,https://www.instagram.com/p/BWud36ChuS7/,BWud36ChuS7,Orang terdekat adalah musuh yg paling jahat #sigalegale #sigalegaletomok #tomok #tomoksumut #sumut #sumutindonesia #toba #danautoba #parapat #likeforlike #likeforlike #like4follow #likes #followersmurah #follow4follow #follows #followme #budayabatak #tradisibatak #tobakeren #simanindo #simanindosamosir#loveindonesia #loveindonesian #manly #ulos #ulosbatak,Sidecar,2017-07-19 11:13:01+00:00,187.0,9,0.0,Sigale-gale Tomok - Samosir,margasitio,2026-06-03,Apify Instagram Scraper,196.0,2017-07-19
Danau Toba,#exploretoba,https://www.instagram.com/p/DVazBLnkvab/,DVazBLnkvab,"SAATNYA REMAJA BERGERAK! 🌿✨

Halo Ranger! Tahu nggak kalau perubahan besar selalu dimulai dari langkah kecil? Kali ini, Ranger Teens hadir mengajak kalian semua untuk ambil bagian dalam ECORANGER: “Teens Take the Lead”, Ayo Clean-up Toba!

Bukan sekadar memungut sampah, ini adalah ajang pembuktian kalau kita, para remaja, bisa jadi garda terdepan dalam menjaga keindahan Danau Toba. Ajak satu temanmu, bentuk tim, dan menangkan total hadiah ratusan ribu rupiah! 🏆

📍 Lokasi: Bundaran Balige, Kab. Toba
🗓️ Tanggal: Minggu, 8 Maret 2026
⏰ Waktu: 04.30 – 07.15 WIB
💰 Biaya: GRATIS!

Apa yang akan kamu dapatkan?
✅ Pengalaman aksi nyata untuk lingkungan.
✅ E-Certificate untuk seluruh peserta.
✅ Hadiah uang tunai untuk pemenang dengan koleksi sampah terbanyak!

Link Pendaftaran: bit.ly/3P8jFzV (atau scan QR-code di poster)

Tunggu apa lagi? Yuk, tunjukkan kalau remaja Toba punya aksi! 🚀💪

#RangerTeens #EcoRanger #TeensTakeTheLead #CleanUpToba #ExploreToba",Image,2026-03-03 10:21:24+00:00,192.0,4,0.0,Balige,rangerteens,2026-06-03,Apify Instagram Scraper,196.0,2026-03-03
Danau Toba,#exploretoba,https://www.instagram.com/p/DXbN6hDGeNn/,DXbN6hDGeNn,"‼️[RILIS : FIRST WEEK EXPLORE PARDENAN ] ‼️

Horas, Sobat ParDeNan! 👋🏻

​Minggu pertama kami di Pardede Onan telah resmi dimulai. Melalui program kerja FPS ini, Tim kami hadir untuk belajar, berkolaborasi, dan memberikan kontribusi nyata bagi pengembangan potensi di Pardede Onan dengan ​semangat baru, cerita baru, dan sejuta harapan untuk membawa dampak positif bagi masyarakat. 🙌🏻

Mari berproses bersama 🤝🏻

​#FieldProjectStudy #PardedeOnan #CommunityDevelopment #pengabdianmasyarakat #exploretoba",Sidecar,2026-04-22 07:17:50+00:00,173.0,4,0.0,"Pardede Onan, Balige, Toba Samosir",fps.pardedeonan,2026-06-03,Apify Instagram Scraper,177.0,2026-04-22
Danau Toba,#tobakeren,https://www.instagram.com/p/C3qQ1SeBT5c/,C3qQ1SeBT5c,"abis wudhu, jangan disenggol
_
_
_
_
_
_
_

#healing#mainketoba#tobakeren#danautoba#danautobaview#danautobaindonesia#samosir#samosirisland#samosirindah#bukitholbung#bukitholbungsamosir#sumaterautara#pesonasumatera#pesonaindonesia#ootd#trip✈️",Sidecar,2024-02-22 18:47:20+00:00,163.0,6,0.0,,vaa1343,2026-06-03,Apify Instagram Scraper,169.0,2024-02-22
Danau Toba,#tobakeren,https://www.instagram.com/p/CpFgzhGyvXR/,CpFgzhGyvXR,"Event F1H20 Power Boat Lake TOBA - Balige

#event
#f1h20
#powerboat 
#laketoba 
#toba 
#tobakeren",Sidecar,2023-02-25 12:55:29+00:00,147.0,3,0.0,"Balige, Sumatera Utara, Indonesia",sulaiman_sihombing77,2026-06-03,Apify Instagram Scraper,150.0,2023-02-25
Danau Toba,#exploretoba,https://www.instagram.com/p/DSc4Dz5k5jh/,DSc4Dz5k5jh,"Tahukah kamu Sobat Visiters, meski dinyatakan terancam punah, Ikan Batak ternyata masih banyak ditemui di Mual Sirambe Nauli. Tempat wisata di Dusun Sitatuan, Desa Bonan Dolok 2, Kecamatan Balige, Kabupaten Toba ini memang dikenal sebagai tempat berkumpulnya ikan yang konon merupakan makanan raja-raja Batak. 

Sesuai namanya Mual Sirambe Nauli (mata air dari hutan Sirambe yang indah), air sungai di lokasi wisata ini sangat bersih. 

Saat vlogger muda bernama Kirby ini mengunjungi lokasi ini, terlihat banyak sekali Ihan Batak yang bersarang di bawah batu besar, yang juga tempat munculnya mata air. 

Ihan Batak memang dikenal suka hidup di air deras, namun di air tenang Mual Sirambe Nauli, ikan bernama latin 𝘕𝘦𝘰𝘭𝘪𝘴𝘴𝘰𝘤𝘩𝘪𝘭𝘶𝘴 𝘵𝘩𝘪𝘦𝘯𝘦𝘮𝘢𝘯𝘯𝘪 ini betah.

Kelestarian alam di Mual Sirambe masih terjaga dengan banyaknya Ikan Batak yang langka di tempat ini tidak terlepas dari nasihat (poda) orangtua dulu agar jangan sekali-kali mengambil ikan dari dalam sungai.
Jika nasihat itu dilanggar, maka diyakini akan mendatangkan marabahaya. Nasihat itu dituruti hingga ke generasi sekarang. 

Legenda Mual Sirambe

Dari cerita yang disampaikan oleh Ompung Demak Siagian, dahulu kala Raja Siagian memilik tiga orang putri, dan putri keduanya tidak kunjung menikah. 

Saat itu, putri keduanya ini telah memiliki tambatan hati, namun ia diminta orangtuanya untuk menikah dengan lelaki lain. Saat itulah, putri tersebut pergi ke sungai ini untuk marhilolong (berdoa kepada Tuhan agar dinikahi pria yang dicintai) sambil menangis-nangis. 

Putri tersebut kemudian berubah menjadi batu, dan  sejak itulah sungai tersebut dihuni banyak ikan. 

Diceritakannya lagi, pada masa penjajahan dulu, pada masa penjajahan Belanda, ""Goa yang terdapat di Mual Sirambe adalah tempat persembunyian para pejuang gerilyawan,"" ujar Kirby.

Penasaran mau lihat kejernihan airnya seperti apa? Langsung aja agendakan ke Desa Bonan Dolok 2, Balige!

Sudah pernah ke sini? Ceritain pengalaman kamu yuk di kolom komentar! 👇

#visitbalige #MualSirambe #IkanBatak #ExploreToba #WisataSumut KearifanLokal WonderfulIndonesia",Image,2025-12-19 16:08:23+00:00,135.0,9,0.0,Mual Sirambe Nauli,visit_bonapasogit,2026-06-03,Apify Instagram Scraper,144.0,2025-12-19
Danau Toba,#exploretoba,https://www.instagram.com/p/DYBbB8fmQJu/,DYBbB8fmQJu,"‼️[RILIS : THIRD WEEK EXECUTE & IMPACT ParDeNan] ‼️

Horas, Sobat ParDeNan! 👋🏻

Ngga terasa Tim ParDeNan udah melalui beberapa kegiatan program kerja di Minggu ke - 3 ini 🤩
Kira - kira sisa beberapa minggu lagi Tim ParDeNan bakalan update ya 🤔

Nantikan terus Update Rilis kegiatan Tim ParDeNan selanjutnya ya Sobat ParDeNan! 🤗

#pardedeonan #executeandimpact #balige #pengabdianmasyarakat #exploretoba",Sidecar,2026-05-07 03:23:35+00:00,132.0,2,0.0,"Pardede Onan, Balige, Toba Samosir",fps.pardedeonan,2026-06-03,Apify Instagram Scraper,134.0,2026-05-07
Danau Toba,#exploretoba,https://www.instagram.com/p/DYulv1NAeqM/,DYulv1NAeqM,"Hidup memang setenngah mati, tapi yang setengah lagi harus di nikmati 😎🙏🏻#toba #exploretoba #samosir",Sidecar,2026-05-24 16:23:04+00:00,103.0,6,0.0,"Samosir Island, Pulau Samosir",najwamkmnh,2026-06-03,Apify Instagram Scraper,109.0,2026-05-24
Danau Toba,#tobakeren,https://www.instagram.com/p/C3qRiyJBCNZ/,C3qRiyJBCNZ,"kalo gabaik, lebih baik ngga
_
_
_
_
_
_
_

#healing#mainketoba#tobakeren#danautoba#danautobaview#danautobaindonesia#samosir#samosirisland#samosirindah#medan#sumaterautara#pesonasumatera#pesonaindonesia#ootd#trip✈️",Sidecar,2024-02-22 18:53:33+00:00,108.0,0,0.0,,vaa1343,2026-06-03,Apify Instagram Scraper,108.0,2024-02-22
Danau Toba,#tobakeren,https://www.instagram.com/p/C3qR_RphN1W/,C3qR_RphN1W,"kesempurnaan cuma lagu milik rizky febian
_
_
_
_
_
_
_

#healing#mainketoba#tobakeren#danautoba#danautobaview#danautobaindonesia#samosir#samosirisland#samosirindah#medan#sumaterautara#pesonasumatera#pesonaindonesia#ootd#trip✈️",Sidecar,2024-02-22 18:57:26+00:00,104.0,2,0.0,,vaa1343,2026-06-03,Apify Instagram Scraper,106.0,2024-02-22
Danau Toba,#tobakeren,https://www.instagram.com/p/DMEk4fqTY7i/,DMEk4fqTY7i,"Pesta Gondang Naposo mewarnai HUT ke-23 Kecamatan Ajibata, jadi momentum menjaga warisan budaya Batak sekaligus mempromosikan Ajibata sebagai gerbang pariwisata Danau Toba.

Mari terus lestarikan tarian, musik, adat, dan semangat gotong royong untuk generasi mendatang!

Horas Ajibata! Horas Toba! 🔥🎉

#Ajibata23 #GondangNaposo #BudayaBatak #DanauToba #PariwisataToba #HorasToba #LestarikanBudaya #VisitAjibata #KecamatanAjibata #TobaKeren #UMKMBudaya #NaposoBatak #SeniTradisionalBatak",Sidecar,2025-07-14 02:30:40+00:00,103.0,0,0.0,,disbudpar_toba,2026-06-03,Apify Instagram Scraper,103.0,2025-07-14
Danau Toba,#tobakeren,https://www.instagram.com/p/BTORCRWl6PU/,BTORCRWl6PU,Jelajah Sumut #domestictourism #tobakeren #visittoba,Image,2017-04-23 09:30:58+00:00,94.0,0,0.0,Lake Toba,elfazuhrotunnisa,2026-06-03,Apify Instagram Scraper,94.0,2017-04-23
Danau Toba,#exploretoba,https://www.instagram.com/p/DSAHzfRiZzM/,DSAHzfRiZzM,"Dengan penuh pertimbangan dan mengutamakan keselamatan bersama, kegiatan publik Lake Toba Traditional Music Festival 5.0 – Uning Ni Tano On yang dijadwalkan pada 12 Desember 2025 resmi kami tunda.

Cuaca ekstrem dan kondisi bencana yang tengah berlangsung membuat kami harus mengambil keputusan ini 🙏🏻

Terima kasih atas pengertian serta doa baik dari seluruh kawan-kawan.
Nantikan informasi resmi selanjutnya dari kami 🙌🏻✨

#LakeTobaTraditionalMusicFestival #UningNiTanoOn #FestivalMusikTradisional #MusikTradisional #BudayaBatak #DanauToba #EventDanauToba #EventSumut #FestivalBudaya #MusikNusantara #RKI #RumahKaryaIndonesia #ExploreToba #TobaTourism #LTTMF5 #rumahkaryaindonesia #RKI #MusikTradisional #musiktradisi",Image,2025-12-08 12:07:59+00:00,85.0,1,0.0,,laketoba_musicfest,2026-06-03,Apify Instagram Scraper,86.0,2025-12-08
Danau Toba,#laketoba,https://www.instagram.com/p/DZFD3JTmvXO/,DZFD3JTmvXO,"Menjelajahi keindahan Danau Toba kini semakin menyenangkan dengan e-bike MTB. Tanjakan yang panjang terasa lebih ringan, sehingga energi bisa lebih difokuskan untuk menikmati panorama danau, perbukitan hijau, dan udara sejuk khas Tanah Batak.

Lebih membanggakan lagi, kami mengandalkan Polygon, brand sepeda karya anak bangsa yang telah berhasil menembus pasar internasional. Bukti bahwa produk Indonesia mampu bersaing dan dipercaya oleh pesepeda di berbagai negara.

Karena perjalanan terbaik bukan hanya tentang mencapai tujuan, tetapi juga menikmati setiap kilometer dengan lebih nyaman dan penuh senyuman.

🚵‍♂️ E-bike MTB
🇮🇩 Polygon Indonesia
🌊 Explore Lake Toba

#LakeToba #DanauToba #PolygonBikes #EBikeAdventure #mountainbike",Sidecar,2026-06-02 09:49:30+00:00,82.0,2,0.0,Bukit Beta Tuk-Tuk,banua.toba,2026-06-03,Apify Instagram Scraper,84.0,2026-06-02
Danau Toba,#tobakeren,https://www.instagram.com/p/Cj38zrLvwDd/,Cj38zrLvwDd,Day 3 - LTBA special gowes bareng pak dandim deli serdang @yogaryanka 🚴‍♀️👍 #arrasadventure #rudyproject #sumutaja #tobakeren,Sidecar,2022-10-18 23:53:50+00:00,82.0,2,0.0,,evidardis,2026-06-03,Apify Instagram Scraper,84.0,2022-10-18
Danau Toba,#tobakeren,https://www.instagram.com/p/Cf7tG6TBeMl/,Cf7tG6TBeMl,"Selamat pagi..salam sehat..Jangan lupa tetap jalankan prokes karena Covid msh ada..💜💜💜
“Jalan pagi di depan HKBP Pearaja Tarutung,nemu rumah ungu cantik”
@retnodewinaiborhu , @srimsimatupang
#pionirbatikbatak #batiktakkeren #yukpulkam #proudtobebatak #hkbp #borubatak #boruniraja #pearajatarutung #danautoba #laketoba #batak #batakhits #batakpopuler #batakviral #sumaterautara #laketoba #danautoba #langitbatak #visitsumaterautara #tobakeren THTB",Sidecar,2022-07-13 00:48:02+00:00,67.0,3,0.0,Kantor Pusat HKBP Pearaja Tarutung,batiktakbatikbatak,2026-06-03,Apify Instagram Scraper,70.0,2022-07-13
Danau Toba,#wisatadanautoba,https://www.instagram.com/p/DYukYhGEj_p/,DYukYhGEj_p,"Feels the soul 🌊🌊🌊
#laketoba #visitlaketoba #wisatadanautoba #danautobasamosir #feelslikehome",Sidecar,2026-05-24 16:11:08+00:00,68.0,0,0.0,,cwenzlie,2026-06-03,Apify Instagram Scraper,68.0,2026-05-24
Danau Toba,#wisatadanautoba,https://www.instagram.com/p/DX67ArGEcFL/,DX67ArGEcFL,"JOURNEY

#sumatrautara #danautoba #indonesia #wisatadanautoba #paropo",Sidecar,2026-05-04 14:48:21+00:00,68.0,0,0.0,"Paropo, Sumatera Utara, Indonesia",bayudisihombing,2026-06-03,Apify Instagram Scraper,68.0,2026-05-04
Danau Toba,#tobakeren,https://www.instagram.com/p/CBpmhf4h8bL/,CBpmhf4h8bL,"Ulang igattung ham au sonon botou. 😀
.
Bagi yang fotonya pengen di jadiin background silahkan DM ya teman². Jangan lupa di FOLLOW 👥 & LIKE ❤️ ya..
1 dukungan = 1000 semangat untuk saya 💪🙏 .
.
.
.
.
.
.
.
.
.
.
.
.
.
#batak #bataktoba #bataksimalungun  #batakkaro  #simalungun  #toba #tobakeren  #bataktoba  #bataktobaindonesia  #medan  #siantar  #batakkeren #tobatabo",Image,2020-06-20 08:22:21+00:00,58.0,5,0.0,Pematangsiantar,siantarkotakita,2026-06-03,Apify Instagram Scraper,63.0,2020-06-20
Danau Toba,#tobakeren,https://www.instagram.com/p/BYdTb_9AguL/,BYdTb_9AguL,"Negeri indah kepingan surga. DANAU TOBA.

#danautoba #toba #tobaku #tobakeren #samosir #parapat #sumut #explore #pesonaindonesia #dolanasyik",Image,2017-08-31 12:17:32+00:00,63.0,0,0.0,,hendri_sipakkar89,2026-06-03,Apify Instagram Scraper,63.0,2017-08-31
Danau Toba,#wisatadanautoba,https://www.instagram.com/p/DYHEWy9GYHp/,DYHEWy9GYHp,"Asik benar musiknya. 
Yuks kita cek captionnya. 

“Hidup tidak selalu memberi apa yang kita mau, tapi sering kali memberi apa yang sebenarnya kita butuhkan.” 🌿

#fyp #danautoba #wisatadanautoba #fypシ #borubatak",Sidecar,2026-05-09 08:00:54+00:00,60.0,0,0.0,,yantisimbolon9,2026-06-03,Apify Instagram Scraper,60.0,2026-05-09
Danau Toba,#tobakeren,https://www.instagram.com/p/DNu7Yh0Qoqk/,DNu7Yh0Qoqk,"Selamat kepada para pemenang F1 Powerboat World Championship 2025 – Grand Prix Indonesia di Danau Toba! 

🥇 Rusty Wyatt – Sharjah Team
🥈 Alec Weckstrom – Victory Team
🥉 Ben Jelf – F1 Atlantic Team

Ajang balap internasional ini kembali membuktikan bahwa Danau Toba adalah panggung olahraga air kelas dunia.”

#F1Powerboat #GrandPrixIndonesia #LakeToba #WonderfulIndonesia #VisitLakeToba #TobaKeren #Watersport #Champion #SportTourism #PesonaIndonesia",Sidecar,2025-08-24 09:46:47+00:00,60.0,0,0.0,,disbudpar_toba,2026-06-03,Apify Instagram Scraper,60.0,2025-08-24
Danau Toba,#exploretoba,https://www.instagram.com/p/DY_3Xe8j8ck/,DY_3Xe8j8ck,"Terinspirasi dari film drakor ‘Tomorrow With You’
Lee Je Hoon Batubara melangsungkan foto prewed bersama Shin Min A br. Silalahi di Bukit Holbung.

#drakor #batak #bataknese #exploretoba #bukitholbung",Sidecar,2026-05-31 09:24:07+00:00,55.0,0,0.0,,reinhard_fb,2026-06-03,Apify Instagram Scraper,55.0,2026-05-31
Danau Toba,#exploretoba,https://www.instagram.com/p/DTuFbntgTcL/,DTuFbntgTcL,"Lelah dengan rutinitas?
Saatnya healing ke tempat yang tenang, indah, dan penuh cerita.

Toba siap menyambutmu dengan keindahan alam dan budaya yang memikat.
Kami tunggu kamu di Toba, ya!

#DiTobaAja
#BetaHamuTuToba
#WisataToba
#ExploreToba",Sidecar,2026-01-20 05:03:43+00:00,51.0,0,0.0,,disbudpar_toba,2026-06-03,Apify Instagram Scraper,51.0,2026-01-20
Danau Toba,#tobakeren,https://www.instagram.com/p/B0ngjl0FswQ/,B0ngjl0FswQ,Siap bekerja sama bahu membahu #UntukIndonesia #TobaKeren #IndonesiaKeren,Image,2019-08-01 10:03:36+00:00,46.0,1,0.0,,teguhtatong,2026-06-03,Apify Instagram Scraper,47.0,2019-08-01
Danau Toba,#danautoba,https://www.instagram.com/p/DZHMc9YkY5Y/,DZHMc9YkY5Y,"Prewed danau toba
#danautoba #prewedding #fypppppppppppppppppppppppppppppppppppppppppppppppppppppppppppppppppppppp #preweddanautoba #batak",Sidecar,2026-06-03 05:43:03+00:00,44.0,1,0.0,,a2photobalige,2026-06-03,Apify Instagram Scraper,45.0,2026-06-03
Danau Toba,#tobakeren,https://www.instagram.com/p/CH6-M-IpIU1/,CH6-M-IpIU1,"Gara-gara pandemi ini kita ibarat LDR-an dengan tempat wisata. 
Kangennya membuncah sampai ke relung hati terdalam.

Khusus di masa pandemi, Badan Otorita Pariwisata Danau Toba menawarkan konsep tailor-made trips and adventure, seperti bersepeda, dan small group adventure, seperti hiking dan camping.
Ditambah dengan protokol kesehatan, seperti pemeriksaan suhu, memakai masker, menjaga jarak, dan sering mencuci tangan, tiga konsep wisata tersebut dianggap dapat meminimalisasi penularan Covid-19. 
Wisatawan pun dapat nyaman beraktivitas tanpa khawatir.

Dan.., tentukan segera tujuan wisata Anda ..!
Semua ada di Wahana tour & travel
.
.
.
#wahanatour #wahanawisata #wisatadomestik #indonesiaindah #tobakeren #samosirisland #holidaytoba  #pesonaindonesia #visittoba #malangtravelcommunity #gapatara",Sidecar,2020-11-23 05:24:43+00:00,44.0,0,0.0,"Parapat,Danau Toba",wahanatourmalang,2026-06-03,Apify Instagram Scraper,44.0,2020-11-23
Danau Toba,#laketoba,https://www.instagram.com/p/DZFRcUXHbRI/,DZFRcUXHbRI,"I rented a scooter for £4 and I’ve had the best day scooting round Tuk-Tuk. It’s so peaceful and calm; gorgeous winding road, lush rice paddy’s and traditional Batak villages…I even found some vegan Rendang 🤌🏻
-
-
#laketoba #sumatra #indonesiatravel #soloadventure #solotraveler",Sidecar,2026-06-02 11:48:10+00:00,39.0,0,0.0,"Tuk-tuk, samosir, Sumatera Utara, Indonesia",poppystampsolo,2026-06-03,Apify Instagram Scraper,39.0,2026-06-02
Danau Toba,#exploretoba,https://www.instagram.com/p/DVQwPAfj7SY/,DVQwPAfj7SY,"Salam dari abang batak fb pro, jangkauan luas dan salam interaksi hahaha, musik yg slalu terngiang-ngiang siang dan malam dan sering dipake mamak-mamak batak kalau upload foto/video di pesbuk

#batak #batakhits #bataktoba #exploretoba #laketoba",Sidecar,2026-02-27 12:43:18+00:00,39.0,0,0.0,,reinhard_fb,2026-06-03,Apify Instagram Scraper,39.0,2026-02-27
Danau Toba,#wisatadanautoba,https://www.instagram.com/p/DYe0Z2HEw7D/,DYe0Z2HEw7D,"Momen kecil yang ingin diingat lama 🤍
#danautoba #wisatadanautoba #familytime❤️ #keluargacemara #fyp",Sidecar,2026-05-18 13:23:17+00:00,33.0,0,0.0,"Menara Pandang Tele, Samosir",mayaerika11,2026-06-03,Apify Instagram Scraper,33.0,2026-05-18
Danau Toba,#wisatadanautoba,https://www.instagram.com/p/DYjtgKyETlZ/,DYjtgKyETlZ,"Bulan sireh nggo banci si perani page kalak ndai y kalake.. 🤣🤣

#desasingkam #desasingkamsamosir #wisatadanautoba #samosir #danautoba",Sidecar,2026-05-20 10:59:11+00:00,32.0,0,0.0,,ribkasribania,2026-06-03,Apify Instagram Scraper,32.0,2026-05-20
Danau Toba,#tobakeren,https://www.instagram.com/p/BzuSQ2LFXJT/,BzuSQ2LFXJT,#IndonesiaKeren #TobaKeren,Image,2019-07-10 04:42:00+00:00,29.0,2,0.0,,teguhtatong,2026-06-03,Apify Instagram Scraper,31.0,2019-07-10
Danau Toba,#laketoba,https://www.instagram.com/p/DZFhttzJjCD/,DZFhttzJjCD,"⏳ 55 Hari Menuju Humbahas Series 2026!

Waktu terus berjalan, dan garis start semakin dekat.
Dalam 55 hari lagi, kita akan kembali menyaksikan semangat, perjuangan, dan keindahan alam Humbang Hasundutan yang menyatu dalam satu pengalaman tak terlupakan.

Siapkan diri untuk menjelajahi pesona Danau Toba, merasakan energi alam yang luar biasa, dan menjadi bagian dari perjalanan yang penuh cerita.

🏃‍♂️ Tantang dirimu.
🌄 Nikmati keindahannya.
🏅 Ciptakan momen yang akan dikenang selamanya.

Apakah kamu sudah siap untuk menjadi bagian dari sejarah berikutnya?

📅 25 Juli 2026
📍 Humbang Hasundutan, Sumatera Utara

55 days to go. Stay tuned, karena keseruannya baru saja dimulai!

#HumbahasSeries2026 #LakeToba #WonderfulIndonesia #EventIndonesia #VisitHumbahas",Image,2026-06-02 14:10:23+00:00,30.0,0,0.0,Humbang Hasundutan,laketobatriathlon,2026-06-03,Apify Instagram Scraper,30.0,2026-06-02
Danau Toba,#tobakeren,https://www.instagram.com/p/B7TMAsPlvRL/,B7TMAsPlvRL,"Kepala kerbau
Pesta saur matua op sadar Boru Sinaga slmat jalan op
#batakkerenofficial #bataktoba #batakhits #tobasamosir #tobakeren #danautoba #sidikalang_dairi",Video,2020-01-14 12:59:46+00:00,26.0,0,105.0,"Sidikalang, Sumatera Utara, Indonesia",estraverawatisi,2026-06-03,Apify Instagram Scraper,26.0,2020-01-14
Danau Toba,#tobakeren,https://www.instagram.com/p/CmbMg9RrDpE/,CmbMg9RrDpE,"Kamu tahu, persamaan kamu @dian.zarina.rahmi dan danau Toba itu apa?
.
.
.
Sama-sama cantik dan menenangkan dipandang dari sudut manapun 💚💚💚

#danautoba #familyman #tilljannah #bayyitijannati #lokenbarn #pinggirdanau #tobakeren #tobacantik #tobahits",Image,2022-12-21 09:27:18+00:00,20.0,5,0.0,Loken Resort Tongging,arbi.wiranda,2026-06-03,Apify Instagram Scraper,25.0,2022-12-21
Danau Toba,#danautoba,https://www.instagram.com/p/DZHTBfcEsrM/,DZHTBfcEsrM,"buat temen temen yg dirumah aja, ini namanya sunset di danau toba.
#danautoba #balige #healing",Sidecar,2026-06-03 06:40:28+00:00,23.0,0,0.0,,yusufiimran_,2026-06-03,Apify Instagram Scraper,23.0,2026-06-03
Danau Toba,#danautoba,https://www.instagram.com/p/DZHY9q3EeQt/,DZHY9q3EeQt,#danautoba,Sidecar,2026-06-03 07:32:22+00:00,22.0,0,0.0,Sibea bea Samosir,zyz_tas,2026-06-03,Apify Instagram Scraper,22.0,2026-06-03
Danau Toba,#laketoba,https://www.instagram.com/p/DZHOe_-mc0x/,DZHOe_-mc0x,"Shuttle registration for Trail of The Kings™ by UTMB® is now officially closed.

Thank you to all runners who secured shuttle reservations. We are currently finalizing transportation planning and participant allocation to ensure a smooth race experience.

Detailed shuttle information will be shared with registered runners in the coming days. Stay tuned and see you at the start line.

------------------------------

Pendaftaran shuttle Trail of The Kings™ by UTMB® resmi ditutup.

Terima kasih kepada seluruh pelari yang telah mengamankan reservasi shuttle. Saat ini kami sedang menyelesaikan perencanaan transportasi dan pembagian peserta untuk memastikan pengalaman race yang lebih nyaman dan terorganisir.

Informasi detail mengenai shuttle akan segera disampaikan kepada peserta yang telah terdaftar dalam beberapa hari ke depan. Sampai jumpa di garis start.

#TOTK2026 #UTMBWorldSeries #UTMB #TrailOfTheKings #LakeToba",Image,2026-06-03 06:00:03+00:00,22.0,0,0.0,,trailofthekingsbyutmb,2026-06-03,Apify Instagram Scraper,22.0,2026-06-03
Danau Toba,#tobakeren,https://www.instagram.com/p/B8RZWcfAWrW/,B8RZWcfAWrW,"Pengalaman bukan jadi jaminan untuk menang karna setiap generasi akan slalu tumbuh dengan lebih baik 🍻🍻
#laketoba#tobakeren#brastagiindonesia#medantoba#medanhits#casualmedan#museumtbsilalahi#",Image,2020-02-07 16:08:30+00:00,19.0,2,0.0,,rajubranded_,2026-06-03,Apify Instagram Scraper,21.0,2020-02-07
Danau Toba,#exploretoba,https://www.instagram.com/p/DSY9AJZk2qI/,DSY9AJZk2qI,"𝗠𝗶𝘀𝘁𝗲𝗿𝗶 𝗕𝗮𝘁𝘂 𝗕𝗮𝘀𝗶𝗵𝗮: 𝗞𝗮𝘆𝘂 𝗥𝗮𝗸𝘀𝗮𝘀𝗮 𝘆𝗮𝗻𝗴 𝗕𝗲𝗿𝘂𝗯𝗮𝗵 𝗠𝗲𝗻𝗷𝗮𝗱𝗶 𝗕𝗮𝘁𝘂

Sobat Visiters, pernahkah kalian melihat tumpukan batu yang bentuknya sangat mirip dengan fosil kayu raksasa? 🪵🪨

Inilah Batu Basiha, sebuah geosite unik sisa letusan hebat Gunung Toba yang menyimpan kisah legenda luar biasa dari tanah Batak. Berdasarkan informasi dari sumber terkait, situs ini bukan sekadar susunan batuan biasa.

Legenda Oppung Manggak Napitupulu, masyarakat setempat percaya bahwa batuan ini awalnya adalah tumpukan kayu yang dikumpulkan oleh Oppung Manggak Napitupulu. Rencananya, kayu-kayu pilihan ini akan digunakan untuk membangun sebuah Rumah Adat Batak yang megah.

Namun, sebuah peristiwa alam mengubah segalanya. Konon, setelah tersambar petir, tumpukan kayu raksasa tersebut seketika berubah menjadi batu (basiha), yang hingga kini tegak berdiri menjadi saksi bisu sejarah masa lalu.

Keunikan geologis secara ilmiah, Batu Basiha adalah batu andesit besar yang berdiri tegak di tengah hamparan tanah desa dikenal sebagai salah satu geosite penting di kawasan Toba. Bentuknya yang bersegi-segi menyerupai batang kayu yang bertumpuk menjadikannya daya tarik wisata yang unik bagi para pemburu foto dan pecinta sejarah.

Saat ini, batu Basiha yang berada di Desa Sibodiala Balige, Kabupaten Toba telah ditetapkan sebagai satu di antara 16 geosite yang telah diakui Dewan Eksekutif UNESCO dan menjadi anggota anggota UNESCO Global Geopark.

Yuk, lestarikan warisan budaya dan alam kita! Siapa yang sudah pernah berkunjung langsung ke sini? 👇

📍 Geosite Batu Basiha, Toba. 📸 Source: Tempo via @visit_balige

#visitbalige #BatuBasiha #GeositeToba #LegendaBatak #WisataSumut #VisitBalige #WonderfulIndonesia #ExploreToba",Image,2025-12-18 03:34:36+00:00,21.0,0,0.0,Batu Basiha Sibodiala Balige Batakland,visit_bonapasogit,2026-06-03,Apify Instagram Scraper,21.0,2025-12-18
Danau Toba,#laketoba,https://www.instagram.com/p/DZE0rANmr9n/,DZE0rANmr9n,"Terima kasih bang agus sudah pakai jasa Private  Trip Samosir Bersama kami😊

Privata Trip Danau Toba Bisa DM @tripnikmatsumut atau call/whatsaap : +62 821 8446 3967

#danautoba #wisatamedan #samosir #laketoba #pakejmedan",Sidecar,2026-06-02 07:36:46+00:00,20.0,0,0.0,Samosir Island,tripnikmatsumut,2026-06-03,Apify Instagram Scraper,20.0,2026-06-02
Danau Toba,#laketoba,https://www.instagram.com/p/DZHPJ6HCVTe/,DZHPJ6HCVTe,"Private trip bro @chenhsinnsheng 
Guest from singapore 🇸🇬 
Enjoy with trip my bro😎 
#istanatrip #supirmedan #cutimalaysia #cutisingapore #laketoba",Sidecar,2026-06-03 06:06:39+00:00,17.0,2,0.0,Lake Toba - North Sumatra - Indonesia,istanarentcar_mobil,2026-06-03,Apify Instagram Scraper,19.0,2026-06-03
Danau Toba,#wisatadanautoba,https://www.instagram.com/p/DYdzaEBjxW_/,DYdzaEBjxW_,#danautoba #tongging #wisatadanautoba,Sidecar,2026-05-18 03:55:20+00:00,19.0,0,0.0,Loken Resort Tongging,lisda_daulay,2026-06-03,Apify Instagram Scraper,19.0,2026-05-18
Danau Toba,#exploretoba,https://www.instagram.com/p/DXyzvIGmFX-/,DXyzvIGmFX-,"Mendayung menjauh dari hiruk-pikuk, mendekat ke ketenangan. 🛶✨
Menikmati sisi lain Danau Toba dengan cara yang paling syahdu. Di Tanota, setiap kayuhan adalah cerita, dan setiap sudut adalah ketenangan. Siapa yang butuh healing akhir pekan ini?
Tag teman yang mau kamu ajak main ke sini! 👇
#TanotaToba #ExploreToba #PaddleBoarding #LakeToba #WonderfulIndonesia HealingTime DanauToba",Sidecar,2026-05-01 11:10:52+00:00,18.0,0,0.0,"Meat, Tampahan, Toba Samosir",tanota.toba,2026-06-03,Apify Instagram Scraper,18.0,2026-05-01
Danau Toba,#danautoba,https://www.instagram.com/p/DZHhW0TGMGc/,DZHhW0TGMGc,"Slow Living

Lokasi di Maps: Pelabuhan Meat

#Tanota #DanauToba #DesaMeat #PaddleBoard #Camp",Sidecar,2026-06-03 08:45:42+00:00,15.0,0,0.0,Desa Meat,tanota.toba,2026-06-03,Apify Instagram Scraper,15.0,2026-06-03
Danau Toba,#laketoba,https://www.instagram.com/p/DZFYKs9j77B/,DZFYKs9j77B,#recharge #glamping #laketoba,Sidecar,2026-06-02 12:46:56+00:00,14.0,0,0.0,,monalizasamosir,2026-06-03,Apify Instagram Scraper,14.0,2026-06-02
Danau Toba,#tobakeren,https://www.instagram.com/p/Ck_IKviJq7u/,Ck_IKviJq7u,#tobakeren #hutasiallagankeren #arsitekturnusantarakeren,Sidecar,2022-11-15 15:19:11+00:00,13.0,0,0.0,,jujud_retro,2026-06-03,Apify Instagram Scraper,13.0,2022-11-15
Danau Toba,#danautoba,https://www.instagram.com/p/DZHmtTlFFSV/,DZHmtTlFFSV,"🤎

#samosir #samosisland #danautoba #batak #fypppppppppppppppppppppppppppppppppppppppppppppppppppppppppppppppppppppp",Sidecar,2026-06-03 09:32:28+00:00,12.0,0,0.0,"Hkbp Sidihoni, Samosir",secondkikiduyulopmi,2026-06-03,Apify Instagram Scraper,12.0,2026-06-03
Danau Toba,#tobakeren,https://www.instagram.com/p/CjCnU0YpzZU/,CjCnU0YpzZU,"Latepost
#17agustus 
#danautoba 
#tobabersih 
#tobakeren",Sidecar,2022-09-28 06:46:23+00:00,12.0,0,0.0,,anissarahmasafitri,2026-06-03,Apify Instagram Scraper,12.0,2022-09-28
Danau Toba,#laketoba,https://www.instagram.com/p/DZFMFeyTe7o/,DZFMFeyTe7o,"Cahaya pagi menyapu punggung bukit, membentuk garis-garis alam yang begitu sempurna tanpa campur tangan manusia.

📷 Perbukitan di sekitar Danau Toba 🎨 Edited by Snapseed

#danautoba #naturephoto #laketoba #wonderfulindonesia #earthfocus",Image,2026-06-02 11:01:24+00:00,11.0,0,0.0,,remonpardomuan,2026-06-03,Apify Instagram Scraper,11.0,2026-06-02
Danau Toba,#tobakeren,https://www.instagram.com/p/CW2ZracPG5i/,CW2ZracPG5i,#latepost#labersawtp#balige#tobakeren#,Sidecar,2021-11-29 06:39:31+00:00,11.0,0,0.0,,christinulisihombing,2026-06-03,Apify Instagram Scraper,11.0,2021-11-29
Danau Toba,#exploretoba,https://www.instagram.com/p/DSzlKCjkuwS/,DSzlKCjkuwS,".... You become what you surround yourself with,
Energies are contagious , Choose carefully , Your environment will become you ...

.
.
.
.
.
.
.
.
.
.
.
.
.
.
.
.
.
.
.
.
.
.
.

Loc : Tuktuk , Kab. Samosir - Sumatera Utara
.
.
.
.
.
.
.
.
.
.
.
.
.

#toba #exploretoba #sumutscenery #scenery #travellingsumut  #explorewisatasumut #samosir #gnfi #gnfirepost #travel #travelphotography #travelphoto #mountains #indotravellife #indonesia_paradise #jejakpejalan #parapejalan #pesonaindonesia #indotravellers  #wisataindonesia  #lintasartansa #beautifuldestination #exploreidku #hariangunung #exploredolan #mountain #parapendaki #adventure_sumut #nikonphotography #pendakijelajahnusantara",Image,2025-12-28 11:45:44+00:00,7.0,4,0.0,,tio_s.depari,2026-06-03,Apify Instagram Scraper,11.0,2025-12-28
Danau Toba,#danautoba,https://www.instagram.com/p/DZHVIAKmizI/,DZHVIAKmizI,"#beranda #danautoba #lokenbarn 
🤍🤍🤍🤍",Sidecar,2026-06-03 06:58:49+00:00,10.0,0,0.0,,afifaaaa.nr,2026-06-03,Apify Instagram Scraper,10.0,2026-06-03
Danau Toba,#laketoba,https://www.instagram.com/p/DZG_Cz7Kqgy/,DZG_Cz7Kqgy,"Dari kipas angin aku belajar cara mendinginkan suasana 😁😁
.
.
#sidihoni #samosir #laketoba #danautoba #motoran",Image,2026-06-03 03:45:58+00:00,6.0,4,0.0,"Danau Sidihoni,samosir",salutbahhh,2026-06-03,Apify Instagram Scraper,10.0,2026-06-03
Danau Toba,#laketoba,https://www.instagram.com/p/DZFGM9gGFI5/,DZFGM9gGFI5,"A family trip to Lake Toba is more than just a holiday it’s time well spent, side by side. ✨️ From the moment the lake comes into view, everyone falls a little quiet… just to take it in. The wide blue water, the gentle hills, the fresh air that feels different from the city. Thank you so much for the Collaboration with Star Travel ✨️🤗🙏🏽❤️

Around Lake Toba, there’s no rush. Just stories told slowly, hands held a little tighter, and memories being made without anyone even realizing it.
Because sometimes, the best destination isn’t just a beautiful place it’s being there together as a family. 💙

Ayo jelajahi berbagai tempat di indonesia with your love one 🥰 with your family 🤗, with your friends 🫂 bersama Sahabat Holidays Indonesia! ✨️🩵🌱😍 Ditunggu kedatangan nya ya..🤗

Contact for More! 🙌🏼🤗
📧 info@sahabatholidays.com
📲 +6287868689298
Or DM
Specialist for Inbound Tour

#sumutindah #samosir
#sumut #brastagi #laketoba",Sidecar,2026-06-02 10:09:57+00:00,10.0,0,0.0,,sahabatholidays.idn,2026-06-03,Apify Instagram Scraper,10.0,2026-06-02
Danau Toba,#danautoba,https://www.instagram.com/p/DZHjqKSgbRb/,DZHjqKSgbRb,"Me gustas tú 💚
#megustastú #danautoba #tobalake",Sidecar,2026-06-03 09:05:49+00:00,4.0,5,0.0,,mondang_agnes,2026-06-03,Apify Instagram Scraper,9.0,2026-06-03
Danau Toba,#laketoba,https://www.instagram.com/p/DZGrQP9j8yp/,DZGrQP9j8yp,"New morning, new chapter, new beginning 😍🌞
#cuticutimalaysia #laketoba #cutisingapore #pelancongmalaysia #supirmedan",Sidecar,2026-06-03 00:52:57+00:00,9.0,0,0.0,Lake Toba - North Sumatra - Indonesia,istanarentcar_mobil,2026-06-03,Apify Instagram Scraper,9.0,2026-06-03
Danau Toba,#laketoba,https://www.instagram.com/p/DZFVnfZkpHq/,DZFVnfZkpHq,"Cocok untuk caption Instagram yang informatif sekaligus menarik:

🚤 Menuju Tuk-Tuk dari Parapat? Gampang banget!

1️⃣ Turun di Pelabuhan Tigaraja, Parapat.
2️⃣ Lanjut naik kapal menuju Tuk-Tuk (kapal terakhir sekitar pukul 18.00 WIB).
3️⃣ Setibanya di Tuk-Tuk, Anda akan langsung diantar ke penginapan di area Tuk-Tuk.

🛵 Ingin mengambil motor terlebih dahulu?
Silakan informasikan kepada petugas kapal untuk turun di Steker Lumban Manurung.

Nikmati perjalanan menyusuri keindahan Danau Toba dengan nyaman dan tanpa ribet. ✨

Selamat menikmati liburan Anda di Tuk-Tuk! 🌿🌊

#DanauToba #TukTukSamosir #Parapat #VisitSamosir #LakeToba ExploreSumatra TravelIndonesia SamosirIsland WonderfulIndonesia

Atau jika ingin lebih santai dan kekinian:

🌊 Welcome to Tuk-Tuk, Samosir!

Dari Parapat, cukup turun di Pelabuhan Tigaraja dan lanjut naik kapal menuju Tuk-Tuk. Kapal beroperasi hingga sekitar pukul 18.00 WIB.

🏡 Setibanya di Tuk-Tuk, Anda akan langsung diantar ke penginapan.

🛵 Mau ambil motor dulu?
Tinggal beri tahu petugas kapal untuk turun di Steker Lumban Manurung.

Liburan lebih mudah, pemandangan lebih indah, dan pengalaman tak terlupakan menanti di Danau Toba. ✨

See you in Tuk-Tuk! 🚤💙

TukTukSamosir DanauToba Parapat VisitIndonesia ExploreSamosir LakeToba",Sidecar,2026-06-02 12:24:39+00:00,9.0,0,0.0,"Tuktuk, Samosir Island Toba Lake",taniascooter.samosir,2026-06-03,Apify Instagram Scraper,9.0,2026-06-02
Danau Toba,#wisatadanautoba,https://www.instagram.com/p/DYHI48TE0aI/,DYHI48TE0aI,"🪇🪘🪈

#samosir #hutasiallagan #wisatadanautoba",Sidecar,2026-05-09 08:40:31+00:00,9.0,0,0.0,,nr.retnosuhendar,2026-06-03,Apify Instagram Scraper,9.0,2026-05-09
Danau Toba,#exploretoba,https://www.instagram.com/p/DSwwdo7D962/,DSwwdo7D962,"Mau liburan seru keliling Danau Toba? Bisa banget bareng Senyawa Tour & Travel! 😍
Start from Rp 875.000/pax, udah dapet fasilitas lengkap dan itinerary super keren! Dan tentu saja bisa kamu sesuaikan dengan destinasi tujuanmu! 

✨ Kenapa harus Senyawa Tour & Travel?
✔️ Mobil nyaman + driver/guide
✔️ Tiket masuk & kapal ke Samosir
✔️ Penginapan
✔️ Dokumentasi selama trip

📍 Destinasi pilihan liburan kamu :
🌿 The Kaldera
🏝️ Pulau Samosir
🗿 Huta Siallagan
⛰️ Bukit Holbung
⛰️ Bukit Sibea-bea
💧 Air Terjun Efrata
💧 Air Terjun Sipiso-Piso
🌿 Sapo Juma
📸 Bukit Senyum
🌋 Berastagi + Gundaling
🍓 Belanja buah segar di Pasar Buah

📲 Langsung aja chat: 085174342303 (WhatsApp)

Atau klik link di bio untuk info lebih lanjut🔥

Liburan gak perlu ribet. Cukup duduk manis, nikmati liburanmu, sisanya biar kami yang urus 😍

#SenyawaTourTravel #PaketDanauToba #exploretoba #ExploreSamosir #HappyHolidayWithSenyawaTourTravel",Image,2025-12-27 09:26:49+00:00,8.0,1,0.0,,senyawa.tourtravel,2026-06-03,Apify Instagram Scraper,9.0,2025-12-27
Danau Toba,#wisatadanautoba,https://www.instagram.com/p/DYMc1eRlCRd/,DYMc1eRlCRd,"Endless beauty⛰️🏞️ 

#danautoba #wisatadanautoba #wisatasamosir #travellingsumut",Sidecar,2026-05-11 10:11:01+00:00,8.0,0,0.0,Samosir - Sumatera Utara DANAU TOBA,liely_put,2026-06-03,Apify Instagram Scraper,8.0,2026-05-11
Danau Toba,#wisatadanautoba,https://www.instagram.com/p/DX6pZQwCYK3/,DX6pZQwCYK3,"Tunggu apa lagi? Yuk, atur perjalananmu ke Danau Toba sekarang juga dan rasakan keajaiban alam yang tak tertandingi! ✨

Hubungi kami di:
Telpon & WA : +62 853-7884-5541
Media Sosial: @jumpa.medan
Booking perjalananmu hari ini!

#DanauToba #WisataDanauToba #SumateraUtara #WonderfulIndonesia #TravelIndonesia",Image,2026-05-04 12:14:27+00:00,8.0,0,0.0,,jumpa.medan,2026-06-03,Apify Instagram Scraper,8.0,2026-05-04
Danau Toba,#wisatadanautoba,https://www.instagram.com/p/DXmFYJ6Cede/,DXmFYJ6Cede,"Transportasi medan,sumatera utara

Ready Senin, 27 April 2026 :

🚘 New toyota Hiace Premio
🚘 Zenix G hv
🚘 Innova Reborn Fc AT/MT
🚘 Avanza New Tss cvt
🚘 New Livina VL AT
🚘 New Rush GR AT
🚘 Agya TRD AT
🚘 Brio Satya cvt
🚘 pajero 4x4 MT
-----------------------------------------------
#SEWAHIACEMEDAN
#WISATADANAUTOBA
#BANDARAKUALANAMU
#BANDARASILANGIT
#BERASTAGI

For more Information & Booking, 
-please DM ☎️
-WA.08116520077",Sidecar,2026-04-26 12:34:53+00:00,8.0,0,0.0,,fun_holidays_medan,2026-06-03,Apify Instagram Scraper,8.0,2026-04-26
Danau Toba,#wisatadanautoba,https://www.instagram.com/p/DYntK1PkxHD/,DYntK1PkxHD,"Pomparan Arisan Op. Sihol Rajagukguk mengunjungi bukit cinta samosir pada awal Mei 2026 yang lalu. Bukit Cinta Samosir adalah perbukitan menawan yang terletak di Janji Martahan, Kecamatan Harian, Kabupaten Samosir, Sumatera Utara. Dari puncaknya, pengunjung disuguhkan panorama spektakuler Danau Toba, Gunung Pusuk Buhit, dan deretan bukit hijau. #wisatadanautoba #samosir #bukitcinta",Sidecar,2026-05-22 00:13:14+00:00,7.0,0,0.0,,marulituarajagukguk,2026-06-03,Apify Instagram Scraper,7.0,2026-05-22
Danau Toba,#exploretoba,https://www.instagram.com/p/DTJ_lycEpif/,DTJ_lycEpif,".... Chill heal ...

.
.
.
.
.
.
.
.
.
.
.
.
.
.
.
.
.
.
.
.
.
.
.

Loc : Bonan Dolok , Kab. Samosir - Sumatera Utara
.
.
.
.
.
.
.
.
.
.
.
.
.

#toba #exploretoba #sumutscenery #scenery #travellingsumut  #explorewisatasumut #samosir #gnfi #gnfirepost #travel #travelphotography #travelphoto #mountains #indotravellife #indonesia_paradise #jejakpejalan #parapejalan #pesonaindonesia #indotravellers  #wisataindonesia  #lintasartansa #beautifuldestination #exploreidku #hariangunung #exploredolan #mountain #parapendaki #adventure_sumut #nikonphotography #pendakijelajahnusantara",Image,2026-01-06 04:40:01+00:00,5.0,2,0.0,"Bonan Dolok, Sianjur Mulamula, Samosir",tio_s.depari,2026-06-03,Apify Instagram Scraper,7.0,2026-01-06
Danau Toba,#laketoba,https://www.instagram.com/p/DZFaHUjTwcV/,DZFaHUjTwcV,"💙
#laketoba #fyp #samosirisland #parapat",Image,2026-06-02 13:03:59+00:00,6.0,0,0.0,Lake Toba,erdyypratama,2026-06-03,Apify Instagram Scraper,6.0,2026-06-02
Danau Toba,#exploretoba,https://www.instagram.com/p/DTcuvk0Epr8/,DTcuvk0Epr8,"Menatap hijau dari Mireya Garden 🌿

tempat di mana keindahan dan kenyamanan menginap bertemu di Noah Hotel Silangit.

#NoahHotelSilangit 
#HotelSilangit 
#staycation 
#exploretoba 
#HiddenGemSilangit",Image,2026-01-13 11:18:27+00:00,6.0,0,0.0,Noah Hotel Silangit,noah_hotel_,2026-06-03,Apify Instagram Scraper,6.0,2026-01-13
Danau Toba,#laketoba,https://www.instagram.com/p/DZG8W8DmSec/,DZG8W8DmSec,"""𝓔𝓶𝓪𝓼 𝓽𝓲𝓭𝓪𝓴 𝓭𝓲 𝓶𝓾𝓻𝓷𝓲𝓴𝓪𝓷 𝓭𝓲 𝓽𝓪𝓶𝓪𝓷 𝓫𝓾𝓷𝓰𝓪,𝓽𝓪𝓹𝓲 𝓭𝓲𝓭𝓪𝓵𝓪𝓶 𝓐𝓹𝓲""
𝓨𝓪𝓴𝓸𝓫𝓾𝓼 1:2 (𝓣𝓑)  𝓢𝓪𝓾𝓭𝓪𝓻𝓪-𝓼𝓪𝓾𝓭𝓪𝓻𝓪𝓴𝓾, 𝓪𝓷𝓰𝓰𝓪𝓹𝓵𝓪𝓱 𝓼𝓮𝓫𝓪𝓰𝓪𝓲 𝓼𝓾𝓪𝓽𝓾 𝓴𝓮𝓫𝓪𝓱𝓪𝓰𝓲𝓪𝓪𝓷, 𝓪𝓹𝓪𝓫𝓲𝓵𝓪 𝓴𝓪𝓶𝓾 𝓳𝓪𝓽𝓾𝓱 𝓴𝓮 𝓭𝓪𝓵𝓪𝓶 𝓫𝓮𝓻𝓫𝓪𝓰𝓪𝓲-𝓫𝓪𝓰𝓪𝓲 𝓹𝓮𝓷𝓬𝓸𝓫𝓪𝓪𝓷,

#danautoba 
#laketoba 
#pantaibulbulbalige 
#bulbulbalige",Sidecar,2026-06-03 03:22:25+00:00,5.0,0,0.0,"Pantai Bul-bul Balige,Sumut.",filipi3.10_11pasaribu,2026-06-03,Apify Instagram Scraper,5.0,2026-06-03
Danau Toba,#laketoba,https://www.instagram.com/p/DZFCMMzlGJe/,DZFCMMzlGJe,"#BatakCulture #LakeToba #CulturalTravel #IndonesiaTravel #TravelCulture #AuthenticTravel
#VisitIndonesia #ExploreAsia #TravelStory #LocalExperience #fypviral
By kesya",Sidecar,2026-06-02 09:34:54+00:00,4.0,0,0.0,,traveleiden,2026-06-03,Apify Instagram Scraper,4.0,2026-06-02
Danau Toba,#laketoba,https://www.instagram.com/p/DZFB9RIFKnV/,DZFB9RIFKnV,"#LakeToba #IndonesiaTravel #VisitIndonesia #NorthSumatra #TravelAsia #HiddenGem
#NatureLovers #VolcanicLake #ExploreIndonesia #TravelPhotography #AdventureTravel
#SoutheastAsia #fypviralシ

By goi",Sidecar,2026-06-02 09:32:51+00:00,4.0,0,0.0,,traveleiden,2026-06-03,Apify Instagram Scraper,4.0,2026-06-02
Danau Toba,#laketoba,https://www.instagram.com/p/DZE1UAnlFwW/,DZE1UAnlFwW,"#SamosirIsland #LakeToba #IndonesiaTravel #TravelMore #IslandLife #TravelAsia
#HiddenParadise #ExploreIndonesia #BeautifulDestinations #NaturePhotography
#BucketListTravel#fypage
By: putri",Sidecar,2026-06-02 07:42:22+00:00,4.0,0,0.0,,traveleiden,2026-06-03,Apify Instagram Scraper,4.0,2026-06-02
Danau Toba,#exploretoba,https://www.instagram.com/p/DYUk2frGXet/,DYUk2frGXet,"‼️[RILIS : FOURTH WEEK LEGACY ParDeNan]‼️

Horas, Sobat ParDeNan! 👋🏻

Yuk intip keseruan Tim ParDeNan di Minggu ke - 4 ini😍 
Di moment ini tidak hanya sebuah rancangan proker, tapi Tim ParDeNan berhasil menumbuhkan dampak positif loh✨

Nantikan terus update rilis aksi nyata Tim ParDeNan selanjutnya ya Sobat ParDeNan! 👀👋🏻

#pardedeonan #legacy #balige #pengabdianmasyarakat #exploretoba",Sidecar,2026-05-14 13:54:59+00:00,-1.0,5,0.0,"Pardede Onan, Balige, Toba Samosir",fps.pardedeonan,2026-06-03,Apify Instagram Scraper,4.0,2026-05-14
Danau Toba,#danautoba,https://www.instagram.com/p/DZHh6k4gaTv/,DZHh6k4gaTv,#perapat #danautoba,Sidecar,2026-06-03 08:50:35+00:00,3.0,0,0.0,,mayang1704,2026-06-03,Apify Instagram Scraper,3.0,2026-06-03
Danau Toba,#laketoba,https://www.instagram.com/p/DZHqfCZmpP5/,DZHqfCZmpP5,"Sampai sore hari,matahari terik masih datang.panas di atas kepala 
Lelah,letih pastinya menjadi salah satu tantangan hebat untuk kami
Semoga hujan yang kami rindukan turun.
Agar pula menjadi suport bagi para petani untuk menanam tanamannya
Semangat,Tuhan memberkati
#sabamsirait 
#sabamsiraitpeduli 
#samosir 
#danautoba 
#laketoba 
@maruararsirait",Sidecar,2026-06-03 10:05:28+00:00,3.0,0,0.0,"Silimatali, garoga Samosir Island (Lake Toba)",sabamsiraitpeduli,2026-06-03,Apify Instagram Scraper,3.0,2026-06-03
Danau Toba,#laketoba,https://www.instagram.com/p/DZHmNUjnZuD/,DZHmNUjnZuD,Legenda bukit gantung.. #danautobaview #laketoba #naturalvibes #droneshots #droneindonesia,Sidecar,2026-06-03 09:28:06+00:00,1.0,2,0.0,,agrowikarsa,2026-06-03,Apify Instagram Scraper,3.0,2026-06-03
Danau Toba,#tobakeren,https://www.instagram.com/p/CmI72uLSSIQ/,CmI72uLSSIQ,"Pandangan jauh melambung kepadamu kampung halamanku

Mengingatkan akan indahnya Danau Toba

Semakin hangat dengan ulos yang membalut pada tubuhku
.
Ulos dapat dipesan @elseriaulos

#wisatatoba #ulostoba #ulosbatak #kemenparekraf #disbudpartoba #umkmtoba #uloswarnaalami #horastoba #tobakeren #danautoba #pesonaindonesia #wonderfulindonesia #betahamutotoba #pesonatoba",Sidecar,2022-12-14 07:15:24+00:00,3.0,0,0.0,Bukit Singgolom Tara Bunga Tampahan,tobawisatabalige,2026-06-03,Apify Instagram Scraper,3.0,2022-12-14
Danau Toba,#exploretoba,https://www.instagram.com/p/DWvpYKKEgwh/,DWvpYKKEgwh,"OPEN TRIP DANAU TOBA 
Cuma 750K / orang
Udah bisa nikmatin liburan 2 Hari 1 Malam bareng bestie atau pasangan 💙
✨ Explore Pulau Samosir
✨ Hunting spot foto aesthetic
✨ Healing + refreshing dari penatnya rutinitas
Semua sudah include, kamu tinggal enjoy aja! 🚐
⚠️ Seat terbatas tiap keberangkatan
Jangan sampai kehabisan!
📩 DM sekarang

naik)
#tripintoba #danautoba #opentripmedan #liburantoba #healingtrip #wisatasumatera #tripmurah #exploretoba #travelmedan #travelperbaungan",Sidecar,2026-04-05 09:11:14+00:00,3.0,0,0.0,"Perbaungan, Sumatera Utara, Indonesia",tripintoba,2026-06-03,Apify Instagram Scraper,3.0,2026-04-05
Danau Toba,#danautoba,https://www.instagram.com/p/DZHtaXQARV0/,DZHtaXQARV0,#sigalegale #tomok #samosir #danautoba #sumut,Sidecar,2026-06-03 10:31:03+00:00,2.0,0,0.0,Sigale-gale Tomok - Samosir,muzzaki1612,2026-06-03,Apify Instagram Scraper,2.0,2026-06-03
Danau Toba,#danautoba,https://www.instagram.com/p/DZHsOKygc3e/,DZHsOKygc3e,"Step By Step 😎
-📷 @situmorang_foto
-
-
-
-
-
-
#fyp #danautoba #samosir #halakbatak #bataknese",Sidecar,2026-06-03 10:20:39+00:00,2.0,0,0.0,"Pangururan, Kabupaten Samosir",amalrambee,2026-06-03,Apify Instagram Scraper,2.0,2026-06-03
Danau Toba,#danautoba,https://www.instagram.com/p/DZHsHTZmbVt/,DZHsHTZmbVt,Pertemanan lintas generasi.. Keseruan gen milenial ama gen z.. menikmati pesona alam dan hangat nya budaya batak #danautoba #samosir #sumaterautara,Sidecar,2026-06-03 10:19:42+00:00,2.0,0,0.0,,dian_ziyazizy,2026-06-03,Apify Instagram Scraper,2.0,2026-06-03
Danau Toba,#danautoba,https://www.instagram.com/p/DZHOMkdkbKu/,DZHOMkdkbKu,Finding peace in nature embrace✨ #sipisopiso #tongging #danautoba,Sidecar,2026-06-03 05:58:17+00:00,-1.0,3,0.0,,mndekrna,2026-06-03,Apify Instagram Scraper,2.0,2026-06-03
Danau Toba,#danautoba,https://www.instagram.com/p/DZFK4loj2eB/,DZFK4loj2eB,1972 mdpl emang rendah tapi trek potong mu bikin  K.O🙌🏻 #bukitgundulsipisopiso⛺️🌄 #bukitgundul#sumutindahh#fy #danautoba,Sidecar,2026-06-02 10:50:51+00:00,-1.0,3,0.0,,snfbrlaaaa,2026-06-03,Apify Instagram Scraper,2.0,2026-06-02
Danau Toba,#laketoba,https://www.instagram.com/p/DZHRl0nlDhg/,DZHRl0nlDhg,"Hashtags
#ChristianTravel #FaithJourney #SpiritualTravel #LakeToba #SibeaBea #ReligiousTourism
#VisitIndonesia #TravelInspiration #ChristianTourism #FaithAndTravel #fypviral
By:Nazwa",Sidecar,2026-06-03 06:27:57+00:00,2.0,0,0.0,,traveleiden,2026-06-03,Apify Instagram Scraper,2.0,2026-06-03
Danau Toba,#laketoba,https://www.instagram.com/p/DZHRaKclHvm/,DZHRaKclHvm,"#LakeToba #TravelIndonesia #HiddenGem #SustainableTravel #NatureEscape #TravelAsia
#DiscoverIndonesia #AdventureAwaits #TravelGoals #ExploreMore #fypviral
By:Nazwa",Sidecar,2026-06-03 06:26:21+00:00,2.0,0,0.0,,traveleiden,2026-06-03,Apify Instagram Scraper,2.0,2026-06-03
Danau Toba,#laketoba,https://www.instagram.com/p/DZHMby0kpA2/,DZHMby0kpA2,"A place born from one of Earth's most powerful eruptions is now one of its most beautiful*
destinations.
#LakeToba #VisitIndonesia #TravelIndonesia #NorthSumatra #VolcanicLake #NatureWonder
#HiddenGem #TravelAsia #ExploreIndonesia #BeautifulDestinations #AdventureTravel
#BucketList #fypviral
By goi",Sidecar,2026-06-03 05:42:53+00:00,2.0,0,0.0,,traveleiden,2026-06-03,Apify Instagram Scraper,2.0,2026-06-03
Danau Toba,#laketoba,https://www.instagram.com/p/DZHMSxVEvOi/,DZHMSxVEvOi,"Find peace above the clouds and experience one of Indonesia's most meaningful spiritual
destinations.
#SibeaBea #ChristianTravel #FaithJourney #SpiritualTravel #LakeToba #ReligiousTourism
#VisitIndonesia #TravelInspiration #ChristianTourism #FaithAndTravel #Pilgrimage
#TravelAsia #fypviral
By:kesya",Sidecar,2026-06-03 05:41:39+00:00,2.0,0,0.0,,traveleiden,2026-06-03,Apify Instagram Scraper,2.0,2026-06-03
Danau Toba,#laketoba,https://www.instagram.com/p/DZHL38sEvut/,DZHL38sEvut,"A place born from one of Earth's most powerful eruptions is now one of its most beautiful
destinations.
#LakeToba #VisitIndonesia #TravelIndonesia #NorthSumatra #VolcanicLake #NatureWonder
#HiddenGem #TravelAsia #ExploreIndonesia #BeautifulDestinations #AdventureTravel
#BucketList #fypage
by alwi",Sidecar,2026-06-03 05:37:59+00:00,2.0,0,0.0,,traveleiden,2026-06-03,Apify Instagram Scraper,2.0,2026-06-03
Danau Toba,#exploretoba,https://www.instagram.com/p/DUae7IBkvUV/,DUae7IBkvUV,"✨🏞️ JELAJAH DANAU TOBA 4 HARI 3 MALAM! NIKMATI KEINDAHAN ALAM SUMATERA UTARA! 🏞️✨🚢🇮🇩

🔥 HARGA: 💰 Rp 3.749.000 / PAX (2 CAN GO!!) 🗓️ DURASI: 4 HARI 3 MALAM

🌟 HIGHLIGHT PERJALANAN:
🕌 Medan
🚢 Parapat
🏝️ Samosir
⛰️ Berastagi

✅ PAKET TERMASUK (INCLUDES):
🏨 3 Malam Hotel dan Sarapan
🚌 Transportasi AC
🍽️ Makan Siang dan Makan Malam
🎟️ Tour dan Entrance Fee
🧑‍✈️ Pemandu Wisata
⛴️ Tiket Ferry
🎁 Souvenir

Ayo hubungi kami sekarang juga untuk reservasi! 🙌✨

📞 INFO & RESERVASI SEKARANG (Oketravel): WhatsApp: 📱 081519226968 Website: 🌐 www.oketravelmm.co.id Instagram: 📷 @oketravelnew TikTok: 🎵 @oketraveljkt

#TourDanauToba #WisataMedan #SamosirIsland #WonderfulIndonesia #LiburanSumatera #PromoTour #Oketravel #ExploreToba #PaketWisataMurah #TravelGram",Image,2026-02-06 10:53:03+00:00,1.0,1,0.0,,oketravelnew,2026-06-03,Apify Instagram Scraper,2.0,2026-02-06
Danau Toba,#exploretoba,https://www.instagram.com/p/DSmFwz9kTCl/,DSmFwz9kTCl,"✨ Waktunya kabur sejenak ke alam yang adem & tenang!
Yuk jelajahi keindahan Danau Toba & sekitarnya bareng QTA Wisata 🌿

📍 Explore Toba 4D3N
Mulai dari Maimoon – Brastagi – Samosir, semua spot ikonik kami rangkum dalam satu perjalanan seru ✨

💰 Start from 3,2 JT-an / pax
🗓 4 Hari 3 Malam

✅ Include:
🏨 Hotel bintang 3
🍽 Daily breakfast
🗺 Aktivitas & sightseeing
🚐 Transport & tour
🧑‍✈️ Tour guide berpengalaman

Liburan nggak ribet, tinggal duduk manis & nikmati perjalanannya 😍
📩 DM sekarang, 

📍 QTA Wisata – Ruko Summer Coast Blok A2 No.12, Batam
📞 +62 852-7287-8799 | +62 813-7239-9542
📲 Instagram: @qtawisata
🎵 TikTok: Qtawisata Travel

#qtawisata #TourDanauToba #ExploreToba #TripToba #liburanseru",Sidecar,2025-12-23 06:01:17+00:00,2.0,0,0.0,,qtawisata,2026-06-03,Apify Instagram Scraper,2.0,2025-12-23
Danau Toba,#danautoba,https://www.instagram.com/p/DZHhGHfkqMI/,DZHhGHfkqMI,"paddle board time 🚣

#danautoba #paddleboard #fypage #sumut #parapatdanautoba",Sidecar,2026-06-03 08:43:25+00:00,-1.0,2,0.0,Parapat Danau Toba Sumatra Utara,miclbs_,2026-06-03,Apify Instagram Scraper,1.0,2026-06-03
Danau Toba,#danautoba,https://www.instagram.com/p/DZHZkYIETjn/,DZHZkYIETjn,"PENGAMANAN PERAIRAN DAN KELAYAKAN KAPAL ⛴️🌊
 
Personil Satuan Polisi Perairan dan Udara (Sat Pol Airud) Polres Samosir melaksanakan kegiatan Patroli dan Pengawasan di wilayah perairan.
 
Kegiatan difokuskan pada pengecekan kelengkapan dokumen dan sarana keselamatan kapal penumpang guna memastikan armada laik laut, lengkap administrasi, dan menjamin keselamatan penumpang serta awak kapal saat berlayar. 🚤🛟
 
#PolriPresisi #PatroliPerairan #KeselamatanBerlayar 
#DanauToba",Image,2026-06-03 07:37:39+00:00,1.0,0,0.0,,polressamosir,2026-06-03,Apify Instagram Scraper,1.0,2026-06-03
Danau Toba,#danautoba,https://www.instagram.com/p/DZHYCA6xvkm/,DZHYCA6xvkm,"Malam selalu punya cara untuk menghadirkan cerita.
Lampu jalan, lalu lalang kendaraan, dan seporsi pempek hangat menjadi teman terbaik untuk menutup hari. ✨
📍Jln Radjiman purba depan SMPN2 Pematang Siantar 
#pematangsiantar #pempek #danautoba #kulinersiantar #jajanankekinian",Image,2026-06-03 07:24:16+00:00,1.0,0,0.0,,pempek.241.siantar,2026-06-03,Apify Instagram Scraper,1.0,2026-06-03
Danau Toba,#laketoba,https://www.instagram.com/p/DZEy_ycERy9/,DZEy_ycERy9,"🔋Kenapa HP Cepat Panas dan Lemot
#SamosirIsland #LakeToba #IndonesiaTravel #TravelMore #IslandLife #TravelAsia
#HiddenParadise #ExploreIndonesia #BeautifulDestinations #NaturePhotography
#BucketListTravel#fypシ゚viralシfypシ゚
By: putri",Sidecar,2026-06-02 07:22:08+00:00,1.0,0,0.0,,zathco_intech,2026-06-03,Apify Instagram Scraper,1.0,2026-06-02
Danau Toba,#wisatadanautoba,https://www.instagram.com/p/DZEgU7MH9W3/,DZEgU7MH9W3,"Jangan terlalu percaya dengan mulut yang manis,
Racun paling berbahaya sering datang tanpa 
Nada kasar,😁
Paham kan sayang 😁🤭
Yang mau liburan ke  danau Toba alam nya indah dan sejuk 
#wisatadanautoba
#untuksemuaorang",Image,2026-06-02 04:39:01+00:00,1.0,0,0.0,,marbun3559,2026-06-03,Apify Instagram Scraper,1.0,2026-06-02
Danau Toba,#wisatadanautoba,https://www.instagram.com/p/DY_K-XPEqNt/,DY_K-XPEqNt,"Disela sela survey
Kita istirahat disini dulu. 
#fyp
#wisataDanautoba",Sidecar,2026-05-31 02:56:12+00:00,1.0,0,0.0,,simanjuntak_berlian,2026-06-03,Apify Instagram Scraper,1.0,2026-05-31
Danau Toba,#wisatadanautoba,https://www.instagram.com/p/DY2QsZ6E68z/,DY2QsZ6E68z,"#latepost✌ 
#danautobaindonesia 
#danautobasamosir 
#wisatadanautoba 
#wisatamedan",Sidecar,2026-05-27 15:53:01+00:00,-1.0,2,0.0,Huta Siallagan,cutsalsahency,2026-06-03,Apify Instagram Scraper,1.0,2026-05-27
Danau Toba,#wisatadanautoba,https://www.instagram.com/p/DYN05-ukWeK/,DYN05-ukWeK,"👉Nikmati keindahan alam Danau Toba dengan waktu 1 hari yang tidak mempunyai waktu lama. Menikmati perjalanan wisata Danau Toba Samosir dengan menjelajah wisata favorit :
✅ Air Terjun Sipiso-piso
✅ Menara Pandang Tele
✅ Jembatan Aek Tano Ponggol
✅ Bukit Holbung
✅ Huta Siallagan
Semuanya All In kami kemas dalam 1 paket free :
🚘 Transportasi & Driver, BBM
🚢 Fery - Toll - Parkir
🏞️ Destinasi wisata
Harga : 
👉 Buat 6 pax : Rp. 390.000 / Pax
👉 Private Tour Rp. 2.000.000
Hubungi kontak resmi kami di : 
☎️ 0813-7630-3517
🌐 www.nikolastour.com
#tourdanautoba
#traveldanautoba
#tripdanautoba
#wisatadanautoba
#danautoba",Image,2026-05-11 23:00:35+00:00,1.0,0,0.0,Danau Toba Sumatera Utara,nikolas_rental_mobil_medan,2026-06-03,Apify Instagram Scraper,1.0,2026-05-11
Danau Toba,#wisatadanautoba,https://www.instagram.com/p/DYMzEgjmf5Z/,DYMzEgjmf5Z,"👉Nikmati keindahan alam Danau Toba dengan waktu 1 hari yang tidak mempunyai waktu lama. Menikmati perjalanan wisata Danau Toba Samosir dengan menjelajah wisata favorit :
✅ Air Terjun Sipiso-piso
✅ Menara Pandang Tele
✅ Jembatan Aek Tano Ponggol
✅ Bukit Holbung
✅ Huta Siallagan
Semuanya All In kami kemas dalam 1 paket free :
🚘 Transportasi & Driver, BBM
🚢 Fery - Toll - Parkir
🏞️ Destinasi wisata
Harga : 
👉 Buat 6 pax : Rp. 390.000 / Pax
👉 Private Tour Rp. 2.000.000
Hubungi kontak resmi kami di : 
☎️ 0813-7630-3517
🌐 www.nikolastour.com
#tourdanautoba
#traveldanautoba
#tripdanautoba
#wisatadanautoba
#danautoba",Image,2026-05-11 13:25:19+00:00,1.0,0,0.0,,nikolas_rental_mobil_medan,2026-06-03,Apify Instagram Scraper,1.0,2026-05-11
Danau Toba,#wisatadanautoba,https://www.instagram.com/p/DYJ7vEFiUFt/,DYJ7vEFiUFt,"Tiba"" kami sampai di sini....cuma Numpang mandi sama makan pop mie aja..

#Arofan
#WisataDanauToba",Image,2026-05-10 10:43:18+00:00,1.0,0,0.0,,yatypasaribu,2026-06-03,Apify Instagram Scraper,1.0,2026-05-10
Danau Toba,#wisatadanautoba,https://www.instagram.com/p/DX-v0Q9jp6Y/,DX-v0Q9jp6Y,"Sedang di fase menjadi istri yang tenang Dan bahagia..
""Yang kurang di cukupi,
Yang lebih di syukuri""
Terimakasih suamiku.
Semoga keluarga kecil kita
Selalu dalam lindungan nya 
 
  #Alhamdulillah

#fotoreelsfyp
#wisatapulausamosir
#wisatadanautoba
#happyselalu",Image,2026-05-06 02:27:30+00:00,1.0,0,0.0,,windiyadesy,2026-06-03,Apify Instagram Scraper,1.0,2026-05-06
Danau Toba,#wisatadanautoba,https://www.instagram.com/p/DXwCi1BDasK/,DXwCi1BDasK,"Setiap moment sangatlah berharga 😍😍

#hutasiallagan #pulausamosir #wisatadanautoba",Image,2026-04-30 09:22:32+00:00,1.0,0,0.0,,desnitasilaban,2026-06-03,Apify Instagram Scraper,1.0,2026-04-30
Danau Toba,#tobakeren,https://www.instagram.com/p/C0Ss3UQhYe1/,C0Ss3UQhYe1,"Horas Tobaa..
Mabar Homestay and Taxi 

Hi December, you're the last one so be the best one.
🏞️🏝️🌅

😍
Get the best deal and experience at Mabar 😍
#tobakeren
#desemberbless
#homestaybersih
#fighter",Sidecar,2023-12-01 01:36:19+00:00,1.0,0,0.0,Kabupaten Tobasa,mabarhomestayandtaxi,2026-06-03,Apify Instagram Scraper,1.0,2023-12-01
Danau Toba,#exploretoba,https://www.instagram.com/p/DXmv2KXEpd_/,DXmv2KXEpd_,"Liburan ke Danau Toba sekarang gak mahal 😍
✔ View luar negeri
✔ Trip nyaman & santai
✔ Start dari Medan
💰 Mulai 1.2 JT / pax
⚠️ Seat terbatas, cepat full
📲 WA sekarang: 0812 6440 077
#danautoba#exploretoba #samosirisland #tripotocommunity #tobadream",Image,2026-04-26 18:46:02+00:00,1.0,0,0.0,"Medan, Indonesia",mdstobatrip,2026-06-03,Apify Instagram Scraper,1.0,2026-04-26
Danau Toba,#exploretoba,https://www.instagram.com/p/DR_yWIoE5ct/,DR_yWIoE5ct,"✨ Ada yang kangen dengan udara sejuk dan panorama luas Danau Toba?
Pemandangan dari jendela pesawat saat naik maupun turun di Silangit selalu punya cara sendiri buat bikin kita terdiam kagum. Langitnya jernih, lembahnya hijau, dan Danau Toba terlihat seperti cermin raksasa yang menenangkan.

Mulai 10 Desember 2025, kamu bisa terbang setiap hari dengan harga mulai 1,7 jutaan.
Kalau sudah punya rencana liburan, ini saat yang tepat buat amankan kursi dan nikmati Toba dari sudut terbaiknya. ✈️🏞️

Info & Pemesanan : Citilink Corner Bali Nusra
🏢 Pertokoan Kerthawijaya Blok C-6,
Jl. Diponegoro No.98, Dauh Puri, Denpasar Barat, Bali 80113
📞 (0361) 227156
💬 WA: +62 851-9090-8088
📧 sales@citilinkcorner.id
#CitilinkCornerBali #TobaFlight #ExploreToba #SilangitAirport
#DanauToba #TravelBaliNusra #TerbangHemat #WisataIndonesia
#DailyFlight #JelajahNusantara #ViewFromTheWindow #TravelDeal
#BaliToToba #FlightPromo #HolidaySeason",Image,2025-12-08 09:00:29+00:00,1.0,0,0.0,,citilinkcornerbali,2026-06-03,Apify Instagram Scraper,1.0,2025-12-08
Danau Toba,#danautoba,https://www.instagram.com/p/DZHvXU4AXf1/,DZHvXU4AXf1,"Simpang 3 Limbong,kelen udah pernah kemana aja gaes?
#samosir
#danautoba
#fotoviral
#explore
#limbong
#wisata
#liburan
#masukberanda",Image,2026-06-03 10:48:07+00:00,0.0,0,0.0,Simpang III Limbong,edi.syapu28,2026-06-03,Apify Instagram Scraper,0.0,2026-06-03
Danau Toba,#danautoba,https://www.instagram.com/p/DZHoHGsjZ-B/,DZHoHGsjZ-B,Menuju Goa BaBa Liang #Salbe #kapal #DanauToba,Image,2026-06-03 09:44:44+00:00,0.0,0,0.0,,zulfrisilalahi,2026-06-03,Apify Instagram Scraper,0.0,2026-06-03
Danau Toba,#danautoba,https://www.instagram.com/p/DZHlxOokgfT/,DZHlxOokgfT,"Ambil cutimu, danau toba menunggumu⛴️

•
•
•
#danautoba #sumaterautara #kalakkaro #sumut #samosir",Sidecar,2026-06-03 09:24:16+00:00,-1.0,1,0.0,Danau Toba,yogiginting23,2026-06-03,Apify Instagram Scraper,0.0,2026-06-03
Danau Toba,#danautoba,https://www.instagram.com/p/DZHUDN7GPVv/,DZHUDN7GPVv,"Ada apa..
Dan lagi apa yaa..
Siang guys...

#fhoto
#fyp
#jangkauan
#danautoba",Image,2026-06-03 06:49:27+00:00,0.0,0,0.0,,ernierni6827,2026-06-03,Apify Instagram Scraper,0.0,2026-06-03
Danau Toba,#danautoba,https://www.instagram.com/p/DZHT6FxowMW/,DZHT6FxowMW,"Here’s an idea.

Take the ferry back from Samosir to Parapat,
watching the island slowly become distance.
The lake stays behind,
but the quiet follows you longer than expected.

— Lake Toba, Part 4

#travel #travelgram #travelideas #indonesia #danautoba",Image,2026-06-03 06:48:16+00:00,0.0,0,0.0,Danau Toba Sumatera Utara,rainasideas,2026-06-03,Apify Instagram Scraper,0.0,2026-06-03
Danau Toba,#danautoba,https://www.instagram.com/p/DZHTukHI6_Q/,DZHTukHI6_Q,"Here’s an idea.

Sit down for local Batak food near Parapat,
where the flavors feel bold, earthy,
and tied closely to the land around the lake.
A trip feels complete
when the place reaches the table too.

— Lake Toba, Part 4

#travel #travelgram #travelideas #indonesia #danautoba",Image,2026-06-03 06:46:40+00:00,0.0,0,0.0,Danau Toba Sumatera Utara,rainasideas,2026-06-03,Apify Instagram Scraper,0.0,2026-06-03
Danau Toba,#danautoba,https://www.instagram.com/p/DZHThIRooCT/,DZHThIRooCT,"Here’s an idea.

Climb to Bukit Holbung
where the hills roll gently above Lake Toba
and the view opens wider with every step.
From up here,
the lake feels less like water
and more like a whole world.

— Lake Toba, Part 4

#travel #travelideas #travelgram #indonesia #danautoba",Image,2026-06-03 06:44:51+00:00,0.0,0,0.0,Danau Toba Sumatera Utara,rainasideas,2026-06-03,Apify Instagram Scraper,0.0,2026-06-03
Danau Toba,#danautoba,https://www.instagram.com/p/DZHPvGblOLg/,DZHPvGblOLg,"“Liburan membuat kamu melupakan permasalahan kehidupan dan berfokus pada keindahan kehidupan. Karena itu, berliburlah agar kamu berbahagia.""😍
#liburan #jetskiparapat #parapat #danautoba #sewajetskiparapat",Sidecar,2026-06-03 06:11:44+00:00,0.0,0,0.0,Parapat Danau Toba Sumatra Utara,rental_jetski_parapat_official,2026-06-03,Apify Instagram Scraper,0.0,2026-06-03
Danau Toba,#danautoba,https://www.instagram.com/p/DZHMHmAEWUE/,DZHMHmAEWUE,"Hati ku sudah jatuh di danau toba🤪🙌✨️🤍

#danautoba #viewforview #sumut #softpink #laketoba",Sidecar,2026-06-03 05:40:08+00:00,-1.0,1,0.0,Loken Resort Tongging,of.kioo,2026-06-03,Apify Instagram Scraper,0.0,2026-06-03
Danau Toba,#laketoba,https://www.instagram.com/p/DZHfFrhGrUi/,DZHfFrhGrUi,"🔥 ""Di bawah pohon ini, saya belajar bahwa ketenangan adalah rezeki yang tak ternilai.""

🌿☕ Menikmati secangkir kopi di bawah rindangnya pohon, ditemani angin sejuk Danau Toba. Kadang kebahagiaan tidak perlu mewah, cukup waktu untuk menikmati hidup dan bersyukur atas hari ini.
#kopihitam
#kopinikmat
#ngopisantai
#alamindah
#lakeToba",Image,2026-06-03 08:25:54+00:00,0.0,0,0.0,Pematangsiantar,arden.manik.16,2026-06-03,Apify Instagram Scraper,0.0,2026-06-03
Danau Toba,#laketoba,https://www.instagram.com/p/DZGymuOD8UC/,DZGymuOD8UC,"Selamat pagii
Foto kenangan waktu masih ad si Mega pro ❤️

#laketoba #fyp",Image,2026-06-03 01:57:12+00:00,0.0,0,0.0,,mawar.dhani.16,2026-06-03,Apify Instagram Scraper,0.0,2026-06-03
Danau Toba,#wisatadanautoba,https://www.instagram.com/p/DYYhXDsFFIM/,DYYhXDsFFIM,"Tetap terkondisikan sekitar aman dan nyaman tertib 
#wonderful
#wisatadanautoba
#fyp",Image,2026-05-16 02:41:26+00:00,0.0,0,0.0,,panjaitanafriadi,2026-06-03,Apify Instagram Scraper,0.0,2026-05-16
Danau Toba,#wisatadanautoba,https://www.instagram.com/p/DYYIJLeid8X/,DYYIJLeid8X,"👉Nikmati keindahan alam Danau Toba dengan waktu 1 hari yang tidak mempunyai waktu lama. Menikmati perjalanan wisata Danau Toba Samosir dengan menjelajah wisata favorit :
✅ Air Terjun Sipiso-piso
✅ Menara Pandang Tele
✅ Jembatan Aek Tano Ponggol
✅ Bukit Holbung
✅ Huta Siallagan
Semuanya All In kami kemas dalam 1 paket free :
🚘 Transportasi & Driver, BBM
🚢 Fery - Toll - Parkir
🏞️ Destinasi wisata
Harga : 
👉 Buat 6 pax : Rp. 390.000 / Pax
👉 Private Tour Rp. 2.000.000
Hubungi kontak resmi kami di : 
☎️ 0813-7630-3517
🌐 www.nikolastour.com
#tourdanautoba
#traveldanautoba
#tripdanautoba
#wisatadanautoba
#danautoba",Image,2026-05-15 23:01:06+00:00,0.0,0,0.0,,nikolas_rental_mobil_medan,2026-06-03,Apify Instagram Scraper,0.0,2026-05-15
Danau Toba,#wisatadanautoba,https://www.instagram.com/p/DYPIZHtmeIE/,DYPIZHtmeIE,"Wisata Danau Toba tiada taranya...
👉Nikmati keindahan alam Danau Toba dengan waktu 2 hari 1 malam. Jangan lewatkan kesempatan perjalanan wisata Danau Toba Samosir dengan menjelajah wisata favorit dengan harga terjangkau :
✅ Tempat Pengasingan Soekarno
✅ Janji Maria Coffee
✅ Huta Siallagan
✅ Jembatan Aek Tano Ponggol
✅ Air Terjun Efrata
✅ Loken Barn
✅ Nusantara Healing & Chil
Semuanya All In kami kemas dalam 1 paket free :
🚘 Transportasi & Driver, BBM
🚢 Fery - Toll - Parkir
🏞️ Destinasi wisata
Harga private tour : 👉 Khusus 5 pax : Rp. 2.800.000

Hubungi kontak resmi kami di : 
☎️ 0813-7630-3517
🌐 www.nikolastour.com
#tourdanautoba
#traveldanautoba
#tripdanautoba
#wisatadanautoba
#danautoba",Image,2026-05-12 11:10:07+00:00,0.0,0,0.0,Danau Toba Sumatera Utara,nikolas_tour_travel_danautoba,2026-06-03,Apify Instagram Scraper,0.0,2026-05-12
Danau Toba,#wisatadanautoba,https://www.instagram.com/p/DYPDei1GXhV/,DYPDei1GXhV,"👉Nikmati keindahan alam Danau Toba dengan waktu 1 hari yang tidak mempunyai waktu lama. Menikmati perjalanan wisata Danau Toba Samosir dengan menjelajah wisata favorit :
✅ Air Terjun Sipiso-piso
✅ Menara Pandang Tele
✅ Jembatan Aek Tano Ponggol
✅ Bukit Holbung
✅ Huta Siallagan
Semuanya All In kami kemas dalam 1 paket free :
🚘 Transportasi & Driver, BBM
🚢 Fery - Toll - Parkir
🏞️ Destinasi wisata
Harga : 
👉 Buat 6 pax : Rp. 390.000 / Pax
👉 Private Tour Rp. 2.000.000
Hubungi kontak resmi kami di : 
☎️ 0813-7630-3517
🌐 www.nikolastour.com
#tourdanautoba
#traveldanautoba
#tripdanautoba
#wisatadanautoba
#danautoba",Image,2026-05-12 10:27:10+00:00,0.0,0,0.0,Danau Toba Sumatera Utara,nikolas_tour_travel_danautoba,2026-06-03,Apify Instagram Scraper,0.0,2026-05-12
Danau Toba,#wisatadanautoba,https://www.instagram.com/p/DYMylJdGZSu/,DYMylJdGZSu,"👉Nikmati keindahan alam Danau Toba dengan waktu 1 hari yang tidak mempunyai waktu lama. Menikmati perjalanan wisata Danau Toba Samosir dengan menjelajah wisata favorit :
✅ Air Terjun Sipiso-piso
✅ Menara Pandang Tele
✅ Jembatan Aek Tano Ponggol
✅ Bukit Holbung
✅ Huta Siallagan
Semuanya All In kami kemas dalam 1 paket free :
🚘 Transportasi & Driver, BBM
🚢 Fery - Toll - Parkir
🏞️ Destinasi wisata
Harga : 
👉 Buat 6 pax : Rp. 390.000 / Pax
👉 Private Tour Rp. 2.000.000
Hubungi kontak resmi kami di : 
☎️ 0813-7630-3517
🌐 www.nikolastour.com
#tourdanautoba
#traveldanautoba
#tripdanautoba
#wisatadanautoba
#danautoba",Image,2026-05-11 13:21:02+00:00,0.0,0,0.0,,nikolas_rental_mobil_medan,2026-06-03,Apify Instagram Scraper,0.0,2026-05-11
Danau Toba,#wisatadanautoba,https://www.instagram.com/p/DYEZGarlNNu/,DYEZGarlNNu,"Sebelum kita menjadi sukses kita nikmati dlu prosesnya 
#blackpink
#Atvpro
#wisatadanautoba
#Virall",Image,2026-05-08 07:04:27+00:00,0.0,0,0.0,,panjaitanafriadi,2026-06-03,Apify Instagram Scraper,0.0,2026-05-08
Danau Toba,#tobakeren,https://www.instagram.com/p/DU7yYXimCKs/,DU7yYXimCKs,"Selamat Untuk Pejabat Toba 

Saya bersama itoku naburju Lian Manik  melihat pelantikan pejabat baru di lingkungan Pemkab Toba.  Walau cukup banyak yang saya kenal tadi, yang menarik perhatian saya adalah Camat Baru Lumban Julu ito Herta Simanjuntak Ny Damanik.  Ito Herta merupakan saudara kandung sahabat lama saya Henri Simanjuntak. 

Suami dari guru hebat Jaya Damanik.  Saya mengenal ito Herta karena sekira tahun 2018 kami melatih putranya SMP ketika itu untuk Olimpiade Sains Nasional (OSN) yang kemudian kuliah di ITB. 

Saya mengenal ito Herta dan suaminya yang merupakan keluarga teladan.  Semoga keteladanan itu ditiru masyarakat Lumban Julu.  Lumban Julu beruntung mendapat pejabat baru yang bagus. 

Selamat ma ito naburju.  Saya ikut senang.  Saya kira amangboru Monang Naipospos  ikut senang.  Harapan saya ito dan semua pejabat yang dilantik tadi mengabdi untuk melayani rakyat Toba.  Rindu melihat Toba maju. 

#Tobakeren",Image,2026-02-19 09:18:01+00:00,0.0,0,0.0,,gurgur.manurung,2026-06-03,Apify Instagram Scraper,0.0,2026-02-19
Danau Toba,#exploretoba,https://www.instagram.com/p/DWwNKX5kvbz/,DWwNKX5kvbz,,Image,2026-04-05 14:32:12+00:00,0.0,0,0.0,,kknnisa_,2026-06-03,Apify Instagram Scraper,0.0,2026-04-05
Danau Toba,#exploretoba,https://www.instagram.com/p/DWvpTNsElXr/,DWvpTNsElXr,,Image,2026-04-05 09:11:13+00:00,0.0,0,0.0,,tripintoba,2026-06-03,Apify Instagram Scraper,0.0,2026-04-05
Danau Toba,#danautoba,https://www.instagram.com/p/DZHkBumCfj0/,DZHkBumCfj0,"Paropo 🌊
#paroposilalahi #danautoba",Sidecar,2026-06-03 09:09:02+00:00,-1.0,0,0.0,Danau Toba Sumatera Utara,cocolate.7,2026-06-03,Apify Instagram Scraper,-1.0,2026-06-03
Danau Toba,#danautoba,https://www.instagram.com/p/DZHLUVSEcwy/,DZHLUVSEcwy,"I came from chaos, but God led me to peace. Still with the same old people, but with new energy, new purpose.

#fyp #fypppppppppppppppppppppppppppppppppppppppppppppppppppppppppppppppppppppp #liburan #danautoba #friends",Sidecar,2026-06-03 05:33:08+00:00,-1.0,0,0.0,Indonesia,badbos96,2026-06-03,Apify Instagram Scraper,-1.0,2026-06-03
Danau Toba,#laketoba,https://www.instagram.com/p/DZGPxOGsxx4/,DZGPxOGsxx4,Lake Toba … #sundowner #laketoba #indonesienreise #hobbyfoto #fotografierenmitleidenschaft,Image,2026-06-02 20:54:38+00:00,-1.0,0,0.0,Lake Toba - North Sumatra - Indonesia,hobbyfotografie_querbeet,2026-06-03,Apify Instagram Scraper,-1.0,2026-06-02
Danau Toba,#wisatadanautoba,https://www.instagram.com/p/DY14VvykWgS/,DY14VvykWgS,".

Ada tempat yang bikin makan jadi makin nikmat… ini salah satunya 😍🍃
Karena view bagus, suasana adem, dan vibes-nya dapet semua ✨

📍 Vhivhi Resto, Tongging

#Tongging #DanauToba #KulinerView #ExploreSumut #WisataDanauToba 

_________________ 𝗝𝗮𝗻𝗷𝗮𝗹𝗮𝗻𝗷𝗼𝗳𝗮𝟴𝟴 _________________",Sidecar,2026-05-27 12:20:03+00:00,-1.0,0,0.0,Vhi-Vhi Resto,janjalanjofa88,2026-06-03,Apify Instagram Scraper,-1.0,2026-05-27
Danau Toba,#wisatadanautoba,https://www.instagram.com/p/DYgXtiliUiG/,DYgXtiliUiG,"There are many changes and lessons from year to year that must be passed and experienced every year, without realizing it, we have gone through so many problems, to myself, thank you for surviving this far.

#momet2016
#danautoba #wisatadanautoba #parapatdanautoba",Sidecar,2026-05-19 03:51:03+00:00,-1.0,0,0.0,Parapat Danau Toba,_fahrulkurniawan04,2026-06-03,Apify Instagram Scraper,-1.0,2026-05-19
Labuan Bajo,#pulaukomodo,https://www.instagram.com/p/DY9WxzMGcdV/,DY9WxzMGcdV,"Ada tempat di Indonesia yang begitu kamu datangi, rasanya dunia berhenti sejenak.

Pulau Komodo itu bukan sekadar tujuan. Kamu bisa lihat view yang gak ada duanya, hewan yang masih hidup sampai sekarang, dan laut yang bikin kamu gak mau pulang. 🌊 
Sekali seumur hidup? Justru sekali belum cukup. 
Tanya-tanya paket kita yuk! 👇  📲 WhatsApp CS 1: +62 811-2891-1991  📲 WhatsApp CS 2: +62 811-9941-919  📩 Email: sales@indonesiajuara.asia  🌍 Website: indonesiajuara.asia 
#PulauKomodo #IndonesiaJuaraTrip #LabuanBajo #WisataIndonesia #KomodoIsland",Sidecar,2026-05-30 10:00:00+00:00,697.0,7,0.0,Komodo National Park,indonesiajuaratrip,2026-06-03,Apify Instagram Scraper,704.0,2026-05-30
Labuan Bajo,#wisatalabuanbajo,https://www.instagram.com/p/DXSpSCaEpiN/,DXSpSCaEpiN,"Special thanks to 

📷 : @kapupa_ 

waerebo trip : @lyladventure 

#waerebo #waerebotrip #waereboflores 
#wisatalabuanbajo #labuanbajo",Sidecar,2026-04-18 23:23:49+00:00,566.0,3,0.0,,herlissilvia,2026-06-03,Apify Instagram Scraper,569.0,2026-04-18
Labuan Bajo,#wisatalabuanbajo,https://www.instagram.com/p/DXV3t0rD7LL/,DXV3t0rD7LL,#wisatalabuanbajo,Sidecar,2026-04-20 05:27:40+00:00,385.0,0,0.0,,gio_ndaho_07,2026-06-03,Apify Instagram Scraper,385.0,2026-04-20
Labuan Bajo,#komodoisland,https://www.instagram.com/p/DZFQ9I2lCGl/,DZFQ9I2lCGl,"You know a place is special when you have been sailing on the ocean and looking at wallpaper like views for the entire day but are still mesmerized by its beauty.

Padar Island: A stunning, uninhabited island in the Komodo National Park region. Surrounded by crescent shaped beaches with pink, white and black sand.

#travel #travelphotography #padarisland #komodoisland  #indonesia",Sidecar,2026-06-02 11:43:54+00:00,254.0,2,0.0,Padar Island,vinayks1994,2026-06-03,Apify Instagram Scraper,256.0,2026-06-02
Labuan Bajo,#pulaukomodo,https://www.instagram.com/p/DY0tU1aE10m/,DY0tU1aE10m,"27 Mei 2024 Trip 2 Tahun lewat.🌊

Trip with 🛳️ : @arahpesonatrip x @bajolux.id 

#labuanbajo #pulaupadar #pulaukomodo #pulaukelor #komodonationalpark",Sidecar,2026-05-27 01:24:43+00:00,233.0,6,0.0,"Labuan Bajo, Komodo, Manggarai Barat",rahmattt31,2026-06-03,Apify Instagram Scraper,239.0,2026-05-27
Labuan Bajo,#pinkbeachkomodo,https://www.instagram.com/p/DYkUL03ou_W/,DYkUL03ou_W,"lost somewhere between pink sands and turquoise dreams 🌸
-
-
#indonesia #komodo #padarisland #pinkbeachkomodo",Image,2026-05-20 16:42:25+00:00,183.0,33,0.0,Pink Beach,nordlichtkim,2026-06-03,Apify Instagram Scraper,216.0,2026-05-20
Labuan Bajo,#pinkbeachkomodo,https://www.instagram.com/p/DYyINSQE8LL/,DYyINSQE8LL,"my gallery after visiting padar island
.
.
.
.
.
.
.
#labuanbajo #padarisland #pinkbeachkomodo #komodonationalpark",Sidecar,2026-05-26 01:21:54+00:00,197.0,7,0.0,Taman Nasional Komodo,dikiilham_,2026-06-03,Apify Instagram Scraper,204.0,2026-05-26
Labuan Bajo,#pinkbeachkomodo,https://www.instagram.com/p/DY6pxItGb61/,DY6pxItGb61,"Beachh🐚🏖️☀️

taken a picture @toriidarman ✨
.
.
.
.
.
#pinkbeachkomodo",Sidecar,2026-05-29 08:49:05+00:00,165.0,6,0.0,Pink Beach-Komodo Island-Indonesia,maysf01_,2026-06-03,Apify Instagram Scraper,171.0,2026-05-29
Labuan Bajo,#komodoisland,https://www.instagram.com/p/DZFVbSNAN7s/,DZFVbSNAN7s,"Over one year. Countless islands. Zero plan.
Bali, Nusa Penida, Labuan Bajo, Komodo boat trips, hidden beaches, jungle roads, crazy sunsets, storms at sea and moments that changed me forever.

These photos are just a tiny piece of one of the wildest chapters of my life.
Not luxury. Not perfection. Just freedom, chaos, beauty and memories that still feel unreal years later.

Indonesia didn’t just give me a trip.
It gave me a different version of myself. 🌴⛵🐉

#Indonesia #Bali #NusaPenida #LabuanBajo #KomodoIsland KomodoNationalPark TravelIndonesia IslandLife BoatLife Wanderlust TravelPhotography ExploreMore ParadiseFound HiddenParadise TropicalVibes JungleLife OceanViews AdventureCulture TravelTheWorld AsiaTravel DigitalNomad BackpackerLife IslandHopping NatureLovers TravelGram BeautifulDestinations EarthFocus DiscoverEarth SheisNotLost RoamThePlanet LuxuryTravel WildAndFree KomodoTrip BaliLife IncredibleAsia TravelAddict CinematicTravel MoodyGrams VisualAmbassadors PassportReady",Sidecar,2026-06-02 12:22:59+00:00,144.0,8,0.0,"Bali, Indonesia",jessica_o_veil,2026-06-03,Apify Instagram Scraper,152.0,2026-06-02
Labuan Bajo,#pinkbeachkomodo,https://www.instagram.com/p/DZFOBbqGUI-/,DZFOBbqGUI-,"Pink Beach Flores 🌸

Bener2 diluar ekspektasi bakalan dapet moment seindah ini,
Jatuh cinta pake banget banget 💕🏝️🦀🌊🚢🪸

#pinkbeach #pinkbeachkomodo #pinkbeachflores #labuanbajotrip #labuanbajoisland",Sidecar,2026-06-02 11:18:17+00:00,132.0,16,0.0,Pink Beach - Labuan Bajo - NTT,caandycann,2026-06-03,Apify Instagram Scraper,148.0,2026-06-02
Labuan Bajo,#pulaukomodo,https://www.instagram.com/p/DY_94ZXmWw0/,DY_94ZXmWw0,"Komodo Dragons🥹✨🫶🏻🍃
.
.
.
.
.
#pulaukomodo #komodonationalpark #komodoisland #travelling",Sidecar,2026-05-31 10:21:02+00:00,119.0,4,0.0,Taman Nasional Pulau Komodo,maysf01_,2026-06-03,Apify Instagram Scraper,123.0,2026-05-31
Labuan Bajo,#pinkbeachkomodo,https://www.instagram.com/p/DY14LUSEnqS/,DY14LUSEnqS,"Blush sand, turquoise waves, pure magic ✨ 
.
.
.
.
.
#pinkbeach #pinkbeachkomodo #komodonationalpark #travel",Sidecar,2026-05-27 12:18:47+00:00,75.0,2,0.0,,alxvieh,2026-06-03,Apify Instagram Scraper,77.0,2026-05-27
Labuan Bajo,#wisatalabuanbajo,https://www.instagram.com/p/DY7P-YKkmGp/,DY7P-YKkmGp,"Selama di Labuan Bajo, kita ga hanya explore di air aja, bisa juga explore wisata lainnya. Salah satunya Gua Batu Cermin ini 😍

#guabatucerminlaboanbajo #labuanbajotrip #familytrip #wisatalabuanbajo #indonesiajuara",Sidecar,2026-05-29 14:22:56+00:00,-1.0,62,0.0,Gua Batu Cermin,arahardiant,2026-06-03,Apify Instagram Scraper,61.0,2026-05-29
Labuan Bajo,#komodoisland,https://www.instagram.com/p/DZFKhpjEpaY1nfbPaFrbORXikUgeeyMeZOQR7Q0/,DZFKhpjEpaY1nfbPaFrbORXikUgeeyMeZOQR7Q0,Sailing with Dinara ⛵️ #labuanbajo #komodoisland,Sidecar,2026-06-02 10:47:44+00:00,41.0,1,0.0,,vanessa.choong,2026-06-03,Apify Instagram Scraper,42.0,2026-06-02
Labuan Bajo,#pulaukomodo,https://www.instagram.com/p/DYbmW2wkgzM/,DYbmW2wkgzM,"Collecting memories, lost in beautifull places 🤍🫧🥽🐚☁️
#labuanbajo 
#pulaukomodo 
#labuanbajoisland",Sidecar,2026-05-17 07:22:49+00:00,37.0,3,0.0,,alvi_oei,2026-06-03,Apify Instagram Scraper,40.0,2026-05-17
Labuan Bajo,#labuanbajo,https://www.instagram.com/p/DZHthG4E4wg/,DZHthG4E4wg,"🤞
#sunset 
#labuanbajo",Sidecar,2026-06-03 10:31:58+00:00,39.0,0,0.0,,ellmarus,2026-06-03,Apify Instagram Scraper,39.0,2026-06-03
Labuan Bajo,#labuanbajo,https://www.instagram.com/p/DZHkFQNHTqk/,DZHkFQNHTqk,"Pertanyaan yang selalu muncul: ""Kenapa mereka mau kerja di sana?""

Pertanyaan yang seharusnya: siapa yang merancang sistem yang membuat mereka tidak punya pilihan lain?

Kami meliput kasus pekerja Pub Le Dupar bukan untuk menghakimi pilihan. Tapi karena seorang perempuan meninggal, bukti medisnya diperintahkan dibuang, dan tanpa liputan — ini tidak akan pernah terungkap.

Pekerjaan tidak menentukan nilai kemanusiaan seseorang. Eksploitasi tetap eksploitasi.

Ini adalah artikel keempat dari serial liputan khusus ""Eksploitasi di Balik Gemerlap Labuan Bajo"" 

Baca selengkapnya di Floresa.co

#LabuanBajo #LeDupar #DiBalikGemerlapLabuanBajo #KeadilanPerempuan #NTT #ManggaraiBarat #TPPO #EksploitasiPerempuan #Floresa",Sidecar,2026-06-03 09:09:31+00:00,39.0,0,0.0,,floresadotco,2026-06-03,Apify Instagram Scraper,39.0,2026-06-03
Labuan Bajo,#pulaukomodo,https://www.instagram.com/p/DYdboSgkx6O/,DYdboSgkx6O,"a glimpse of my camera roll in Labuan Bajo 🪸🌸🐚🫧
Finally 🥽🐢🌊
Labuan Bajo hits different 😍🥹
Thankyou Bajo…🫶🏻 hikss gimana move on nya yaa 🥹💔
#labuanbajo 
#pulaukomodo 
#labuanbajoisland",Sidecar,2026-05-18 00:27:34+00:00,37.0,2,0.0,,alvi_oei,2026-06-03,Apify Instagram Scraper,39.0,2026-05-18
Labuan Bajo,#komodoisland,https://www.instagram.com/p/DZEjn9ZCZqp/,DZEjn9ZCZqp,"Coming face to face with a Komodo dragon is one of those wildlife experiences you don't forget in a hurry.

These shots were taken during my time exploring Komodo National Park. Seeing the world's largest lizard in the wild is impressive enough, but what really stood out to me was just how relaxed they seemed. Despite barely moving, there’s an obvious power to them that commands your attention.

Komodo dragons can grow to over 3 metres long and weigh more than 70 kilograms. They are found naturally on only a handful of Indonesian islands, including Komodo, Rinca, Flores, and Gili Motang. For years it was thought their bacteria-filled bite was their main weapon, but researchers later discovered they also possess venom that helps bring down prey.

Watching one move through the dry landscape felt a bit like looking back in time. They really do seem like something from another era.

Have you ever seen a Komodo dragon in the wild?

#KomodoDragon #KomodoNationalPark #IndonesiaWildlife #WildlifePhotography #ReptilePhotography #TravelIndonesia #VisitIndonesia #WildlifeEncounters #DiscoverWildlife #WildlifePlanet #NaturePhotography #AnimalPhotography #ExploreIndonesia #TravelWithCamera #WildlifeCaptures #PhotographyWildlife #ReptilesOfInstagram #TropicalWildlife #NatureLovers #AdventureTravel #ExploreAsia #WildlifeSeekers #KomodoIsland #DragonLizard #matthewlockphotography",Sidecar,2026-06-02 05:07:48+00:00,32.0,6,0.0,,matthewlockphotography,2026-06-03,Apify Instagram Scraper,38.0,2026-06-02
Labuan Bajo,#wisatalabuanbajo,https://www.instagram.com/p/DYYUELcE9vv/,DYYUELcE9vv,"✨CAN’T MOVE ON FROM PULAU PADAR LABUAN BAJO✨

Memutuskan ke Labuan Bajo dan bisa mengunjungi salah satu pulau tercantik di Indonesia yaitu Pulau Padar adalah salah satu keputusan terbaikku selama liburan

Labuan Bajo dengen keelokan dan keindahan alamnya bener bener jadi salah satu  #spotdalamnegeri yang masuk bucket list liburanmu.

Percaya deh.

Berburu sunrise di Pulau Padar, keluar kapal naik sekoci (kapal kecil) jam 4 pagi, menaiki banyak anak tangga, ternyata semenyenangkan ini.

Saat melihat pemandangan dari atas bukit, rasanya bener-bener healing. Aku bener-bener merasa bersyukur bisa sampai di puncak bukit dengan cuaca yang cerah sehingga kilau keemasan saat matahari terbit bisa ku nikmati dengan mata sendiri.

#pulaupadar #labuanbajo #pulaukomodo #wisatalabuanbajo",Sidecar,2026-05-16 00:45:16+00:00,37.0,0,0.0,Padar Island,travelfoodpedia_com,2026-06-03,Apify Instagram Scraper,37.0,2026-05-16
Labuan Bajo,#labuanbajo,https://www.instagram.com/p/DZKEbJZAYs5/,DZKEbJZAYs5,"16 April ✈️
Checked out, boarded, and was on to the next adventure 🌴✨

.
.
#labuanbajo #indonesia #familyvacay",Sidecar,2026-06-03 09:08:48+00:00,35.0,0,0.0,"Komodo International Airport,Labuan Bajo-NTT",dorisdemartini,2026-06-03,Apify Instagram Scraper,35.0,2026-06-03
Labuan Bajo,#pulaukomodo,https://www.instagram.com/p/DYg0WN9EoRE/,DYg0WN9EoRE,"Padar island ⛰️
#labuanbajo 
#pulaukomodo 
#labuanbajoisland",Sidecar,2026-05-19 08:01:16+00:00,29.0,2,0.0,,alvi_oei,2026-06-03,Apify Instagram Scraper,31.0,2026-05-19
Labuan Bajo,#labuanbajo,https://www.instagram.com/p/DZHgsuwgUTy/,DZHgsuwgUTy,".
.
.

#taaktanalabuanbajo #taaktanaluxurycollectionresortandspa #indonesia #labuanbajo #familyvacay",Sidecar,2026-06-03 08:39:58+00:00,26.0,2,0.0,"TA'AKTANA, a Luxury Collection Resort & Spa, Labuan Bajo",dorisdemartini,2026-06-03,Apify Instagram Scraper,28.0,2026-06-03
Labuan Bajo,#pinkbeachkomodo,https://www.instagram.com/p/DZCRaz5Em-sNqfO6QBsH_QJSiyUJnA89Lv2aa00/,DZCRaz5Em-sNqfO6QBsH_QJSiyUJnA89Lv2aa00,"新的风景 新的体验

还是这一帮人

#komodoisland #pinkbeachkomodo #labuanbajo",Sidecar,2026-06-01 07:50:14+00:00,28.0,0,0.0,Pink Beach,shirleysieu,2026-06-03,Apify Instagram Scraper,28.0,2026-06-01
Labuan Bajo,#pinkbeachkomodo,https://www.instagram.com/p/DY07LnCkyF8/,DY07LnCkyF8,"Crasy pink beach ! 👍👍👍
#pinkbeachkomodo",Sidecar,2026-05-27 03:25:48+00:00,20.0,5,0.0,Pink Beach,remipariente,2026-06-03,Apify Instagram Scraper,25.0,2026-05-27
Labuan Bajo,#wisatalabuanbajo,https://www.instagram.com/p/DYo9i90Jg-N/,DYo9i90Jg-N,"Minimal sekali seumur hidup cobain sailing trip ke Labuan Bajo 😍

3 hari tinggal di kapal sambil keliling pulau-pulau cantik, snorkeling, lihat sunset langsung dari laut, dan bangun pagi dengan view laut sejauh mata memandang ✨

3D2N sailing trip cuma 2,7 juta / orang

Destinasi:
Padar Island
Pink Beach
Manta Point
Taka Makassar
Kanawa Island

DM “KOMO” sekarang, nanti aku kirim detail tripnya 🥰",Image,2026-05-22 12:08:46+00:00,-1.0,25,0.0,"Labuan Bajo, Flores - Indonesia",uklamoya,2026-06-03,Apify Instagram Scraper,24.0,2026-05-22
Labuan Bajo,#labuanbajo,https://www.instagram.com/p/DZHi-TsD0S5/,DZHi-TsD0S5,"Jadi kamu punya budget berapa? Coba absen dulu yukk!!

🌊 HUBUNGI KAMI UNTUK JADWAL TRIP & INFORMASI:
📞 Admin 1 (WA): 0812-3992-6989
📞 Admin 2 (WA): 0877-3684-5889
📞 Admin 3 (WA): 0851-9067-8205

📍 Kantor Pusat Arah Pesona Trip: Jalan Soekarno Hatta, Labuan Bajo, Komodo, Nusa Tenggara Timur.
(Atau klik link di bio untuk melihat jadwal lengkap!)

#opentriplabuanbajo #arahpesonatrip #komododragon #komodo
#LabuanBajo",Sidecar,2026-06-03 08:59:50+00:00,22.0,0,0.0,,arahpesonatrip,2026-06-03,Apify Instagram Scraper,22.0,2026-06-03
Labuan Bajo,#komodoisland,https://www.instagram.com/p/DZHmnIimv4l/,DZHmnIimv4l,"Discover hidden beaches, crystal-clear waters, and unforgettable moments aboard Aliikai. 🌊⚓

From Jinggo Janggo to the stunning islands of Komodo, your next adventure starts here.

Book your next escape today.
📩 Book us to charter your yacht > https://naveliacharters.com/

#naveliaindonesia #naveliacharters #komodoisland #yachtlife #jinggojanggoyacht",Sidecar,2026-06-03 09:31:37+00:00,19.0,1,0.0,Komodo Island,navelia.indonesia,2026-06-03,Apify Instagram Scraper,20.0,2026-06-03
Labuan Bajo,#komodoisland,https://www.instagram.com/p/DZFpJTsmls_/,DZFpJTsmls_,"Cruising through paradise with the best view in sight.

For Reservations contact us:
📞: +62 ‪823‑4463‑5700‬

#LabuanBajo #WonderfulIndonesia #ExploreLabuanBajo #KomodoIsland #SailingTrip",Sidecar,2026-06-02 15:15:17+00:00,19.0,1,0.0,"Labuan Bajo, Flores - Indonesia",amberjack.cruise,2026-06-03,Apify Instagram Scraper,20.0,2026-06-02
Labuan Bajo,#pinkbeachkomodo,https://www.instagram.com/p/DY0ZqUxjaBS/,DY0ZqUxjaBS,"OK… mais qui d’autre ajouterait IMMÉDIATEMENT cette croisière - incluant dragons de Komodo, plage rose et requins-baleines - sur sa bucket list? 😳🌴🐋

Nos 4 jours de croisière entre Lombok, Padar et Komodo (alias l’une des plus belles aventures à vivre en Indonésie) – à lire sur le blogue 🇮🇩

📸 @mariemaximec",Sidecar,2026-05-26 22:32:54+00:00,17.0,3,0.0,,extraextravoyage,2026-06-03,Apify Instagram Scraper,20.0,2026-05-26
Labuan Bajo,#wisatalabuanbajo,https://www.instagram.com/p/DXqcGAaiSZl/,DXqcGAaiSZl,"""Nature is not a place to visit. It is home.""

AMELIA HILL, Labuan Bajo
-
-
-
-
-
-
-
-
#ameliahill
#ameliahilllabuanbajo 
#komodoisland 
#labuanbajo
#wisatalabuanbajo",Image,2026-04-28 05:10:23+00:00,10.0,10,0.0,Bukit Amelia Sea,m1sterjajan,2026-06-03,Apify Instagram Scraper,20.0,2026-04-28
Labuan Bajo,#labuanbajo,https://www.instagram.com/p/DZHfwKbgcMS/,DZHfwKbgcMS,".
.
.
.
#taaktanalabuanbajo #indonesia #labuanbajo #taaktanaluxurycollectionresortandspa #familyvacay",Sidecar,2026-06-03 08:31:41+00:00,18.0,0,0.0,"TA'AKTANA, a Luxury Collection Resort & Spa, Labuan Bajo",dorisdemartini,2026-06-03,Apify Instagram Scraper,18.0,2026-06-03
Labuan Bajo,#labuanbajo,https://www.instagram.com/p/DZHeNJEGt-j/,DZHeNJEGt-j,"Maafkan.... Aku jatuh suka padamu Flores 😍
🏝️
🏝️
🏝️
#exploreindonesia #pinkbeach #labuanbajo #pesonaindonesia #flores",Sidecar,2026-06-03 08:18:10+00:00,17.0,0,0.0,Pink Beach - Labuan Bajo - NTT,na_vi_gha,2026-06-03,Apify Instagram Scraper,17.0,2026-06-03
Labuan Bajo,#wisatalabuanbajo,https://www.instagram.com/p/DXqbBWwCVvK/,DXqbBWwCVvK,"""Look deep into nature, and then you will understand everything better."" 

PADAR ISLAND, Labuan Bajo
-
-
-
-
-
-
-
-
-
#padarisland 
#komodoisland 
#labuanbajo 
#wisatalabuanbajo 
#labuanbajotrip",Image,2026-04-28 05:01:01+00:00,16.0,0,0.0,Padar Island Labuan Bajo,m1sterjajan,2026-06-03,Apify Instagram Scraper,16.0,2026-04-28
Labuan Bajo,#labuanbajo,https://www.instagram.com/p/DZHlahYidTF/,DZHlahYidTF,"Postcard sewaktu kerja jadi PNS di labuan bajo

#kelanaplus62 #PNSony #labuanbajo #floresntt",Sidecar,2026-06-03 09:21:10+00:00,15.0,0,0.0,"Labuan Bajo,NTT",muhammad.al.rasyid,2026-06-03,Apify Instagram Scraper,15.0,2026-06-03
Labuan Bajo,#komodoisland,https://www.instagram.com/p/Catn8CErntw/,Catn8CErntw,#hiddengems #hiddenparadise #komodo #komodoisland,Image,2022-03-05 06:56:31+00:00,14.0,0,0.0,Pulau Komodo,rijaafdillah,2026-06-03,Apify Instagram Scraper,14.0,2022-03-05
Labuan Bajo,#labuanbajo,https://www.instagram.com/p/DZHtJjwlKQh/,DZHtJjwlKQh,"12 Hours CH 03

Fat cap trimmed for an even cook
Twelve hours over Flores mango wood
Rested, then the first slice

Twelve hours of smoke ends here

The Smoke House Komodo, Jl. Soekarno Hatta, Labuan Bajo, Flores

#TheSmokehouseKomodo #LabuanBajo #Brisket",Sidecar,2026-06-03 10:28:45+00:00,7.0,2,0.0,Labuan Bajo Komodo,smokehousekomodo,2026-06-03,Apify Instagram Scraper,9.0,2026-06-03
Labuan Bajo,#pulaukomodo,https://www.instagram.com/p/DYd-ZGfEXyJ/,DYd-ZGfEXyJ,#pulaukomodo#labuanbajo,Sidecar,2026-05-18 05:31:19+00:00,9.0,0,0.0,,sec.ciii07,2026-06-03,Apify Instagram Scraper,9.0,2026-05-18
Labuan Bajo,#labuanbajo,https://www.instagram.com/p/DZHt4UKCytN/,DZHt4UKCytN,"Labuan Bajo memang terkenal karena Komodo. Pesonanya nggak berhenti di sana. 🌊✨

Dari trekking ke puncak Padar dengan view yang bikin speechless, snorkeling bareng manta ray, menikmati pantai berpasir pink yang langka, sampai menjelajahi bawah laut yang penuh warna.

Setiap pulau punya cerita, setiap pemberhentian punya pemandangan yang bikin kamu susah move on.

Jadi kalau kamu masih berpikir Labuan Bajo cuma tentang Komodo, mungkin ini saatnya melihat sisi lainnya. 🤍

📍 Padar Island
📍 Pink Beach
📍 Manta Point
📍 Coral Garden
📍 Kelor Island

Mana yang paling pengen kamu kunjungi?

#LabuanBajo #LagilagiTrip #ExploreIndonesia #OpenTripLabuanBajo #WonderfulIndonesia TravelIndonesia",Image,2026-06-03 10:35:13+00:00,8.0,0,0.0,,lagilagitrip,2026-06-03,Apify Instagram Scraper,8.0,2026-06-03
Labuan Bajo,#pinkbeachkomodo,https://www.instagram.com/p/DY91ouYmi3p/,DY91ouYmi3p,"“Everything that has breath, praise the Lord!
Worship Christ with the best of your portions.
I know I won’t forget all He’s done.
He’s the strength in this race that I run..”

Some people look strong and happy, not because life has been easy for them, but because they have learned to trust God through every storm and lean on Him through every season of life. 🤍

The waves may rise, and the winds may blow, but they are not easily shaken. They do not lose their direction, and they do not fall, because God is the anchor of their lives. ✨💫🙏🏻

#padarisland #pinkbeachkomodo #komodoisland
#blessed #Godis",Sidecar,2026-05-30 14:30:30+00:00,-1.0,9,0.0,"Padar Island, Labuan Bajo - Flores, Indonesia",dr.lisnaelisabeth,2026-06-03,Apify Instagram Scraper,8.0,2026-05-30
Labuan Bajo,#pinkbeachkomodo,https://www.instagram.com/p/DY7TlryiRha/,DY7TlryiRha,"🌊Ready for the ultimate island escape?
Sail through paradise, meet the legendary Komodo dragons, and discover hidden beaches in Labuan Bajo.
Book your unforgettable journey now with Sail Komodo Tour. Dm for more information🚤✨ #komodonationalpark #padarisland #pinkbeachkomodo #labuanbajo #fyp",Sidecar,2026-05-29 14:54:31+00:00,8.0,0,0.0,,sailkomodotour,2026-06-03,Apify Instagram Scraper,8.0,2026-05-29
Labuan Bajo,#labuanbajo,https://www.instagram.com/p/DZHp0JFgb0V/,DZHp0JFgb0V,"In Labuan Bajo, the sunset transforms the sky into a masterpiece of colors. 🌅✨🎨

This is more than just a view; it's a moment that captures the raw beauty of nature and the magic of this hidden paradise. Where mountains meet the sea and time slows down, Labuan Bajo reminds us of how breathtaking our planet truly is. 🌍💛

#nofilter #labuanbajo #komodo #flores #nusatenggara #indonesia #sunset #sunsetlovers #sunsetphotography #landscapephotography #landscape #paradise #islands #serenity #clouds #colors #travelphotography #trees #sunset_madness",Image,2026-06-03 09:59:39+00:00,7.0,0,0.0,,oswald_mraz,2026-06-03,Apify Instagram Scraper,7.0,2026-06-03
Labuan Bajo,#komodoisland,https://www.instagram.com/p/DZFNbZfmKhe/,DZFNbZfmKhe,"🌴 MORE THAN JUST A VILLA 🌴

Make your stay on Gili Trawangan unforgettable!

We are happy to help organize the most popular island activities and transfers directly from our villa.

🚲 Bike Rental
⚡ E-Bike Rental
🚤 Boat Tickets
🚐 Private Car & Shuttle Transfers
🐢 Snorkeling Trips
🏔️ Rinjani Trekking
🐉 Komodo Island Cruises

Whether you’re looking for adventure, relaxation, island hopping, snorkeling with turtles and whale sharks, or trekking to the summit of Mount Rinjani – we’ve got you covered.

✨ Easy booking
✨ Trusted local partners
✨ Best prices available
✨ Support during your stay

📍 Gili Trawangan, Indonesia

📲 WhatsApp:
+48 574 177 942
+48 881 569 635

Your island adventure starts here 🌊☀️🌴

#GiliTrawangan
#KomodoIsland
#Lombok
#IndonesiaTravel
#islandlife",Sidecar,2026-06-02 11:13:05+00:00,5.0,2,0.0,,albavilla_,2026-06-03,Apify Instagram Scraper,7.0,2026-06-02
Labuan Bajo,#labuanbajo,https://www.instagram.com/p/DZHujmbiJ_6/,DZHujmbiJ_6,"Kalau kamu lagi cari destinasi yang lengkap, Labuan Bajo wajib ada di daftar. ☀️🌊

Kenapa?

✨ Sunset yang selalu bikin betah berlama-lama
✨ Air laut sebening kaca
✨ Kesempatan melihat manta ray di habitat aslinya
✨ Gugusan pulau dengan pemandangan yang luar biasa
✨ Pengalaman hidup di atas kapal yang nggak bisa didapat setiap hari

Labuan Bajo bukan cuma soal tempat yang indah, tapi juga tentang pengalaman yang akan terus kamu ingat bahkan setelah pulang.

Kalau harus pilih satu, pengalaman apa yang paling pengen kamu rasakan di Bajo?
 
#LabuanBajo #LagilagiTrip #TravelWishlist #OpenTripIndonesia #ExploreFlores",Image,2026-06-03 10:41:08+00:00,5.0,1,0.0,,lagilagitrip,2026-06-03,Apify Instagram Scraper,6.0,2026-06-03
Labuan Bajo,#komodoisland,https://www.instagram.com/p/DZG7N2DktM4/,DZG7N2DktM4,"Best couple🥰❤️

#padarisland #pinkbeach #komodoisland #takamakasar",Sidecar,2026-06-03 03:12:26+00:00,6.0,0,0.0,Komodo National Park,_tianprasetyo,2026-06-03,Apify Instagram Scraper,6.0,2026-06-03
Labuan Bajo,#pinkbeachkomodo,https://www.instagram.com/p/DY8z6gAkYbC/,DY8z6gAkYbC,"From passport stamps to wedding plans. Here's to our next big chapter. 🥂. 

#proposal #pinkbeachkomodo
#pinkbeach #komododragon #wonderful_places",Sidecar,2026-05-30 04:56:13+00:00,6.0,0,0.0,Komodo National Park,bajoboatcharter_,2026-06-03,Apify Instagram Scraper,6.0,2026-05-30
Labuan Bajo,#labuanbajo,https://www.instagram.com/p/DZHnQRKJpE9/,DZHnQRKJpE9,😍 #labuanbajo #manggraibarat #photographer #foryou #fypシ❤️💞❤️,Image,2026-06-03 09:40:00+00:00,5.0,0,0.0,"Labuan Bajo, Komodo, Manggarai Barat",gusajock_,2026-06-03,Apify Instagram Scraper,5.0,2026-06-03
Labuan Bajo,#komodoisland,https://www.instagram.com/p/DZHFesUCM0B/,DZHFesUCM0B,"🏝️ Dreaming of an island escape? Indonesia is home to some of the most breathtaking islands in the world! ✨ 🌊 Nusa Penida – Crystal-clear waters and dramatic cliffs 
🐠 Raja Ampat – A paradise for divers and nature lovers 
🌴 Bali – The perfect blend of beaches, culture, and adventure 
🦎 Komodo Island – Home of the legendary Komodo dragons
 🌅 Lombok – Untouched beauty, stunning beaches, and epic sunsets Which one is on your bucket list? 👇 

✈️ Ready to explore Indonesia? Let us plan your perfect island getaway! DM us now and start your tropical adventure. 🌺🌏 

#indonesia #nusapenida #rajaampat #bali #komodoisland",Sidecar,2026-06-03 04:42:07+00:00,5.0,0,0.0,"Bali, Indonesia",travelvichar,2026-06-03,Apify Instagram Scraper,5.0,2026-06-03
Labuan Bajo,#komodoisland,https://www.instagram.com/p/DZFS38gkrp2/,DZFS38gkrp2,"Explore Labuan Bajo on Your Own Schedule! 🌴

Looking for a convenient way to discover the beauty of Labuan Bajo? Rent a scooter with us and enjoy the freedom to explore hidden beaches, scenic hills, local villages, and breathtaking viewpoints at your own pace.

✅ Clean & Well-Maintained Scooters
✅ Regular Service & Safety Checked
✅ Fast Response & Easy Booking
✅ Delivery to Your Location

Start your adventure today and experience Labuan Bajo like a local!

📲 Contact us: +62 821-4649-6063

#LabuanBajo #RentScooterLabuanBajo #ScooterRentalLabuanBajo #KomodoTravelokal #ExploreFlores #VisitLabuanBajo #TravelIndonesia #KomodoIsland #FloresAdventure #MotorbikeRental #BackpackerIndonesia #LabuanBajoTrip #IndonesiaTravel #ExploreMore #TravelFreedom",Image,2026-06-02 12:00:55+00:00,5.0,0,0.0,,komodotravelokal,2026-06-03,Apify Instagram Scraper,5.0,2026-06-02
Labuan Bajo,#komodoisland,https://www.instagram.com/p/DZEuAv4y9zh/,DZEuAv4y9zh,"#komodoisland
#komodonationalpark",Image,2026-06-02 06:39:02+00:00,5.0,0,0.0,,erikflores743,2026-06-03,Apify Instagram Scraper,5.0,2026-06-02
Labuan Bajo,#pulaukomodo,https://www.instagram.com/p/DY9rAjVMshY/,DY9rAjVMshY,"🍃On the beautiful journey to Labuan Bajo, the calm blue sea and gentle breeze seemed to carry my heart along, enjoying the wonders of nature. Standing on the boat, accompanied by views of the beautiful islands surrounding the journey, everything felt so perfect laughter, serenity, and unforgettable moments. Because Labuan Bajo isn't just about the destination, but about the beautiful memories that will always be cherished. 🌊✨

more info:

call/whatsApp:+628213730902

gmail:info@bajokomodoexplore.com

#opentrip 

#triplabuanbajo 

#labuanbajotrip 

#pulaupadar 

#pulaukomodo",Image,2026-05-30 12:57:53+00:00,5.0,0,0.0,Labuan Bajo Komodo,bajokomodoexplore_,2026-06-03,Apify Instagram Scraper,5.0,2026-05-30
Labuan Bajo,#pulaukomodo,https://www.instagram.com/p/DY5r7Jrvw8t/,DY5r7Jrvw8t,"One photo tells so many stories. About travel, togetherness, and the small moments that actually feel most meaningful.

Between nature, silence, and fascinating ancient creatures

More info 

Telp/WhatsApp: +62 8213730902

Gmail: bajokomodoexplore@gmail.com 

#opentrip

#overland 

#labuanbajo 

#pulaukomodo 

#indonesia",Image,2026-05-28 23:49:05+00:00,4.0,1,0.0,Labuan Bajo Komodo,bajokomodoexplore_,2026-06-03,Apify Instagram Scraper,5.0,2026-05-28
Labuan Bajo,#pulaukomodo,https://www.instagram.com/p/DYnvMz7Hzx_/,DYnvMz7Hzx_,"Manalagi kita nih dek? 😂
#pulaukomodo #labuanbajo #vacation",Sidecar,2026-05-22 00:30:59+00:00,5.0,0,0.0,,deboramargarethasilalahi,2026-06-03,Apify Instagram Scraper,5.0,2026-05-22
Labuan Bajo,#labuanbajo,https://www.instagram.com/p/DZHvF3Ci9EQ/,DZHvF3Ci9EQ,"Masih bingung pilih Open Trip atau Private Trip? 🤔

Sebenarnya nggak ada yang lebih baik, semuanya tergantung gaya liburan kamu.

🚤 Open Trip cocok buat kamu yang ingin lebih hemat, suka ketemu teman baru, dan nggak ribet mengatur perjalanan.

🏝️ Private Trip cocok buat kamu yang ingin perjalanan lebih fleksibel, itinerary yang bisa disesuaikan, dan suasana yang lebih eksklusif bersama pasangan, keluarga, atau teman dekat.

Apa pun pilihannya, tujuan akhirnya tetap sama: menikmati keindahan Labuan Bajo dengan cara yang paling nyaman buat kamu.

Lagilagi Trip siap bantu cari paket yang paling cocok untuk perjalananmu. ✨

Kamu tim Open Trip atau Private Trip?

#LabuanBajo #LagilagiTrip #OpenTripLabuanBajo #PrivateTripLabuanBajo",Image,2026-06-03 10:45:48+00:00,4.0,0,0.0,,lagilagitrip,2026-06-03,Apify Instagram Scraper,4.0,2026-06-03
Labuan Bajo,#labuanbajo,https://www.instagram.com/p/DZHuLkiiYPe/,DZHuLkiiYPe,"Solo trip atau bareng teman, #LabuanBajo selalu punya cerita untuk dibawa pulang 🚤 Yang penting jangan cuma jadi wacana, karena sekarang explore Bajo bisa dimulai dari Rp1.350.000 bareng #KomodoArchipelagoCruise.",Sidecar,2026-06-03 10:37:46+00:00,4.0,0,0.0,,daytripkomodo_,2026-06-03,Apify Instagram Scraper,4.0,2026-06-03
Labuan Bajo,#labuanbajo,https://www.instagram.com/p/DZHrp66EqNU/,DZHrp66EqNU,"Looking for the perfect way to spend your afternoon in Labuan Bajo?

Join our Sunset Trip and experience breathtaking island views, crystal-clear waters, and the magical sunset that makes Komodo National Park famous around the world.

📍 Kelor Island
📍 Manjarite
📍 Kalong Island (Flying Fox Sunset)

✨ Stunning island scenery
✨ Amazing photo opportunities
✨ Watch thousands of flying foxes at sunset
✨ Perfect for solo travelers, couples, friends, and families

💰 Start from Rp 400K/Pax
📅 Daily Departure

🔥 Limited seats available!

📲 Book now:
+62 821-4649-6063

Experience the magical sunset of Labuan Bajo and create unforgettable memories with us!
#LabuanBajo #SunsetTrip #KomodoIsland #KomodoNationalPark #OpenTripLabuanBajo #ExploreIndonesia #WonderfulIndonesia #IslandHopping #KelorIsland #Manjarite #KalongIsland #FlyingFoxSunset #TravelIndonesia #VisitLabuanBajo #AdventureAwaits #TravelGram #VacationMode #NatureLovers #IndonesiaTrip #KomodoTravelLocal",Image,2026-06-03 10:15:56+00:00,4.0,0,0.0,,komodotravelokal,2026-06-03,Apify Instagram Scraper,4.0,2026-06-03
Labuan Bajo,#pulaukomodo,https://www.instagram.com/p/DY0sQ3uEtrG/,DY0sQ3uEtrG,"Swipe left buat liat detail kamar Kelimutu Deluxe Suite dan fasilitas Kerennya ➡️

Definisi escape yang sesungguhnya: Santai di pinggir kolam sambil nikmatin vibes premium Komodo. 🌴🥂

Dapatkan harga spesial Rp 2.3XX.XXX/malam khusus pemesanan & menginap di bulan Mei 2026 ini.

Chat sekarang via WA (+62 877-8579-1029) sebelum promonya berakhir 

#sweetescapetravel #promohotel #voucherhotel #staycation #pulaukomodo",Sidecar,2026-05-27 01:15:27+00:00,4.0,0,0.0,,sweetescapetravelservice,2026-06-03,Apify Instagram Scraper,4.0,2026-05-27
Labuan Bajo,#pulaukomodo,https://www.instagram.com/p/DYebb3spKWy/,DYebb3spKWy,"Terima kasih sudah mempercayakan liburannya bersama tukang holiday🤩😍🥰

Rencanakan dan konsultasikan liburan anda ke Lombok, Sumbawa, Bali & Labuan Bajo secara gratiiss bersama tukang holiday, tinggal berangkat dan nikmati perjalanannya🏝️🤩
.
.
.
#labuanbajo #opentriplabuanbajo #pulaukomodo #padarisland #pulaukelor",Image,2026-05-18 09:47:01+00:00,4.0,0,0.0,,tukang_holiday,2026-06-03,Apify Instagram Scraper,4.0,2026-05-18
Labuan Bajo,#wisatalabuanbajo,https://www.instagram.com/p/DYyoE07EkFE/,DYyoE07EkFE,"Liburan keluarga di Labuan Bajo, cerita indah yang akan selalu dikenang 💙🌴

📷 Mrs. Mawar & keluarga.
Terima kasih. Bahagia selalu..♥️

#harisbajo #labuanbajo #tourlabuanbajo #wisatalabuanbajo #komodoisland",Sidecar,2026-05-26 06:00:22+00:00,4.0,0,0.0,,haris_bali,2026-06-03,Apify Instagram Scraper,4.0,2026-05-26
Labuan Bajo,#wisatalabuanbajo,https://www.instagram.com/p/DYqa8owkqDx/,DYqa8owkqDx,"Jelajahi Labuan Bajo jadi lebih mudah dengan sewa motor dari Komodo Travelokal! 🛵💨
Nikmati perjalanan nyaman, praktis, dan hemat mulai dari Rp100 ribuan saja. Cocok untuk keliling kota, hunting sunset, hingga eksplor hidden gem di sekitar Labuan Bajo 🌴☀️

🎉 Diskon spesial 10% untuk sewa di akhir pekan!
📍 Proses cepat & mudah
📍 Motor nyaman dan siap jalan
📍 Cocok untuk solo traveler maupun liburan bareng teman

Yuk booking sekarang sebelum kehabisan! 🚀
📲 Hubungi kami untuk informasi dan reservasi.

#SewaMotorLabuanBajo #RentalMotorLabuanBajo #KomodoTravelokal #LabuanBajoTrip #ExploreLabuanBajo #SewaMotorMurah #TripLabuanBajo #WisataLabuanBajo #LiburanFlores #BackpackerIndonesia #RentalMotorFlores #JelajahLabuanBajo #TravelIndonesia #VisitLabuanBajo #HolidayIndonesia #MotorRental #ExploreFlores #LiburanMurah #TravelFlores #LabuanBajoAdventure",Image,2026-05-23 01:31:57+00:00,4.0,0,0.0,,komodotravelokal,2026-06-03,Apify Instagram Scraper,4.0,2026-05-23
Labuan Bajo,#labuanbajo,https://www.instagram.com/p/DZHrdCGgZGG/,DZHrdCGgZGG,"🐋 MANTA RAYS OF LABUAN BAJO

Floating through the ocean like underwater birds, manta rays are one of the biggest reasons travelers visit Komodo National Park.

✨ Over 1,000 individual mantas have been identified in Komodo.
✨ They can grow up to 5 meters wide.
✨ Every manta has a unique belly pattern.
✨ They visit underwater cleaning stations like a natural spa.
✨ Despite their size, they are completely harmless to humans.

Seeing a manta ray in the wild is truly one of those moments you’ll never forget.

📍 Have you seen mantas in Komodo before?

#LabuanBajo #KomodoNationalPark #MantaRay #MantaPoint #KomodoTrip LiveaboardIndonesia",Sidecar,2026-06-03 10:13:56+00:00,3.0,0,0.0,"Manta Point, Komodo National Park",aimaralwayscruise,2026-06-03,Apify Instagram Scraper,3.0,2026-06-03
Labuan Bajo,#komodoisland,https://www.instagram.com/p/DZFwUPLGxKN/,DZFwUPLGxKN,"Day 2 of the trip 🚤✨🇮🇩
The journey gets better every day. Grateful for the views, the moments, and the memories.
#komodoisland #pinkbeach #padarisland",Sidecar,2026-06-02 16:17:57+00:00,3.0,0,0.0,Padar Island,itsyoeyoe,2026-06-03,Apify Instagram Scraper,3.0,2026-06-02
Labuan Bajo,#komodoisland,https://www.instagram.com/p/DZFtyyjj5nF/,DZFtyyjj5nF,"Day 1 of the trip 🏝️

Beautiful views, good vibes, and unforgettable moments. This is just the beginning.
#komodoisland #kelor #kalong",Sidecar,2026-06-02 15:55:54+00:00,3.0,0,0.0,,itsyoeyoe,2026-06-03,Apify Instagram Scraper,3.0,2026-06-02
Labuan Bajo,#pulaukomodo,https://www.instagram.com/p/DY9qz95sTbP/,DY9qz95sTbP,"With you, every step feels like a story that wants to be repeated over and over again. Among the vast ocean and beautiful hills, we find happiness in simplicity laughing together, holding each other, and enjoying time without wanting to rush. The wind brings calm, the waves accompany the journey, and your eyes are always the most comfortable place to return to. It's not about how far the journey is, but about who is always by our side. ❤️

more info

call/whatsaap:+628213730902

gmail:info@bajokomodoexplore.com

#bajokomodoexplore 

#opentrip

#komodoisland 

#pulaukomodo 

#travelingstylist",Image,2026-05-30 12:56:13+00:00,3.0,0,0.0,"Kelor Island, Labuan Bajo",bajokomodoexplore_,2026-06-03,Apify Instagram Scraper,3.0,2026-05-30
Labuan Bajo,#pulaukomodo,https://www.instagram.com/p/DYiunP5z2K2/,DYiunP5z2K2,"PT Angkasa Pura Indonesia (InJourney Airports) at Lombok International Airport has officially expanded its services with the addition of a new airline serving the Jakarta (CGK) - Lombok (LOP) round-trip route. This strategic move is expected to significantly enhance accessibility for travelers looking to explore the hidden gems of Indonesia’s Eastern region.

The new service, operated by TransNusa, offers two daily frequencies using Airbus A320 aircraft. Flights from Jakarta depart at 05:00 WIB and 15:00 WIB, while return flights from Lombok are scheduled for 08:30 WITA and 18:15 WITA. Passengers can enjoy premium facilities, including 7kg of cabin baggage and 20kg of checked baggage.

“The operation of this direct Jakarta-Lombok route is a manifestation of our shared commitment to increasing accessibility and providing more flight schedule options for the public,” said Aidhil Philip, General Manager of Lombok International Airport.

The Bridge to Labuan Bajo
This expansion does more than just connect the capital to Lombok; it strengthens Lombok’s position as a vital transit hub for travelers heading to Labuan Bajo. With the addition of this route, Lombok Airport now serves direct connectivity to 12 domestic destinations, including a seamless connection to Labuan Bajo (LBJ).

For international and domestic tourists, this means a more flexible and efficient way to plan a “”Multi-Destination”” vacation. Travelers can now easily combine the cultural richness of Lombok with the world-class adventure of Labuan Bajo and Komodo National Park.

The increased frequency of flights into Lombok acts as a strategic “”stepping stone,”” making the journey to see the Komodo Dragons faster and more convenient than ever before. Whether you are a business traveler or a tourist seeking a bucket-list adventure, the strengthened air network in East Nusa Tenggara is ready to welcome you.

IG: @laconchabajo 
Phone: +62 858-6000-5558

#LaConcha 
#LabuanBajo
#IndonesiaTourism 
#VisitIndonesia 
#FloresIsland",Image,2026-05-20 01:50:39+00:00,2.0,1,0.0,"Labuan Bajo,NTT",laconchabajo,2026-06-03,Apify Instagram Scraper,3.0,2026-05-20
Labuan Bajo,#pinkbeachkomodo,https://www.instagram.com/p/DYucFexygL_/,DYucFexygL_,"Pause for a moment from the noise. 
Mountains at sunrise. Blue sea at sunset. 
If you need this, just ask.
.
.
#pinkbeachkomodo",Image,2026-05-24 15:00:01+00:00,3.0,0,0.0,Pink Beach - Labuan Bajo - NTT,travelwithussssss,2026-06-03,Apify Instagram Scraper,3.0,2026-05-24
Labuan Bajo,#wisatalabuanbajo,https://www.instagram.com/p/DZDypZhTDhn/,DZDypZhTDhn,"Waktunya tekan tombol power dan matikan semua penat pekerjaan! 🔌✨

Saatnya buat recharge energi kamu di tempat di mana petualangan berlayar berpadu sempurna dengan surga dunia. Bersama EvTrip, kamu bakal diajak menjelajahi keindahan Labuan Bajo premium selama 4 hari penuh tanpa ribet.

Amankan kursi kamu sekarang, karena kuota terbatas!

🏝️ 4 Days Labuan Bajo Tour
💰 Mulai dari Rp 5.500.000 / pax
📞 Info & Booking: Hubungi kami via WhatsApp di +62 881-6086-586 atau kunjungi evtrip.id (Klik link di bio!)

#evtrip #labuanbajo #opentriplabuanbajo #sailingkomodo #wisatalabuanbajo",Image,2026-06-01 21:59:52+00:00,3.0,0,0.0,"Surabaya, Jawa Timur, Indonesia",evtrip.id,2026-06-03,Apify Instagram Scraper,3.0,2026-06-01
Labuan Bajo,#wisatalabuanbajo,https://www.instagram.com/p/DYEp1Q2E26Z/,DYEp1Q2E26Z,"Ayo boking sekarang!!

#fulldaytrip 
#labuanbajo 
#wisatalabuanbajo",Sidecar,2026-05-08 09:30:39+00:00,3.0,0,0.0,"Labuanbajo, Nusa Tenggara Timur, Indonesia",1dtripflores,2026-06-03,Apify Instagram Scraper,3.0,2026-05-08
Labuan Bajo,#wisatalabuanbajo,https://www.instagram.com/p/DYBhddaGQFY/,DYBhddaGQFY,"Mau trip Labuan Bajo tapi bingung mulai dari mana? 🌊
Banyak yang langsung cari harga murah atau promo, padahal ada hal-hal yang lebih penting dicek duluan — supaya tripmu berjalan lancar dari awal sampai akhir.
Ini 5 hal yang sebaiknya kamu pertimbangkan sebelum booking open trip Labuan Bajo. Swipe sampai habis ya 👉

Sudah tahu tipsnya? Sekarang tinggal pilih tripmu.
Di opentripbajo.com semua pilihan kapal open trip Labuan Bajo sudah terkumpul di satu tempat — tinggal pilih tanggal, pilih kapal, beres.
🔗 Link di bio

#LabuanBajo #OpenTripLabuanBajo #TripLabuanBajo #WisataLabuanBajo #KomodoIsland #OpenTrip #TipsTravel #TravelIndonesia #PhinisiLabuanBajo #labuanbajo2026",Sidecar,2026-05-07 04:19:46+00:00,3.0,0,0.0,,bolangtour_id,2026-06-03,Apify Instagram Scraper,3.0,2026-05-07
Labuan Bajo,#labuanbajo,https://www.instagram.com/p/DZHtVXGiWJY/,DZHtVXGiWJY,"Sunset skies, endless vibes.

#genaracruise #ladygracephinisi #rileyphinisi #cruise #labuanbajo #lover #komodo #bajo",Sidecar,2026-06-03 10:30:22+00:00,2.0,0,0.0,,genaracruise,2026-06-03,Apify Instagram Scraper,2.0,2026-06-03
Labuan Bajo,#komodoisland,https://www.instagram.com/p/DZHwrZmCUZ0/,DZHwrZmCUZ0,"First night on board, leaving Lombok and sailing toward Flores. 🌊⛵

Under a sky full of stars, accompanied by the sound of the waves and the ocean breeze, this incredible journey has just begun. Every mile brings us closer to the unforgettable adventures waiting in Flores and Komodo. ✨

Good vibes, great company, and an unforgettable journey ahead. 🌙🚢

#FloresTrip #SailingAdventure #KomodoIsland #RinjaniByYou",Sidecar,2026-06-03 10:59:35+00:00,2.0,0,0.0,,rinjanibyyou,2026-06-03,Apify Instagram Scraper,2.0,2026-06-03
Labuan Bajo,#pulaukomodo,https://www.instagram.com/p/DYmlNd6lFKE/,DYmlNd6lFKE,"Langit biru Nusa Tenggara Timur menyambut kedatangan tamu istimewa. MV Odyssey, kapal pesiar mewah berbobot 24.344 Gross Tonnage (GT) dengan panjang 194 meter, pertama kali mengibaskan sauhnya di perairan Pulau Komodo pada 25 April 2026. Membawa 274 penumpang, kapal ini datang dari Dili, Timor-Leste, langsung disambut layanan penuh kebanggaan dari PT Pelayaran Nasional Indonesia (PELNI).

Bukan sekadar singgah, MV Odyssey menjelajahi tiga pelabuhan strategis: Benoa (Denpasar), Tanjung Perak (Surabaya), dan Tanjung Mas (Semarang). Di sinilah peran PELNI sebagai full port agency benar-benar bersinar—mengurus dokumen, menyediakan paket wisata eksotis di Komodo, hingga menghadirkan layanan shuttle bus yang membuat penumpang merasa seperti di rumah.

“Kami ingin memastikan setiap kapal pesiar internasional yang bersandar di Indonesia merasakan layanan profesional, aman, dan tepat waktu,” ujar Sekretaris Perusahaan PELNI, Ditto Pappilanda...

Selengkapnya klik suaradaring.com
______
Jangan lupa follow sosmednya ya dan subscribe YouTube suarda channel 
.
Untuk informasi pemasangan iklan ataupun endorse produk jualan silahkan hubungi kami di 
+62 855-4580-0585
.
#pełni #pelniparepare #ntt #pulaukomodo #mvodyssey",Sidecar,2026-05-21 13:44:27+00:00,2.0,0,0.0,,suaradaringdotcom,2026-06-03,Apify Instagram Scraper,2.0,2026-05-21
Labuan Bajo,#pulaukomodo,https://www.instagram.com/p/DYi5a4zExaM/,DYi5a4zExaM,"Komodo, naga asli indonesia, ternyata lebih mengerikan dari yang kita bayangkan.
mereka bisa berkembang biak tanpa pejantan, mendeteksi mangsa hingga 9 km lewat lidah bercabangnya, punya racun di rahang, bahkan mampu mengenali wajah manusia. jadi mungkin… selama ini komodo juga sedang mengamati kita 👀

siap bertemu langsung dengan sang reptil purba?
--
The komodo dragon, indonesia’s real-life dragon, is far more terrifying than we imagined.
they can reproduce without males, detect prey from nearly 9 km away using their forked tongues, possess venomous jaws, and even recognize human faces. maybe all this time… the komodo has been watching us too 👀

ready to meet this ancient reptile in real life?
🌊 explore komodo island with torungka wisata and experience an unforgettable adventure.

PT. Torungka Malabiri Indonesia
Phone/WA : 0821-4456-8855
for email : torungkawisata@gmail.com

#komodo #komododragon #pulaukomodo #labuanbajo #wonderfulindonesia #travelindonesia #exploreindonesia #fyp #travelgram #torungkawisata #tripkelabuanbajo #daytriplabuanbajo",Image,2026-05-20 03:24:05+00:00,2.0,0,0.0,"Labuan Bajo, Komodo, Manggarai Barat",torungkawisata,2026-06-03,Apify Instagram Scraper,2.0,2026-05-20
Labuan Bajo,#wisatalabuanbajo,https://www.instagram.com/p/DYcJhxuze7F/,DYcJhxuze7F,"Gua Rangko ini definisi hidden gem sesungguhnya di Labuan Bajo. Waktu terbaik ke sini sekitar jam 12.00 - 14.00 WITA, karena matahari bakal masuk tepat di atas celah gua dan bikin airnya berkilau super biru! 

​#guarangko #labuanbajo #explorelabuanbajo #hiddengemindonesia #wisatalabuanbajo",Image,2026-05-17 12:30:11+00:00,2.0,0,0.0,Rangko Cave,dhymas_anry,2026-06-03,Apify Instagram Scraper,2.0,2026-05-17
Labuan Bajo,#labuanbajo,https://www.instagram.com/p/DZHvGPmGPBO/,DZHvGPmGPBO,"감탄, 그리고 ""미쳤다""란 말 1827494397번",Sidecar,2026-06-03 10:45:47+00:00,-1.0,2,0.0,"Labuan Bajo, Flores - Indonesia",anna__1004,2026-06-03,Apify Instagram Scraper,1.0,2026-06-03
Labuan Bajo,#labuanbajo,https://www.instagram.com/p/DZHsz-UINn1/,DZHsz-UINn1,"The buff of Rinca. Gentle, composed, and muddy. They're lovely. #lifeofadventure #wildlife #labuanbajo #thegreatoutdoors",Sidecar,2026-06-03 10:25:48+00:00,1.0,0,0.0,Pulau Rinca,kafkaringo,2026-06-03,Apify Instagram Scraper,1.0,2026-06-03
Labuan Bajo,#labuanbajo,https://www.instagram.com/p/DZHfMamJCLV/,DZHfMamJCLV,#pulaupadar#labuanbajo#nttpride,Image,2026-06-03 08:26:51+00:00,1.0,0,0.0,,_ffhhmmii,2026-06-03,Apify Instagram Scraper,1.0,2026-06-03
Labuan Bajo,#komodoisland,https://www.instagram.com/p/DZFu7v7CCjQ/,DZFu7v7CCjQ,"Stills from the Komodo Islands 🇮🇩

Three days sailing through the Komodo National Park, from Labuan Bajo to Lombok. Visiting islands and locals along the way, coming face to face with Komodo Dragons and getting to see even more of Indonesia’s ridiculous landscapes.

#Komodo #Indonesia #CinematicTravel #TravelPhotography #KomodoIsland",Sidecar,2026-06-02 16:05:02+00:00,-1.0,2,0.0,"Komodo Islands, Indonesia",fergushatton_,2026-06-03,Apify Instagram Scraper,1.0,2026-06-02
Labuan Bajo,#pulaukomodo,https://www.instagram.com/p/DZCl3fkki8f/,DZCl3fkki8f,"Di ujung timur Nusantara, hidup seekor naga purba yang masih bertahan hingga kini — Komodo. Dengan tubuh raksasa sepanjang 3 meter dan berat hampir 90 kilogram, ia berjalan gagah di tanah kering Pulau Komodo, Rinca, Padar, dan Flores. Hewan ini bukan sekadar kadal besar, melainkan simbol kekuatan dan misteri alam Indonesia.

Komodo adalah predator puncak. Gigitan beracunnya mengandung puluhan bakteri mematikan, membuat mangsa seperti rusa, babi, dan kerbau tak berdaya. Ia mampu berlari cepat, mencium bau hingga 5 kilometer dengan lidahnya, dan bertahan tanpa makan selama sebulan penuh. Setiap gerakannya adalah bukti ketangguhan yang diwariskan sejak jutaan tahun lalu.

Namun, populasi Komodo kini hanya sekitar 3.000 ekor di alam liar. Ia bukan sekadar daya tarik wisata, tetapi juga warisan dunia yang harus dijaga. Mari kita bersama-sama melestarikan sang naga purba ini, agar generasi mendatang masih bisa menyaksikan keajaiban hidup yang hanya ada di Indonesia. 🌿🇮🇩✨

#KomodoIndonesia #NagaPurba #WildlifeIndonesia #PulauKomodo #UNESCOHeritage #SaveKomodo #NatureConservation #WonderfulIndonesia #KomodoNationalPark #IndonesiaBangga",Image,2026-06-01 10:48:55+00:00,1.0,0,0.0,,mewarnaidata,2026-06-03,Apify Instagram Scraper,1.0,2026-06-01
Labuan Bajo,#pulaukomodo,https://www.instagram.com/p/DYo6zhQk33z/,DYo6zhQk33z,"Jadwal KM Wilis Labuan Bajo ke Batulicin 2026 – Lewat Makassar, Flores ke Kalimantan Naik Kapal!

---

Dari surga Komodo langsung ke Kalimantan? Ya, bisa! 🦎🌿 Dan perjalanannya lebih seru dari yang kamu bayangkan!

🛳️ **KM Wilis** siap membawamu berlayar dari ujung Flores hingga pesisir Kalimantan Selatan:

⚓ **Jadwal 1**
🗓️ **31 Mei 2026 pukul 06.00** dari Labuan Bajo
📍 Tiba **Batulicin — 2 Juni pukul 15.00**
🛤️ *Via: Makassar*

⚓ **Jadwal 2**
🗓️ **14 Juni 2026 pukul 06.00** dari Labuan Bajo
📍 Tiba **Batulicin — 16 Juni pukul 15.00**
🛤️ *Via: Makassar*

Coba bayangkan ini — **berangkat pagi dari Labuan Bajo** 🌅, meninggalkan keindahan Pink Beach dan Pulau Komodo di belakangmu, lalu singgah di **Makassar** — kota Daeng yang terkenal dengan Coto Makassar dan sunset Losari yang ikonik! 🌆🍲

Kemudian berlayar lagi menembus Selat Makassar menuju **Batulicin** di Kalimantan Selatan — kota pelabuhan yang jadi pintu masuk ke bumi Borneo yang eksotis! 🌴🐒

2 malam di atas laut, tapi worth it banget! ⭐ Langit malam di tengah Selat Makassar itu... gelap, luas, berbintang — bikin kamu sadar betapa besarnya Indonesia yang kita cintai ini 🇮🇩💙

⚠️ **2 jadwal tersedia** — pilih yang paling cocok dengan rencanamu! Tapi jangan lama-lama, tiket KM Wilis selalu jadi incaran! 🎯🔥

Langsung hubungi kami untuk pemesanan tiket! 😊🙏
— **Febrydunn_group**
📞 **+62 821 4546 9350**

---

#jadwalkapalpelni #labuanbajotrip #batulicin #ntt #pulaukomodo",Sidecar,2026-05-22 11:31:37+00:00,1.0,0,0.0,,febrydunn_group,2026-06-03,Apify Instagram Scraper,1.0,2026-05-22
Labuan Bajo,#wisatalabuanbajo,https://www.instagram.com/p/DY3UwWUD6Tg/,DY3UwWUD6Tg,"Jelajahi Labuan Bajo Lebih Bebas dengan Motor Rental Terpercaya!

Nikmati perjalanan lebih praktis dan hemat selama di Labuan Bajo 🌴
Dengan motor yang terawat, proses mudah, dan harga terjangkau, perjalanan kamu jadi lebih nyaman untuk explore destinasi terbaik di Flores ✨

✅ Motor bersih & terawat
✅ Harga bersahabat
✅ Pelayanan cepat & mudah
✅ Cocok untuk trip harian maupun keliling Flores

Siap jalan tanpa ribet?
📲 Hubungi kami sekarang dan booking motormu hari ini!

#labuanbajo #sewamotorlabuanbajo #rentalmotorlabuanbajo #komodotrip #floresisland #exploreflores #travelindonesia #labuanbajotrip #tripkomodo #wisatalabuanbajo #sewamotorflores #jalanjalanindonesia #backpackerindonesia #holidayindonesia #komodotravelokal #motorental #liburanhemat #wonderfulindonesia #exploreindonesia #travelgramindonesia",Image,2026-05-28 01:47:59+00:00,1.0,0,0.0,,komodotravelokal,2026-06-03,Apify Instagram Scraper,1.0,2026-05-28
Labuan Bajo,#wisatalabuanbajo,https://www.instagram.com/p/DYtAix-y7Pi/,DYtAix-y7Pi,"Waktunya menepi ke Labuan Bajo!
Nikmati liburan 3D2N dengan laut sebening kristal, pulau-pulau eksotis, dan sunset yang siap bikin kamu jatuh cinta pada pandangan pertama 
Paket wisata sudah termasuk:
✅ Tiket Pesawat
✅ Penginapan
✅ Makan
✅ Ferry
Cocok buat healing, adventure, maupun quality time bareng bestie & keluarga 
📍Labuan Bajo, East Nusa Tenggara
Karena ada tempat yang bukan cuma indah untuk dikunjungi, tapi juga sulit untuk dilupakan 
Yuk mulai perjalanan serumu sekarang!
📲 Booking & info lebih lanjut:
+62 812-2141-155
+62 821-2061-8990
#LabuanBajo #LabuanBajoTrip #ExploreLabuanBajo #WisataLabuanBajo #LabuanBajo3D2N OpenTripLabuanBajo TravelIndonesia WonderfulIndonesia HealingTrip IslandEscape PaketWisata LinggawangiTravel TripIndonesia LiburanPantai TravelGoals",Image,2026-05-24 01:39:30+00:00,1.0,0,0.0,,linggawangitourandtravel,2026-06-03,Apify Instagram Scraper,1.0,2026-05-24
Labuan Bajo,#wisatalabuanbajo,https://www.instagram.com/p/DYT__1_GgnW/,DYT__1_GgnW,"Komodo natiolal park📌
#pulaupadar
#komodonttflores
#wisatalabuanbajo",Image,2026-05-14 08:32:58+00:00,1.0,0,0.0,,kalis_day,2026-06-03,Apify Instagram Scraper,1.0,2026-05-14
Labuan Bajo,#wisatalabuanbajo,https://www.instagram.com/p/DXzHNfViOsD/,DXzHNfViOsD,"Daripada bingung nyusun itinerary sendiri, mending kita rangkumin aja biar kamu tinggal jalan dan nikmatin setiap momennya.

Kalau kamu mau versi itinerary lengkap atau paket jalan hemat lainnnya, tinggal bilang aja ya 📍

#LabuanBajo #ExploreLabuanBajo #VisitLabuanBajo #WisataLabuanBajo #TripLabuanBajo",Sidecar,2026-05-01 14:01:02+00:00,1.0,0,0.0,,pergibarengwwiiddiiyyaannttii,2026-06-03,Apify Instagram Scraper,1.0,2026-05-01
Labuan Bajo,#wisatalabuanbajo,https://www.instagram.com/p/DXiTz5Zk8Lk/,DXiTz5Zk8Lk,"Read this! 🙏🏻
Yuk, bersama-sama kita jaga Labuan Bajo tetap kondusif, kuat, dan penuh peluang lewat kolaborasi antar pelaku wisata!

#labuanbajo #labuanbajoindonesia #wisatalabuanbajo #labuanbajotrip #tamannasionalkomodo",Image,2026-04-25 01:24:03+00:00,1.0,0,0.0,"Labuan Bajo, Komodo, Manggarai Barat",apwlabuanbajo,2026-06-03,Apify Instagram Scraper,1.0,2026-04-25
Labuan Bajo,#wisatalabuanbajo,https://www.instagram.com/p/DXgxuzdk5-O/,DXgxuzdk5-O,"APW Labuan Bajo menerima ide-ide cemerlang membantu pariwisata yang lebih maju.

Gabung dengan klik link ini: https://chat.whatsapp.com/I0KITx00TVbFXJUEf3R6cA?mode=ac_t

#labuanbajo #labuanbajoindonesia #apwlabuanbajo #wisatalabuanbajo #labuanbajotrip",Image,2026-04-24 11:07:01+00:00,1.0,0,0.0,Labuan Bajo,apwlabuanbajo,2026-06-03,Apify Instagram Scraper,1.0,2026-04-24
Labuan Bajo,#labuanbajo,https://www.instagram.com/p/DZHtilVk_IN/,DZHtilVk_IN,"Today, Tya and Jasmin are in Flores, visiting Labuan Bajo Ruteng and Borong, East Manggarai, to meet with patients and their families. Tomorrow, they will continue their outreach activities by visiting the local Health Office, community health centers (Puskesmas), and picking up patients who need medical assistance.

If you have family members, relatives, or friends in the Manggarai area who may benefit from the services of Kolewa Foundation, please contact us through the phone number provided on this poster.

Together, we can help more children and families access the medical care they need. ❤️

#KolewaFoundation #EastManggarai #LabuanBajo #Flores #MedicalOutreach #HealthcareForChildren #PatientSupport #HopeAndHealing #TogetherWeCanHelp",Sidecar,2026-06-03 10:32:10+00:00,0.0,0,0.0,,kolewa_foundation,2026-06-03,Apify Instagram Scraper,0.0,2026-06-03
Labuan Bajo,#labuanbajo,https://www.instagram.com/p/DZHid-pz--d/,DZHid-pz--d,"Open trip Sailing Komodo Labuan Bajo

3D2N SAILING KOMODO
Start Labuan Bajo

PRICE start from:
IDR 2.750.000 /pax (sharing cabin)
IDR 3.250.000 /pax (private cabin)

SCHEDULE
• Weekend (Setiap Jumat-Minggu)
• Weekday (Setiap Senin-Rabu)

2D1N SAILING KOMODO
Start Labuan Bajo

PRICE start from:
IDR 2.500.000 /pax (sharing cabin)
IDR 2.900.000 /pax (private cabin)

SCHEDULE
• Setiap Senin dan Rabu

MEETING POINT
Labuan Bajo

INCLUDE
• Transportasi antar jemput
• Kapal selama trip (Live on Board)
• Makan dikapal selama trip
• Air mineral, snack, coffee & tea
• Peralatan snorkeling
• Ranger komodo
• Dokumentasi
• Tour guide

EXCLUDE
• Tiket pesawat pp
• Tiket TN Komodo
• Tipping crew

NOTE
• Seat Terbatas, Booking Jauh-Jauh Hari
• Bisa Booking Sekalian Tiket Pesawat dan hotel

BOOK NOW
WA 087788000096

#opentrip #labuanbajo #opentriplabuanbajo #opentripkomodo #piknikinitrip",Image,2026-06-03 08:55:34+00:00,0.0,0,0.0,,piknikinitrip,2026-06-03,Apify Instagram Scraper,0.0,2026-06-03
Labuan Bajo,#labuanbajo,https://www.instagram.com/p/DZHZa1ZFJ1v/,DZHZa1ZFJ1v,"🌅 Dreamy Sunset in Labuan Bajo 🌅 
The sky put on a spectacular display – vibrant colors blending with clouds that floated like brushstrokes across the horizon. Watching this sunset felt like stepping into a painting. Pure magic! 🌄💖 

#LabuanBajo #SunsetDreams #Indonesia #SkyColors #NatureMagic #GoldenHourGlow #WanderlustWednesday #ParadiseFound #TravelInspiration #Cloudscapes #TravelPhotography #Komodo #SunsetLovers",Image,2026-06-03 07:36:21+00:00,0.0,0,0.0,,katelynngraham14,2026-06-03,Apify Instagram Scraper,0.0,2026-06-03
Labuan Bajo,#komodoisland,https://www.instagram.com/p/DZGi-DoSbhp/,DZGi-DoSbhp,"LABUAN BAJO INDONESIA❤️

🚩standard pakej
🚩Honeymoon / Anniversary pakej

Meh Raff susunkan lawa2 and best2😍

PM FULL ITINERARY

http://www.wassap.my/60179701621.my

http://www.wassap.my/60179701621.my

SMILE WITH US, TRAVEL TOGETHER

#labuanbajo #labuanbajotrip #labuanbajoisland #honeymoonlabuanbajo #komodoisland",Image,2026-06-02 23:40:50+00:00,0.0,0,0.0,Labuan Bajo,superb_travell,2026-06-03,Apify Instagram Scraper,0.0,2026-06-02
Labuan Bajo,#komodoisland,https://www.instagram.com/p/DZErvvDmkPj/,DZErvvDmkPj,"🌅⛵ Sail beyond the ordinary and discover paradise in Labuan Bajo!

Crystal-clear waters 🌊, hidden islands 🏝️, breathtaking sunsets 🌅, and the legendary Komodo Dragons 🐉 await on a luxury Semi-Phinisi cruise crafted for unforgettable adventures. ✨

⚓ Luxury Cruise Experience
🏝️ Explore Hidden Tropical Islands
📸 Stunning Ocean Views & Sunsets
🐉 Discover the World of Komodo Dragons
💎 Personalized Travel with Expert Planning

Your dream voyage starts here. Set sail in style and create memories that last a lifetime. 🌍💙

📞 +62 811-1430-808
🌐 www.mentaritravelservices.com
📩 info@mentaritravelservices.com

#labuanbajo #phinisicruise #luxurytravel #komodoisland #sailingadventure",Image,2026-06-02 06:18:47+00:00,0.0,0,0.0,,mentaritravelservices,2026-06-03,Apify Instagram Scraper,0.0,2026-06-02
Labuan Bajo,#pulaukomodo,https://www.instagram.com/p/DYvid2kE0dO/,DYvid2kE0dO,"Fx0ssil Maddox Small Satchel Reptile Taupe PreLoved Good Condition Rp 1.400.000,- ⚠️ Pemesanan via WA 081246738223 hntr

#FossilMaddoxSmallReptile
#PulauKomodo
#TasVintageFossil
#PreLovedFossil
#FossilMaddoxSmallSatchelReptile

Disclaimer -  FossilMasreviY is not affiliated with the brand but we guarantee this item is an Authentic item or 100% of money back 💢",Sidecar,2026-05-25 01:13:38+00:00,0.0,0,0.0,"Denpasar, Bali, Indonesia",princesssnowwhiterevi,2026-06-03,Apify Instagram Scraper,0.0,2026-05-25
Labuan Bajo,#pulaukomodo,https://www.instagram.com/p/DYdpL6_PlxN/,DYdpL6_PlxN,"Ayo Sobat Traveller yang mau ikut melaut bersama masyarakat Nelayan Pulau Papagarang , kami tunggu dipulau Papagarang. Caranya mudah sekali .....

Setiap jam 12 siang ada perahu ojek Pulau Papagarang di dermaga Biru pelabuhan Labuan Bajo Kampung Ujung.  Perahu ini akan berangkat dari Labuan Bajo ke Pulau Papagarang setiap hari ya . Bayar langsung di jurangannya hanya 25.000 per orang  dan 50.000 kalau ada barang barang.

Sampai di Papagarang tanya rumah pak Nelayan Ustad Zubair atau telp/wa ke no hpnya langsung 082223045833 - 081236452244.

Aktivitas yang bisa anda Lakukan selama berada di Pulau Papagarang antara Lain.

1. Perkenalan Lingkungan sekitar
2. Ikut Memancing ikan
3. Ikut Memancing Cumi
4.ikut Bagang
5.ikut pukat
6.Ikut panah Ikan
7.ikut Tombak ikan
8.ikut cari kerang Laut
9.ikut Cari Udang Rongkeng 
10. Dayung Sampang keliling pulau pulau kecil
11. Snorkeling 
12. Masak di Pantai/ Rumah Nelayan
13.Petik Buah 
14.Tanam Pohon
15. Bantu Mengajar disekolah 
16. Keliling ke Taman National Komodo
17. Beli Oleh Oleh warga sebelum kembali ke Labuan Bajo. 

Akan disiapkan makanan dan tempat tinggal sederhana selama di Pulau Papagarang .

#Pulaunelayantraditional#pulaukomodo
#komodonationalpark#labuanbajo#labuanbajotrip#labuanbajoinfo#kulinerkhaslabuanbajo# makanankhaslabuanbajo#makanankhasntt#seafood#mancingmania",Image,2026-05-18 02:26:11+00:00,0.0,0,0.0,,bajo_fisherman_tour,2026-06-03,Apify Instagram Scraper,0.0,2026-05-18
Labuan Bajo,#pinkbeachkomodo,https://www.instagram.com/p/DY7IgmsS0VX/,DY7IgmsS0VX,"Let the blue sky & turquoise water reset your mind. 
Labuan Bajo is calling. We’ll handle the trip. 
DM Travel With Us for custom itinerar

📍#pinkbeachkomodo ☀️🏖️",Image,2026-05-29 13:19:27+00:00,0.0,0,0.0,Labuan Bajo - Flores Island - Indonesia,travelwithussssss,2026-06-03,Apify Instagram Scraper,0.0,2026-05-29
Labuan Bajo,#pinkbeachkomodo,https://www.instagram.com/p/DY6uzqCMJgE/,DY6uzqCMJgE,"Komodo delivered once again 🥹

#komodonationalpark #komodoisland #komodotrip #komodoliveaboard #kanhaliveaboard #padarisland #pinkbeach #pinkbeachkomodo #takamakassar #kalongisland #flyingfox #kelorisland #komododragon",Image,2026-05-29 09:33:09+00:00,0.0,0,0.0,,mcglynn_kayden,2026-06-03,Apify Instagram Scraper,0.0,2026-05-29
Labuan Bajo,#pinkbeachkomodo,https://www.instagram.com/p/DYjX3Dntn-g/,DYjX3Dntn-g,"🌴 DRÖMMER DU OM KOMODO 🦎 ISLAND? 🌴

Upptäck magiska destinationer med Badjo Travel - Explore Experience Remember - 💙
Kristallklart vatten, rosa stränder, fantastiska utsikter och äventyr du aldrig glömmer 🌊🐉☀️

📍 Labuan Bajo
📍 Komodo Island
📍 Padar Island
📍 Pink Beach

Vi hjälper dig planera din drömresa ✈️
💌 Begär offert idag!
🌎badjotravel.com
 
📲 WhatsApp: +46 705 80 77 22
📧 info@badjotravel.com

#komodoisland #labuanbajo #badjotravel  #padarisland #pinkbeachkomodo",Image,2026-05-20 07:55:56+00:00,0.0,0,0.0,,badjotravelcom,2026-06-03,Apify Instagram Scraper,0.0,2026-05-20
Labuan Bajo,#wisatalabuanbajo,https://www.instagram.com/p/DYtLaiEmgwc/,DYtLaiEmgwc,"Pulau persinggahan, yang memiliki air laut jernih sebening kristal, dan pasir putih selembut sutra
#kelorisland
#wisatalabuanbajo
#komodofloresntt",Image,2026-05-24 03:13:44+00:00,0.0,0,0.0,,kalis_day,2026-06-03,Apify Instagram Scraper,0.0,2026-05-24
Labuan Bajo,#wisatalabuanbajo,https://www.instagram.com/p/DX8kfaklAQQ/,DX8kfaklAQQ,"No caption!

#komovistatour #wisatalabuanbajo #wisataindonesia #wisataflores",Image,2026-05-05 06:10:04+00:00,0.0,0,0.0,,jan_dflores,2026-06-03,Apify Instagram Scraper,0.0,2026-05-05
Labuan Bajo,#wisatalabuanbajo,https://www.instagram.com/p/DXvNrZwgXWs/,DXvNrZwgXWs,"Indahnya Pemandangan Pulau Padar, sayangnya dibatasi oleh Kebijakan Kuota Terbatas , hanya terjadi di wisata Manggarai Barat membatasi jumlah pengunjung ke tempat wisata , di daerah lain yang sudah terkenal seperti Bali malah senang kalau banyak wisatawan yang datang ke tempat wisata , disini Malah dibatasi , yang rugi adalah pelaku pekerja wisata dan masyarakat 

#fyp
#pulaupadar
#wisatalabuanbajo 
#labuanbajo
#komodo
@sorotan",Image,2026-04-30 01:40:36+00:00,0.0,0,0.0,,gusti_ganggar,2026-06-03,Apify Instagram Scraper,0.0,2026-04-30
Labuan Bajo,#wisatalabuanbajo,https://www.instagram.com/p/DXgz6grE-sg/,DXgz6grE-sg,"Calling all pelaku wisata Labuan Bajo! ✨

Ini bukan soal siapa yang paling besar atau paling kuat, tapi bagaimana kita bisa tumbuh bersama dan menjaga Labuan Bajo tetap jadi destinasi yang dipercaya, baik oleh wisatawan maupun kita sendiri sebagai pelaku di dalamnya.

Gabung di https://chat.whatsapp.com/I0KITx00TVbFXJUEf3R6cA?mode=ac_t

#labuanbajoindonesia #labuanbajotrip #wisatalabuanbajo #apwlabuanbajo #labuanbajo",Image,2026-04-24 11:26:05+00:00,0.0,0,0.0,"Labuan Bajo, Komodo, Manggarai Barat",apwlabuanbajo,2026-06-03,Apify Instagram Scraper,0.0,2026-04-24
Labuan Bajo,#wisatalabuanbajo,https://www.instagram.com/p/DXfuN5ygZQc/,DXfuN5ygZQc,"Selamat pagi, selamat beraktivitas 

#travel
#pulaupadar
#padarisland
#wisatalabuanbajo
#komodo 
#fyp
@sorotan",Image,2026-04-24 01:17:05+00:00,0.0,0,0.0,,gusti_ganggar,2026-06-03,Apify Instagram Scraper,0.0,2026-04-24
Labuan Bajo,#labuanbajo,https://www.instagram.com/p/DZHwqQ4PstA/,DZHwqQ4PstA,"𝙺𝚊𝚛𝚢𝚊 𝚔𝚊𝚖𝚒, 𝚞𝚗𝚝𝚞𝚔 𝚔𝚊𝚖𝚞”

𝐉𝐄𝐑𝐒𝐄𝐘:
- Minimal 12 pcs
- Pengerjaan yang Efisien (10-13 Hari)
- Menggunakan Material yang ringan dan tipis jadi nyaman kalo di gunakan
- Variasi dan Pilihan Desain yang bervariatif
- Fuul printing baju dan celana

𝗣𝗥𝗢𝗠𝗢:
-Setiap pembautan jersey di atas 15 pcs free bendera team.
-Gratis desain untuk setiap pembuatan jersey

#Bisa juga Custom bendera,
#Bisa Juga Desain Bener, brand dll

Jadilah bagian dari team AJ aparel!!!!!
[Info & order:]
WhatsApp: 082220368163

#sportwear #jersey #jerseyvoli #voli #customjersey #customjerseymurah #jerseyprinting #labuanbajo #kupang #sumba #jerseyprintingmurah #jerseyprintingcustom #jerseyfullprint #jerseyfullprinting #jerseyprint #jerseymurah #jerseyprintingjogja #voli #rebamolasmnggarai #volleyball #jerseyvolimurah #jerseyntt #jerseyjogja #floresntt #jersey",Image,2026-06-03 10:59:54+00:00,-1.0,0,0.0,,aj.aparel,2026-06-03,Apify Instagram Scraper,-1.0,2026-06-03
Labuan Bajo,#labuanbajo,https://www.instagram.com/p/DZHv9S_iSzY/,DZHv9S_iSzY,#airterjuntengkusiwa #labuanbajo,Sidecar,2026-06-03 10:53:18+00:00,-1.0,0,0.0,Air Terjun Tengku Siwa,vzoeyresss,2026-06-03,Apify Instagram Scraper,-1.0,2026-06-03
Labuan Bajo,#labuanbajo,https://www.instagram.com/p/DZHaRVZDzxI/,DZHaRVZDzxI,"Labuan Bajo dreams do come true.✨✈️

Sunsets, pink beaches, and endless island vibes. Let’s plan your escape!

#trip #travel #tourism #indonesia #labuanbajo #island",Sidecar,2026-06-03 07:43:47+00:00,-1.0,0,0.0,,panoramadestination,2026-06-03,Apify Instagram Scraper,-1.0,2026-06-03
Labuan Bajo,#komodoisland,https://www.instagram.com/p/DZHHE-tEYJW/,DZHHE-tEYJW,"Arabica Flores medium to dark

#kopiflores 
#labuanbajoisland 
#arabica 
#oleholehlabuanbajo 
#komodoisland",Sidecar,2026-06-03 04:56:05+00:00,-1.0,0,0.0,,latoe_coffee,2026-06-03,Apify Instagram Scraper,-1.0,2026-06-03
Labuan Bajo,#pulaukomodo,https://www.instagram.com/p/DY6FXrIE8lM/,DY6FXrIE8lM,"Finished the tracking, now time to rest and enjoy a simple lunch together at our humble place 🤍🥾🍛
.
.
.
#SpiderWebRiceFields #GoloWesaHill #labuanbajo #labuanbajohomestay #pulaukomodo manggaraibarat nusatenggaratimur indonesia",Sidecar,2026-05-29 03:31:02+00:00,-1.0,0,0.0,"Flores, Indonesia",komachi.house,2026-06-03,Apify Instagram Scraper,-1.0,2026-05-29
Labuan Bajo,#pulaukomodo,https://www.instagram.com/p/DY6ElFaE5ym/,DY6ElFaE5ym,"🇨🇵 Thanks guys for dropping by and spending time with us.
.
.
.
#SpiderWebRiceFields #GoloWesaHill #labuanbajo #labuanbajohomestay #pulaukomodo manggaraibarat nusatenggaratimur indonesia",Sidecar,2026-05-29 03:24:07+00:00,-1.0,0,0.0,"Flores, Indonesia",komachi.house,2026-06-03,Apify Instagram Scraper,-1.0,2026-05-29
Labuan Bajo,#pulaukomodo,https://www.instagram.com/p/DYs_LQAk2BG/,DYs_LQAk2BG,"🇨🇭Thanks guys for dropping by and spending time with us.
.
.
.
#SpiderWebRiceFields #GoloWesaHill #labuanbajo #labuanbajohomestay #pulaukomodo manggaraibarat nusatenggaratimur indonesia",Sidecar,2026-05-24 01:26:47+00:00,-1.0,0,0.0,"Flores, Indonesia",komachi.house,2026-06-03,Apify Instagram Scraper,-1.0,2026-05-24
Labuan Bajo,#pulaukomodo,https://www.instagram.com/p/DYi7yG4kwct/,DYi7yG4kwct,"🇨🇵 Thanks Juliette & Matis for dropping by and spending time with us.
.
.
.
#SpiderWebRiceFields #GoloWesaHill #labuanbajo #labuanbajohomestay #pulaukomodo manggaraibarat nusatenggaratimur indonesia",Sidecar,2026-05-20 03:44:43+00:00,-1.0,0,0.0,"Flores, Indonesia",komachi.house,2026-06-03,Apify Instagram Scraper,-1.0,2026-05-20
Labuan Bajo,#pinkbeachkomodo,https://www.instagram.com/p/DY-839tgWKz/,DY-839tgWKz,"when your favorite color becomes a destination🌸🐚🪸🦌🏝️
#pinkbeach #labuanbajo #foryourpage #pinkbeachkomodo #labuanbajotrip",Sidecar,2026-05-31 00:53:00+00:00,-1.0,0,0.0,Pink Beach,karyasilalahi,2026-06-03,Apify Instagram Scraper,-1.0,2026-05-31
Labuan Bajo,#pinkbeachkomodo,https://www.instagram.com/p/DYyZnWmEvAB/,DYyZnWmEvAB,"Pink Beach🌊🪸🏖⛰🏝✨
•
•
•
#pinkbeachkomodo 
#labuanbajotrip 
#labuanbajo
#tripmurahlabuanbajo 
#opentriplabuanbajo",Sidecar,2026-05-26 03:54:00+00:00,-1.0,0,0.0,Pink Beach,bajowonder.trip,2026-06-03,Apify Instagram Scraper,-1.0,2026-05-26
Labuan Bajo,#pinkbeachkomodo,https://www.instagram.com/p/DYolo77Geok/,DYolo77Geok,"🪸

📍Pink Beach - Indonesia 🇮🇩 

#pinkbeach #snorkeling #komodo #pinkbeachkomodo #dronephotography",Sidecar,2026-05-22 08:26:41+00:00,-1.0,0,0.0,Pantai Merah (Pink Beach),__amrtn,2026-06-03,Apify Instagram Scraper,-1.0,2026-05-22
Labuan Bajo,#wisatalabuanbajo,https://www.instagram.com/p/DZGtDgcEjSU/,DZGtDgcEjSU,"Labuan Bajo beyond Padar & Komodo Island ✨🍃

Bukan cuma tentang pulau ikonik dan reptil purba, Labuan Bajo juga punya sisi tenang yang magis. Siap-siap dibuat takjub sama 3 hidden gems terbaik Flores:

✨ Goa Rangko – Berenang bebas layaknya di kolam renang pribadi dalam gua kapur berair biru jernih.
✨ Pantai Manjarite – Dermaga kayu estetik yang sepi dengan keindahan bawah laut yang super pristine.
✨ Air Terjun Cunca Wulang – Kemegahan dinding tebing batu ngarai berair hijau toska mirip Grand Canyon!

Mau ngerasain petualangan se-eksklusif ini? Yuk, rencanain liburan impianmu bareng Rajaka Wisata sekarang juga!

🎒 Gak perlu repot, tinggal nikmatin liburannya!
📲 Booking sekarang sebelum kehabisan!
📩 DM kami untuk info lengkap & reservasi
📞 WA: 082334555440
🏢 𝙗𝙮 𝘾𝙑. 𝙍𝘼𝙅𝘼𝙆𝘼 𝙈𝙐𝙇𝙏𝙄𝙅𝘼𝙎𝘼
🏢 RAJAKA WISATA Tour And Travel
Since 2013
📍 Office Malang | Yogyakarta | Bandung

#rajakawisata #hiddengems #wisatalabuanbajo #cuncawulang #goarangko",Sidecar,2026-06-03 01:08:41+00:00,-1.0,0,0.0,,rajakawisata,2026-06-03,Apify Instagram Scraper,-1.0,2026-06-03
Labuan Bajo,#wisatalabuanbajo,https://www.instagram.com/p/DYugt0yp7aq/,DYugt0yp7aq,"LABUAN BAJO, Insiden tragis terjadi di Air Terjun Cunca Wulang, Minggu (24/5/2026). Dua turis asal Austria, Jurgen Perjul (55) dan Astrid Perjul (57), meninggal dunia setelah jatuh dari jembatan gantung.

Peristiwa terjadi sekitar pukul 11.30 WITA saat korban melintas bersama rombongan. Jembatan yang sebelumnya dilalui tanpa masalah tiba-tiba ambruk karena penyangga patah.

Keduanya jatuh dari ketinggian ±10 meter dan menghantam bebatuan di bawah. Jembatan sepanjang 50 meter itu diduga sudah tidak layak, meski sempat direnovasi 2023.

Tim SAR mengevakuasi korban ke RSUD Komodo. Pemerintah daerah kini evaluasi keamanan fasilitas wisata.

Polres Manggarai Barat menyelidiki kasus ini, termasuk dugaan kelalaian pengelola, serta berkoordinasi dengan Kedubes Austria untuk pemulangan jenazah.

📰KOMODOPOS/MabarCenter

#cuncawulang 
#wisatalabuanbajo 
#kabarmabar 
#mabarcenter
#komodopos",Image,2026-05-24 15:39:08+00:00,-1.0,0,0.0,,komodopos,2026-06-03,Apify Instagram Scraper,-1.0,2026-05-24
Labuan Bajo,#wisatalabuanbajo,https://www.instagram.com/p/DXayHqVjOBs/,DXayHqVjOBs,"Mau liburan singkat tapi tetap dapat pengalaman luar biasa di laut Labuan Bajo?
Yuk join One Day Open Trip Nuca Molas dan nikmati keindahan pulau dengan pasir putih, laut super jernih, dan spot snorkeling yang cantik ✨
Cocok buat kamu yang:
✔ Liburan singkat di Labuan Bajo
✔ Solo traveler (bisa join open trip)
✔ Mau island hopping tanpa ribet
✨ Trip Highlights:
🐠 Snorkeling di spot terbaik
🏝️ Explore Pulau Nuca Molas
📸 Spot foto aesthetic
🌊 Laut biru sebening kristal
💰 Harga: (Rp. 1.500.000)
📅 Jadwal: Setiap hari / sesuai jadwal trip
📍 Start dari Labuan Bajo
⚠️ Kuota terbatas setiap trip!
Biasanya cepat penuh terutama weekend.
📩 Booking sekarang
DM / WhatsApp: (0878-6461-1721)
Jangan sampai kamu cuma lihat keindahannya dari feed orang lain 😉
Rencanakan Traveling anda bersama kami @lomboklalu_travel
.
.
.
Lombok Lalu Travel  - Traveling Anti Ribet -  - Pilihan Tepat Untuk Perjalanan Anda di Lombok 👍 

🌞Hub kami 💯% Pasti Deal !!
CV. Lombok Lalu
✉️ travellomboklalu@gmail.com
🔗 www.lomboklalutravel.com
☎️ +6287864611721 (Admin 1, Tlpn/WA)
☎️ +6281805202623 (Admin 2, Tlpn/WA) 

📍Jln. TGH.Ibrohim Kholidy Kediri Lombok Barat, NTB
══════*****═══════
.
#labuanbajo #opentriplabuanbajo #nucamolas #tripflores #wisatalabuanbajo #islandhoping #travelling",Image,2026-04-22 03:16:12+00:00,-1.0,0,0.0,Lombok Lalu Travel,lomboklalu_travel,2026-06-03,Apify Instagram Scraper,-1.0,2026-04-22
Likupang,#explorelikupang,https://www.instagram.com/p/DSPR73aE3lU/,DSPR73aE3lU,"Shine as the stars do, gracefully carrying the light with dignity 🌟

Attending the Grand Final of Nyong Noni Unsrat at Unsrat auditorium. What an honor to come back and serve my 1st duty in my own University not only as a student but as an Ambassador and representation of my family’s roots, North Minahasa.

im so delighted to meet and serve our duties togegher with  thee Noni Sulawesi Utara 2025, my fellow Regional Ambassadors from Wulan Waraney 2025, my good friend Puteri Hukum ‘25, and ofcourse other ambassadors.
This is also a special invitation for us because we get to witness our Utu Minahasa Utara’s last walk for his reign as a part of Nyong Noni Unsrat.

Thankyou @ikatannyongnoniunsrat for inviting us @kekeutu.minut @kekeutu.2025. We will be looking forward to future collaborations.

Special thankyou to my Awsome sisters for helping me throughout the whole day @zezinha.osoares @dirciabeatriz 💋💄

👗 Evening gown @goen.official_ 🫶🏻
💋 Makeup by me
💄 Products by @dirciabeatriz
💇🏻‍♀️ Hairdo by @zezinha.osoares
📸 lovely Official kak ze 😘 

@unsrat1961 @soalunsrat
#MinutHebat
#MinutTangguh
#ExploreLikupang
#MinahasaUtara
#KekeUtuMinahasaUtara
#Tourism",Sidecar,2025-12-14 09:25:07+00:00,510.0,18,0.0,,princesa.kamagi,2026-06-03,Apify Instagram Scraper,528.0,2025-12-14
Likupang,#explorelikupang,https://www.instagram.com/p/DK8dCQvyl8q/,DK8dCQvyl8q,"🌊🌊🌊📸💃@gloriakereh_ 

@manggis_travel buka Trip ke Pulau Lihaga guyss!! 

Jadwal Trip : 
28 Juni 2025
29 Juni  2025

Wa: 08520161338

Atau Wa link 👇
https://wa.me/message/6NGSR32AVIKDO1

SEGERA DAFTAR SEKARANG JUGA !!!
KUOTA TERBATAS...

www.manggistravel.com

#pulaulihaga #triplihaga 
#opentrip #opentripbunaken 
#lihagaisland #bunakenisland 
#likupang #pesonamanado 
#explorelikupang #manado",Sidecar,2025-06-16 02:16:47+00:00,517.0,11,0.0,,manadocommunity,2026-06-03,Apify Instagram Scraper,528.0,2025-06-16
Likupang,#explorelikupang,https://www.instagram.com/p/DE8tlu4TzZd/,DE8tlu4TzZd,"Pantai Paal di Desa Marinsow, kecamatan Likupang Timur, Kabupaten Minahasa Utara. Keindahan pasir putih, air laut yang berwarna biru, serta hamparan laut lepas ditambah wisata kulturalnya membuat Pantai Paal Likupang ini menjadi magnet bagi wisatawan domestik maupun mancanegara.

Wilayah ini selain masuk dalam Kawasan Ekonomi Khusus (KEK) Likupang, juga menjadi salah satu dari 5 destinasi wisata super prioritas di Indonesia. Nama Pantai Paal digunakan karena pantai ini ditanami pal sebagai pembatas kampung.

Waktu terbaik mengunjungi Pantai Paal adalah pada pagi hari karena menjelang siang kawasan pantai akan dipenuhi wisatawan. Posisi Pantai Paal menghadap ke timur yang didukung dengan pemandangan alam yang indah. Kawasan ini merupakan tempat yang tepat untuk melihat keindahan sunrise.

Wisatawan dapat duduk-duduk di sekitar pantai, bermain air, membaca buku, mendengarkan musik, atau makan di tempat ini. Bagi wisatawan yang ingin menikmati permainan memacu adrenalin, mereka dapat mencoba  berbagai permainan, seperti Banana Boat Sport Air dan UFO Boat. Pengunjung akan dikenakan tiket sebesar Rp 25.000 untuk permainan tersebut.

Pantai Paal mulai buka pada pukul 06.00-17.00 Wita. Rute ke Pantai Paal dan Jarak tempuh Pantai Paal dari Manado sekitar 60 kilometer dengan waktu tempuh lebih kurang 1,5 jam. Perjalanan akan melalui Jalan Ring Road, Jalan Ir. Soekarno, Jalan Sukur-Likupang, dan Jalan Likupang-Girian.

Untuk harga tiket Pantai Paal bagi wisatawan yang ingin melihat keindahaan dan berlibur di Pantai Paal akan dikenakan biaya masuk. Wisatawan yang menggunakan kendaraan roda dua akan dikenakan tiket masuk sebesar Rp 5.000. Untuk wisatawan yang menggunakan kendaraan roda empat akan dikenakan tiket masuk sebesar Rp 10.000.

📷 Courtesy of SIAN
Foto trip bersama @genpi.sulut 

#Likupang #exploreLikupang #pantaipal #KEKLikupang #DSPLikupang #Sulawesiutara #foto #fotograferindonesia #fotografijurnalistik #Genpi #GenPISulut #DiIndonesiaAja #WonderfulIndonesia #PesonaIndonesia #KomunitasinAJa #jalanjalandiindonesia",Sidecar,2025-01-18 01:33:04+00:00,443.0,11,0.0,Pantai Pall Marinsow Likupang,sianmalam,2026-06-03,Apify Instagram Scraper,454.0,2025-01-18
Likupang,#explorelikupang,https://www.instagram.com/p/DRQ4llXE0Av/,DRQ4llXE0Av,"1st duty as Keke and Utu Minut✨
attending the Annual Ordinary Congress for PSSI North Sulawesi.
Thankyou to our Tourism Department @pariwisataminut and @kekeutu.minut for the invitation. We got to meet our Regent Bpk @jouneganda_ , North Sulawesi KONI Secretary, and also officers of North Minahasa Health Department. It was such an honor🙏🏻😇
@kekeutu.2025 
#MinutHebat #MinutTangguh #explorelikupang #likupang #tourism #indonesia #minahasauyara",Sidecar,2025-11-20 03:50:43+00:00,299.0,6,0.0,,princesa.kamagi,2026-06-03,Apify Instagram Scraper,305.0,2025-11-20
Likupang,#explorelikupang,https://www.instagram.com/p/DHBQu3jTgHe/,DHBQu3jTgHe,"“Ternyata nyatanya nyata”
#paradise 
#explorelikupang 
#exploresulut #genpisulut 
#wonderfulindonesia",Sidecar,2025-03-10 12:59:54+00:00,284.0,4,0.0,Paradise Hotel Golf and Resort Likupang,suwandy_mokalu,2026-06-03,Apify Instagram Scraper,288.0,2025-03-10
Likupang,#likupangbeach,https://www.instagram.com/p/DIZzLABTpYq/,DIZzLABTpYq,"“Seas the day, with you” 🤍

#lihagaisland 
#likupangbeach 
#sulut 
#minahasautara",Sidecar,2025-04-13 22:14:00+00:00,270.0,0,0.0,Lihaga Island,lee_hongw,2026-06-03,Apify Instagram Scraper,270.0,2025-04-13
Likupang,#explorelikupang,https://www.instagram.com/p/DL6p--IShbU/,DL6p--IShbU,"Mari muliakan Pariwisata yang ada ditempat kita berpijak, sekaligus mensupport para pelaku pariwisata dan ekonomi kreatif (e-kraf).
Tong pe tampa Gaga!!!
.
.
.
#explorenorthsulawesi #explorenorthminahasa #explorelikupang #celebes #destinasipariwisatasuperprioritas #kawasanekonomikhusus #storynomicstourism #pariwisata #budaya",Image,2025-07-10 06:02:51+00:00,226.0,41,0.0,,genpi.minut,2026-06-03,Apify Instagram Scraper,267.0,2025-07-10
Likupang,#wisatalikupang,https://www.instagram.com/p/Cy78PwhyHpi/,Cy78PwhyHpi,"I NEVER REALISED HOW BEAUTIFUL THIS PLACE IS 🍃🌿

📍 BUKIT LARATA, LIKUPANG, MINAHASA UTARA

📸@rivchalytha 

Tetap jaga kebersihan ne friends!

===============================================

#bukitlarata #bukitlaratakinunang #bukitlaratalikupang #bukitlaratadesakinunang #bukitlarataminahasautara #likupang #wisatalikupang #minahasautara #exploreminut #exploresulut #suluttraveller #amazingsulut #wisatahitssulut #wisatahits #wisatasulut #wisataalam #wisataalamsulut #sulawesiutara #sulawesiutaraexplore #soalmanado #kotamanado #likupangbeach #pantaikinunang #kinunangbeach",Sidecar,2023-10-28 08:56:48+00:00,174.0,13,0.0,,billymaryokallautang,2026-06-03,Apify Instagram Scraper,187.0,2023-10-28
Likupang,#explorelikupang,https://www.instagram.com/p/DPiExCWDw6r/,DPiExCWDw6r,"Inilah sedikit potret dari Bukit Larata dengan nuansa moody dan gelap✨🍃 Ketika kamu punya drone, kamu punya segala angle☺️
.
📷 Sony A7C + Iphone + DJI Mini 4 Pro
Jangan lupa follow dan share untuk refrensi tempat menarik lainnya yaa😊
#exploremanado #bukitlarata #exploresulut #hiddengemmanado #explorelikupang",Sidecar,2025-10-08 03:01:26+00:00,159.0,12,0.0,Bukit Teletubbies Kinunang Timur,jashoeleash,2026-06-03,Apify Instagram Scraper,171.0,2025-10-08
Likupang,#likupangbeach,https://www.instagram.com/p/DYlcG_2EZYq/,DYlcG_2EZYq,"@sirehc_ 
Tllu bnya🪄

#likupangbeach 
#sulawesiutara",Sidecar,2026-05-21 03:05:41+00:00,106.0,2,0.0,"Likupang, Sulawesi Utara, Indonesia",cheriskau,2026-06-03,Apify Instagram Scraper,108.0,2026-05-21
Likupang,#likupangtimur,https://www.instagram.com/p/DMXe5kbJ8BJ/,DMXe5kbJ8BJ,"Escape to the edge of north sulawesi , our resort invites you to indulge in untouched beauty, crystal-clear waters, and breathtaking ocean views. Paradise isn’t just a dream, it’s our daily reality.
.
.
.
#paradise #viewofparadise #paradisehotel #drone #hotel #staycation #likupangtimur #manado #sulawesiutara",Image,2025-07-21 10:43:58+00:00,84.0,5,0.0,,manadoparadisehotel,2026-06-03,Apify Instagram Scraper,89.0,2025-07-21
Likupang,#likupang,https://www.instagram.com/p/DY_rN6DGUpo/,DY_rN6DGUpo,"""Dunia itu terlalu indah untuk dinikmati dari satu tempat saja.""🚀
.

.

.

.
#sulawesiutara #likupang #treveling #penjelajah #pesonaindonesia",Sidecar,2026-05-31 07:37:57+00:00,88.0,0,0.0,Pelabuhan Munte-Likupang,abdulvrse_,2026-06-03,Apify Instagram Scraper,88.0,2026-05-31
Likupang,#explorelikupang,https://www.instagram.com/p/DFnTE-iNxcj/,DFnTE-iNxcj,"قهوة حب 🫶 ☕️ …
-
-
-
#اكسبلور_explore#لايك#كومنت#اكسبلور_explore#أكسبلور#instalike#instalike#liker#like4like#liker#explorepage#instalike#like4like#explore#like4likelike#explorepage#explorelikupang#instalike",Sidecar,2025-02-03 14:28:45+00:00,86.0,1,0.0,Explore - اکسپلور,amonasiri52,2026-06-03,Apify Instagram Scraper,87.0,2025-02-03
Likupang,#explorelikupang,https://www.instagram.com/p/DCmE5CJy7TW/,DCmE5CJy7TW,"""LIKUPANG""

Berjarak sekitar 48 km dari Kota Manado, ada banyak hal yang bisa dieksplor di Likupang. Misalnya mengunjungi berbagai destinasi wisata perbukitan di Likupang. Mulai dari Bukit Pulisan hingga Bukit Larata. Destinasi wisata pantai di Likupang berikutnya adalah Pantai Paal. 

Berlokasi di Desa Marinsow, Kecamatan Likupang Timur, Pantai Paal dikenal dengan pemandangan eksotis dan air laut berwarna gradasi biru tosca yang cantik. Keindahan pemandangan laut di pantai tersebut sangat cocok untuk snorkeling, berjemur, atau sekadar menikmati hembusan angin dan mendengarkan deburan ombak menenangkan. Tentunya masih banyak pantai cantik di Likupang yang tak kalah menawan, seperti Pantai Pulisan, Pantai Sampiran, dan Pantai Surabaya.
.
#ExploreLikupang #DestinasiSuperPrioritas #KawasanEkonomiKhuhus #RelawanBaktiBatchVI #RelawanBaktiBUMN #BUMNUntukIndonesia #26TahunKementerianBUMN #BaktiBUMNUntukLikupang",Sidecar,2024-11-20 13:31:22+00:00,85.0,2,0.0,Likupang Timur - Minahasa Utara,rranggrainisafitri,2026-06-03,Apify Instagram Scraper,87.0,2024-11-20
Likupang,#likupangtimur,https://www.instagram.com/p/DMkVDSpTX0m/,DMkVDSpTX0m,"🪼[WEEK 1 RECAP]🪼

Hai tamang-tamang Niskala! 🙌🏻

Telah satu pekan berjalan setelah kedatangan torang di Desa Marinsow dan Desa Pulisan, Kec. Likupang Timur, Kab. Sulawesi Utara.

Sambutan dan senyuman hangat dari warga dan pemerintah setempat, torang menemukan rumah baru untuk belajar dan berkarya bersama. 🤗

Banyak kegiatan seru yang telah torang lalui, Ikuti terus keseruan torang! 👋🏻

#KKNPPMUGM
#LikupangTimur
#NiskalaLikupang

———————————————
Instagram: @niskalalikupang
Tiktok: niskalalikupang
Email: kknlikupang2025@gmail.com",Sidecar,2025-07-26 10:28:02+00:00,78.0,1,0.0,,niskalalikupang,2026-06-03,Apify Instagram Scraper,79.0,2025-07-26
Likupang,#likupangtimur,https://www.instagram.com/p/DPQYZkgEwH_/,DPQYZkgEwH_,"🌊 [PERPISAHAN DESA MARINSOW] 🌊

Hai, Tamang-tamang Niskala! 🫶🏻

Minggu terakhir di Desa Marinsow jadi momen yang paling berat. Dari awal kami datang dengan penuh semangat, disambut hangat oleh warga dan perangkat desa, hingga kini harus melangkah pergi dengan hati yang berat. Begitu banyak kenangan indah yang sulit dilupakan 🫂

Marinsow bukan hanya sekadar desa, tapi rumah kedua yang mengajarkan arti kebersamaan, ketulusan, dan kekeluargaan. Terima kasih sebesar-besarnya untuk seluruh warga yang hingga sekarang kami anggap keluarga, yang menerima kami dan menjadikan 50 hari di sini begitu berkesan 🌊

Marinsow akan selalu ada di hati kami, menjadi cerita indah yang takkan pernah terganti 🩵

#KKNPPMUGM
#LikupangTimur
#NiskalaLikupang

———————————————
Tiktok: niskalalikupang
Website : https://www.pesonalikupang.com/
Email: kknlikupang2025@gmail.com",Sidecar,2025-10-01 06:06:40+00:00,76.0,2,0.0,,niskalalikupang,2026-06-03,Apify Instagram Scraper,78.0,2025-10-01
Likupang,#wisatalikupang,https://www.instagram.com/p/Cy7-Wo8SaPk/,Cy7-Wo8SaPk,"WHAT A BEAUTIFUL PLACE THIS IS 🍃🌿

📍 BUKIT LARATA, LIKUPANG, MINUT

📸 @billymaryokallautang

Tetap jaga kebersihan ne guys!

===============================================

#bukitlarata #bukitlaratakinunang #bukitlaratalikupang #bukitlaratadesakinunang #bukitlarataminahasautara #likupang #wisatalikupang #minahasautara #exploreminut #exploresulut #suluttraveller #amazingsulut #wisatahitssulut #wisatahits #wisatasulut #wisataalam #wisataalamsulut #sulawesiutara #sulawesiutaraexplore #soalmanado #kotamanado #likupangbeach #pantaikinunang #kinunangbeach",Sidecar,2023-10-28 09:15:13+00:00,67.0,8,0.0,Bukit Larata,rivchalytha,2026-06-03,Apify Instagram Scraper,75.0,2023-10-28
Likupang,#likupangtimur,https://www.instagram.com/p/DNHXliJz60N/,DNHXliJz60N,"🪼[WEEK 2 RECAP]🪼

Hai tamang-tamang Niskala! 🤗

Dua pekan telah berjalan setelah mendapat sambutan dan kehangatan torang di Desa Marinsow dan Desa Pulisan, Kec. Likupang Timur, Kab. Minahasa Utara Prov.  Sulawesi Utara 🌊

Kedatangan korwil hingga kunjungan ke Pemerintah Daerah yang disambut dengan baik untuk mendukung dan berkolaborasi antar Pemerintah Daerah dengan Mahasiswa 🛥️

Banyak kegiatan seru yang akan torang lalui, Ikuti terus keseruan torang! 🔥

#KKNPPMUGM
#LikupangTimur
#NiskalaLikupang

———————————————
Instagram: @niskalalikupang
Tiktok: niskalalikupang
Email: kknlikupang2025@gmail.com",Sidecar,2025-08-09 01:03:36+00:00,67.0,0,0.0,,niskalalikupang,2026-06-03,Apify Instagram Scraper,67.0,2025-08-09
Likupang,#likupangtimur,https://www.instagram.com/p/DPwofhQkx-5/,DPwofhQkx-5,"🌊 [PERPISAHAN DESA PULISAN] 🌊

Halo, Tamang-tamang Niskala! 👋🏻

Desa Pulisan, Likupang Timur — tempat dimana cerita sederhana berubah menjadi kenangan yang tak akan pernah pudar 🤎

Lima puluh hari bersama warga yang hingga sekarang akan tetap menjadi keluarga, sungguh terasa hangat. Tawa anak-anak di sore hari, dan senyum tulus yang menyambut setiap langkah kami — semua kini menjadi bagian dari perjalanan yang tak terlupakan ✨

Terima kasih, Pulisan. Kebaikan dan kehangatanmu akan selalu abadi. Bukan perpisahan yang menyedihkan, tapi jeda sebelum rindu kembali membawa kami ke sini 🫶🏻

#KKNPPMUGM
#LikupangTimur
#NiskalaLikupang

———————————————
Tiktok: niskalalikupang
Website : https://www.pesonalikupang.com/
Email: kknlikupang2025@gmail.com",Sidecar,2025-10-13 18:42:59+00:00,66.0,0,0.0,,niskalalikupang,2026-06-03,Apify Instagram Scraper,66.0,2025-10-13
Likupang,#likupangbeach,https://www.instagram.com/p/DJQnTOKzAsX/,DJQnTOKzAsX,"Pante Pall akan selalu menjadi Mama dan Papa pe tempat Favorit karena ada banyak kenangan bahkan jauh sebelum ni pante jadi terkenal Mama dg Papa so tahu ni tempat yg memang gaga skali 😍🤩🤗

@meekanalaelwakulu bilang : Mama tinggal sini jo torang 🤣  #marijokaminut #likupangbeach",Sidecar,2025-05-05 05:08:30+00:00,64.0,0,0.0,Pante Paal Likupang,meisi_kalesaran,2026-06-03,Apify Instagram Scraper,64.0,2025-05-05
Likupang,#likupangtimur,https://www.instagram.com/p/DOK4MXFk5Yr/,DOK4MXFk5Yr,"🪼[WEEK 4 RECAP]🪼

Hai, Tamang-tamang Niskala🛥️
 
Minggu keempat KKN di Likupang Timur penuh cerita dan kebersamaan. Mulai dari bermain bersama anak-anak, mendampingi kegiatan masyarakat, berbagi ilmu di sekolah, hingga berkolaborasi dengan berbagai pihak untuk mendorong potensi desa🏖️

Setiap langkah kecil yang kami lakukan menjadi bagian dari perjalanan besar: menghadirkan semangat smart tourism, pemberdayaan ekonomi kreatif, serta pelestarian kearifan lokal Likupang🐠

Terima kasih Likupang, untuk senyum hangat dan pelukan erat. Mari terus melangkah bersama menuju keberlanjutan🐳

#KKNPPMUGM
#LikupangTimur
#NiskalaLikupang

———————————————
Instagram: @niskalalikupang
Tiktok: niskalalikupang
Email: kknlikupang2025@gmail.com",Sidecar,2025-09-04 06:17:38+00:00,62.0,0,0.0,,niskalalikupang,2026-06-03,Apify Instagram Scraper,62.0,2025-09-04
Likupang,#likupangbeach,https://www.instagram.com/p/DX3yszcmLA5/,DX3yszcmLA5,"KB Bank Vs Team BNI..
Kolaborasi yang solid mengalahkan kecerdasan individu.""
#golf #golfer #likupangbeach #team #beach",Sidecar,2026-05-03 09:38:01+00:00,56.0,0,0.0,Paradise Hotel Golf and Resort Likupang,kaligis_karel,2026-06-03,Apify Instagram Scraper,56.0,2026-05-03
Likupang,#likupangtimur,https://www.instagram.com/p/DPdmTTgE5DE/,DPdmTTgE5DE,"📚[KOLABORASI DEEPUBLISH]📚

Hai, Tamang- tamang Nikala! 👋🏻

Terima kasih sebesar-besarnya kami ucapkan kepada Deepublish atas kolaborasi dan kontribusinya bersama Niskala Likupang! 📚

Sebanyak 200 buku telah sampai di tangan anak-anak Desa Marinsow dan Pulisan, Likupang Timur — membuka jendela ilmu, menyalakan semangat baca, dan menumbuhkan mimpi di hati mereka💡

Setiap halaman adalah harapan, dan setiap buku adalah cahaya. Terima kasih sudah ikut menyalakan terang di Likupang 💛

#KKNPPMUGM
#LikupangTimur
#NiskalaLikupang

———————————————
Tiktok: niskalalikupang
Website : https://www.pesonalikupang.com/
Email: kknlikupang2025@gmail.com",Sidecar,2025-10-06 09:18:16+00:00,55.0,0,0.0,,niskalalikupang,2026-06-03,Apify Instagram Scraper,55.0,2025-10-06
Likupang,#likupangbeach,https://www.instagram.com/p/DKWcI2Gvy0e/,DKWcI2Gvy0e,"Thank You For Likupang✨
#likupangbeach #toranglikupang #pantaipallikupang #masukberanda #fypppppppppppppppppppppppppppppppppppppppppppppppppppppppppppppppppppppp",Sidecar,2025-06-01 07:57:48+00:00,50.0,3,0.0,,matthew_moningka,2026-06-03,Apify Instagram Scraper,53.0,2025-06-01
Likupang,#likupangtimur,https://www.instagram.com/p/DNvIF0PZquW/,DNvIF0PZquW,"🪼[WEEK 3 RECAP] 🪼

Halo, tamang-tamang Niskala🐋

Minggu ketiga kami dilengkapi dengan kekuatan kolaborasi antara mahasiswa dan masyarakat, yang menjadi kunci dalam mewujudkan desa yang mandiri, sehat, dan berdaya. Setiap langkah kecil yang dilakukan bersama menjadi pijakan menuju perubahan besar yang berkelanjutan 🌊

Melalui berbagai program, kami mendampingi masyarakat dalam pengembangan UMKM, pengolahan bahan asli desa, pengelolaan homestay, hingga inovasi ramah lingkungan seperti biopori. Tidak berhenti di situ, kolaborasi juga diwujudkan bersama Posyandu untuk menjaga kesehatan bayi hingga lansia. Semua ini adalah ikhtiar bersama membangun desa yang kuat, lestari, dan sejahtera🛥️🪼🐟

#KKNPPMUGM
#LikupangTimur
#NiskalaLikupang

———————————————
Instagram: @niskalalikupang
Tiktok: niskalalikupang
Email: kknlikupang2025@gmail.com",Sidecar,2025-08-24 11:37:49+00:00,49.0,0,0.0,,niskalalikupang,2026-06-03,Apify Instagram Scraper,49.0,2025-08-24
Likupang,#likupangtimur,https://www.instagram.com/p/DOcws55E33S/,DOcws55E33S,"🪼[RECAP WEEK 6]🪼 

Halo, Tamang-tamang Niskala! 👋🏻 

Minggu keenam ini jadi saksi bagaimana langkah kecil bisa tumbuh jadi gerakan bersama. 🌿✨

Kami nggak berjalan sendiri, tapi menggandeng banyak pihak — dari generasi muda, anak-anak, hingga lembaga yang peduli akan potensi desa. Setiap tawa, setiap ide, dan setiap tangan yang ikut bekerja menciptakan warna baru dalam perjalanan ini. 🌸🌊

Di balik semua aktivitas, ada satu benang merah yang menyatukan: kolaborasi. Karena perubahan nggak pernah lahir dari satu arah saja, tapi dari semangat yang kita rajut bersama 🚀🌺

#KKNPPMUGM
#LikupangTimur
#NiskalaLikupang

———————————————
Instagram: @niskalalikupang
Tiktok: niskalalikupang
Website : https://www.pesonalikupang.com/
Email: kknlikupang2025@gmail.com",Sidecar,2025-09-11 04:58:30+00:00,47.0,0,0.0,,niskalalikupang,2026-06-03,Apify Instagram Scraper,47.0,2025-09-11
Likupang,#likupangbeach,https://www.instagram.com/p/DMWwWRaPLqd/,DMWwWRaPLqd,"Torang Golf di Manado likupang so bagus lapangannya 
Kalau ngana mau kesini reservasi dlu ya 

#manadogolf 
#golfcouples🏌️‍♂️🏌️‍♀️⛳️ 
#likupangbeach",Sidecar,2025-07-21 03:57:11+00:00,38.0,7,0.0,Paradise Golf & Beach Resort Likupang,dwiagustiniwiwi,2026-06-03,Apify Instagram Scraper,45.0,2025-07-21
Likupang,#likupangtimur,https://www.instagram.com/p/DRbol0mk7Yz/,DRbol0mk7Yz,"🪼[THANKS TO OUR SPONSORSHIP]🪼

Halo, Tamang-tamang Niskala! 👋🏻

Kami mengucapkan terima kasih yang tulus kepada seluruh sponsor yang telah memberikan dukungan selama pelaksanaan KKN di Niskala Likupang. Setiap bentuk bantuan yang diberikan sangat berarti dalam membantu kami menjalankan program dan memberikan kontribusi nyata untuk masyarakat Desa Pulisan dan Marinsow, Likupang Timur🌊

Atas kepercayaan dan kerja sama yang terjalin, kami merasa sangat terbantu dan termotivasi. Semoga sinergi baik ini dapat terus berlanjut di kegiatan maupun kesempatan lainnya🫂

#KKNPPMUGM
#LikupangTimur
#NiskalaLikupang

———————————————
Tiktok: niskalalikupang
Website : https://www.pesonalikupang.com/
Email: kknlikupang2025@gmail.com",Image,2025-11-24 08:02:35+00:00,44.0,0,0.0,,niskalalikupang,2026-06-03,Apify Instagram Scraper,44.0,2025-11-24
Likupang,#likupangtimur,https://www.instagram.com/p/DOXsTNGk6PP/,DOXsTNGk6PP,"🪼 [WEEK 5 RECAP] 🪼

Halo, tamang-tamang Niskala!🦈

Minggu kelima kami menjadi saksi bagaimana langkah kecil bisa menyalakan harapan besar. Kami hadir di sekolah dengan semangat berbagi, menanamkan nilai sederhana tentang kebiasaan hidup sehat, ilmu pengetahuan, hingga cara memandang masa depan dengan lebih bijak. Senyum polos mereka menjadi energi tersendiri, seolah setiap tatapan menyimpan keyakinan bahwa perubahan bisa lahir dari hal-hal yang sering kali tampak sepele🛥️

Tak berhenti di ruang kelas, langkah kami meluas dengan menghadirkan inovasi yang berkelanjutan. Dari energi terbarukan hingga pemanfaatan potensi sekitar, semua dirangkai sebagai wujud nyata bahwa pembangunan desa tidak hanya tentang hari ini, tetapi juga tentang menyiapkan masa depan yang lebih terang💡

KKN bukan sekadar program, melainkan jejak kecil yang ingin kami titipkan agar kelak bisa tumbuh menjadi perubahan besar 🐳

#KKNPPMUGM
#LikupangTimur
#NiskalaLikupang

———————————————
Instagram: @niskalalikupang
Tiktok: niskalalikupang
Email: kknlikupang2025@gmail.com",Sidecar,2025-09-09 05:43:51+00:00,43.0,0,0.0,,niskalalikupang,2026-06-03,Apify Instagram Scraper,43.0,2025-09-09
Likupang,#likupangtimur,https://www.instagram.com/p/DQ_PgchANk_/,DQ_PgchANk_,"Semangat dari Kelompok Tani Jati Likupang I! Hari ini, bersama Tim Comdev PTMSM/TTN, kami sukses melakukan penanaman Jagung BISI 18 di lahan seluas 3,5 Hektar, Desa Likupang I.

Program ini lebih dari sekadar menanam, tapi juga belajar bersama! Kami support penuh:

✅ Benih, pupuk, pestisida & pendampingan.

✅ Sekolah Lapang untuk mengasah skill bertani, mulai dari cara hitung populasi tanaman, pengolahan lahan, sampai teknik aplikasi pupuk.

Melihat antusiasme Bapak/Ibu petani, kami optimis panen raya akan sukses melimpah! Sukses untuk Kelompok Tani Jati! 💪

📷 : Tim Comdev, Jelly M

#PetaniMaju #LikupangTimur #PTMSMTTN #Comdev #Kemitraan #SekolahLapang #BISI18 #MinahasaUtara",Sidecar,2025-11-13 07:24:39+00:00,31.0,3,0.0,,ptmsm.ptttn,2026-06-03,Apify Instagram Scraper,34.0,2025-11-13
Likupang,#likupangtimur,https://www.instagram.com/p/DRbojSSE65I/,DRbojSSE65I,"🪼[THANKS TO OUR SPONSORSHIP]🪼

Halo, Tamang-tamang Niskala! 👋🏻

Kami mengucapkan terima kasih yang tulus kepada seluruh sponsor yang telah memberikan dukungan selama pelaksanaan KKN di Niskala Likupang. Setiap bentuk bantuan yang diberikan sangat berarti dalam membantu kami menjalankan program dan memberikan kontribusi nyata untuk masyarakat Desa Pulisan dan Marinsow, Likupang Timur🌊

Atas kepercayaan dan kerja sama yang terjalin, kami merasa sangat terbantu dan termotivasi. Semoga sinergi baik ini dapat terus berlanjut di kegiatan maupun kesempatan lainnya🫂

#KKNPPMUGM
#LikupangTimur
#NiskalaLikupang

———————————————
Tiktok: niskalalikupang
Website : https://www.pesonalikupang.com/
Email: kknlikupang2025@gmail.com",Image,2025-11-24 08:02:14+00:00,33.0,0,0.0,,niskalalikupang,2026-06-03,Apify Instagram Scraper,33.0,2025-11-24
Likupang,#likupangbeach,https://www.instagram.com/p/DJfbXNnTIxX/,DJfbXNnTIxX,"Ibarat air laut dipantai, meski kadang pasang dan surut percayalah rasa air itu tidak akan berubah🫶🏻

📍Pulisanbeach

#pantai #pantailikupang #likupangbeach #pulisan #sulawesiutara #fyp",Sidecar,2025-05-10 23:12:48+00:00,32.0,0,0.0,Pulisan BEACH,ttchrstn,2026-06-03,Apify Instagram Scraper,32.0,2025-05-10
Likupang,#likupang,https://www.instagram.com/p/DZBmJbUGct1/,DZBmJbUGct1,"""Uang tidak dibawa mati""
lah emang, kan buat treveling🚀
.

.

.

.
#sangihe #sulawesiutara #aesthetic #likupang #pesonaindonesia",Sidecar,2026-06-01 01:32:07+00:00,31.0,0,0.0,Pelabuhan Munte-Likupang,abdulvrse_,2026-06-03,Apify Instagram Scraper,31.0,2026-06-01
Likupang,#likupang,https://www.instagram.com/p/DZD6S6bzcpU/,DZD6S6bzcpU,"""In this calm and shallow sea .... ""
.
.
.
.
.
#likupang #pantaikalinaun #tasikSampirang #gunungduasudara",Image,2026-06-02 00:25:35+00:00,30.0,0,0.0,Pantai Tasik Sampirang Kalinaun,ivhamoriva,2026-06-03,Apify Instagram Scraper,30.0,2026-06-02
Likupang,#likupangbeach,https://www.instagram.com/p/DGDWi3ZSQ1F/,DGDWi3ZSQ1F,"⛰🏞

#manado 
#sulawesi 
#sulawesiutara 
#sunset 
#manadohits
#manadopunya 
#sky 
#afternoon 
#sulawesikeren 
#manadophotography 
#beach 
#sea 
#kotanyiurmelambai
#likupang 
#likupangbeach 
#pantaipaal 
#pantaipaallikupang
#bukitlarata",Image,2025-02-14 11:57:47+00:00,28.0,0,0.0,Pantai Pall Marinsow Likupang,viviwahyuningtias,2026-06-03,Apify Instagram Scraper,28.0,2025-02-14
Likupang,#wisatalikupang,https://www.instagram.com/p/CvzT3hTRMEh/,CvzT3hTRMEh,"mimin p caption iko rame konten2 skrg

LLP = LAKI-LAKI PASUNG❌
LLP = LAKI-LAKI PANTAI✅

asikdeh
thx a lot brotha🙏

Tubuhku tidak sakit tapi aku sibuk mencari sembuh. 🌊
.
Kuti"" by : @sitoustudio 
.
#paalbeach #pantaipaal #marinsow #likupang #minahasautara #minutnimaukering #exploreminut #explorelikupang #marijokalikupang
#wisatalikupang #wisata #wonderfulindonesia 

Reposted from @wey.coy",Image,2023-08-11 10:55:52+00:00,26.0,2,0.0,"Likupang, Sulawesi Utara, Indonesia",explorelikupang,2026-06-03,Apify Instagram Scraper,28.0,2023-08-11
Likupang,#likupangtimur,https://www.instagram.com/p/DRboT5RE_cQ/,DRboT5RE_cQ,"🪼[THANKS TO OUR SPONSORSHIP]🪼

Halo, Tamang-tamang Niskala! 👋🏻

Kami mengucapkan terima kasih yang tulus kepada seluruh sponsor yang telah memberikan dukungan selama pelaksanaan KKN di Niskala Likupang. Setiap bentuk bantuan yang diberikan sangat berarti dalam membantu kami menjalankan program dan memberikan kontribusi nyata untuk masyarakat Desa Pulisan dan Marinsow, Likupang Timur🌊

Atas kepercayaan dan kerja sama yang terjalin, kami merasa sangat terbantu dan termotivasi. Semoga sinergi baik ini dapat terus berlanjut di kegiatan maupun kesempatan lainnya🫂

#KKNPPMUGM
#LikupangTimur
#NiskalaLikupang

———————————————
Tiktok: niskalalikupang
Website : https://www.pesonalikupang.com/
Email: kknlikupang2025@gmail.com",Image,2025-11-24 08:00:08+00:00,26.0,0,0.0,,niskalalikupang,2026-06-03,Apify Instagram Scraper,26.0,2025-11-24
Likupang,#likupangbeach,https://www.instagram.com/p/DKDfyA9zXBW/,DKDfyA9zXBW,"Vitamin sea🌊🏖️

📍 Pantai Pall Likupang

#fyp #pantai #likupang #likupangbeach  #manado #sulawesiutara #4u #fypage",Sidecar,2025-05-24 23:24:04+00:00,23.0,2,0.0,Pantai Pall Marinsow Likupang,ttchrstn,2026-06-03,Apify Instagram Scraper,25.0,2025-05-24
Likupang,#likupangtimur,https://www.instagram.com/p/DMuwnXmJoMr/,DMuwnXmJoMr,"Wake up to breathtaking ocean views and ultimate comfort. Your perfect staycation destination is just a booking away.
.
.
.
#paradise #views #paradiseview #hotel #staycation #likupangtimur #manado #sulawesiutara #indonesia",Image,2025-07-30 11:41:18+00:00,25.0,0,0.0,Paradise Hotel Golf and Resort Likupang,manadoparadisehotel,2026-06-03,Apify Instagram Scraper,25.0,2025-07-30
Likupang,#likupangtimur,https://www.instagram.com/p/DMe5_JiJwul/,DMe5_JiJwul,"Imagine waking up here… white sands, blue ocean, and endless tranquility. Reserve your spot today.
.
.
.
#paradise #tropis #paradisehotel #hotel #staycation #likupangtimur #manado #sulawesiutara #indonesia",Image,2025-07-24 07:55:20+00:00,22.0,0,0.0,Paradise Hotel Golf and Resort Likupang,manadoparadisehotel,2026-06-03,Apify Instagram Scraper,22.0,2025-07-24
Likupang,#likupangbeach,https://www.instagram.com/p/DWK0FBIEwEC/,DWK0FBIEwEC,"~ MasyaAllah Tabarakallah ~

Mohon Maaf Lahir Dan Bathin 🙏🙏🙏😇😇😇

Lebaran 2026

Day 1.

#lebaran2026🕌☪️ 
#kotamanado 
#likupangbeach",Sidecar,2026-03-22 01:52:50+00:00,20.0,0,0.0,Paradise Hotel Golf and Resort Likupang,meilanidjunaengsih,2026-06-03,Apify Instagram Scraper,20.0,2026-03-22
Likupang,#likupangbeach,https://www.instagram.com/p/DPOI2axie4y/,DPOI2axie4y,"Sometimes, the best therapy is a bench, a breeze, and the sound of the sea...

#paradisehotellikupang #likupangbeach",Image,2025-09-30 09:12:19+00:00,18.0,0,0.0,Paradise Hotel Golf and Resort Likupang,manadoparadisehotel,2026-06-03,Apify Instagram Scraper,18.0,2025-09-30
Likupang,#explorelikupang,https://www.instagram.com/p/DIKnV1HTFgR/,DIKnV1HTFgR,Bersih-bersih galery 😎👻 #liburan #explorelikupang,Sidecar,2025-04-08 00:42:01+00:00,18.0,0,0.0,Paradise Hotel Golf and Resort Likupang,evasteva,2026-06-03,Apify Instagram Scraper,18.0,2025-04-08
Likupang,#likupang,https://www.instagram.com/p/DYUvU0DFDZR/,DYUvU0DFDZR,"Good waves, good vibes 📸

#beach #photos #goodvibes #likupang #manado",Sidecar,2026-05-14 15:26:30+00:00,17.0,0,0.0,Pantai Pulisan Likupang,rizco47,2026-06-03,Apify Instagram Scraper,17.0,2026-05-14
Likupang,#likupangbeach,https://www.instagram.com/p/DGaG80bJcDV/,DGaG80bJcDV,". 
Manajemen Paradise Hotel Golf & Resort Likupang telah menggelar acara ""Media Fam Gathering 2025"" bersama semua Media partner dari semua Media Platform di kota Manado ini, untuk memberikan informasi secara lengkap kepada awak Media tentang Pembaharuan Brand Hotel, team Manajemen Hotel yang baru, hingga sampai kepada Launching Promo baru khusus dalam rangka menyambut Bulan Suci Ramadhan nanti, dan lain-lainnya sebagainya. 

Banyak rangkaian acara yang digelar pada acara tersebut, mulai dari perkenalan team Manajemen Hotel baru oleh General Manager Paradise Hotel Golf & Resort - Bapak Muh. Aliwardana, sampai acara Makan malam bersama, sampai pada acara joget bersama semua awak media & Manajemen Hotel. 

Acara berakhir pada hari Minggu, 23 Februari 2025.

Sampai jumpa lagi rekan media semua di ""Media Fam Gathering"" selanjutnya.... 
Terima kasih tak terhingga buat semua awak media yang sudah boleh memenuhi Undangan kami... 

Love you so.... 

#mediafamgathering2025 #mediagathering #mediapromo #gathering #paradisehotel #paradisehotelgolfresortlikupang #likupang #likupangbeach #manadohits #manado #manadocity",Sidecar,2025-02-23 08:04:03+00:00,16.0,0,0.0,Paradise Hotel Golf and Resort Likupang,manadoparadisehotel,2026-06-03,Apify Instagram Scraper,16.0,2025-02-23
Likupang,#likupangtimur,https://www.instagram.com/p/DM0VEYwSZXt/,DM0VEYwSZXt,"Silaturahmi Remaja mesjid Nurul Bilad ( RMNB ) dan KKN poskoh 7 kampus IAIN manado 😇💞
#remajamesjidnurulbiladlikupangdua 
#likupangtimur 
#desaLikupangDua",Sidecar,2025-08-01 15:36:02+00:00,15.0,0,0.0,"Likupang, Sulawesi Utara, Indonesia",remajamesjidnurulbiladlikpng2,2026-06-03,Apify Instagram Scraper,15.0,2025-08-01
Likupang,#explorelikupang,https://www.instagram.com/p/DLe6SykSL2t/,DLe6SykSL2t,"Titik paling tenang itu ketika kita  menyadari bahwa ""Bunga ditaman saja Tuhan hiasi, burung diudara Tuhan pelihara"" Apalagi kamu manusia berharga  Milik Kepunyaan Tuhan.

#MBM 
28/06/2025

#explore #explorelikupang #minahasautara #sulawesiutara #bapontar #page #2025 #beach",Sidecar,2025-06-29 11:26:37+00:00,14.0,1,0.0,Pantai Pall Marinsow Likupang,maikel.manayang,2026-06-03,Apify Instagram Scraper,15.0,2025-06-29
Likupang,#likupangbeach,https://www.instagram.com/p/DYWoaJ7CR_r/,DYWoaJ7CR_r,"📸: @givenwwr_ 
ty bro!
#beach #likupangbeach",Sidecar,2026-05-15 09:04:32+00:00,12.0,2,0.0,"Likupang, Sulawesi Utara, Indonesia",1bluyiesei,2026-06-03,Apify Instagram Scraper,14.0,2026-05-15
Likupang,#likupangtimur,https://www.instagram.com/p/DMp2NEYJ4Rz/,DMp2NEYJ4Rz,"Elevate your stay in a beachfront gazebo designed for comfort, relaxation, and unforgettable scenery.
.
.
.
#gazebo #viewpool #viewbeach #paradise #hotel #staycation #likupangtimur #manado #indonesia",Image,2025-07-28 13:53:56+00:00,14.0,0,0.0,Paradise Hotel Golf and Resort Likupang,manadoparadisehotel,2026-06-03,Apify Instagram Scraper,14.0,2025-07-28
Likupang,#likupangbeach,https://www.instagram.com/p/DQdKmvNgbYU/,DQdKmvNgbYU,"#dockdiving 
#paradisehotel 
#likupangbeach 
#minahasautara 
#sulawesiutaraexplore",Image,2025-10-31 01:47:39+00:00,13.0,0,0.0,,iimoetoro,2026-06-03,Apify Instagram Scraper,13.0,2025-10-31
Likupang,#likupangtimur,https://www.instagram.com/p/DPnj7Zbju8P/,DPnj7Zbju8P,"Mari menanam, lestari bumiku 💚🌏

Kegiatan menanam DAS Marawuwung 🌱

#ptmsmptttn #comdevdept #ptsma #ptgma #ptmaxidrill  #ptmfi #ptintertek #dinaspertanian #likupangtimur",Sidecar,2025-10-10 06:09:56+00:00,8.0,5,0.0,,sigarlinia,2026-06-03,Apify Instagram Scraper,13.0,2025-10-10
Likupang,#likupangtimur,https://www.instagram.com/p/DMjQsMczQOc/,DMjQsMczQOc,"Turn your vacation into an unforgettable journey. Explore crystal-clear waters through our Glass Bottom Boat.
.
.
.
#glassbottomboat #coral #sea #fish #paradis #hotel #likupangtimur #manado #indonesia",Image,2025-07-26 00:30:41+00:00,13.0,0,0.0,Paradise Hotel Golf and Resort Likupang,manadoparadisehotel,2026-06-03,Apify Instagram Scraper,13.0,2025-07-26
Likupang,#explorelikupang,https://www.instagram.com/p/DD86PgzzHje/,DD86PgzzHje,"🤍🫶🏻

#sulawesi#sulut#sulawesiutara#manado#manadohits#explorelikupang#exploremanado",Sidecar,2024-12-24 06:52:14+00:00,-1.0,14,0.0,Pal Beach Likupang,zarabyy29,2026-06-03,Apify Instagram Scraper,13.0,2024-12-24
Likupang,#likupangtimur,https://www.instagram.com/p/DMaQRvWJIWz/,DMaQRvWJIWz,"Pina Colada and tropical vibes equal the perfect escape. Resfresh your day at Kasasa Bar & Lounge.
.
.
.
#pineaple #pineapple #drinks #pineapledrink #paradise #hotel #staycation #likupangtimur #manado #sulawesiutara",Sidecar,2025-07-22 12:33:55+00:00,12.0,0,0.0,Paradise Hotel Golf and Resort Likupang,manadoparadisehotel,2026-06-03,Apify Instagram Scraper,12.0,2025-07-22
Likupang,#explorelikupang,https://www.instagram.com/p/DIhyQTpTaXY/,DIhyQTpTaXY,"Salam Sportivitas 
Salam Hangat dari Kawasan Pariwisata Paradise !!!

Kami mengundang Bapak/Ibu pecinta Golf, untuk ikut dalam kegiatan ""Golf Bareng Halal Bihalal 2025"" yang diselenggarakan oleh Management Paradise Golf pada hari Sabtu tanggal 03 Mei 2025  bertempat di Paradise Golf Course -Likupang.

Ayo penggemar Golf, kita sama-sama ikut dalam event ini, dengan harapan untuk kita memperkuat tali silahturahmi dan kekeluargaan pecinta Golf di Sulawesi Utara ini. 

Jangan ketinggalan, spot terbatas hanya 40 pax. Buruan daftar lewat Dolfie di 0821-9515-2928 dan @katuukmeisita_ di 0853-9952-6800.

#ParadiseGolfLikupang
#ExploreLikupang
#MinutMaju
#SulutMaju
#WonderfullIndonesia",Image,2025-04-17 00:39:55+00:00,12.0,0,0.0,Paradise Hotel Golf and Resort Likupang,manadoparadisehotel,2026-06-03,Apify Instagram Scraper,12.0,2025-04-17
Likupang,#likupang,https://www.instagram.com/p/DYYIQzSE153/,DYYIQzSE153,"🌊🌊🐳

#likupang #sulut #sulawesiutara #bitung",Sidecar,2026-05-15 23:02:08+00:00,11.0,0,0.0,"Likupang, Sulawesi Utara, Indonesia",itzpandan_,2026-06-03,Apify Instagram Scraper,11.0,2026-05-15
Likupang,#likupangbeach,https://www.instagram.com/p/DKCNvAhvMLJ/,DKCNvAhvMLJ,#likupangbeach,Sidecar,2025-05-24 11:27:08+00:00,8.0,2,0.0,,meylanp083,2026-06-03,Apify Instagram Scraper,10.0,2025-05-24
Likupang,#explorelikupang,https://www.instagram.com/p/DQEE1-iCUQz/,DQEE1-iCUQz,"From sunrise adventures to sunset relaxation — every moment at Paradise Hotel Golf & Resort is designed to inspire.
Dive, ride, swing, and unwind in the heart of Likupang’s coastal elegance.
.
.
.
#paradisehotelgolfresort #likupangparadise #coastalelegance #luxuryescape #tropicalretreat #islandvibes #beachfrontbliss #travelgoals #sunrisetosunset #resortlife #explorelikupang #indonesiatravel #luxurygetaway #wanderlust #unwindinparadise",Image,2025-10-21 07:56:17+00:00,10.0,0,0.0,Paradise Hotel Golf and Resort Likupang,manadoparadisehotel,2026-06-03,Apify Instagram Scraper,10.0,2025-10-21
Likupang,#likupangbeach,https://www.instagram.com/p/DYV5YelCSXS/,DYV5YelCSXS,"🏖️ 
#beach #likupangbeach",Sidecar,2026-05-15 02:13:37+00:00,6.0,3,0.0,,1bluyiesei,2026-06-03,Apify Instagram Scraper,9.0,2026-05-15
Likupang,#wisatalikupang,https://www.instagram.com/p/C8nkwtuSELA/,C8nkwtuSELA,"Proposal Penataan Kawasan Pantai Pall.

Dalam usulan penataan kawasan wisata pantai Pall dibagi dalam 4 zona didalamnya terdapat fasilitas konservasi, olahraga, komersial serta area untuk aktivitas publik dan event nasional maupun internasional.
.
.
.
.
.

#arsyarchitectstudio #pantaipall #pantaipallikupang #pantaipallmarinsowlikupang #pantaipallmarinsow #likupang #likupangbeach #arsitekkotamobagu #arsitekbolaangmongondow #arsitektomohon #arsitektondano #arsitekmanado #masterplan #masterplanning #manado #likupang #manadohits #sulut #tourism #tourismsulut #festivallikupang #likupanginternationalfishingcompetition #likupanginternationalunderwatercompetition #wisata #wisatalikupang #pantai #pantaimorinsow",Image,2024-06-25 00:20:43+00:00,9.0,0,0.0,Pantai Pall Marinsow Likupang,arsyarchitectstudio,2026-06-03,Apify Instagram Scraper,9.0,2024-06-25
Likupang,#explorelikupang,https://www.instagram.com/p/DRWfRNHkw8p/,DRWfRNHkw8p,"Selamat Hari Jadi Kabupaten Minahasa Utara ke-22🌹 
as today marks the anniversary of our beloved regency, we celebrate with pride and gratitude towards God for another year of prosperity and glory✨ In remembrance of the dedication to honor the legacy and sacrifices of the heroes who fought for North Minahasa.
The ceremony continued with Plenary Meeting with the Govenor alongside with Vice Governor to strengthen our commitment to build a stronger future💪🏻
We also extend our gratitude to the Government of North Minahasa for their continuous efforts in fighting for the well being of the people🙏🏻
Dirgahayu Minahasa Utara, Semoga Jaya Selalu😇
.
@pemkabminut @jgkwlofficial 
@kekeutu.minut @kekeutu.2025
#MinutHebat #MinutTangguh #MinutSejahtera
#HUTMinut #NorthSulawesi #SulawesiUtara #explorelikupang
💄Makeup by @yoanochotan @yoanochotanacademy 
💆🏻‍♀️ hairdo by mama😘",Sidecar,2025-11-22 08:04:55+00:00,-1.0,10,0.0,,princesa.kamagi,2026-06-03,Apify Instagram Scraper,9.0,2025-11-22
Likupang,#explorelikupang,https://www.instagram.com/p/DLEGPP-TAPy/,DLEGPP-TAPy,"Menjelajahi keindahan tersembunyi Pantai Pulisan, Likupang 🏝️
Langit cerah, air sebening kristal, dan gua alami yang memukau.
sempurna untuk recharge energi hidup 🌊✨
Alam Indonesia memang nggak pernah gagal bikin jatuh cinta.
.
.
.
.
#pantaipulisan
#likupang
#explorelikupang
#wonderfulindonesia
#hiddengemindonesia
#pulisanbeach
#travelmanado
#LiburanKePulisan
#beachvibes
#guaalami
#visitlikupang
#pantaicantik
#explorenorthsulawesi
#indonesiaindah
#naturelover",Sidecar,2025-06-19 01:31:30+00:00,9.0,0,0.0,,osvaldoo.ds,2026-06-03,Apify Instagram Scraper,9.0,2025-06-19
Likupang,#explorelikupang,https://www.instagram.com/p/DFQGIS4haZJ/,DFQGIS4haZJ,"Coba seandainya situ jadi kamu,bgimna situ p perasaan 🤭🤭
LP abis dri lapngan ba pece lanjut di lapngan nda ba pece,dnk cukup Jo dp rumpu yg palsu Nn jngan🔥🔥😎
 

#PemkabMinutFC💪
#ExploreLikupang 👆",Sidecar,2025-01-25 14:13:04+00:00,6.0,3,0.0,,altergansa,2026-06-03,Apify Instagram Scraper,9.0,2025-01-25
Likupang,#likupang,https://www.instagram.com/p/DYoycRhlOUT/,DYoycRhlOUT,"Kunjungan kerja ke area mining di Likupang menjadi pengingat bahwa kebutuhan energi di lapangan membutuhkan kesiapan, kecepatan respons, dan komitmen layanan yang konsisten.

Bagi kami, setiap site visit adalah kesempatan untuk mendengar langsung, memahami kebutuhan operasional, dan membangun kepercayaan melalui integritas, kejujuran, dan komitmen layanan yang konsisten.

Di sela agenda kerja, kami juga sempat menikmati indahnya Pantai Paal, Likupang, dan makan ikan bakar bersama tim — masih dengan seragam kerja, sederhana, hangat, dan penuh kebersamaan.

Grateful for the journey, the learning, and the beauty of Indonesia.

#Likupang #Manado #MiningSite #EnergyLogistics #ServiceExcellence Teamwork PTInfinitieBerkahEnergi",Sidecar,2026-05-22 10:18:32+00:00,7.0,0,0.0,,rinazoetofficial,2026-06-03,Apify Instagram Scraper,7.0,2026-05-22
Likupang,#likupangbeach,https://www.instagram.com/p/DQDd3d_km7i/,DQDd3d_km7i,"Sedang Menikmati Berkat Tuhan 😇
#sunmori_indo_official #likupangbeach #pantepaallikupang #squadbigmtc",Image,2025-10-21 02:15:42+00:00,7.0,0,0.0,,yezki_hrmns,2026-06-03,Apify Instagram Scraper,7.0,2025-10-21
Likupang,#wisatalikupang,https://www.instagram.com/p/C86cwKfyDVo/,C86cwKfyDVo,"Proposal Penataan Kawasan Pantai Pall.

Dalam usulan penataan kawasan wisata @pantaipall @paalbeach dibagi dalam 4 zona didalamnya terdapat fasilitas konservasi, olahraga, komersial serta area untuk aktivitas publik dan event nasional maupun internasional.
.
.
.
.
.

#arsyarchitectstudio #pantaipall #pantaipallikupang #pantaipallmarinsowlikupang #pantaipallmarinsow #likupang #likupangbeach #arsitekkotamobagu #arsitekbolaangmongondow #arsitektomohon #arsitektondano #arsitekmanado #masterplan #masterplanning #manado #likupang #manadohits #sulut #tourism #tourismsulut #festivallikupang #likupanginternationalfishingcompetition #likupanginternationalunderwatercompetition #wisata #wisatalikupang #manado #manadohits #minut #minahasautara",Sidecar,2024-07-02 08:16:19+00:00,7.0,0,0.0,Pantai Pall Marinsow Likupang,arsyarchitectstudio,2026-06-03,Apify Instagram Scraper,7.0,2024-07-02
Likupang,#likupangbeach,https://www.instagram.com/p/Ccjh2APgTHv/,Ccjh2APgTHv,"Pernah ga sih kalian nostalgia lagu pop lawas, dengerinnya ditepian pantai sambil liat ombak..rasanya deep bgt🫥
#likupangbeach 
#manadohits 
#anakrantaupunyacerita 
#fypシ❤️💞❤️",Video,2022-04-20 01:55:54+00:00,3.0,3,77.0,Likupang Timur - Minahasa Utara,suriantiides,2026-06-03,Apify Instagram Scraper,6.0,2022-04-20
Likupang,#wisatalikupang,https://www.instagram.com/p/C83l7L-ycXo/,C83l7L-ycXo,"Proposal Penataan Kawasan Pantai Pall.

Dalam usulan penataan kawasan wisata @pantaipall @paalbeach dibagi dalam 4 zona didalamnya terdapat fasilitas konservasi, olahraga, komersial serta area untuk aktivitas publik dan event nasional maupun internasional.
.
.
.
.
.

#arsyarchitectstudio #pantaipall #pantaipallikupang #pantaipallmarinsowlikupang #pantaipallmarinsow #likupang #likupangbeach #arsitekkotamobagu #arsitekbolaangmongondow #arsitektomohon #arsitektondano #arsitekmanado #masterplan #masterplanning #manado #likupang #manadohits #sulut #tourism #tourismsulut #festivallikupang #likupanginternationalfishingcompetition #likupanginternationalunderwatercompetition #wisata #wisatalikupang #manado #manadohits #minut #minahasautara",Sidecar,2024-07-01 05:38:44+00:00,6.0,0,0.0,Pantai Pall Marinsow Likupang,arsyarchitectstudio,2026-06-03,Apify Instagram Scraper,6.0,2024-07-01
Likupang,#wisatalikupang,https://www.instagram.com/p/C80yJXiSaqD/,C80yJXiSaqD,"Proposal Penataan Kawasan Pantai Pall.

Dalam usulan penataan kawasan wisata @pantaipall @paalbeach dibagi dalam 4 zona didalamnya terdapat fasilitas konservasi, olahraga, komersial serta area untuk aktivitas publik dan event nasional maupun internasional.
.
.
.
.
.

#arsyarchitectstudio #pantaipall #pantaipallikupang #pantaipallmarinsowlikupang #pantaipallmarinsow #likupang #likupangbeach #arsitekkotamobagu #arsitekbolaangmongondow #arsitektomohon #arsitektondano #arsitekmanado #masterplan #masterplanning #manado #likupang #manadohits #sulut #tourism #tourismsulut #festivallikupang #likupanginternationalfishingcompetition #likupanginternationalunderwatercompetition #wisata #wisatalikupang #manado #manadohits #minut #minahasautara",Sidecar,2024-06-30 03:27:49+00:00,6.0,0,0.0,Pantai Pall Marinsow Likupang,arsyarchitectstudio,2026-06-03,Apify Instagram Scraper,6.0,2024-06-30
Likupang,#wisatalikupang,https://www.instagram.com/p/C80yDzxyQII/,C80yDzxyQII,"Proposal Penataan Kawasan Pantai Pall.

Dalam usulan penataan kawasan wisata @pantaipall @paalbeach dibagi dalam 4 zona didalamnya terdapat fasilitas konservasi, olahraga, komersial serta area untuk aktivitas publik dan event nasional maupun internasional.
.
.
.
.
.

#arsyarchitectstudio #pantaipall #pantaipallikupang #pantaipallmarinsowlikupang #pantaipallmarinsow #likupang #likupangbeach #arsitekkotamobagu #arsitekbolaangmongondow #arsitektomohon #arsitektondano #arsitekmanado #masterplan #masterplanning #manado #likupang #manadohits #sulut #tourism #tourismsulut #festivallikupang #likupanginternationalfishingcompetition #likupanginternationalunderwatercompetition #wisata #wisatalikupang #manado #manadohits #minut #minahasautara",Image,2024-06-30 03:27:03+00:00,6.0,0,0.0,Pantai Pall Marinsow Likupang,arsyarchitectstudio,2026-06-03,Apify Instagram Scraper,6.0,2024-06-30
Likupang,#wisatalikupang,https://www.instagram.com/p/C8vMdkwSptZ/,C8vMdkwSptZ,"Proposal Penataan Kawasan Pantai Pall.

Dalam usulan penataan kawasan wisata @pantaipall @paalbeach dibagi dalam 4 zona didalamnya terdapat fasilitas konservasi, olahraga, komersial serta area untuk aktivitas publik dan event nasional maupun internasional.
.
.
.
.
.

#arsyarchitectstudio #pantaipall #pantaipallikupang #pantaipallmarinsowlikupang #pantaipallmarinsow #likupang #likupangbeach #arsitekkotamobagu #arsitekbolaangmongondow #arsitektomohon #arsitektondano #arsitekmanado #masterplan #masterplanning #manado #likupang #manadohits #sulut #tourism #tourismsulut #festivallikupang #likupanginternationalfishingcompetition #likupanginternationalunderwatercompetition #wisata #wisatalikupang #manado #manadohits",Image,2024-06-27 23:22:19+00:00,6.0,0,0.0,Pantai Pall Marinsow Likupang,arsyarchitectstudio,2026-06-03,Apify Instagram Scraper,6.0,2024-06-27
Likupang,#likupang,https://www.instagram.com/p/DY1oUwLFvfs/,DY1oUwLFvfs,"Xplore North Sulawesi your way. From coral reefs and quiet lakes to scenic hills and beaches, this trip brings you closer to nature at every turn. A refreshing escape that’s full of variety and beauty.

Book your Xperience through the link below:
https://zurl.co/dWycq

#NorthSulawesi #Indonesia #NatureEscape #Bunaken #Minahasa #Likupang #Adventure #SmailingTour #SmailingDMC #fypシ",Image,2026-05-27 10:02:21+00:00,5.0,0,0.0,,smailingdmc,2026-06-03,Apify Instagram Scraper,5.0,2026-05-27
Likupang,#likupang,https://www.instagram.com/p/DY1OSX8ErdY/,DY1OSX8ErdY,"INVESTASI PROPERTI 75.300 M² DI LIKUPANG TIMUR

Tanah di Likupang Timur ini bukan sekadar tanah kosong, tapi aset berharga dengan segudang keunggulan:

✅ Pemandangan Gunung & Alam: Bangun pagi langsung disambut udara sejuk dan view estetik.
✅ Lokasi Strategis: Dekat ke berbagai fasilitas utama, akses mudah, dan pastinya BEBAS BANJIR.
✅ Potensi Cuan: Cocok banget buat investasi atau dijual kembali dengan nilai yang terus merangkak naik.
✅ Fleksibel: Ada kebun pribadinya juga, lho!
✅ potensi passive income dari pengelolaan mineral.

📍 Lokasi: Likupang Timur, Minahasa Utara
📄 Legalitas: SHM
💰 Harga: Rp. 500.000 / meter Sangat kompetitif (Bisa Nego!)

Jangan tunggu sampai harga melonjak! Klik link di bio atau langsung DM saya untuk tanya-tanya lebih lanjut atau jadwalkan survei lokasi.

#Likupang #TanahLikupang #InvestasiTanah #PropertiMinahasaUtara",Sidecar,2026-05-27 06:12:45+00:00,5.0,0,0.0,,nandez.property,2026-06-03,Apify Instagram Scraper,5.0,2026-05-27
Likupang,#likupangbeach,https://www.instagram.com/p/DUI2l99Etpo/,DUI2l99Etpo,"30 - 01 - 2026
•
Surrounded by gentle colors and peaceful scenery, I’m learning to enjoy life one slow moment at a time. No rush, no noise, just calm 🩵
•
📍 @paradisehotellikupang 
•
📸 @finaa_mmnto @nikichu_s (Spek Fotografer doe) 
•
#bluesky #paradiselikupanggolfandresort #blue #likupangbeach",Sidecar,2026-01-30 14:33:33+00:00,-1.0,6,0.0,Paradise Hotel Golf and Resort Likupang,_krissjanuar,2026-06-03,Apify Instagram Scraper,5.0,2026-01-30
Likupang,#likupangbeach,https://www.instagram.com/p/DJ373iczGJK/,DJ373iczGJK,"Nggak akan rugi datang disini.
✅Pelayan super ramah (meski banyak pengunjung)
✅Makanan minuman enak & terjangkau poll 🥹
✅Semua sisi bisa jadi spot foto yang indah
✅Laut nya cantik bgt apalagi pas snorkeling 😍
✅Toilet & kamar mandi bersih bgt and wangi

#lihagabeachclub #lihagaisland #lihagaislandmanado #lihaga #tripsulawesiutara #wisatapantaisulawesiutara #wisatasulawesiutara #manado #likupangbeach #likupang #pantailikupang 

tiap hari kesini gak akan bosan deh!",Sidecar,2025-05-20 11:38:36+00:00,5.0,0,0.0,Lihaga Beach Club,temanjalan_beta,2026-06-03,Apify Instagram Scraper,5.0,2025-05-20
Likupang,#wisatalikupang,https://www.instagram.com/p/C86csubSWBI/,C86csubSWBI,"Proposal Penataan Kawasan Pantai Pall.

Dalam usulan penataan kawasan wisata @pantaipall @paalbeach dibagi dalam 4 zona didalamnya terdapat fasilitas konservasi, olahraga, komersial serta area untuk aktivitas publik dan event nasional maupun internasional.
.
.
.
.
.

#arsyarchitectstudio #pantaipall #pantaipallikupang #pantaipallmarinsowlikupang #pantaipallmarinsow #likupang #likupangbeach #arsitekkotamobagu #arsitekbolaangmongondow #arsitektomohon #arsitektondano #arsitekmanado #masterplan #masterplanning #manado #likupang #manadohits #sulut #tourism #tourismsulut #festivallikupang #likupanginternationalfishingcompetition #likupanginternationalunderwatercompetition #wisata #wisatalikupang #manado #manadohits #minut #minahasautara",Image,2024-07-02 08:15:51+00:00,5.0,0,0.0,Pantai Pall Marinsow Likupang,arsyarchitectstudio,2026-06-03,Apify Instagram Scraper,5.0,2024-07-02
Likupang,#wisatalikupang,https://www.instagram.com/p/C80yAeKSooH/,C80yAeKSooH,"Proposal Penataan Kawasan Pantai Pall.

Dalam usulan penataan kawasan wisata @pantaipall @paalbeach dibagi dalam 4 zona didalamnya terdapat fasilitas konservasi, olahraga, komersial serta area untuk aktivitas publik dan event nasional maupun internasional.
.
.
.
.
.

#arsyarchitectstudio #pantaipall #pantaipallikupang #pantaipallmarinsowlikupang #pantaipallmarinsow #likupang #likupangbeach #arsitekkotamobagu #arsitekbolaangmongondow #arsitektomohon #arsitektondano #arsitekmanado #masterplan #masterplanning #manado #likupang #manadohits #sulut #tourism #tourismsulut #festivallikupang #likupanginternationalfishingcompetition #likupanginternationalunderwatercompetition #wisata #wisatalikupang #manado #manadohits #minut #minahasautara",Image,2024-06-30 03:26:36+00:00,5.0,0,0.0,Pantai Pall Marinsow Likupang,arsyarchitectstudio,2026-06-03,Apify Instagram Scraper,5.0,2024-06-30
Likupang,#wisatalikupang,https://www.instagram.com/p/C8x51jdSnMw/,C8x51jdSnMw,"Proposal Penataan Kawasan Pantai Pall.

Dalam usulan penataan kawasan wisata @pantaipall @paalbeach dibagi dalam 4 zona didalamnya terdapat fasilitas konservasi, olahraga, komersial serta area untuk aktivitas publik dan event nasional maupun internasional.
.
.
.
.
.

#arsyarchitectstudio #pantaipall #pantaipallikupang #pantaipallmarinsowlikupang #pantaipallmarinsow #likupang #likupangbeach #arsitekkotamobagu #arsitekbolaangmongondow #arsitektomohon #arsitektondano #arsitekmanado #masterplan #masterplanning #manado #likupang #manadohits #sulut #tourism #tourismsulut #festivallikupang #likupanginternationalfishingcompetition #likupanginternationalunderwatercompetition #wisata #wisatalikupang #manado #manadohits #minut #minahasautara",Sidecar,2024-06-29 00:37:17+00:00,5.0,0,0.0,Pantai Pall Marinsow Likupang,arsyarchitectstudio,2026-06-03,Apify Instagram Scraper,5.0,2024-06-29
Likupang,#wisatalikupang,https://www.instagram.com/p/C8vNINGSTOk/,C8vNINGSTOk,"Proposal Penataan Kawasan Pantai Pall.

Dalam usulan penataan kawasan wisata @pantaipall @paalbeach dibagi dalam 4 zona didalamnya terdapat fasilitas konservasi, olahraga, komersial serta area untuk aktivitas publik dan event nasional maupun internasional.
.
.
.
.
.

#arsyarchitectstudio #pantaipall #pantaipallikupang #pantaipallmarinsowlikupang #pantaipallmarinsow #likupang #likupangbeach #arsitekkotamobagu #arsitekbolaangmongondow #arsitektomohon #arsitektondano #arsitekmanado #masterplan #masterplanning #manado #likupang #manadohits #sulut #tourism #tourismsulut #festivallikupang #likupanginternationalfishingcompetition #likupanginternationalunderwatercompetition #wisata #wisatalikupang #manado #manadohits #minahasautara #minut",Sidecar,2024-06-27 23:28:08+00:00,5.0,0,0.0,Pantai Pall Marinsow Likupang,arsyarchitectstudio,2026-06-03,Apify Instagram Scraper,5.0,2024-06-27
Likupang,#wisatalikupang,https://www.instagram.com/p/C8qMAChytmH/,C8qMAChytmH,"Proposal Penataan Kawasan Pantai Pall.

Dalam usulan penataan kawasan wisata pantai Pall dibagi dalam 4 zona didalamnya terdapat fasilitas konservasi, olahraga, komersial serta area untuk aktivitas publik dan event nasional maupun internasional.
.
.
.
.
.

#arsyarchitectstudio #pantaipall #pantaipallikupang #pantaipallmarinsowlikupang #pantaipallmarinsow #likupang #likupangbeach #arsitekkotamobagu #arsitekbolaangmongondow #arsitektomohon #arsitektondano #arsitekmanado #masterplan #masterplanning #manado #likupang #manadohits #sulut #tourism #tourismsulut #festivallikupang #likupanginternationalfishingcompetition #likupanginternationalunderwatercompetition #wisata #wisatalikupang",Image,2024-06-26 00:42:05+00:00,5.0,0,0.0,Pantai Pall Marinsow Likupang,arsyarchitectstudio,2026-06-03,Apify Instagram Scraper,5.0,2024-06-26
Likupang,#explorelikupang,https://www.instagram.com/p/DKgwcT4yphy/,DKgwcT4yphy,"Pakatuan wo Pakalawiden Pembina Genpi Minut @kristikarlaa Tuhan berkati🙏🏻 
.
.
.
#gasspolmaesaan #genpiminut #genpisulut #wonderfullindonesia #likupang #explorelikupang #minut",Image,2025-06-05 08:07:38+00:00,-1.0,6,0.0,,genpi.minut,2026-06-03,Apify Instagram Scraper,5.0,2025-06-05
Likupang,#explorelikupang,https://www.instagram.com/p/DKccR-czQDn/,DKccR-czQDn,"Swipe For the Highlight Duty #Kekeutu24..

- Welcome Dinner APKASI
📍Paradise Hotel 
- Likupang Tourism Festival
📍Pantai Paal
- MUNAS APKASI
📍The Sentra Hotel 

A piece of heaven given in North Minahasa,
 LIKUPANG and it Story ✨️
#explorelikupang",Sidecar,2025-06-03 15:54:30+00:00,-1.0,6,0.0,,jsaiah__t,2026-06-03,Apify Instagram Scraper,5.0,2025-06-03
Likupang,#explorelikupang,https://www.instagram.com/p/DKb_DKVtoY2/,DKb_DKVtoY2,"✨ Jelajahi Keajaiban Likupang! ✨

🌴 Rencanakan petualangan 3H2M yang menakjubkan dengan paket komplit kami. Nikmati kenyamanan transportasi AC, pemandu berpengalaman, akomodasi, dan makan siang. Yuk, cari inspirasi baru dan jelajahi Likupang sebelum 30 Des 2025! 🚗🌊

#ExploreLikupang #TravelGoals #2025Adventures",Image,2025-06-03 11:39:07+00:00,2.0,3,0.0,,promokia,2026-06-03,Apify Instagram Scraper,5.0,2025-06-03
Likupang,#likupangbeach,https://www.instagram.com/p/DWY8dRjEkwM/,DWY8dRjEkwM,"See u soon beach 

#likupangbeach #pantaipaal #xybca",Sidecar,2026-03-27 13:35:25+00:00,-1.0,5,0.0,PAAL BEACH,rilferdinando,2026-06-03,Apify Instagram Scraper,4.0,2026-03-27
Likupang,#wisatalikupang,https://www.instagram.com/p/C83lwiFSXWp/,C83lwiFSXWp,"Proposal Penataan Kawasan Pantai Pall.

Dalam usulan penataan kawasan wisata @pantaipall @paalbeach dibagi dalam 4 zona didalamnya terdapat fasilitas konservasi, olahraga, komersial serta area untuk aktivitas publik dan event nasional maupun internasional.
.
.
.
.
.

#arsyarchitectstudio #pantaipall #pantaipallikupang #pantaipallmarinsowlikupang #pantaipallmarinsow #likupang #likupangbeach #arsitekkotamobagu #arsitekbolaangmongondow #arsitektomohon #arsitektondano #arsitekmanado #masterplan #masterplanning #manado #likupang #manadohits #sulut #tourism #tourismsulut #festivallikupang #likupanginternationalfishingcompetition #likupanginternationalunderwatercompetition #wisata #wisatalikupang #manado #manadohits #minut #minahasautara",Image,2024-07-01 05:37:17+00:00,4.0,0,0.0,"Likupang, Sulawesi Utara, Indonesia",arsyarchitectstudio,2026-06-03,Apify Instagram Scraper,4.0,2024-07-01
Likupang,#wisatalikupang,https://www.instagram.com/p/C8x5xhyyyLi/,C8x5xhyyyLi,"Proposal Penataan Kawasan Pantai Pall.

Dalam usulan penataan kawasan wisata @pantaipall @paalbeach dibagi dalam 4 zona didalamnya terdapat fasilitas konservasi, olahraga, komersial serta area untuk aktivitas publik dan event nasional maupun internasional.
.
.
.
.
.

#arsyarchitectstudio #pantaipall #pantaipallikupang #pantaipallmarinsowlikupang #pantaipallmarinsow #likupang #likupangbeach #arsitekkotamobagu #arsitekbolaangmongondow #arsitektomohon #arsitektondano #arsitekmanado #masterplan #masterplanning #manado #likupang #manadohits #sulut #tourism #tourismsulut #festivallikupang #likupanginternationalfishingcompetition #likupanginternationalunderwatercompetition #wisata #wisatalikupang #manado #manadohits #minut #minahasautara",Image,2024-06-29 00:36:44+00:00,4.0,0,0.0,Pantai Pall Marinsow Likupang,arsyarchitectstudio,2026-06-03,Apify Instagram Scraper,4.0,2024-06-29
Likupang,#wisatalikupang,https://www.instagram.com/p/C8vMZxqSkUq/,C8vMZxqSkUq,"Proposal Penataan Kawasan Pantai Pall.

Dalam usulan penataan kawasan wisata @pantaipall @paalbeach dibagi dalam 4 zona didalamnya terdapat fasilitas konservasi, olahraga, komersial serta area untuk aktivitas publik dan event nasional maupun internasional.
.
.
.
.
.

#arsyarchitectstudio #pantaipall #pantaipallikupang #pantaipallmarinsowlikupang #pantaipallmarinsow #likupang #likupangbeach #arsitekkotamobagu #arsitekbolaangmongondow #arsitektomohon #arsitektondano #arsitekmanado #masterplan #masterplanning #manado #likupang #manadohits #sulut #tourism #tourismsulut #festivallikupang #likupanginternationalfishingcompetition #likupanginternationalunderwatercompetition #wisata #wisatalikupang #manado #manadohits",Image,2024-06-27 23:21:48+00:00,4.0,0,0.0,Pantai Pall Marinsow Likupang,arsyarchitectstudio,2026-06-03,Apify Instagram Scraper,4.0,2024-06-27
Likupang,#wisatalikupang,https://www.instagram.com/p/C8qMC2cyjad/,C8qMC2cyjad,"Proposal Penataan Kawasan Pantai Pall.

Dalam usulan penataan kawasan wisata pantai Pall dibagi dalam 4 zona didalamnya terdapat fasilitas konservasi, olahraga, komersial serta area untuk aktivitas publik dan event nasional maupun internasional.
.
.
.
.
.

#arsyarchitectstudio #pantaipall #pantaipallikupang #pantaipallmarinsowlikupang #pantaipallmarinsow #likupang #likupangbeach #arsitekkotamobagu #arsitekbolaangmongondow #arsitektomohon #arsitektondano #arsitekmanado #masterplan #masterplanning #manado #likupang #manadohits #sulut #tourism #tourismsulut #festivallikupang #likupanginternationalfishingcompetition #likupanginternationalunderwatercompetition #wisata #wisatalikupang",Image,2024-06-26 00:42:28+00:00,4.0,0,0.0,,arsyarchitectstudio,2026-06-03,Apify Instagram Scraper,4.0,2024-06-26
Likupang,#wisatalikupang,https://www.instagram.com/p/C7hyYzQyldS/,C7hyYzQyldS,"Likupang adalah sebuah destinasi wisata di Sulawesi Utara yang menawarkan berbagai atraksi alam yang menakjubkan dan merupakan destinasi yang sempurna bagi wisatawan yang mencari keindahan alam dan pengalaman yang autentik.
Tunggu apalagi, mari menjelajahi likupang bersama BWB..
Reservasi?
Call admin

#wisatalikupang #likupangbeach #likupangtimur #likupangbarat #likupangraya",Image,2024-05-28 21:52:57+00:00,4.0,0,0.0,,birowisatabandung,2026-06-03,Apify Instagram Scraper,4.0,2024-05-28
Likupang,#explorelikupang,https://www.instagram.com/p/DSH97Sfk2G-/,DSH97Sfk2G-,"eventful weekend attending the Strike King Tournament Fishing activity  at Telaga Cempaka 🌴🎣

the event started off with an Opening Ceremony, which then continues to the main fishing tournament that's being held for 5 hours, up until 7pm.

Terima kasih Dinas Parwisata Minut dan penyelenggara acara yang telah mengundang Keke Utu Minut untuk menjadi Master Of Ceremony🎤 Opening ceremony big game galatama lele tournament 2025 🎣
📍@exploretelagacempaka

@kekeutu.minut @kekeutu.2025 
@pariwisataminut @wonderfulnorthminahasa
#MinutHebat 
#MinutTangguh 
#MinutMaju 
#MinahasaUtara 
#ExploreLikupang
#NorthMinahasaTourism 
#tourism
#Pariwisata",Sidecar,2025-12-11 13:15:36+00:00,-1.0,5,0.0,Vila Cempaka Resort Olly Dondokambey Jln.ir.soekarno Kolongan Sulut,princesa.kamagi,2026-06-03,Apify Instagram Scraper,4.0,2025-12-11
Likupang,#likupang,https://www.instagram.com/p/DY0y3IbpA6K/,DY0y3IbpA6K,"5/365

“As the sun descends, the silhouette of the church stands tall, whispering of faith that endures beyond time. Between light and shadow, hope quietly lingers, reminding us that even in silence, the spirit shines.” 😇💒

#siluets #chruch #explorepage #likupang #photoshoot",Image,2026-05-27 02:18:57+00:00,3.0,0,0.0,"Likupang, Sulawesi Utara, Indonesia",lemong.ikang,2026-06-03,Apify Instagram Scraper,3.0,2026-05-27
Likupang,#likupang,https://www.instagram.com/p/DYT5e8KE_xZ/,DYT5e8KE_xZ,"Bebas
#pantai #likupang #healing #fyb",Sidecar,2026-05-14 07:36:01+00:00,3.0,0,0.0,Pantai Paal Likupang,muh_yass14,2026-06-03,Apify Instagram Scraper,3.0,2026-05-14
Likupang,#likupangtimur,https://www.instagram.com/p/DWY9M-sAe36/,DWY9M-sAe36,"Staff Puskesmas Kahuku bersama turis dari Jerman & Switzerland yang mengunjungi Puskesmas Kahuku 😇🙏
Enjoy Bangka Island Mrs & Mr 😇🙏
It’s an honor to meet you ✨

#minuthebat #likupangtimur #pulaubangka #pkmkahuku",Image,2026-03-27 13:44:06+00:00,3.0,0,0.0,,puskesmas.kahuku,2026-06-03,Apify Instagram Scraper,3.0,2026-03-27
Likupang,#wisatalikupang,https://www.instagram.com/p/C83lz7iyOzV/,C83lz7iyOzV,"Proposal Penataan Kawasan Pantai Pall.

Dalam usulan penataan kawasan wisata @pantaipall @paalbeach dibagi dalam 4 zona didalamnya terdapat fasilitas konservasi, olahraga, komersial serta area untuk aktivitas publik dan event nasional maupun internasional.
.
.
.
.
.

#arsyarchitectstudio #pantaipall #pantaipallikupang #pantaipallmarinsowlikupang #pantaipallmarinsow #likupang #likupangbeach #arsitekkotamobagu #arsitekbolaangmongondow #arsitektomohon #arsitektondano #arsitekmanado #masterplan #masterplanning #manado #likupang #manadohits #sulut #tourism #tourismsulut #festivallikupang #likupanginternationalfishingcompetition #likupanginternationalunderwatercompetition #wisata #wisatalikupang #manado #manadohits #minut #minahasautara",Image,2024-07-01 05:37:45+00:00,3.0,0,0.0,Pantai Pall Marinsow Likupang,arsyarchitectstudio,2026-06-03,Apify Instagram Scraper,3.0,2024-07-01
Likupang,#wisatalikupang,https://www.instagram.com/p/C8x5sRLyedr/,C8x5sRLyedr,"Proposal Penataan Kawasan Pantai Pall.

Dalam usulan penataan kawasan wisata @pantaipall @paalbeach dibagi dalam 4 zona didalamnya terdapat fasilitas konservasi, olahraga, komersial serta area untuk aktivitas publik dan event nasional maupun internasional.
.
.
.
.
.

#arsyarchitectstudio #pantaipall #pantaipallikupang #pantaipallmarinsowlikupang #pantaipallmarinsow #likupang #likupangbeach #arsitekkotamobagu #arsitekbolaangmongondow #arsitektomohon #arsitektondano #arsitekmanado #masterplan #masterplanning #manado #likupang #manadohits #sulut #tourism #tourismsulut #festivallikupang #likupanginternationalfishingcompetition #likupanginternationalunderwatercompetition #wisata #wisatalikupang #manado #manadohits #minut #minahasautara",Image,2024-06-29 00:36:01+00:00,3.0,0,0.0,Pantai Pall Marinsow Likupang,arsyarchitectstudio,2026-06-03,Apify Instagram Scraper,3.0,2024-06-29
Likupang,#wisatalikupang,https://www.instagram.com/p/C8qMH7QyH7R/,C8qMH7QyH7R,"Proposal Penataan Kawasan Pantai Pall.

Dalam usulan penataan kawasan wisata pantai Pall dibagi dalam 4 zona didalamnya terdapat fasilitas konservasi, olahraga, komersial serta area untuk aktivitas publik dan event nasional maupun internasional.
.
.
.
.
.

#arsyarchitectstudio #pantaipall #pantaipallikupang #pantaipallmarinsowlikupang #pantaipallmarinsow #likupang #likupangbeach #arsitekkotamobagu #arsitekbolaangmongondow #arsitektomohon #arsitektondano #arsitekmanado #masterplan #masterplanning #manado #likupang #manadohits #sulut #tourism #tourismsulut #festivallikupang #likupanginternationalfishingcompetition #likupanginternationalunderwatercompetition #wisata #wisatalikupang",Sidecar,2024-06-26 00:43:10+00:00,3.0,0,0.0,Pantai Pall Marinsow Likupang,arsyarchitectstudio,2026-06-03,Apify Instagram Scraper,3.0,2024-06-26
Likupang,#wisatalikupang,https://www.instagram.com/p/C8nk3MtSwY4/,C8nk3MtSwY4,"Proposal Penataan Kawasan Pantai Pall.

Dalam usulan penataan kawasan wisata pantai Pall dibagi dalam 4 zona didalamnya terdapat fasilitas konservasi, olahraga, komersial serta area untuk aktivitas publik dan event nasional maupun internasional.
.
.
.
.
.

#arsyarchitectstudio #pantaipall #pantaipallikupang #pantaipallmarinsowlikupang #pantaipallmarinsow #likupang #likupangbeach #arsitekkotamobagu #arsitekbolaangmongondow #arsitektomohon #arsitektondano #arsitekmanado #masterplan #masterplanning #manado #likupang #manadohits #sulut #tourism #tourismsulut #festivallikupang #likupanginternationalfishingcompetition #likupanginternationalunderwatercompetition #wisata #wisatalikupang",Sidecar,2024-06-25 00:21:36+00:00,3.0,0,0.0,Pantai Pall Marinsow Likupang,arsyarchitectstudio,2026-06-03,Apify Instagram Scraper,3.0,2024-06-25
Likupang,#likupangbeach,https://www.instagram.com/p/DLThQrxSNLp/,DLThQrxSNLp,"Beach Hair, Don't Care🏝️

#kalinaungbeach🌊 
#likupangbeach",Image,2025-06-25 01:16:14+00:00,-1.0,3,0.0,"Kalinaung Beach,likupang Village.north Minahasa",zanianth,2026-06-03,Apify Instagram Scraper,2.0,2025-06-25
Likupang,#wisatalikupang,https://www.instagram.com/p/C86cpiSSdJq/,C86cpiSSdJq,"Proposal Penataan Kawasan Pantai Pall.

Dalam usulan penataan kawasan wisata @pantaipall @paalbeach dibagi dalam 4 zona didalamnya terdapat fasilitas konservasi, olahraga, komersial serta area untuk aktivitas publik dan event nasional maupun internasional.
.
.
.
.
.

#arsyarchitectstudio #pantaipall #pantaipallikupang #pantaipallmarinsowlikupang #pantaipallmarinsow #likupang #likupangbeach #arsitekkotamobagu #arsitekbolaangmongondow #arsitektomohon #arsitektondano #arsitekmanado #masterplan #masterplanning #manado #likupang #manadohits #sulut #tourism #tourismsulut #festivallikupang #likupanginternationalfishingcompetition #likupanginternationalunderwatercompetition #wisata #wisatalikupang #manado #manadohits #minut #minahasautara",Image,2024-07-02 08:15:24+00:00,2.0,0,0.0,Pantai Pall Marinsow Likupang,arsyarchitectstudio,2026-06-03,Apify Instagram Scraper,2.0,2024-07-02
Likupang,#wisatalikupang,https://www.instagram.com/p/C8tWeXjSqUD/,C8tWeXjSqUD,"Proposal Penataan Kawasan Pantai Pall.

Dalam usulan penataan kawasan wisata pantai Pall dibagi dalam 4 zona didalamnya terdapat fasilitas konservasi, olahraga, komersial serta area untuk aktivitas publik dan event nasional maupun internasional.
.
.
.
.
.

#arsyarchitectstudio #pantaipall #pantaipallikupang #pantaipallmarinsowlikupang #pantaipallmarinsow #likupang #likupangbeach #arsitekkotamobagu #arsitekbolaangmongondow #arsitektomohon #arsitektondano #arsitekmanado #masterplan #masterplanning #manado #likupang #manadohits #sulut #tourism #tourismsulut #festivallikupang #likupanginternationalfishingcompetition #likupanginternationalunderwatercompetition #wisata #wisatalikupang",Image,2024-06-27 06:11:20+00:00,2.0,0,0.0,"Likupang, Sulawesi Utara, Indonesia",arsyarchitectstudio,2026-06-03,Apify Instagram Scraper,2.0,2024-06-27
Likupang,#wisatalikupang,https://www.instagram.com/p/C8tWY8YyQlJ/,C8tWY8YyQlJ,"Proposal Penataan Kawasan Pantai Pall.

Dalam usulan penataan kawasan wisata pantai Pall dibagi dalam 4 zona didalamnya terdapat fasilitas konservasi, olahraga, komersial serta area untuk aktivitas publik dan event nasional maupun internasional.
.
.
.
.
.

#arsyarchitectstudio #pantaipall #pantaipallikupang #pantaipallmarinsowlikupang #pantaipallmarinsow #likupang #likupangbeach #arsitekkotamobagu #arsitekbolaangmongondow #arsitektomohon #arsitektondano #arsitekmanado #masterplan #masterplanning #manado #likupang #manadohits #sulut #tourism #tourismsulut #festivallikupang #likupanginternationalfishingcompetition #likupanginternationalunderwatercompetition #wisata #wisatalikupang",Image,2024-06-27 06:10:35+00:00,2.0,0,0.0,"Likupang, Sulawesi Utara, Indonesia",arsyarchitectstudio,2026-06-03,Apify Instagram Scraper,2.0,2024-06-27
Likupang,#explorelikupang,https://www.instagram.com/p/DVvrH5bCND-/,DVvrH5bCND-,"Nikmati liburan tropis di kawasan wisata Likupang 🌊✨
Pondok Wisata Noah
 📍 Likupang Timur, Minahasa Utara – Sulawesi Utara
Pilihan tepat untuk liburan santai sambil menikmati keindahan alam dan suasana pantai yang menenangkan. 🏝️
 Tempat yang nyaman untuk beristirahat setelah menjelajah pesona Likupang.
Liburan lebih santai, momen jadi lebih berkesan.
📲 Booking sekarang melalui aplikasi Cozzy.id
#PondokWisataNoah #StayLikupang #LiburanSulut #ExploreLikupang #CozzyID #BookingSekarang",Image,2026-03-11 12:55:14+00:00,2.0,0,0.0,,cozzyid.official,2026-06-03,Apify Instagram Scraper,2.0,2026-03-11
Likupang,#explorelikupang,https://www.instagram.com/p/DKTatvtJdn1/,DKTatvtJdn1,"Mewakili Gubernur Sulawesi Utara Membawakan Sambutan dan Membuka Acara Likupang Tourism Festival (LTF) 2025.

#gonorthsulawesi #explorelikupang",Sidecar,2025-05-31 03:47:39+00:00,-1.0,3,0.0,Pantai Pal,devitanos.team,2026-06-03,Apify Instagram Scraper,2.0,2025-05-31
Likupang,#likupang,https://www.instagram.com/p/DYfRBKmFG_p/,DYfRBKmFG_p,"Pantai paal area😎😎

Modono ko mo tunian paisu tobun d Manado 
Jadi musti banyak foto 😄😄😄

#likupang
#foto
#pantai",Sidecar,2026-05-18 17:33:19+00:00,1.0,0,0.0,,monaliungan,2026-06-03,Apify Instagram Scraper,1.0,2026-05-18
Likupang,#likupang,https://www.instagram.com/p/DYY3v-KGubk/,DYY3v-KGubk,"Cantik guys 😘
#Likupang",Image,2026-05-16 05:57:05+00:00,1.0,0,0.0,"Kinunang, Sulawesi Utara, Indonesia",paparangmichael,2026-06-03,Apify Instagram Scraper,1.0,2026-05-16
Likupang,#likupang,https://www.instagram.com/p/DYMYjtmkvZ1/,DYMYjtmkvZ1,"Alam adalah Meditasiku✅

#PULAUBANGKA
#BANGKAISLAND
#LIKUPANG
#LIKUAPNGTIMUR",Image,2026-05-11 09:33:41+00:00,1.0,0,0.0,,marcelina_alin,2026-06-03,Apify Instagram Scraper,1.0,2026-05-11
Likupang,#likupang,https://www.instagram.com/p/DYJgfm0GOyi/,DYJgfm0GOyi,"Khadim wilayah di jemaat Petra Busabola Wil. Bangka
Lanjut ibadah kolom 3, WKI PKB kolom 3 di Pastori Baitani Libas 
#PulauBangka
#Likupang",Sidecar,2026-05-10 06:45:15+00:00,1.0,0,0.0,,hanilondah,2026-06-03,Apify Instagram Scraper,1.0,2026-05-10
Likupang,#explorelikupang,https://www.instagram.com/p/DPc0RRUCWKW/,DPc0RRUCWKW,"Paket Wisata Explore Likupang 3 hari 
Detail informasi hubungi kami +628114370678

#explorelikupang #wisatamanado #paketwisatalikupang #adventurindo #adventurindotours",Image,2025-10-06 02:01:05+00:00,1.0,0,0.0,,adventurindo,2026-06-03,Apify Instagram Scraper,1.0,2025-10-06
Likupang,#explorelikupang,https://www.instagram.com/p/DEwlVzoz0MO/,DEwlVzoz0MO,"Bukit Larata di Desa Kinunang, Kabupaten Minahasa Utara, Provinsi Sulawesi Utara. Bukit ini merupakan tempat wisata penyangga Destinasi Super Prioritas (DSP) Likupang. 

Memiliki luas hingga delapan hektar, Bukit Larata menawarkan pemandangan laut dengan panorama alam yang kontras berupa birunya perairan Pantai Paal dan hijaunya perbukitan Gunung Dua Sudara, serta perbukitan hijau yang mirip bukit di serial televisi Teletubbies.

Terlebih, ilalang dengan kuncupnya bunga putih itu bergoyang-goyang serta sepoi-sepoi angin pun menambah kesegaran suasana. Hal ini membuat Bukit Larata semakin indah. 

Bila tertarik mengunjungi Bukit Larata tak perlu khawatir mengenai tarif yang bakal dikenakan. Pasalnya, tempat wisata ini tak dipungut biaya apa pun alias bisa dikunjungi secara gratis.

📷 Courtesy of SIAN
Foto trip bersama @genpi.sulut 

#Likupang #exploreLikupang #bukitlarata #Sulawesiutara #foto #fotograferindonesia #fotografijurnalistik #Genpi #GenPISulut #DiIndonesiaAja #WonderfulIndonesia #PesonaIndonesia #KomunitasinAJa #jalanjalandiindonesia",Sidecar,2025-01-13 08:30:06+00:00,-1.0,2,0.0,"Likupang, Sulawesi Utara, Indonesia",sianmalam,2026-06-03,Apify Instagram Scraper,1.0,2025-01-13
Likupang,#likupang,https://www.instagram.com/p/DYTa1CgHAfB/,DYTa1CgHAfB,"Lihatlah keindahan alam ciptaan Tuhan untuk memurnikan iman, hati dan pikiran 😍🥰😇

#pantaipaal
#likupang",Image,2026-05-14 03:08:10+00:00,0.0,0,0.0,Pantai Pall Marinsow Likupang,inggrit_jasinta,2026-06-03,Apify Instagram Scraper,0.0,2026-05-14
Likupang,#likupangbeach,https://www.instagram.com/p/DX2zB77gVxf/,DX2zB77gVxf,Kenangan pantai paal. #likupangbeach,Image,2026-05-03 00:21:42+00:00,0.0,0,0.0,,stenlybukamari,2026-06-03,Apify Instagram Scraper,0.0,2026-05-03
Likupang,#likupangbeach,https://www.instagram.com/p/DWY79eMEjBw/,DWY79eMEjBw,,Image,2026-03-27 13:35:23+00:00,0.0,0,0.0,,rilferdinando,2026-06-03,Apify Instagram Scraper,0.0,2026-03-27
Likupang,#likupangbeach,https://www.instagram.com/p/DKlh3zBy-jv/,DKlh3zBy-jv,"Menyusuri pagi di tepian pantai.
Menikmati keindahan laut yang tenang.
#foto
#likupangbeach
#monetisasikonten
#Jangkauanluas",Image,2025-06-07 04:36:32+00:00,0.0,0,0.0,,dapurmanisfanny,2026-06-03,Apify Instagram Scraper,0.0,2025-06-07
Likupang,#likupangbeach,https://www.instagram.com/p/DFtsTevyUbv/,DFtsTevyUbv,"Foldable Goodie Bag - Likupang - Keindahan Alam Bawah Laut Indonesia 

#vitosuksesgemilang
#likupangbeach 
#souveniretnik 
#souveniretnikhandmade",Image,2025-02-06 02:04:38+00:00,0.0,0,0.0,,vitosuksesgemilang,2026-06-03,Apify Instagram Scraper,0.0,2025-02-06
Likupang,#likupangtimur,https://www.instagram.com/p/DYlv4mmFBOd/,DYlv4mmFBOd,"Stelan motif Bunga🔥🥰
Muat Dri S, M,L,XL
Cuma 38rbu saja😍😍

@sorotan 
Facebook Marketplace Assistant 

#RaykenedMiniCollection
#LikupangTimur
#SarawetJaga4Rasaan",Image,2026-05-21 05:58:29+00:00,0.0,0,0.0,,sarahtumbelakarayken,2026-06-03,Apify Instagram Scraper,0.0,2026-05-21
Likupang,#likupangtimur,https://www.instagram.com/p/DYlN0IbFPxc/,DYlN0IbFPxc,"Bnyak model baru🔥😇
Ikat rambut anak dan dewasa😍🥰
@sorotan 

#Raykenedminicollection
#Likupangtimur
#Sarawetjaga4Rasaan",Sidecar,2026-05-21 01:00:46+00:00,0.0,0,0.0,,sarahtumbelakarayken,2026-06-03,Apify Instagram Scraper,0.0,2026-05-21
Likupang,#likupangtimur,https://www.instagram.com/p/DWLVs5Vjeud/,DWLVs5Vjeud,"Lebaran ka 2🥰🥰
#Likupangtimur",Image,2026-03-22 06:46:39+00:00,0.0,0,0.0,,rinnybalemuka,2026-06-03,Apify Instagram Scraper,0.0,2026-03-22
Likupang,#likupangtimur,https://www.instagram.com/p/DTl4lxyE8yj/,DTl4lxyE8yj,"Dari sabut kelapa jadi cuan 🌴✨
Memanfaatkan melimpahnya kelapa di Desa Pinenek, Likupang Timur, Minahasa Utara, pasangan suami istri Ambrosius Montolalu dan Dyah Sri Utami mengembangkan kerajinan tangan berbahan sabut kelapa menjadi produk UMKM bernilai ekonomi.

Usaha bernama Wale Gonofu ini berdiri sejak 2017 dan kini memproduksi berbagai kerajinan, mulai dari tas sabut kelapa, pembersih tumbler, keranjang hias, hingga aksesoris dari tempurung kelapa. Produk-produknya tak hanya diminati warga lokal, tapi juga mulai dilirik konsumen dari luar daerah.

Karya lokal, bahan alam, dan semangat pemberdayaan desa. 🌿💪

#kompastvmanado #kompastvnetwork #kompastvdigitalnetwork
#UMKMLokal #WaleGonofu #SabutKelapa #EkonomiKreatif #MinahasaUtara #LikupangTimur #ProdukLokal #BanggaBuatanIndonesia",Sidecar,2026-01-17 00:37:35+00:00,0.0,0,0.0,,kompastv.manado,2026-06-03,Apify Instagram Scraper,0.0,2026-01-17
Likupang,#likupangtimur,https://www.instagram.com/p/DS05VYVFD2X/,DS05VYVFD2X,"Bersyukur sosampe dengan selamat.Mar hari ini terpaksa harus masuk sampai pos ☝️☝️
#delivery Krepek Singkong OMA ABBEY #LikupangTimur",Sidecar,2025-12-29 00:01:17+00:00,0.0,0,0.0,@Pos FoxTrot (PT.MSM/TTN),rennylae,2026-06-03,Apify Instagram Scraper,0.0,2025-12-29
Likupang,#likupangtimur,https://www.instagram.com/p/DOYF4a4CR9c/,DOYF4a4CR9c,"Hari ini, Selasa, 9 Agustus 2025, diawali dengan ibadah bersama di kantor Camat Likupang Timur yg disponsori oleh Pemerintah Desa Likupang Satu, dilanjutkan dengan posyandu bersama ibu dan balita serta ibu hamil di desa Marinsow..
Lanjut beking laporan bersama tim solid Lik-Tim...

#PuskesmasLikupang
#penyuluhAgamaMunut
#kemenagMinut
#likupangtimur",Sidecar,2025-09-09 09:27:23+00:00,0.0,0,0.0,,vivinsupari,2026-06-03,Apify Instagram Scraper,0.0,2025-09-09
Likupang,#likupangtimur,https://www.instagram.com/p/DMmRlHozsvF/,DMmRlHozsvF,"Selamat Ulang Tahun Bapak Bupati Minahasa Utara, Bapak Joune J.E. Ganda. SE., MAP., MM., MSI.🙏

Semoga Tuhan senantiasa memberkati Bapak dengan kesehatan, kekuatan, dan hikmat dalam memimpin dan melayani masyarakat Minahasa Utara. Terima kasih atas dedikasi, kerja keras, dan perhatian Bapak yang luar biasa bagi kemajuan daerah dan pelaku IKM seperti kami.
Sukses selalu dalam pengabdian dan karya untuk bangsa dan daerah tercinta.🙏

Hormat kami,
Minos Takly Anthony
Pemilik IKM ONASE KEBI (Batik Wood Creation)
Desa Pulisan, Kecamatan Likupang Timur

Kabupaten Minahasa Utara 
Dinas Perindustrian Minut 
#LikupangTimur
#Pulisan.",Image,2025-07-27 04:36:11+00:00,0.0,0,0.0,,onase_kebiwood,2026-06-03,Apify Instagram Scraper,0.0,2025-07-27
Likupang,#wisatalikupang,https://www.instagram.com/p/C45Gyvrx_PZ/,C45Gyvrx_PZ,"Kemon guysss🤩
#wisatalikupang 
#pantepall #likupang #explorelikupang",Image,2024-03-24 09:39:37+00:00,0.0,0,0.0,Pantai Pall Marinsow Likupang,_kimhomestay,2026-06-03,Apify Instagram Scraper,0.0,2024-03-24
Likupang,#explorelikupang,https://www.instagram.com/p/DY6KeC3H0OW/,DY6KeC3H0OW,"#KekeUtuMinutOnDuty 

Rabu, 19 November 2025

Keke @princesa.kamagi & Utu @ronaldo_tjiabrata menghadiri acara pembukaan PORPROV XII SULUT 2025 yang dilaksanakan di Stadion Klabat Manado

@pemkabminut
@tppkkminahasautara
@disparminahasautara
@wonderfulnorthminahasa

#minuttangguh
#minuthebat
#kekeutuminut
#explorelikupang",Sidecar,2026-05-29 04:15:13+00:00,-1.0,1,0.0,Stadion Klabat Manado,kekeutu.minut,2026-06-03,Apify Instagram Scraper,0.0,2026-05-29
Likupang,#likupangbeach,https://www.instagram.com/p/DLemvluxZUr/,DLemvluxZUr,"🌊🏖️☀️
“Percayalah kepada TUHAN dengan segenap hatimu, dan janganlah bersandar kepada pengertianmu sendiri. Akuilah Dia dalam segala lakumu, maka Ia akan meluruskan jalanmu.” (Amsal 3:5-6).

#ridhomusajr #manado #likupangbeach",Sidecar,2025-06-29 08:35:48+00:00,-1.0,0,0.0,Likupang Paradise Beach,ridhomusa.jr,2026-06-03,Apify Instagram Scraper,-1.0,2025-06-29
Likupang,#likupangtimur,https://www.instagram.com/p/DM5rrQTTQVP/,DM5rrQTTQVP,"Hari yang penuh energi positif! 🌞
KKN Desa Likupang II bersama Pemerintah Kecamatan Likupang Timur melaksanakan Jalan Sehat & Senam Bersama sebagai wujud kepedulian terhadap kesehatan dan kebersamaan masyarakat. #kknlikupang2 #SenamSehat #LikupangTimur",Sidecar,2025-08-03 17:29:47+00:00,-1.0,0,0.0,,posko7kknfasyalikupang2,2026-06-03,Apify Instagram Scraper,-1.0,2025-08-03
Likupang,#explorelikupang,https://www.instagram.com/p/DY87qAtH_k_/,DY87qAtH_k_,"#KekeUtuMinutOnDuty 

Kamis, 20 November 2025

Keke Utu Minahasa Utara bertugas pada Upacara HUT ke-22 Kab.Minahasa Utara yang selenggarakan di Lapangan Kantor Bupati Minahasa Utara

@pemkabminut
@tppkkminahasautara
@disparminahasautara
@wonderfulnorthminahasa

#minuttangguh
#minuthebat
#kekeutuminut
#explorelikupang",Sidecar,2026-05-30 06:03:52+00:00,-1.0,0,0.0,Lapangan Upacara Pemkab Minut,kekeutu.minut,2026-06-03,Apify Instagram Scraper,-1.0,2026-05-30
Likupang,#explorelikupang,https://www.instagram.com/p/DY4eRDEH4DL/,DY4eRDEH4DL,"#KekeUtuMinutOnDuty 

Rabu, 19 November 2025

Keke @princesa.kamagi & Utu @ronaldo_tjiabrata menghadiri acara Kongres Biasa PSSI Sulut yang dilaksanakan di Ballroom Hotel The Sentra Minahasa Utara

@pemkabminut
@tppkkminahasautara
@disparminahasautara
@wonderfulnorthminahasa
@nhinakristina

#minuttangguh
#minuthebat
#kekeutuminut
#explorelikupang",Sidecar,2026-05-28 12:30:42+00:00,-1.0,0,0.0,The Sentra Hotel Manado,kekeutu.minut,2026-06-03,Apify Instagram Scraper,-1.0,2026-05-28
Likupang,#explorelikupang,https://www.instagram.com/p/DKmddlNScrx/,DKmddlNScrx,"Pernahkah Anda bermimpi tentang surga tersembunyi yang masih alami, jauh dari keramaian, namun menyimpan pesona yang luar biasa??

✨Biarkan Aurora Tropika wujudkan mimpi Anda di
Likupang, Sulawesi Utara!

Destinasi Super Prioritas ini menawarkan lebih dari sekadar pantai.

Bayangkan: pagi yang tenang di Pulau Lihaga dengan pasir putihnya yang memukau, snorkeling di perairan jernih Pantai Paal yang kaya biota laut, atau menikmati senja keemasan yang menakjubkan di Pulau Pulisan.
Likupang adalah permata yang menunggu untuk Anda jelajahi, tempat di mana setiap sudut adalah potensi foto Instagramable dan kenangan tak terlupakan. Kami siapkan paket lengkap untuk Anda, dari akomodasi nyaman hingga petualangan seru yang tak akan membuat Anda menyesal.

Siapkah Anda melarikan diri ke
keindahan yang autentik ini? Yuk,
rencanakan petualangan Anda
sekarang! Klik link di bio kami untuk melihat paket spesial Likupang, atau DM kami dengan pertanyaan Anda.

#AuroraTropikaTravel
#Likupang Paradise #SulawesiUtara
#DestinasiSuperPrioritas
#Wonderfulindonesia
#ExploreLikupang #TravelGoals
#BeachLife #HiddenGem",Image,2025-06-07 13:17:13+00:00,-1.0,0,0.0,,arthasetumahayatra,2026-06-03,Apify Instagram Scraper,-1.0,2025-06-07
Likupang,#explorelikupang,https://www.instagram.com/p/DHQRhueR-VM/,DHQRhueR-VM,"Sangkamau 📸🏡🏝️
.
.
.
#memories #islandlife 
#bangkaislandnorthsulawesi
#family #lihunu #coraleyebangka  #explorelikupang #wanderfulindonesia",Sidecar,2025-03-16 08:55:27+00:00,-1.0,0,0.0,,rlmte.28,2026-06-03,Apify Instagram Scraper,-1.0,2025-03-16
Mandalika,#wisatamandalika,https://www.instagram.com/p/DEKStK9zZR2/,DEKStK9zZR2,"Injourney Tourism Development Corporation (ITDC) mempertebal keamanan di restoran depan Pantai Kuta Mandalika pada libur Natal dan Tahun Baru 2024/2025.

Hal tersebut sebagai tindak lanjut atas keluhan dari pengusaha restoran Recharge Mandalika atas keberadaan pedagang asongan yang seringkali masuk tanpa izin menawarkan barang dagangan kepada pengunjung yang datang.

Pedagang asongan kain dan kaos Lombok ini juga seringkali memaksa pengunjung untuk membeli barang dagangan sehingga membuat tamu risih dan berpindah ke lokasi wisata yang lain.

PGS General Manager The Mandalika ITDC, Wahyu Moerhadi Nugroho mengatakan, pihaknya telah mendengar keluhan dari pengusaha restoran terutama Recharge Mandalika.

Pihaknya kemudian mempertebal keamanan melalui security ITDC yang berjaga depan restoran yang direct view langsung dengan Pantai Kuta Mandalika.

""Kita mempertebal keamanan melalui security di Kuta Beach Park dan Restoran yang direct view dengan pantai Kuta Beach Park agar pengunjung yang datang merasa nyaman. Selain itu kami melakukan patroli. Kami menyadari ada peningkatan pengunjung selama Nataru,"" jelas Wahyu M Nugroho, dikutip dari tribun lombok, Minggu.

Follow :

@LOMBOKINFO
@LOMBOKINFO
@LOMBOKINFO

Untuk informasi Seputar Wisata, Budaya, Sejarah, Tempat Menginap, Tempat Belanja, Kuliner, 
dan Hiburan lainnya.

Kunjungi juga www.lombokinfo.id untuk info selengkapnya.

#lombokinfo 
#infolombok
#Mandalika
#wisatalombok
#wisatamandalika
#visitlombok",Sidecar,2024-12-29 11:36:08+00:00,257.0,20,0.0,Kuta Mandalika Lombok,lombokinfo,2026-06-03,Apify Instagram Scraper,277.0,2024-12-29
Mandalika,#themandalika,https://www.instagram.com/p/DYPOMgPEddZ/,DYPOMgPEddZ,"Penyelenggaraan GT World Challenge Asia 2026 di The Mandalika kembali menunjukkan dampak positif event internasional terhadap kawasan dan masyarakat.

Mulai dari peningkatan jumlah pengunjung, tingginya okupansi hotel, keterlibatan tenaga kerja lokal, hingga partisipasi UMKM, ajang ini menjadi bagian dari penguatan ekosistem sport tourism yang terus berkembang di The Mandalika.

Lebih dari sekadar balapan, ajang ini memperkuat posisi The Mandalika sebagai destinasi sportainment kelas dunia sekaligus menggerakkan ekonomi lokal. 🏎️🙌🏽

#injourneytourismdevelopmentcorporation 
#TheMandalika #GTWorldChallengeAsia2026",Sidecar,2026-05-12 12:00:00+00:00,198.0,1,0.0,,itdc_id,2026-06-03,Apify Instagram Scraper,199.0,2026-05-12
Mandalika,#themandalika,https://www.instagram.com/p/DYDpxMmGNVY/,DYDpxMmGNVY,"Bulan ini banyak tanggal merah, waktunya share ke temen/pacar/keluarga buat main ke sini ☺️💙

#injourneytourismdevelopmentcorporation 
#TheMandalika
#lomboktrip",Sidecar,2026-05-08 00:10:00+00:00,143.0,4,0.0,,themandalika_lombok,2026-06-03,Apify Instagram Scraper,147.0,2026-05-08
Mandalika,#themandalika,https://www.instagram.com/p/DXw8_RXD1QM/,DXw8_RXD1QM,"Gelaran GT World Challenge Asia (GTWCA) Round 2 sekaligus bagian dari Mandalika Festival of Speed (MFoS) 2026 Round 1 di Pertamina Mandalika International Circuit Lombok, Nusa Tenggara Barat, 1 - 3 Mei 2026.

Berikut Timetablenya.

#mandalikafestivalofspeed #gtworldchallengeasia #themandalika #imi #brzsuperseries",Sidecar,2026-04-30 17:53:14+00:00,143.0,0,0.0,,otoviralnewsid,2026-06-03,Apify Instagram Scraper,143.0,2026-04-30
Mandalika,#mandalika,https://www.instagram.com/p/DZFQHYKkgta/,DZFQHYKkgta,"beach bites at @theoceantruck ✨🌮⛱️🍔🐚😋

#aanbeachlombok #foodtruck #sunset #mandalika",Sidecar,2026-06-02 11:36:34+00:00,126.0,4,0.0,Tanjung Aan Beach Lombok,baiqyusikadewi_,2026-06-03,Apify Instagram Scraper,130.0,2026-06-02
Mandalika,#themandalika,https://www.instagram.com/p/DYa357qGA05/,DYa357qGA05,"Where culture comes to life ✨

The Mandalika Art & Culture Performance brings together the richness of local tradition through captivating performances, vibrant energy, and stories that reflect the soul of Lombok.

A celebration of heritage, creativity, and culture—right in the heart of The Mandalika, Bazaar Mandalika 🪘🤩

#injourneytourismdevelopmentcorporation 
#themandalika
#lombokculture #lombokexplore",Sidecar,2026-05-17 00:36:55+00:00,102.0,2,0.0,,themandalika_lombok,2026-06-03,Apify Instagram Scraper,104.0,2026-05-17
Mandalika,#themandalika,https://www.instagram.com/p/DYygpe9kcvh/,DYygpe9kcvh,"Melalui pengembangan ruang terbuka hijau di The Nusa Dua dan The Mandalika, ITDC terus memperkuat komitmen terhadap pariwisata berkelanjutan. 🌿

Mulai dari pengelolaan ratusan hektare ruang hijau, penanaman ribuan pohon dan mangrove, hingga sistem utilitas berkelanjutan yang mendukung efisiensi air dan ketahanan iklim, seluruh langkah ini menjadi bagian dari upaya menghadirkan destinasi yang lebih sehat, resilien, dan berorientasi jangka panjang.

#injourneytourismdevelopmentcorporation 
#ITDCsustainability
#TheMandalika #TheNusaDua",Sidecar,2026-05-26 04:55:01+00:00,103.0,0,0.0,,itdc_id,2026-06-03,Apify Instagram Scraper,103.0,2026-05-26
Mandalika,#themandalika,https://www.instagram.com/p/DX9Mo_vkT6a/,DX9Mo_vkT6a,"Ruang untuk bergerak, terhubung, dan bertumbuh bersama 🧘🏽‍♀️

Mandalika Wellness & Cultural Festival 2026 tanggal 3 Mei lalu, menjadi bagian dari komitmen ITDC dalam mengembangkan The Mandalika sebagai destinasi berkelanjutan melalui aktivasi kawasan berbasis wellness dan budaya.

Lewat kolaborasi, kebersamaan, dan pengalaman yang bermakna, The Mandalika terus berkembang menjadi destinasi dengan pengalaman wisata yang semakin beragam✨

#injourneytourismdevelopmentcorporation 
#TheMandalika
#ITDCupdate",Sidecar,2026-05-05 12:00:00+00:00,97.0,3,0.0,,itdc_id,2026-06-03,Apify Instagram Scraper,100.0,2026-05-05
Mandalika,#themandalika,https://www.instagram.com/p/DYmZQ-EEddD/,DYmZQ-EEddD,"Langkah kecil bisa membawa dampak yang berarti. ✨

Melalui implementasi TJSL, InJourney Tourism Development Corporation (ITDC) melakukan renovasi fasilitas sanitasi serta memberikan edukasi kebersihan bagi siswa SDN 2 Kuta, Lombok.

Mulai dari fasilitas toilet yang lebih layak hingga pembiasaan hidup bersih dan sehat sejak dini, inisiatif ini menjadi bagian dari komitmen ITDC untuk menciptakan lingkungan yang lebih sehat dan nyaman bagi generasi muda di sekitar The Mandalika.

Karena kenyamanan destinasi dimulai dari kualitas hidup masyarakat di sekitarnya.

#injourneytourismdevelopmentcorporation 
#themandalika 
#ITDCupdate",Sidecar,2026-05-21 12:00:00+00:00,96.0,2,0.0,,itdc_id,2026-06-03,Apify Instagram Scraper,98.0,2026-05-21
Mandalika,#themandalika,https://www.instagram.com/p/DYRfY8Rvtba/,DYRfY8Rvtba,"Experience the soul of Lombok!
Join us at Mandalika Art Performance of traditional dance, live music and vibrant local heritage - all in one magical spot 🪘💫

_____

Bergabunglah bersama kami di “Mandalika Art & Culture Performance” untuk menikmati tarian tradisional, musik live dan warisan lokal yang semarak - semuanya dalam satu tempat yang magis.

📍Bazaar Mandalika
🗓️Friday May 15, 2026 | 17.00 - 18.00 WITA 

Not just a visit, it’s time to feel The Mandalika!

#injourneytourismdevelopmentcorporation 
#mandalikaartperformance #seni #lombok #themandalika",Image,2026-05-13 09:09:36+00:00,68.0,2,0.0,,themandalika_lombok,2026-06-03,Apify Instagram Scraper,70.0,2026-05-13
Mandalika,#mandalika,https://www.instagram.com/p/DZFQynumLKN/,DZFQynumLKN,"Unreleased frames from JDM FUNDAY Vol. 3 at Mandalika.

A late post from the archive.

I met Pram during the event and got the chance to take some photos of his GR Yaris on track. After the session, we also found a quiet spot around the circuit for a quick sunset shoot.

This car had a lot of character. The setup looked proper, and the cracked windshield came with its own story after getting hit by pebbles from the car ahead during a previous run.

It was a simple encounter, but one of those moments that made the Mandalika trip memorable.

GR Yaris owned/driven by Pram.

Shot at  @jdm.run JDM FUNDAY Vol. 3, Mandalika. 
By @brian.gan.media

#gryaris
#mandalika
#jdmindonesia
#automotivephotography
#ᴄᴀʀᴘʜᴏᴛᴏɢʀᴀᴘʜʏgryaris",Sidecar,2026-06-02 11:42:28+00:00,61.0,5,0.0,Mandalika International Sircuit,brian.gan.media,2026-06-03,Apify Instagram Scraper,66.0,2026-06-02
Mandalika,#themandalika,https://www.instagram.com/p/DYzF9WZmB3F/,DYzF9WZmB3F,"Spend a Day at The Mandalika: Budget-Friendly Edition 💰🫶🏽

Just laid-back moments, good food, scenic spots, and a sunset to end the day.

Scroll through our easy Mandalika plan for your next escape! 👉🏼

#injourneytourismdevelopmentcorporation 
#themandalika
#lomboktrip",Sidecar,2026-05-26 10:21:29+00:00,59.0,7,0.0,,themandalika_lombok,2026-06-03,Apify Instagram Scraper,66.0,2026-05-26
Mandalika,#themandalika,https://www.instagram.com/p/DYekBNZmDRE/,DYekBNZmDRE,"Turns out, your vacations say a lot about you!
a
From quick escapes between busy schedules to carefully planned destination resets, every trip adds a new line to your travel CV ✈️

So, if your vacations were on your CV…
which destination would make the list?
The Nusa Dua, The Mandalika, or The Golo Mori?

Drop your next destination below! 👇🏽 

#injourneytourismdevelopmentcorporation 
#TheMandalika
#DiscoverNewJourney",Sidecar,2026-05-18 11:00:00+00:00,65.0,0,0.0,,themandalika_lombok,2026-06-03,Apify Instagram Scraper,65.0,2026-05-18
Mandalika,#kutaMandalika,https://www.instagram.com/p/DZCoIj4GTcc/,DZCoIj4GTcc,"fomo kak👅

#dermagakuta #kutamandalika #foryou",Sidecar,2026-06-01 11:08:43+00:00,62.0,2,0.0,"Lombok, Indonesia",_zhanifaa17_,2026-06-03,Apify Instagram Scraper,64.0,2026-06-01
Mandalika,#themandalika,https://www.instagram.com/p/DYkRseRCRe5/,DYkRseRCRe5,"Rabu, 20 Mei 2026

GM The Mandalika, Bapak I Made Pari Wijaya, menerima kunjungan kerja Gubernur Maluku Utara, Ibu Sherly Tjoanda Laos, yang turut didampingi oleh Wagub NTB, Ibu Hj. Indah Dhamayanti Putri, di Sirkuit Mandalika.

​Selain meninjau fasilitas, kunjungan ini juga diisi dengan agenda mengitari lintasan Sirkuit Mandalika menggunakan Safety Car.

#ITDC #THEMANDALIKA #KEKMandalika #Mandalika",Sidecar,2026-05-20 16:15:26+00:00,61.0,2,0.0,,gm.themandalika,2026-06-03,Apify Instagram Scraper,63.0,2026-05-20
Mandalika,#mandalika,https://www.instagram.com/p/DZET9ksJz84/,DZET9ksJz84,Practice day #mandalika,Image,2026-06-02 02:51:32+00:00,60.0,0,0.0,Mandalika International Street Circuit,audricmarts,2026-06-03,Apify Instagram Scraper,60.0,2026-06-02
Mandalika,#wisatamandalika,https://www.instagram.com/p/DEOlFONx3WA/,DEOlFONx3WA,"Trip at the end of 2024. Perjalanan darat  dan laut dari Jogja ke Lombok 🤍

#wisatamandalika #mandalikacircuit  #wisatalombok #spotfotolombok",Sidecar,2024-12-31 03:33:40+00:00,55.0,0,0.0,Mandalika International Street Circuit,sukmathyra,2026-06-03,Apify Instagram Scraper,55.0,2024-12-31
Mandalika,#themandalika,https://www.instagram.com/p/DZFPZVHGD9b/,DZFPZVHGD9b,"From beachfront dining to ocean-view lounges, The Mandalika offers plenty of places to unwind and recharge!

There’s more than one way to experience The Mandalika.
Are you ready to explore? 👒

#injourneytourismdevelopmentcorporation 
#TheMandalika
#lomboktrip",Sidecar,2026-06-02 11:30:02+00:00,45.0,0,0.0,,themandalika_lombok,2026-06-03,Apify Instagram Scraper,45.0,2026-06-02
Mandalika,#wisatamandalika,https://www.instagram.com/p/C2oq9ppP3FE/,C2oq9ppP3FE,MasyaAllah 😇 #view #beutiful #wisatalombok #wisatamandalika,Sidecar,2024-01-28 07:25:48+00:00,43.0,0,0.0,"Praya, Nusa Tenggara Barat, Indonesia",5rikim_05,2026-06-03,Apify Instagram Scraper,43.0,2024-01-28
Mandalika,#themandalika,https://www.instagram.com/p/DZFYc8BAavt/,DZFYc8BAavt,"More conversations, more opportunities. 🤝

Beberapa diskusi dan site visit bersama calon mitra menunjukkan tingginya minat terhadap pengembangan aktivitas dan bisnis di Kuta Beach Park, mulai dari sponsorship, sport tourism, hingga watersport.

Excited for what’s coming next. ✨

#TheMandalika #KutaBeachPark  #Partnership #melayanisepenuhhati #greattalentinjourney",Sidecar,2026-06-02 12:49:25+00:00,42.0,0,0.0,The Mandalika by ITDC,keikofreaky,2026-06-03,Apify Instagram Scraper,42.0,2026-06-02
Mandalika,#mandalikabeach,https://www.instagram.com/p/DYHzg59j_JO/,DYHzg59j_JO,"Pesona pantai kuta Mandalika pasir putihnya unik kayak butiran merica, laut biru yg tenang & bukit yang mempesona 🏖️
#kutamandalika 
#lombok
#mandalikabeach",Sidecar,2026-05-09 14:52:58+00:00,39.0,2,0.0,"Pantai Kuta Mandalika, Lombok, Indonesia",dinastuti_mulia,2026-06-03,Apify Instagram Scraper,41.0,2026-05-09
Mandalika,#themandalika,https://www.instagram.com/p/DXmbCyHkzLn/,DXmbCyHkzLn,"Injourney Green penanaman 15.000 pohon manggrove di KEK Mandalika 🌿🫶
.
.
📍 The Mandalika Lombok
.
.
#itdc #mandalika #mandalikalombok #mandalikacircuit #themandalika",Sidecar,2026-04-26 15:44:13+00:00,34.0,0,0.0,,agoess_setiawan,2026-06-03,Apify Instagram Scraper,34.0,2026-04-26
Mandalika,#themandalika,https://www.instagram.com/p/DYy_eefhh7A/,DYy_eefhh7A,"Good conversations lead to great opportunities ✨

Had a great discussion with Jack from @adco_lombok , a collaboration partner of Mandalika Art Performance, and Josh from Australia, exploring development opportunities in the Kuta Mandalika area 🤝

From the potential of padel operators to sharing insights on upcoming developments at Montana Oceanside, where Josh is preparing to launch a bar, swimming pool, and kids playground on 19 June 2026.

Always exciting to see how meaningful conversations can open new possibilities and create added experiences for the destination 🌴✨

#melayanisepenuhhati #itdc #themandalika #greattallentinjourney",Image,2026-05-26 09:29:00+00:00,28.0,2,0.0,The Mandalika by ITDC,keikofreaky,2026-06-03,Apify Instagram Scraper,30.0,2026-05-26
Mandalika,#mandalikabeach,https://www.instagram.com/p/DXq7SHLE2tp/,DXq7SHLE2tp,"A quiet moment, framed by nature.

Soak in the calm, take in the scenery, and let every detail — from the sunlight to the art around you — bring the soul back to life.

Your peaceful escape begins here.

#PullmanLombok #PullmanLombokMandalika #MandalikaBeach #LombokResort",Image,2026-04-28 09:43:37+00:00,26.0,0,0.0,Pullman Lombok Merujani Mandalika Beach Resort,pullmanlombokmandalika,2026-06-03,Apify Instagram Scraper,26.0,2026-04-28
Mandalika,#themandalika,https://www.instagram.com/p/DYbsFzBEx39/,DYbsFzBEx39,#kutamandalika #themandalika #meresehill #mtblife #bikeride,Sidecar,2026-05-17 08:12:55+00:00,18.0,7,0.0,,kambingjantan8_,2026-06-03,Apify Instagram Scraper,25.0,2026-05-17
Mandalika,#kutaMandalika,https://www.instagram.com/p/DZELt4pHThY/,DZELt4pHThY,"🍀MeTime w/❤️📸__
.
.
.
.
.
.
.
.
.
.
.
.
.
. #bahagia #metime #soulmate #lombok #kutamandalika ❤️",Sidecar,2026-06-02 01:38:54+00:00,23.0,1,0.0,Telescope Villas Resort,devi.oktv,2026-06-03,Apify Instagram Scraper,24.0,2026-06-02
Mandalika,#kutaMandalika,https://www.instagram.com/p/DZGy-V-EtHO/,DZGy-V-EtHO,"Because every table holds connection, stories, and memories✨💕🌱 #flowerpower 

#kutamandalika #southlombok #florist #floristy",Sidecar,2026-06-03 02:00:25+00:00,22.0,0,0.0,KUTA LOMBOK,anggreklombokensis,2026-06-03,Apify Instagram Scraper,22.0,2026-06-03
Mandalika,#mandalika,https://www.instagram.com/p/DZE8GOdjy6N/,DZE8GOdjy6N,drinks 🤝 wings,Sidecar,2026-06-02 08:41:39+00:00,19.0,2,0.0,BUM BUM,bumbum.world,2026-06-03,Apify Instagram Scraper,21.0,2026-06-02
Mandalika,#themandalika,https://www.instagram.com/p/DYkVM9lCT2z/,DYkVM9lCT2z,"Hari ini, Rabu, 20 Mei 2026, telah dilaksanakan Rapat Koordinasi yang dipimpin langsung oleh Bapak Bupati Lombok Tengah, dihadiri oleh jajaran Pemda, instansi terkait, dan Tim ITDC.

Membangun mandalika menjadi generator pertumbuhan pariwisata di Provinsi NTB.

#ITDC #TheMandalika #Mandalika #KEKMandalika",Sidecar,2026-05-20 16:46:05+00:00,20.0,1,0.0,,gm.themandalika,2026-06-03,Apify Instagram Scraper,21.0,2026-05-20
Mandalika,#themandalika,https://www.instagram.com/p/DYbPyF6iY9W/,DYbPyF6iY9W,"Wujud nyata komitmen TJSL ITDC dalam mendukung UMKM lokal go global! 

Bapak I Made Pari Wijaya hadir dalam acara Opening Karya Kreatif NTB (KK-NTB) 2026 yang diselenggarakan oleh Bank Indonesia Kantor Wilayah NTB dan dibuka oleh Bapak Gubernur NTB.

​Bangga sekali, Purnama Shop selaku UMKM mitra binaan TJSL ITDC dengan produk kerajinan ketak & bambu khasnya, sukses lolos kurasi ketat dan ikut serta dalam pameran Karya Kreatif NTB 2026. 
​
Melalui program TJSL, ITDC berkomitmen untuk terus konsisten mendampingi dan mendorong para mitra binaan agar semakin mandiri, naik kelas, serta berdampak nyata bagi roda perekonomian NTB.

#TheMandalika #Mandalika #KEKMandalika #ITDC #UMKMITDC",Sidecar,2026-05-17 04:05:34+00:00,20.0,0,0.0,,gm.themandalika,2026-06-03,Apify Instagram Scraper,20.0,2026-05-17
Mandalika,#kutaMandalika,https://www.instagram.com/p/DZE_5hSCeSI/,DZE_5hSCeSI,"Kita naik dinosaurus dulu yaa 😆
#kutamandalika #lombok #dinosaurus",Sidecar,2026-06-02 09:14:52+00:00,20.0,0,0.0,Kuta Mandalika,maulitawulan,2026-06-03,Apify Instagram Scraper,20.0,2026-06-02
Mandalika,#wisatamandalika,https://www.instagram.com/p/C1tC4EjSxZr/,C1tC4EjSxZr,"Tour Lombok bersama kami yuk?? Banyak destinasi - destinasi yang bisa kamu kunjungi bersama Segara Tours & Travel loh 🤩

Keberangkatan : Low season 2024

Ayoo Booking sekarang juga‼️

Follow juga :
@segaratours_semarang 
@segaratours_jakarta
@segaratours_surabaya

Promo Paket Wisata
Hubungi kami di 👇
Bandung 1 : 0878 - 2327 - 7772
Bandung 2 : 0878 - 9077 - 7772
Jakarta : 0818 - 0837 - 7772
Surabaya : 0877 - 2660 - 7772
Semarang : 0831-8057-7772

Happy Holidays 🥰

#lombokisland 
#lomboktrip 
#lomboktour 
#lombokexplore 
#lomboktravel 
#lomboktravelmurah
#gilitrawangan
#travellombok
#triplombok
#tourlombok
#tourgilitrawangan
#wisatalombok
#wisatagilitrawangan
#wisatamandalika
#pakettourlombok
#pakettourmandalika
#paketwisalombok
#paketwisatamandalika
#liburan2024
#tourmurah 
#tripmurah 
#paketwisatakeluarga 
#pakettripmurah
#paketwisataluarnegeri
#promopaketwisata
#promopakettour
#promotour 
#promosegaratours 
#tourandtravel
#segaratour",Image,2024-01-05 03:40:19+00:00,18.0,0,0.0,,segaratours,2026-06-03,Apify Instagram Scraper,18.0,2024-01-05
Mandalika,#wisatamandalika,https://www.instagram.com/p/C9jrvbVyxfP/,C9jrvbVyxfP,"Yang mau nonton MotoGP Sepang, yuk buruan amankan seat-nya‼️🙋✈️

Follow juga :
@segaratours 
@segaratours_semarang
@segaratours_jakarta
@segaratours_surabaya
@segaratours_pekanbaru
@segaratours_bali

Promo Paket Wisata
Hubungi kami di 👇
Bandung 1 : 0878 - 2327 - 7772
Bandung 2 : 0878 - 9077 - 7772
Jakarta : 0818 - 0837 - 7772
Surabaya : 0877 - 2660 - 7772
Semarang : 0831-8057-7772
Yogyakarta : 0819 - 0790 - 7772
Pekanbaru: 0838 - 4343 - 3772
Bali : 0877-6222-2772

Happy holiday guys 🤩🥳

#motoGP
#lombok
#mandalika
#weekendtour
#tourlombok
#tourlombokhemat
#motogpmurah
#beachtour
#wisatalombok
#wisatakelombok
#wisatamandalika
#pakettourmotogpmurah
#pakettourkelombok
#pakettourseaworld
#pakettourlombokhemat
#liburan2024
#tourmurah
#tripmurah
#paketwisatakeluarga
#pakettripmurah
#paketwisatadomestik
#promopaketwisata
#promopakettour
#promotour
#promosegaratours
#tourandtravel
#segaratoursandtravel",Image,2024-07-18 08:36:09+00:00,17.0,0,0.0,,segaratours_yogyakarta,2026-06-03,Apify Instagram Scraper,17.0,2024-07-18
Mandalika,#themandalika,https://www.instagram.com/p/DYbCs-Pifgn/,DYbCs-Pifgn,"Menikmati keindahan alam Mandalika kini makin lengkap dengan sentuhan budaya lokal. 

​Melalui Mandalika Art & Culture Performance, ITDC menghadirkan harmoni antara pesona wisata modern dan keluhuran tradisi. Atraksi ini menjadi bukti bahwa kemajuan pariwisata harus berjalan beriringan dengan pelestarian seni, budaya dan pemberdayaan komunitas lokal.

​Yuk, jadikan perjalananmu di The Mandalika lebih bermakna dengan menyelami keindahan seni & budaya karya para maestro lokal! Kulineran, balapan, dan budaya—semua ada di sini.

#TheMandalika #Mandalika #ITDC #KEKMandalika",Sidecar,2026-05-17 02:11:16+00:00,15.0,0,0.0,The Mandalika by ITDC,gm.themandalika,2026-06-03,Apify Instagram Scraper,15.0,2026-05-17
Mandalika,#wisatamandalika,https://www.instagram.com/p/C6dmRXORLfy/,C6dmRXORLfy,"Healing sambil nonton MotoGP dengan tempat snorkeling terbaik !!!!🤩
Seru pastinya, apalagi keberangkatan dr Surabaya cuman 5.9jt/pax all in (keberangkatan pada tanggal 28 september 2024)🥳

Tunggu apalagi? Atur cuti kalian di Bulan September dan dapetin promonya!!! 

Happy holiday guys 🤩🥳

#motoGP
#lombok
#mandalika
#weekendtour
#tourlombok
#tourlombokhemat
#motogpmurah
#beachtour
#wisatalombok
#wisatakelombok
#wisatamandalika
#pakettourmotogpmurah
#pakettourkelombok
#pakettourseaworld
#pakettourlombokhemat
#liburan2024
#tourmurah
#tripmurah
#paketwisatakeluarga
#pakettripmurah
#paketwisatadomestik
#promopaketwisata
#promopakettour
#promotour
#promosegaratours
#tourandtravel
#segaratoursandtravel",Image,2024-05-02 10:18:43+00:00,15.0,0,0.0,,toursurabaya.id,2026-06-03,Apify Instagram Scraper,15.0,2024-05-02
Mandalika,#wisatamandalika,https://www.instagram.com/p/C6dWeghvlde/,C6dWeghvlde,"Healing sambil nonton MotoGP!!!!🤩
Seru pastinya, apalagi keberangkatan dr Surabaya cuman 5.9jt/pax all in 🥳

Tunggu apalagi? Atur cuti kalian di Bulan September dan dapetin promonya!!! 

Follow juga :
@segaratours
@segaratours_semarang
@segaratours_jakarta
@segaratours_surabaya
@segaratours_pekanbaru
@segaratours_bali

Promo Paket Wisata
Hubungi kami di 👇
Bandung 1 : 0878 - 2327 - 7772
Bandung 2 : 0878 - 9077 - 7772
Jakarta : 0818 - 0837 - 7772
Surabaya : 0877 - 2660 - 7772
Semarang : 0831-8057-7772
Yogyakarta : 0819 - 0790 - 7772
Pekanbaru: 0838 - 4343 - 3772
Bali : 0877-6222-2772

Happy holiday guys 🤩🥳

#motoGP
#lombok
#mandalika
#weekendtour
#tourlombok
#tourlombokhemat
#motogpmurah
#beachtour
#wisatalombok
#wisatakelombok
#wisatamandalika
#pakettourmotogpmurah
#pakettourkelombok
#pakettourseaworld
#pakettourlombokhemat
#liburan2024
#tourmurah
#tripmurah
#paketwisatakeluarga
#pakettripmurah
#paketwisatadomestik
#promopaketwisata
#promopakettour
#promotour
#promosegaratours
#tourandtravel
#segaratoursandtravel",Image,2024-05-02 08:00:43+00:00,15.0,0,0.0,,segaratours_surabaya,2026-06-03,Apify Instagram Scraper,15.0,2024-05-02
Mandalika,#kutaMandalika,https://www.instagram.com/p/DZEpgh0EZ1u/,DZEpgh0EZ1u,"This is our MAD Platter. 🍗🔥

Crunchy, crispy, saucy, and made to share (or not, we won't judge).

#mandalika #kutalombok #kutamandalika #lombok #rotisserieslombok #chicken #roast #restaurantkutalombok",Sidecar,2026-06-02 05:59:13+00:00,13.0,0,0.0,,themadchickenlombok,2026-06-03,Apify Instagram Scraper,13.0,2026-06-02
Mandalika,#kutaMandalika,https://www.instagram.com/p/DZCnGOiCelO/,DZCnGOiCelO,"Sunny days feel sweeter with a refreshing glass of pineapple goodness.

Your perfect tropical getaway awaits. Plan your moments with us!

Follow @puri.rinjani for further information.

#puririnjanibungalows #puririnjani #seaside #kutamandalika #lombokhotel",Sidecar,2026-06-01 10:59:40+00:00,13.0,0,0.0,Puri Rinjani Bungalows,puri.rinjani,2026-06-03,Apify Instagram Scraper,13.0,2026-06-01
Mandalika,#mandalikabeach,https://www.instagram.com/p/DYZ8wpqkmvo/,DYZ8wpqkmvo,📍 #mandalikabeach,Sidecar,2026-05-16 16:00:06+00:00,13.0,0,0.0,"Mandalika Beach,lombok",thi_neshphotography,2026-06-03,Apify Instagram Scraper,13.0,2026-05-16
Mandalika,#wisatamandalika,https://www.instagram.com/p/C6dIwkFSp55/,C6dIwkFSp55,"Yang mau nonton MotoGP, yuk buruan amankan seat-nya‼️🙋✈️

Follow juga :
@segaratours 
@segaratours_semarang
@segaratours_jakarta
@segaratours_surabaya
@segaratours_pekanbaru
@segaratours_bali

Promo Paket Wisata
Hubungi kami di 👇
Bandung 1 : 0878 - 2327 - 7772
Bandung 2 : 0878 - 9077 - 7772
Jakarta : 0818 - 0837 - 7772
Surabaya : 0877 - 2660 - 7772
Semarang : 0831-8057-7772
Yogyakarta : 0819 - 0790 - 7772
Pekanbaru: 0838 - 4343 - 3772
Bali : 0877-6222-2772

Happy holiday guys 🤩🥳

#motoGP
#lombok
#mandalika
#weekendtour
#tourlombok
#tourlombokhemat
#motogpmurah
#beachtour
#wisatalombok
#wisatakelombok
#wisatamandalika
#pakettourmotogpmurah
#pakettourkelombok
#pakettourseaworld
#pakettourlombokhemat
#liburan2024
#tourmurah
#tripmurah
#paketwisatakeluarga
#pakettripmurah
#paketwisatadomestik
#promopaketwisata
#promopakettour
#promotour
#promosegaratours
#tourandtravel
#segaratoursandtravel",Image,2024-05-02 06:00:51+00:00,13.0,0,0.0,,segaratours_yogyakarta,2026-06-03,Apify Instagram Scraper,13.0,2024-05-02
Mandalika,#mandalika,https://www.instagram.com/p/DZHGB54j90E/,DZHGB54j90E,"Fomo 😍🤪 
#dermagakuta #mandalika",Sidecar,2026-06-03 04:46:55+00:00,12.0,0,0.0,,tyaalfariza,2026-06-03,Apify Instagram Scraper,12.0,2026-06-03
Mandalika,#mandalikabeach,https://www.instagram.com/p/DYV_cSSEXYV/,DYV_cSSEXYV,"🌊🐚

#mandalikabeach #pasirputih #perjalananhidup",Sidecar,2026-05-15 03:06:34+00:00,10.0,0,0.0,,yusika___,2026-06-03,Apify Instagram Scraper,10.0,2026-05-15
Mandalika,#mandalikabeach,https://www.instagram.com/p/DXEZTu3E6c9/,DXEZTu3E6c9,"Sweet, warm, and soothing just like your experience at Ombak Spa. 🍃
Enjoy our ginger candy for free during your visit, and take its warmth home for only 10K per pack.
Because little moments of calm are worth taking home. 🤍

Ready to pamper yourself?

💆🏽‍♀️ Book now via DM or WA: +62 822 27420191
🕖 Open Daily 10.00 AM - 09.00 PM
📍 Jl. Sawe Batu Riti, Kuta Mandalika - Lombok 🇮🇩

Relax & Revive in Tropical Calm 🌴
#ombakwellnessspa #relaxmoments #relaxandrevive #mandalikalombok #mandalikabeach",Sidecar,2026-04-13 10:34:52+00:00,10.0,0,0.0,KUTA LOMBOK,ombakwellness.spa,2026-06-03,Apify Instagram Scraper,10.0,2026-04-13
Mandalika,#wisatamandalika,https://www.instagram.com/p/DPS1lWmiQOJ/,DPS1lWmiQOJ,"Road to #MotoGP di #Mandalika ! 🏁 Sebelum event balap, wajib banget mampir ke Trio Destinasi Wajib Kunjungi #WisataMandalika buat refreshing dan hunting foto. Dijamin feed kamu makin keren!

🌅 #BukitMerese : Nikmati sunset terbaik sambil melihat indahnya Pantai Tanjung Aan dari ketinggian. Rumput hijau dan birunya laut bikin mata adem!

🏖️ #PantaiKutaMandalika : Surga dengan pasir “butiran merica” yang unik dan air tenang. Berenang? Berjemur? Atau cari kuliner lokal? Semua ada di sini.

🏡 #DesaAdatSasak : Sentuhan budaya yang otentik. Lihat langsung rumah-rumah unik dan #TenunIkat tradisional. Jangan lupa beli kerajinan tangan khas #Lombok ya!

Mandalika bukan cuma sirkuit, tapi juga keindahan alam dan budaya. Siapa yang sudah booking tiket? Angkat tangan! 🙋‍♂️🙋‍♀️

#WonderfulIndonesia #PesonaIndonesia #ExploreLombok  #RoadToMotoGP2025 #DestinasiMandalika #MauLiburanAja #JanganLupaLiburan",Sidecar,2025-10-02 05:00:09+00:00,10.0,0,0.0,,mauliburan.aja,2026-06-03,Apify Instagram Scraper,10.0,2025-10-02
Mandalika,#mandalika,https://www.instagram.com/p/DZHINuGRUHt/,DZHINuGRUHt,"Lombok Tengah siap menjadi tuan rumah MTQ XXXI Tingkat Provinsi NTB 2026. Persiapan venue telah mencapai 80 persen, dengan delapan lokasi lomba yang tersebar di Kota Praya, termasuk pemanfaatan fasilitas VIP Deluxe Sirkuit Mandalika untuk cabang kaligrafi Alquran.

Sebanyak 977 peserta dari 10 kabupaten/kota se-NTB akan ambil bagian dalam ajang syiar Islam dua tahunan ini. Selain perlombaan, rangkaian kegiatan juga akan dimeriahkan Pawai Ta’aruf dan pertunjukan tari kolosal yang melibatkan ratusan pelajar dan pemuda lokal.

#MTQNTB2026 #Praya #NTB #Mandalika #LombokPost",Image,2026-06-03 05:06:03+00:00,8.0,1,0.0,,lombokpostofficial,2026-06-03,Apify Instagram Scraper,9.0,2026-06-03
Mandalika,#themandalika,https://www.instagram.com/p/DY09FcuCfaW/,DY09FcuCfaW,"Selasa, 26 Mei 2026

Merajut kebersamaan dalam Pawai Malam Takbiran Idul Adha 1447 H di Jalan Ruas F-U, Zona Timur KEK Mandalika. 🐏✨

​Kegiatan ini diinisiasi oleh Karang Taruna Kecamatan Pujut dan dihadiri langsung oleh Bapak Wakil Bupati Lombok Tengah, GM The Mandalika, serta jajaran Forkopimca Pujut.

​Penuh optimisme untuk terus membangun bersama KEK Mandalika demi kemajuan pariwisata Kabupaten Lombok Tengah & Provinsi NTB

#ITDC #TheMandalika #Mandalika #KEKMandalika",Sidecar,2026-05-27 03:42:26+00:00,8.0,0,0.0,,gm.themandalika,2026-06-03,Apify Instagram Scraper,8.0,2026-05-27
Mandalika,#kutaMandalika,https://www.instagram.com/p/DZHkM1KGe_R/,DZHkM1KGe_R,"Pleats Mini Dress Boat: soft pleats, an easy silhouette, and made for sun-filled days.

#GiliAir #kutamandalika  #minidress",Sidecar,2026-06-03 09:10:33+00:00,8.0,0,0.0,Kuta Lombok,tokothelabel,2026-06-03,Apify Instagram Scraper,8.0,2026-06-03
Mandalika,#kutaMandalika,https://www.instagram.com/p/DZG7QpXGF40/,DZG7QpXGF40,"Don’t let soreness slow your trip 🌴 
👉 Recover at Physiolab
What Lombok did to your body, we help you recover from it 🤩

#pain #physiotherapy #recovery #injury #kutamandalika",Sidecar,2026-06-03 03:12:49+00:00,8.0,0,0.0,,physiolab.mandalika,2026-06-03,Apify Instagram Scraper,8.0,2026-06-03
Mandalika,#wisatamandalika,https://www.instagram.com/p/C2062HeS_bl/,C2062HeS_bl,"Tour Lombok bersama kami yuk?? Banyak destinasi - destinasi yang bisa kamu kunjungi loh 🤩

Keberangkatan : Low season 2024 (start Jakarta)

Ayoo Booking sekarang juga‼️

Follow juga :
@segaratours 
@segaratours_semarang
@segaratours_jakarta
@segaratours_surabaya
@segaratours_pekanbaru
@segaratours_bali

Promo Paket Wisata
Hubungi kami di 👇
Bandung 1 : 0878 - 2327 - 7772
Bandung 2 : 0878 - 9077 - 7772
Jakarta : 0818 - 0837 - 7772
Surabaya : 0877 - 2660 - 7772
Semarang : 0831-8057-7772
Yogyakarta : 0819 - 0790 - 7772
Pekanbaru: 0838 - 4343 - 3772
Bali : 0877-6222-2772

Happy Holidays 🥰

#lombokisland
#lomboktrip
#lomboktravel
#gilitrawangan
#travellombok
#triplombok
#tourlombok
#wisatalombok
#wisatagilitrawangan
#wisatamandalika
#pakettourlombok
#paketwisalombok
#tripmurah
#paketwisatakeluarga
#pakettripmurah
#promotour
#promosegaratours
#tourandtravel
#segaratours",Image,2024-02-02 01:35:28+00:00,7.0,0,0.0,,segaratours_yogyakarta,2026-06-03,Apify Instagram Scraper,7.0,2024-02-02
Mandalika,#kutaMandalika,https://www.instagram.com/p/DZEqmXrJ06f/,DZEqmXrJ06f,"Lights out and race night begins🏁
The Monaco Grand Prix is hitting the big screen at @ketapanglombok this Sunday.

Fast cars, intense laps, and the kind of atmosphere that makes every overtake feel even crazier.

Grab your crew and enjoy the race with cold drinks and good vibes all night🔥

#ketapangsportbar #sportbarkuta #kutamandalika #mandalikavibes",Image,2026-06-02 06:09:16+00:00,6.0,0,0.0,Ketapang Beach Bar & Restaurant,ketapanglombok,2026-06-03,Apify Instagram Scraper,6.0,2026-06-02
Mandalika,#kutaMandalika,https://www.instagram.com/p/DZDOr9-zd4n/,DZDOr9-zd4n,"Midweek miles, ocean breeze, and a community that keeps moving forward. Join us for an easy-paced run along the beautiful coastline of Kuta Mandalika and enjoy the sunset with fellow runners.

📍 Kuta Mandalika
📅 Every Wednesday (3, 10, 17 June 2026)
⏰ 17:30 WITA
🏃 Distance: 5 KM+

Whether you’re a beginner or an experienced runner, everyone is welcome. Bring your positive energy and let’s make every step count.

✨ FREE to join
🤝 Open for all levels

#CWKRSClub #WednesdayEasyRunning #KutaMandalika #RunCommunity #EasyRun SunsetRun LombokRunning RunTogether PositiveEnergy RunningMotivation",Image,2026-06-01 16:45:48+00:00,5.0,1,0.0,,cwkrsclub,2026-06-03,Apify Instagram Scraper,6.0,2026-06-01
Mandalika,#mandalika,https://www.instagram.com/p/DZFZUb3vlzs/,DZFZUb3vlzs,"Whether you are looking for daily or monthly stays Teala is your place🌴 

Tap the link in our bio to Book with us.

We’d love to host you.
#mandalika #lombokmotogp #kutamandalika #booknow #lombokvilla",Image,2026-06-02 12:58:08+00:00,5.0,0,0.0,KUTA LOMBOK,tealavillas_lombok,2026-06-03,Apify Instagram Scraper,5.0,2026-06-02
Mandalika,#themandalika,https://www.instagram.com/p/DYTv2qsiS7u/,DYTv2qsiS7u,"Semangat kolaborasi dan pengembangan kapasitas terus dihadirkan melalui kegiatan MCLC di kawasan The Mandalika.
Kegiatan ini menjadi ruang belajar, berbagi pengalaman, dan memperkuat sinergi antar peserta dalam mendukung pengembangan pariwisata berkelanjutan, peningkatan kualitas layanan, serta pemberdayaan masyarakat lokal didestinasi kawasan The Mandalika.

#themandalika
#kekmandalikalombok
#itdcsolid",Sidecar,2026-05-14 06:11:53+00:00,5.0,0,0.0,,wayan.arnita,2026-06-03,Apify Instagram Scraper,5.0,2026-05-14
Mandalika,#themandalika,https://www.instagram.com/p/DYTnhDXCZpE/,DYTnhDXCZpE,"Melibatkan dan mengajak UMKM lokal untuk turut berpartisipasi dalam ajang GT World Challenge Asia di Pertamina Mandalika International Circuit pada 1–3 Mei 2026 sebagai wujud dukungan perusahaan dalam pelaksanaan program Tanggung Jawab Sosial dan Lingkungan (TJSL).

Melalui keterlibatan UMKM lokal, diharapkan event internasional ini tidak hanya menghadirkan sport tourism berkelas dunia, tetapi juga memberikan dampak ekonomi dan peluang promosi bagi pelaku usaha lokal agar dapat tumbuh dan berkembang secara berkelanjutan

#itdcsolid 
#themandalika 
#pertaminasirkuitmandalika",Sidecar,2026-05-14 04:59:01+00:00,5.0,0,0.0,,wayan.arnita,2026-06-03,Apify Instagram Scraper,5.0,2026-05-14
Mandalika,#kutaMandalika,https://www.instagram.com/p/DZHiMdfCUZz/,DZHiMdfCUZz,"Too good to capture, too fun to miss.

Join us for live music at @ketapanglombok and make your own memories🎶✨

#ketapangsportbar #sportbarkuta #kutamandalika #mandalikavibes",Sidecar,2026-06-03 08:53:02+00:00,5.0,0,0.0,Ketapang Beach Bar & Restaurant,ketapanglombok,2026-06-03,Apify Instagram Scraper,5.0,2026-06-03
Mandalika,#mandalikabeach,https://www.instagram.com/p/DYjs8XbEjU4/,DYjs8XbEjU4,"Kute mandalike time

  #storytime #mandalikabeach",Sidecar,2026-05-20 10:54:18+00:00,5.0,0,0.0,Mandalika International Circuit,yuli_stobery,2026-06-03,Apify Instagram Scraper,5.0,2026-05-20
Mandalika,#wisatamandalika,https://www.instagram.com/p/DUP39YZD4Wg/,DUP39YZD4Wg,"Mandalika terus menunjukkan wajah barunya sebagai destinasi unggulan yang tidak hanya identik dengan sirkuit balap internasional. Melalui pengembangan wisata berbasis budaya, InJourney Tourism Development Corporation (ITDC) menghadirkan beragam pertunjukan seni khas Lombok yang menampilkan kekayaan budaya Sasak, sekaligus memperkaya pengalaman wisatawan yang berkunjung ke Kawasan Ekonomi Khusus Mandalika.

Upaya ini menjadi bukti bahwa Mandalika diarahkan sebagai destinasi pariwisata berkelanjutan yang menggabungkan olahraga, alam, dan budaya lokal. Penguatan atraksi budaya dinilai mampu menarik wisatawan sepanjang tahun, sekaligus membuka peluang ekonomi bagi pelaku seni dan UMKM setempat, serta memperkuat identitas Mandalika di mata dunia.

#KoranJakarta #WisataMandalika #ITDC #WisataBudaya #TravelIndonesia

[PI]",Image,2026-02-02 08:00:10+00:00,5.0,0,0.0,,mediakoranjakarta,2026-06-03,Apify Instagram Scraper,5.0,2026-02-02
Mandalika,#wisatamandalika,https://www.instagram.com/p/DR0iSkcEy87/,DR0iSkcEy87,"LOMBOK 3 HARI CUMA 1 JUTAAN? EMANG BISA? 😱🏝️

Bisa banget dong, Sobat Traveler! Kenalin nih, paket Best Seller dari @LombokTravelution. Buat kamu yang pengen healing tapi nggak mau dompet kering, ini jawabannya!

Dalam 3 Hari 2 Malam, kita bakal ajak kamu jelajahi ""Best of The Best""-nya Lombok:

🗓️ Day 1: The Mandalika Vibes Main ke Sirkuit Mandalika yang mendunia, foto estetik di Desa Adat Sade/Ende, dan ngejar sunset romantis di Bukit Merese.

🗓️ Day 2: Gili Trawangan Paradise Naik Private Boat (bukan publik lho!), snorkeling bareng penyu di 3 Gili, dan sepedaan santai keliling pulau tanpa polusi.

🗓️ Day 3: Culture & City Tour Belanja oleh-oleh mutiara, mampir ke Islamic Center yang megah, dan liat pengrajin gerabah di Banyumulek.

💰 Harga Mulai: Rp 1.000.000/Pax aja! Udah dapet apa? BANYAK! ✅ Hotel 2 Malam + Breakfast ✅ Mobil AC Dingin + Driver Ramah ✅ Makan Siang & Malam (Total 5x Makan!) ✅ Tiket Masuk Wisata & Private Boat ✅ Bonus: Selendang & Topi Khas Lombok biar foto makin kece!

Yuk, tag teman atau pasangan yang mau kamu ajak kabur ke sini! 👇

📲 Booking sekarang sebelum slot penuh: Klik Link di Bio atau WA: 0877-7793-8847

#LombokTravelution #PaketWisataLombok #LiburanLombok #LombokMurah #ExploreLombok #WisataMandalika #GiliTrawangan #WonderfulIndonesia #TripLombok #PaketTourLombok #lombokisland",Image,2025-12-04 00:08:32+00:00,5.0,0,0.0,,lombok_travelution,2026-06-03,Apify Instagram Scraper,5.0,2025-12-04
Mandalika,#themandalika,https://www.instagram.com/p/DYvLN_ezN6r/,DYvLN_ezN6r,"Laju investasi di kawasan The Mandalika terus menunjukkan tren positif. Hingga akhir tahun 2025 lalu, nilai investasi yang masuk baik investasi dalam negeri maupun luar negeri sudah menembus angka Rp6 triilun lebih. Dengan nilai investasi sebesar itu, total tenaga kerja yang masuk diserap mencapai 26 ribu orang lebih.
.
.
.
#TheMandalika
#InvestasiMandalika
#Mandalika
#InvestasiNTB
#EkonomiNTB",Image,2026-05-24 21:50:32+00:00,4.0,0,0.0,,suarantbcom,2026-06-03,Apify Instagram Scraper,4.0,2026-05-24
Mandalika,#kutaMandalika,https://www.instagram.com/p/DZEzaACpx6u/,DZEzaACpx6u,"NRL action all week long👀

The energy is on at @ketapanglombok with nonstop matches, cold beers, and the perfect spot to catch every big moment live.

Pick your team and let the weekend get louder🔥

#ketapangsportbar #sportbarkuta #kutamandalika #mandalikavibes",Image,2026-06-02 07:26:11+00:00,4.0,0,0.0,Ketapang Beach Bar & Restaurant,ketapanglombok,2026-06-03,Apify Instagram Scraper,4.0,2026-06-02
Mandalika,#kutaMandalika,https://www.instagram.com/p/DZDBCK0GW4v/,DZDBCK0GW4v,"📍 Dermaga Kuta Lombok🌴

#kutamandalika #dermagakuta #lombokisland",Sidecar,2026-06-01 14:46:18+00:00,-1.0,5,0.0,Dermaga Kuta Lombok,mrtna.1636,2026-06-03,Apify Instagram Scraper,4.0,2026-06-01
Mandalika,#mandalika,https://www.instagram.com/p/DZHYhZVEVOw/,DZHYhZVEVOw,#Dermaga kuta mandalika#mandalika#ootdinspo #outfit  Dermaga kuta mandalika 🪸🌊,Sidecar,2026-06-03 07:28:30+00:00,3.0,0,0.0,Pulau Lombok,amiiwww______,2026-06-03,Apify Instagram Scraper,3.0,2026-06-03
Mandalika,#themandalika,https://www.instagram.com/p/DX-bh1Cket9/,DX-bh1Cket9,"Menemukan Keseimbangan di Jantung Mandalika 

Minggu pagi kemarin, Bazaar Mandalika berubah menjadi ruang energi positif! Lebih dari 500 peserta berkumpul untuk merayakan kesehatan jiwa dan raga dalam gelaran Mandalika Wellness & Cultural Festival 2026.

Mulai dari ketenangan sunrise yoga hingga sesi pranic healing yang mendalam, festival ini bukan sekadar acara biasa—ini adalah perjalanan kembali ke diri sendiri. Tak hanya kesehatan, kekayaan budaya lokal juga menyatu sempurna dalam setiap aktivitas.

#MandalikaWellness #TheMandalika #LombokHits #HealthyLifestyle #WellnessJourney",Image,2026-05-05 23:30:09+00:00,2.0,1,0.0,,forumhumasbumn,2026-06-03,Apify Instagram Scraper,3.0,2026-05-05
Mandalika,#mandalikabeach,https://www.instagram.com/p/DYYx73plPz0/,DYYx73plPz0,"Experience the comfort of staying in tropical South Lombok.
Calm surroundings, cozy spaces, and a stay that makes your holiday feel complete.

📍Looking Forward to welcome you in Lombok 🇲🇨

⸻
Contact us for more information:
📞 : +62 819 53645976
✉️ : southlombokvillas@gmail.com
⸻
 #mandalikalombok #mandalikabeach #lombokisland #bestvillinlombok #luxurylifestyle",Sidecar,2026-05-16 05:06:16+00:00,-1.0,4,0.0,"Kuta Mandalika, Nusa Tenggara Barat",_slv_m,2026-06-03,Apify Instagram Scraper,3.0,2026-05-16
Mandalika,#wisatamandalika,https://www.instagram.com/p/DMhwH5BhoNl/,DMhwH5BhoNl,"Pengantin Daerah Nusa Tenggara Barat saat melawati jalan Kuta Mandalika.

#streetphotography 
#weding 
#nusatenggarabarat 
#nusantara 
#budayaindonesia 
#kutamandalika 
#wisatamandalika",Image,2025-07-25 10:26:52+00:00,3.0,0,0.0,,logika.hening.visual,2026-06-03,Apify Instagram Scraper,3.0,2025-07-25
Mandalika,#mandalika,https://www.instagram.com/p/DZHAw2KmiqS/,DZHAw2KmiqS,"DENPASAR ➜ MATARAM ➜ SENGGIGI ➜ SEMBALUN ➜ PANTAI PINK ➜ MANDALIKA ➜ DENPASAR

Bukan sekadar touring, tapi perjalanan mengumpulkan cerita.

Menyeberangi lautan menuju Lombok, menikmati senja di Senggigi, menyapa kaki Gunung Rinjani di Sembalun, menyentuh pasir merah muda Pantai Pink, hingga melibas tikungan indah Mandalika sebelum kembali pulang ke Denpasar.

Setiap kilometer menghadirkan pemandangan baru.
Setiap tikungan menyimpan pengalaman yang tak terlupakan.

Ride. Explore. Repeat.

#TouringIndonesia #LombokRide  #Mandalika #RideMoreWorryLess #qjtourino250dx",Sidecar,2026-06-03 04:00:04+00:00,-1.0,3,0.0,,guseka23,2026-06-03,Apify Instagram Scraper,2.0,2026-06-03
Mandalika,#mandalika,https://www.instagram.com/p/DZFW_76PRdK/,DZFW_76PRdK,"Welcome to Teala Villas 🌴 A quiet little place in Kuta, Lombok

Private studios and villas with your own kitchen with a shared heart, our pool and garden area.

Located in center Kuta and a short ride to the beach. 

Come stay a while.
#tealavillas #kutalombok #lombok #lombokvilla #mandalika",Image,2026-06-02 12:38:48+00:00,2.0,0,0.0,,tealavillas_lombok,2026-06-03,Apify Instagram Scraper,2.0,2026-06-02
Mandalika,#themandalika,https://www.instagram.com/p/DYF3fWmT8YD/,DYF3fWmT8YD,"Potensi terjadinya kasus Kebakaran Hutan dan Lahan (Karhutla) di wilayah Kabupaten Lombok Tengah (Loteng) mulai meningkat. Seiring dengan mulai masuknya musim kemarau yang tahun ini diperkirakan bakal berlama lama dan lebih panas. Efek dari fenonema El Nino yang akan berlangsung selama musim kemarau tahun Ini.
.
.
.
#kawasanthemandalika #themandalika #mandalika #karhutla #lomboktengah",Image,2026-05-08 20:49:17+00:00,2.0,0,0.0,,suarantbcom,2026-06-03,Apify Instagram Scraper,2.0,2026-05-08
Mandalika,#kutaMandalika,https://www.instagram.com/p/DZEzTOBpLvD/,DZEzTOBpLvD,"Big AFL weekend incoming🔥

Every tackle, every goal, and every loud reaction hits better on the big screen at @ketapanglombok 

Bring your mates, grab a cold drink, and enjoy the game night atmosphere with us🍻

#ketapangsportbar #sportbarkuta #kutamandalika #mandalikavibes",Image,2026-06-02 07:25:07+00:00,2.0,0,0.0,Ketapang Beach Bar & Restaurant,ketapanglombok,2026-06-03,Apify Instagram Scraper,2.0,2026-06-02
Mandalika,#kutaMandalika,https://www.instagram.com/p/DZCYvbnk4GC/,DZCYvbnk4GC,"The Three-Bedroom Villa.
From USD 410,000 · 431.9 m².

The flagship — three ensuite bedrooms, a 22 m² private pool, sunken lounge, and an in-villa wellness studio with sauna and cold plunge. Only three in the estate.

Freehold. Fully managed.

Kuta Mandalika, South Lombok.

DM for the investor pack →

.
.
.

#manasara #manasaraliving #manasararesidences #kutalombok #kutamandalika #lombok #lombokisland #mandalika #lombokproperty #wellnessrealestate #investinlombok #foreignownership #expatinvesting #propertyinvestment #indonesiaproperty #threebedroomvilla #flagshipvilla #privatepoolvilla #villalombok",Image,2026-06-01 08:54:22+00:00,2.0,0,0.0,,manasara.living,2026-06-03,Apify Instagram Scraper,2.0,2026-06-01
Mandalika,#kutaMandalika,https://www.instagram.com/p/DZCXzv-k2hA/,DZCXzv-k2hA,"Wellness real estate outperforms.

Manasara is designed and operated for premium occupancy, not seasonal churn — modelled net yields of 15–20% on 60–75% year-round occupancy, under one integrated operator with an in-house rental platform.

Freehold. Fully managed. Kuta Mandalika, South Lombok.

DM for the investor pack →

.
.
.

#manasara #manasaraliving #manasararesidences #kutalombok #kutamandalika #lombok #lombokisland #mandalika #lombokproperty #wellnessrealestate #investinlombok #foreignownership #expatinvesting #propertyinvestment #indonesiaproperty #wellnesseconomy #alternativeinvestment #propertytrends #passiveincome",Image,2026-06-01 08:46:12+00:00,2.0,0,0.0,,manasara.living,2026-06-03,Apify Instagram Scraper,2.0,2026-06-01
Mandalika,#mandalikabeach,https://www.instagram.com/p/DZHrE3ikpXj/,DZHrE3ikpXj,"""Kebahagiaan adalah cara bepergian, bukan tujuan.""
#mandalikabeach 
#motivation",Sidecar,2026-06-03 10:10:38+00:00,2.0,0,0.0,Kuta Mandalika Lombok,arnila.15,2026-06-03,Apify Instagram Scraper,2.0,2026-06-03
Mandalika,#wisatamandalika,https://www.instagram.com/p/DPbGkyOk9cQ/,DPbGkyOk9cQ,"Gelaran Pertamina Grand Prix of Indonesia 2025 atau MotoGP Mandalika seri ke-18 menjadi momen berharga bagi para pelaku Usaha Mikro Kecil dan Menengah (UMKM) di kawasan Bazaar Mandalika, Lombok Tengah, Nusa Tenggara Barat (NTB).

Bukan cuma seru di lintasan, tapi juga bikin UMKM dan pedagang lokal panen cuan. Omzet naik hingga tiga kali lipat, dari jualan kaos Mandalika sampai kuliner khas Lombok laris manis! 💸🏍🇮🇩
Ajang olahraga internasional mampu menghidupkan UMKM sekaligus menggerakkan roda ekonomi daerah

#MotoGPMandalika2025 #MandalikaVibes #UMKM #BanggaBuatanIndonesia #LombokHebat #WisataMandalika #EventInternasional #MakananLokal #DukungUMKM #MandalikaGP #SportTourism #IndonesiaMendunia #kanalumkm",Sidecar,2025-10-05 10:02:33+00:00,2.0,0,0.0,,kanalumkm.id,2026-06-03,Apify Instagram Scraper,2.0,2025-10-05
Mandalika,#wisatamandalika,https://www.instagram.com/p/DJZbbW9yhCY/,DJZbbW9yhCY,"7 Years of Journeys 

Seven years of connecting cultures, creating memories, and charting new paths together

-TBJ-

CV Tour Indonesia Juara
0858 46046 846 (WA)
tourbyjuara.com

#paketwisatabelitung #malangtrip #wisatabelitung #tourbelitung #wisatajawatimur #rentalmobilmalang #travelbromo #liburankemalang #bromotrip #wisatabatu #sewamobilmalang #batumalang #tourbatu #paketrafting #raftingbandung #raftingmalang #raftingjogja jogja #wisatapetikapel #thelodgemaribaya #opentripbromo #bromotour #jeepbromo #gunungtangkubanperahu anperahu #sewajeepbromo #dolanmalang #mandalika #kawahputihbandung #wisatamandalika  #tourbyjuara",Image,2025-05-08 15:17:55+00:00,2.0,0,0.0,,tourbyjuara,2026-06-03,Apify Instagram Scraper,2.0,2025-05-08
Mandalika,#mandalika,https://www.instagram.com/p/DZHaofnEbpE/,DZHaofnEbpE,New hair color🦄 @andakaraprastawa keep enjoyed to acchieveman #jeep#pedrosa#gp#mandalika#sport,Sidecar,2026-06-03 07:46:57+00:00,1.0,0,0.0,iblamelulu.dk,alikhlasyasinskom,2026-06-03,Apify Instagram Scraper,1.0,2026-06-03
Mandalika,#mandalika,https://www.instagram.com/p/DZHAplERNlN/,DZHAplERNlN,#mandalika#mandalikacircuit#lombok,Image,2026-06-03 03:59:57+00:00,1.0,0,0.0,,alikhlasyasinskom,2026-06-03,Apify Instagram Scraper,1.0,2026-06-03
Mandalika,#mandalika,https://www.instagram.com/p/DZG88bWydo-/,DZG88bWydo-,"​💥 NTB MAKIN MENYALA DI BBTF 2026💥

​Potensi transaksi wisata NTB sukses tembus hampir Rp20 Miliar di ajang Bali & Beyond Travel Fair (BBTF) 2026 📈

​Wisata bahari kayak Kuta Mandalika & Gili Islands tetep jadi primadona, ditambah destinasi exotic Sumbawa, Pulau Moyo, dan Gunung Tambora yang makin dilirik pasar internasional. 🌊⛰️

​Bangga banget. Gas terus pariwisata NTB menuju mendunia 🌍✨

​#bbtf2026 #pariwisatantb #lomboksumbawa #mandalika #wonderfullindonesia",Image,2026-06-03 03:27:34+00:00,1.0,0,0.0,,evaazzahra93,2026-06-03,Apify Instagram Scraper,1.0,2026-06-03
Mandalika,#mandalika,https://www.instagram.com/p/DZE5o4hkZkC/,DZE5o4hkZkC,"Short but sweet,just like this vacation🥰
.
.
.
#liburansingakat #holidayinlombok #mandalika #lombok",Sidecar,2026-06-02 08:20:10+00:00,-1.0,2,0.0,Mandalika International Street Circuit,ria.septiami95,2026-06-03,Apify Instagram Scraper,1.0,2026-06-02
Mandalika,#mandalika,https://www.instagram.com/p/DZEGbdHTLQU/,DZEGbdHTLQU,"🟡 [ROMPI GERAKAN MUDA MADANI TALIWANG]

Yuk yang mau custom kaos, kemeja, pdh pdl, wearpack, jas almamater, jaket, koko, atribut sekolah dan lainnya di kita buruan langsung order!

• Free Desain sesuai permintaan anda !!!
• Gratis ongkir wilayah Mataram
• Konsultasi gratis design sampai oke👌

Hubungi kami melalui:
📲 https://wa.me/6281239695011
IG: @sasambo_konveksi
📍Alamat : Jln. Biola raya, Punia Jamak, Kota Mataram, NTB

#vendorseragam #vendorpdh #konveksipdhtkkn #pdhsumbawa #komveksidompu #konveksibima #konveksisumbawa #konveksilotim #konveksilombok #konveksiloteng #konveksilobar #konveksiklu #konveksimataram #konveksintb #mandalika #lombok",Image,2026-06-02 00:52:45+00:00,1.0,0,0.0,"Mataram, Lombok, Nusa Tenggara Barat",sasambo_konveksi,2026-06-03,Apify Instagram Scraper,1.0,2026-06-02
Mandalika,#kutaMandalika,https://www.instagram.com/p/DZHc7EHmNm3/,DZHc7EHmNm3,"Looking for a satisfying meal without breaking the bank? 🍱✨

Enjoy our Ebi Tamadon, Chicken Katsu Don, and Gyudon — all under IDR 100K. Even better with live music and the laid-back atmosphere at MyDay Vibes 🎶🌴

#japanesefood #Mydayvibes #kutamandalika #kutalombokfood #lombokfoodies",Sidecar,2026-06-03 08:06:58+00:00,1.0,0,0.0,KUTA LOMBOK,mydayvibes.lombok,2026-06-03,Apify Instagram Scraper,1.0,2026-06-03
Mandalika,#kutaMandalika,https://www.instagram.com/p/DZCYLd4k0Ha/,DZCYLd4k0Ha,"The Three-Bedroom Villa.

#manasara #manasaraliving #manasararesidences #kutalombok #kutamandalika #lombok #lombokisland #mandalika",Image,2026-06-01 08:49:24+00:00,1.0,0,0.0,,manasara.living,2026-06-03,Apify Instagram Scraper,1.0,2026-06-01
Mandalika,#kutaMandalika,https://www.instagram.com/p/DZCXsa6Eyte/,DZCXsa6Eyte,"Wellness real estate outperforms.

#manasara #manasaraliving #manasararesidences #foreignownership #expatinvesting #propertyinvestment #indonesiaproperty #wellnesseconomy #alternativeinvestment #propertytrends #passiveincome #kutalombok #kutamandalika",Image,2026-06-01 08:45:12+00:00,1.0,0,0.0,,manasara.living,2026-06-03,Apify Instagram Scraper,1.0,2026-06-01
Mandalika,#mandalikabeach,https://www.instagram.com/p/DXtk6HdFDke/,DXtk6HdFDke,"Villa Fabulous is now available for ownership.
Located in the strategic area of Kuta Mandalika, close to the circuit and Lombok’s growing hub.
Designed for comfort and an exclusive tropical lifestyle.
Because sometimes, owning is more valuable than simply staying.

📍Looking Forward to welcome you in Villa Fabulous, Kuta Mandalika, South Lombok 🇲🇨

⸻
Contact us for more information:
📞 : +62 819 53645976
✉️ : southlombokvillas@gmail.com
⸻
 #mandalikagp #mandalikacircuit #mandalikabeach #airbnbexperience #airbnbsuperhosts🎖️",Sidecar,2026-04-29 10:25:43+00:00,-1.0,2,0.0,"Kuta Mandalika, Nusa Tenggara Barat",_slv_m,2026-06-03,Apify Instagram Scraper,1.0,2026-04-29
Mandalika,#wisatamandalika,https://www.instagram.com/p/DFPum-kvg4t/,DFPum-kvg4t,"Impian menjadi pembalap MotoGP kini bukan lagi sekadar angan. Sirkuit Mandalika, lintasan kebanggaan Indonesia yang telah menggelar ajang balap motor dunia, kini membuka pintunya bagi para pecinta kecepatan melalui program track day bertajuk Ride In Track. 

Kegiatan yang berlangsung pada 21-23 Januari 2025 ini sukses menarik perhatian wisatawan, khususnya mancanegara, untuk merasakan sensasi memacu motor di lintasan berstandar internasional.

Sebelum turun ke lintasan, para peserta mendapatkan pembekalan materi dari pelatih profesional. Edukasi diberikan mengenai racing line, posisi badan saat berkendara, titik pengereman, cara menikung, arti warna bendera marshal, dan aspek-aspek penting lainnya. 

""Tentunya kita tetap mengutamakan keamanan,"" tegas Alex. Kegiatan ini menggunakan motor balap 250 cc yang telah mengadopsi spesifikasi kompetisi.

Untuk mengikuti kegiatan Ride In Track, tersedia berbagai pilihan paket dengan harga mulai dari Rp3 juta hingga Rp7,5 juta. Selain track day, Ride In Track juga menyediakan jasa untuk kegiatan company gathering dengan konsep motorsportatau racing gathering di Sirkuit Mandalika.

Tertarik merasakan sensasi balap di Sirkuit Mandalika? Kunjungi website/media sosial Ride In Track untuk informasi lebih lanjut dan pendaftaran, Bagikan pengalaman impian ini kepada teman-temanmu.

#rideintrack #sirkuitmandalika #mandalika #trackday #sporttourism #motoGP #lombok #NTB #wisatamandalika",Image,2025-01-25 10:47:33+00:00,1.0,0,0.0,,igascreativehub,2026-06-03,Apify Instagram Scraper,1.0,2025-01-25
Mandalika,#mandalika,https://www.instagram.com/p/DZHmE0GBxun/,DZHmE0GBxun,"Liburan di Lombok makin seru kalau kelilingnya pakai mobil yang nyaman. Tinggal duduk manis, nikmati pemandangan, biar kami yang urus kenyamanan perjalananmu. Tersedia lepas kunci atau dengan driver ramah asli Lombok! #rentcarlombok #pulaulombok #mandalika",Image,2026-06-03 09:26:58+00:00,0.0,0,0.0,,lombokislandtrans,2026-06-03,Apify Instagram Scraper,0.0,2026-06-03
Mandalika,#mandalika,https://www.instagram.com/p/DZHS_vdvhOu/,DZHS_vdvhOu,"💥 NTB MAKIN MENYALA DI BBTF 2026💥

​Potensi transaksi wisata NTB sukses tembus hampir Rp20 Miliar di ajang Bali & Beyond Travel Fair (BBTF) 2026 📈

​Wisata bahari kayak Kuta Mandalika & Gili Islands tetep jadi primadona, ditambah destinasi exotic Sumbawa, Pulau Moyo, dan Gunung Tambora yang makin dilirik pasar internasional. 🌊⛰️

​Bangga banget. Gas terus pariwisata NTB menuju mendunia🌍✨

​#BBTF2026 #PariwisataNTB #LombokSumbawa #Mandalika #TelukSaleh ExploreLombok PesonaIndonesia WonderfulIndonesia WisataBahari NTBBisa",Image,2026-06-03 06:40:16+00:00,0.0,0,0.0,,maulanam____,2026-06-03,Apify Instagram Scraper,0.0,2026-06-03
Mandalika,#mandalika,https://www.instagram.com/p/DZHNN_TRI2e/,DZHNN_TRI2e,"💥 NTB MAKIN MENYALA DI BBTF 2026💥

​Potensi transaksi wisata NTB sukses tembus hampir Rp20 Miliar di ajang Bali & Beyond Travel Fair (BBTF) 2026 📈

​Wisata bahari kayak Kuta Mandalika & Gili Islands tetep jadi primadona, ditambah destinasi exotic Sumbawa, Pulau Moyo, dan Gunung Tambora yang makin dilirik pasar internasional. 🌊⛰️

​Bangga banget. Gas terus pariwisata NTB menuju mendunia🌍✨

​#BBTF2026 #PariwisataNTB #LombokSumbawa #Mandalika #TelukSaleh ExploreLombok PesonaIndonesia WonderfulIndonesia WisataBahari NTBBisa",Image,2026-06-03 05:49:47+00:00,0.0,0,0.0,,kokozoro99,2026-06-03,Apify Instagram Scraper,0.0,2026-06-03
Mandalika,#mandalika,https://www.instagram.com/p/DZEqXlSzgH_/,DZEqXlSzgH_,"500 HEKTAR LAHAN EMAS TERSANDERA, BUPATI LOMBOK TENGAH DIAM? 🤬🚨

​Di tengah ambisi NTB membangun pariwisata kelas dunia, ada borok besar yang dibiarkan menganga di jantung kawasan wisata paling strategis di provinsi ini.

​Faktanya: Sedikitnya 500 hektar lahan potensial di Lombok Tengah sampai hari ini LUMPUH TOTAL. Luas ini setara dengan HAMPIR SETENGAH dari luas KEK Mandalika!

​Kenapa bisa lumpuh? Karena disandera oleh Sertifikat Hak Guna Bangunan (SHGB) yang sudah mati dan kedaluwarsa.

​❌ Investor tidak bisa membangun secara legal.

​❌ Perbankan tidak bisa memberikan pembiayaan.

​❌ Daerah kehilangan potensi pendapatan raksasa.

​SHGB mati ini bukan bencana alam, melainkan PRODUK KELALAIAN nyata dari pemegang hak yang malas dan pemerintah daerah yang menutup mata. Pariwisata NTB tahun 2026 ini lagi tumbuh pesat—wisman naik 24,72%, wisnus tembus 1,39 juta orang! Tapi Lombok Tengah malah menyandera potensinya sendiri.

​Pertanyaannya: Sampai kapan Bupati Lombok Tengah mau diam dan membiarkan 500 hektar lahan emas ini jadi tanah mati tanpa kontribusi?

​#Lombok Tengah #Mandalika #PariwisataNTB #InvestasiMacet #KinerjaBupati",Image,2026-06-02 06:06:47+00:00,0.0,0,0.0,,qazam.afifa,2026-06-03,Apify Instagram Scraper,0.0,2026-06-02
Mandalika,#themandalika,https://www.instagram.com/p/DY6rSPmRQ3e/,DY6rSPmRQ3e,"💧 ITDC membuka peluang kerja sama dengan investor baru untuk mengaktifkan kembali fasilitas Sea Water Reverse Osmosis (SWRO) di kawasan The Mandalika yang berhenti beroperasi sejak 2025.

Direktur Operasi ITDC Troy Reza Warokka menegaskan, kawasan pariwisata kelas dunia seperti The Mandalika idealnya memiliki minimal dua sumber pasokan air bersih agar kebutuhan hotel, sirkuit, dan fasilitas pendukung tetap terjamin. 🌊

Saat ini, pasokan air bersih kawasan masih bergantung pada SPAM Mandalika. ITDC juga tengah mengevaluasi berbagai persoalan yang menyebabkan operasional SWRO terhenti, sekaligus mencari solusi terbaik bersama pihak investor.

Langkah ini diharapkan dapat memperkuat ketahanan pasokan air bersih sekaligus menjaga kepercayaan investor terhadap iklim investasi di kawasan The Mandalika. 📈

#LombokPost #TheMandalika #ITDC #NTB #Investasi",Image,2026-05-29 09:02:23+00:00,0.0,0,0.0,,lombokpostofficial,2026-06-03,Apify Instagram Scraper,0.0,2026-05-29
Mandalika,#themandalika,https://www.instagram.com/p/DYlBkkRzYQC/,DYlBkkRzYQC,"ITDC terus memperkuat komitmennya dalam implementasi ESG melalui program TJSL dengan merenovasi fasilitas toilet di SDN 2 Kuta, Lombok. Langkah ini dilakukan untuk menghadirkan lingkungan sekolah yang lebih sehat, nyaman, dan layak bagi siswa maupun tenaga pendidik di kawasan penyangga KEK Mandalika.

Tak hanya renovasi sanitasi, ITDC juga memberikan edukasi perilaku hidup bersih dan sehat (PHBS) kepada para siswa. Mulai dari pentingnya mencuci tangan, menjaga kebersihan lingkungan, hingga edukasi kesehatan sederhana, seluruh kegiatan diharapkan mampu membangun kesadaran hidup sehat sejak usia dini.

https://dewannews.com/lewat-program-tjsl-itdc-hadirkan-fasilitas-sanitasi-layak-di-sdn-2-kuta/

@itdc_id @thenusadua_bali @themandalika_lombok 

#ITDC #TheMandalika #ESG #PHBS",Image,2026-05-20 23:14:58+00:00,0.0,0,0.0,,dewannewsbali_,2026-06-03,Apify Instagram Scraper,0.0,2026-05-20
Mandalika,#themandalika,https://www.instagram.com/p/DYMNOhgHOcW/,DYMNOhgHOcW,"Apa yang sebenarnya yang terjadi di FRANKFURT BOOK FAIR ?
Tuntaskan tentang FRANKFURT BOOK FAIR?

*

Download aplikasi neo bank dan ketik kode Referral WQGAL2 untuk dapatkan bonus nya

https://s.bankneo.co.id/pZFf00/#/InviteCode?r_code=WQGAL2

Ada Kupon Experience Rp10,000,000 buatmu, nih. Yuk, ambil sekarang!

https://s.bankneo.co.id/pZFf00/#/InviteCode?r_code=WQGAL2

#lombok #themandalika #mandalika #poltekparlombok",Sidecar,2026-05-11 07:54:37+00:00,0.0,0,0.0,Lombok Epicentrum Mall - LEM,____superntb1,2026-06-03,Apify Instagram Scraper,0.0,2026-05-11
Mandalika,#themandalika,https://www.instagram.com/p/DX-U1rWk3F1/,DX-U1rWk3F1,"*ITDC Perkuat Aktivasi Kawasan Melalui Mandalika Wellness & Cultural Festival 2026*

Lombok (Atnews) – Sebanyak 563 peserta yang terdiri dari wisatawan,  komunitas wellness, hingga masyarakat lokal memadati gelaran Mandalika Wellness & Cultural Festival 2026 yang berlangsung di Bazaar Mandalika, The Mandalika, Lombok Tengah, Nusa Tenggara Barat (NTB), pada Minggu (3/5). Kegiatan ini menjadi bagian dari langkah strategis InJourney Tourism Development Corporation (ITDC) memperkuat aktivasi kawasan dan mendorong diversifikasi atraksi wisata berbasis wellness dan budaya. 

Baca artikel atnews, ""ITDC Perkuat Aktivasi Kawasan Melalui Mandalika Wellness & Cultural Festival 2026"" Selengkapnya https://atnews.id/portal/news/30349/

Facebook Atnews99 Instagram @Atnewsofficial

Download Apps Atnews Sekarang https://play.google.com/store/apps/details?id=com.ic.atnews

#Atnews
#WellnessFestival
#TheMandalika
#ITDC
#NTB",Image,2026-05-05 22:31:48+00:00,0.0,0,0.0,,atnewsofficial,2026-06-03,Apify Instagram Scraper,0.0,2026-05-05
Mandalika,#kutaMandalika,https://www.instagram.com/p/DZEm5jYkXUG/,DZEm5jYkXUG,"More info & reservation 
Instagram : @abidtours 
📞 0882-2360-2777
📩 abidtours08@gmail.com

#kutamandalika #kutamandalikabeach #kutamandalikalombok",Sidecar,2026-06-02 05:36:25+00:00,0.0,0,0.0,Lombok Island,abidtours,2026-06-03,Apify Instagram Scraper,0.0,2026-06-02
Mandalika,#mandalikabeach,https://www.instagram.com/p/DYcOvuAlJQp/,DYcOvuAlJQp,"✨Our Guest Reviews✨

📍 Villa Batoer - Kuta Mandalika, South Lombok 🇲🇨

Looking Forward to Welcome you in Lombok
. 
For Booking & Villa Information
√ FB/IG Direct Message 
√ +62 819-5364-5976
www.lombokvillamanagement.com
.
#kutamandalika #mandalikagp #mandalikacircuit #airbnbsuperhosts🎖️ #mandalikabeach",Sidecar,2026-05-17 13:15:44+00:00,-1.0,1,0.0,"Kuta Mandalika, Nusa Tenggara Barat",_slv_m,2026-06-03,Apify Instagram Scraper,0.0,2026-05-17
Mandalika,#wisatamandalika,https://www.instagram.com/p/DOkQFhYj7GK/,DOkQFhYj7GK,"Our Guest from French! Terima kasih telah berwisata  bersama Tour by Juara Travel🙏

Halo Teman TBJ, Buat kamu yang mau liburan, kami punya promo khusus Paket Wisata dengan harga yang terjangkau. 1 orang bisa berangkat! Kami siap jadi Teman Buat Jalan kamu ❤

CV Tour Indonesia Juara
0858 46046 846 (WA)
tourbyjuara.com

#tourrajaampat #paketwisatabelitung #malangtrip #wisatabelitung #tourbelitung #wisatajawatimur #rentalmobilmalang #travelbromo #liburankemalang #bromotrip #wisatabatu #sewamobilmalang #batumalang #tourbatu #paketrafting #raftingbandung #raftingmalang #raftingjogja jogja #wisatapetikapel #thelodgemaribaya #opentripbromo #bromotour #jeepbromo #bandrosbandung #sewajeepbromo #dolanmalang #bandros #kawahputihbandung #wisatamandalika  #tourbyjuara",Image,2025-09-14 02:47:26+00:00,0.0,0,0.0,Kawah Putih Ciwidey Bandung,tourbyjuara,2026-06-03,Apify Instagram Scraper,0.0,2025-09-14
Mandalika,#wisatamandalika,https://www.instagram.com/p/C74YAOMSVEN/,C74YAOMSVEN,"Liburan ke Bandung jangan lewatkan naik Bandros yaa! Terima kasih telah berwisata  bersama Tour by Juara Travel🙏

Halo Teman TBJ, Buat kamu yang mau liburan, kami punya promo khusus Paket Wisata dengan harga yang terjangkau. 1 orang bisa berangkat! Kami siap jadi Teman Buat Jalan kamu ❤

CV Tour Indonesia Juara
0858 46046 846 (WA)
tourbyjuara.com

#tourrajaampat #paketwisatabelitung #malangtrip #wisatabelitung #tourbelitung #wisatajawatimur #rentalmobilmalang #travelbromo #liburankemalang #bromotrip #wisatabatu #sewamobilmalang #batumalang #tourbatu #paketrafting #raftingbandung #raftingmalang #raftingjogja jogja #wisatapetikapel #thelodgemaribaya #opentripbromo #bromotour #jeepbromo #bandrosbandung #sewajeepbromo #dolanmalang #bandros #kawahputihbandung #wisatamandalika  #tourbyjuara",Image,2024-06-06 16:24:56+00:00,0.0,0,0.0,Bandung,tourbyjuara,2026-06-03,Apify Instagram Scraper,0.0,2024-06-06
Mandalika,#wisatamandalika,https://www.instagram.com/p/C7uGQaIy0ic/,C7uGQaIy0ic,"Liburan di Ciwidey Bandung. Terima kasih telah berwisata  bersama Tour by Juara Travel🙏

Halo Teman TBJ, Buat kamu yang mau liburan, kami punya promo khusus Paket Wisata dengan harga yang terjangkau. 1 orang bisa berangkat! Kami siap jadi Teman Buat Jalan kamu ❤

CV Tour Indonesia Juara
0858 46046 846 (WA)
tourbyjuara.com

#tourrajaampat #paketwisatabelitung #malangtrip #wisatabelitung #tourbelitung #wisatajawatimur #rentalmobilmalang #travelbromo #liburankemalang #bromotrip #wisatabatu #sewamobilmalang #batumalang #tourbatu #paketrafting #raftingbandung #raftingmalang #raftingjogja jogja #wisatapetikapel #thelodgemaribaya #opentripbromo #bromotour #jeepbromo #gunungtangkubanperahu anperahu #sewajeepbromo #dolanmalang #mandalika #kawahputihbandung #wisatamandalika  #tourbyjuara",Image,2024-06-02 16:37:27+00:00,0.0,0,0.0,Ciwidey,tourbyjuara,2026-06-03,Apify Instagram Scraper,0.0,2024-06-02
Mandalika,#wisatamandalika,https://www.instagram.com/p/C7riK0jyUEX/,C7riK0jyUEX,"Terima kasih telah berwisata  bersama Tour by Juara Travel🙏

Halo Teman TBJ, Buat kamu yang mau liburan, kami punya promo khusus Paket Wisata dengan harga yang terjangkau. 1 orang bisa berangkat! Kami siap jadi Teman Buat Jalan kamu ❤

CV Tour Indonesia Juara
0858 46046 846 (WA)
tourbyjuara.com

#tourrajaampat #paketwisatabelitung #malangtrip #wisatabelitung #tourbelitung #wisatajawatimur #rentalmobilmalang #travelbromo #liburankemalang #bromotrip #wisatabatu #sewamobilmalang #batumalang #tourbatu #paketrafting #raftingbandung #raftingmalang #raftingjogja jogja #wisatapetikapel #thelodgemaribaya #opentripbromo #bromotour #jeepbromo #gunungtangkubanperahu anperahu #sewajeepbromo #dolanmalang #mandalika #kawahputihbandung #wisatamandalika  #tourbyjuara",Image,2024-06-01 16:43:38+00:00,0.0,0,0.0,Kawah Rengganis,tourbyjuara,2026-06-03,Apify Instagram Scraper,0.0,2024-06-01
Mandalika,#wisatamandalika,https://www.instagram.com/p/C4Mptc6SaEs/,C4Mptc6SaEs,"Berwisata di The Lodge Maribaya bersama Tour by Juara Travel🙏

Halo Teman TBJ, Buat kamu yang mau liburan, kami punya promo khusus Paket Wisata dengan harga yang terjangkau. 1 orang bisa berangkat! Kami siap jadi Teman Buat Jalan kamu ❤

CV Tour Indonesia Juara
0858 46046 846 (WA)
tourbyjuara.com

#tourrajaampat #paketwisatabelitung #malangtrip #wisatabelitung #tourbelitung #wisatajawatimur #rentalmobilmalang #travelbromo #liburankemalang #bromotrip #wisatabatu #sewamobilmalang #batumalang #tourbatu #paketrafting #raftingbandung #raftingmalang #raftingjogja jogja #wisatapetikapel #thelodgemaribaya #opentripbromo #bromotour #jeepbromo #gunungtangkubanperahu anperahu #sewajeepbromo #dolanmalang #mandalika #kawahputihbandung #wisatamandalika  #tourbyjuara",Image,2024-03-07 03:18:54+00:00,0.0,0,0.0,,tourbyjuara,2026-06-03,Apify Instagram Scraper,0.0,2024-03-07
Mandalika,#wisatamandalika,https://www.instagram.com/p/C3iQ8FKSANv/,C3iQ8FKSANv,"Rombongan Bu Witri, Liburan Bahagia bersama Tour by Juara Travel🙏

Halo Teman TBJ, Buat kamu yang mau liburan, kami punya promo khusus Paket Wisata dengan harga yang terjangkau. 1 orang bisa berangkat! Kami siap jadi Teman Buat Jalan kamu ❤

CV Tour Indonesia Juara
0858 46046 846 (WA)
tourbyjuara.com

#tourrajaampat #paketwisatabelitung #malangtrip #wisatabelitung #tourbelitung #wisatajawatimur #rentalmobilmalang #travelbromo #kawahputih #bromotrip #wisatabatu #sewamobilmalang #batumalang #tourbatu #paketrafting #raftingbandung #raftingmalang #raftingjogja jogja #wisatapetikapel #thelodgemaribaya #opentripbromo #bromotour #jeepbromo #gunungtangkubanperahu anperahu #sewajeepbromo #dolanmalang #mandalika #kawahputihbandung #wisatamandalika  #tourbyjuara",Image,2024-02-19 16:14:20+00:00,0.0,0,0.0,Kawah Putih Ciwidey Bandung,tourbyjuara,2026-06-03,Apify Instagram Scraper,0.0,2024-02-19
Mandalika,#wisatamandalika,https://www.instagram.com/p/C2xZTDCSoRZ/,C2xZTDCSoRZ,"Liburan di Orchid Forest Lembang bersama Tour by Juara Travel🙏

Halo Teman TBJ, Buat kamu yang mau liburan, kami punya promo khusus Paket Wisata dengan harga yang terjangkau. 1 orang bisa berangkat! Kami siap jadi Teman Buat Jalan kamu ❤

CV Tour Indonesia Juara
0858 46046 846 (WA)
tourbyjuara.com

#tourrajaampat #paketwisatabelitung #malangtrip #wisatabelitung #tourbelitung #wisatajawatimur #rentalmobilmalang #travelbromo #liburankemalang #bromotrip #wisatabatu #sewamobilmalang #batumalang #tourbatu #paketrafting #raftingbandung #raftingmalang #raftingjogja jogja #wisatapetikapel #thelodgemaribaya #opentripbromo #bromotour #jeepbromo #gunungtangkubanperahu anperahu #sewajeepbromo #dolanmalang #mandalika #kawahputihbandung #wisatamandalika  #tourbyjuara",Image,2024-01-31 16:44:36+00:00,0.0,0,0.0,Orchid Forest Cikole,tourbyjuara,2026-06-03,Apify Instagram Scraper,0.0,2024-01-31
Mandalika,#wisatamandalika,https://www.instagram.com/p/C2sPXdiSaXW/,C2sPXdiSaXW,"Rombongan PLN UPT Palembang, Liburan Bahagia bersama Tour by Juara Travel🙏

Halo Teman TBJ, Buat kamu yang mau liburan, kami punya promo khusus Paket Wisata dengan harga yang terjangkau. 1 orang bisa berangkat! Kami siap jadi Teman Buat Jalan kamu ❤

CV Tour Indonesia Juara
0858 46046 846 (WA)
tourbyjuara.com

#tourrajaampat #paketwisatabelitung #malangtrip #wisatabelitung #tourbelitung #wisatajawatimur #rentalmobilmalang #travelbromo #liburankemalang #bromotrip #wisatabatu #sewamobilmalang #batumalang #tourbatu #paketrafting #raftingbandung #raftingmalang #raftingjogja jogja #wisatapetikapel #thelodgemaribaya #opentripbromo #bromotour #jeepbromo #gunungtangkubanperahu anperahu #sewajeepbromo #dolanmalang #mandalika #kawahputihbandung #wisatamandalika  #tourbyjuara",Image,2024-01-29 16:41:37+00:00,0.0,0,0.0,Dusun Bambu Lembang Bandung,tourbyjuara,2026-06-03,Apify Instagram Scraper,0.0,2024-01-29
Mandalika,#wisatamandalika,https://www.instagram.com/p/C1KgaifyDzV/,C1KgaifyDzV,"Keseruan dari Rombongan Universitas Sriwijaya, Liburan Bahagia bersama Tour by Juara Travel🙏

Halo Teman TBJ, Buat kamu yang mau liburan, kami punya promo khusus Paket Wisata dengan harga yang terjangkau. 1 orang bisa berangkat! Kami siap jadi Teman Buat Jalan kamu ❤

CV Tour Indonesia Juara
0858 46046 846 (WA)
tourbyjuara.com

#tourrajaampat #paketwisatabelitung #malangtrip #wisatabelitung #tourbelitung #wisatajawatimur #rentalmobilmalang #travelbromo #liburankemalang #bromotrip #wisatabatu #sewamobilmalang #batumalang #tourbatu #paketrafting #raftingbandung #raftingmalang #raftingjogja jogja #wisatapetikapel #thelodgemaribaya #opentripbromo #bromotour #jeepbromo #gunungtangkubanperahu anperahu #sewajeepbromo #dolanmalang #mandalika #kawahputihbandung #wisatamandalika  #tourbyjuara",Image,2023-12-22 17:45:00+00:00,0.0,0,0.0,Floating Market Lembang,tourbyjuara,2026-06-03,Apify Instagram Scraper,0.0,2023-12-22
Mandalika,#wisatamandalika,https://www.instagram.com/p/C0uGalSSlte/,C0uGalSSlte,"Nimo Highland Pangalengan.. Liburan Bahagia bersama Tour by Juara Travel🙏

Halo Teman TBJ, Buat kamu yang mau liburan, kami punya promo khusus Paket Wisata dengan harga yang terjangkau. 1 orang bisa berangkat! Kami siap jadi Teman Buat Jalan kamu ❤

CV Tour Indonesia Juara
0858 46046 846 (WA)
tourbyjuara.com

#tourrajaampat #paketwisatabelitung #malangtrip #wisatabelitung #tourbelitung #wisatajawatimur #rentalmobilmalang #travelbromo #liburankemalang #bromotrip #wisatabatu #sewamobilmalang #batumalang #tourbatu #paketrafting #raftingbandung #raftingmalang #raftingjogja jogja #wisatapetikapel #thelodgemaribaya #opentripbromo #bromotour #jeepbromo #gunungtangkubanperahu anperahu #sewajeepbromo #dolanmalang #mandalika #kawahputihbandung #wisatamandalika  #tourbyjuara",Image,2023-12-11 16:59:05+00:00,0.0,0,0.0,,tourbyjuara,2026-06-03,Apify Instagram Scraper,0.0,2023-12-11
Mandalika,#mandalika,https://www.instagram.com/p/DZHRjVHmD5H/,DZHRjVHmD5H,"Saatnya mewujudkan perjalanan yang selama ini cuma ada di wishlist.

Rasakan langsung atmosfer MotoGP Mandalika 2026 yang akan berlangsung pada 9–11 Oktober 2026, lengkapi pengalamanmu dengan menginap di salah satu resort terbaik di Lombok.

Swipe untuk lihat rekomendasi hotel dan villa di Lombok!

🎟️ Amankan tiket MotoGP Mandalika 2026 sekarang.
🏨 Pesan hotel lebih awal untuk mendapatkan pilihan terbaik dan harga yang lebih kompetitif

#MotoGPMandalika2026 #MotoGPIndonesia #Mandalika  #TravelWithIDLX",Sidecar,2026-06-03 06:27:36+00:00,-1.0,0,0.0,,indoluxurytour,2026-06-03,Apify Instagram Scraper,-1.0,2026-06-03
Mandalika,#mandalika,https://www.instagram.com/p/DZHGnPEkW9b/,DZHGnPEkW9b,"There are many things we cannot say and tell, but under the twilight sky, all worries feel lighter and all hopes feel closer. 

#sunsetvibes #aestheticnature #goldenhour☀️ #mandalika #fypppppppppppppppppppppppppppppppppppppppppppppppppppppppppppppppppppppp",Sidecar,2026-06-03 04:52:01+00:00,-1.0,0,0.0,Goa Kotak Lombok,yynagstnda_,2026-06-03,Apify Instagram Scraper,-1.0,2026-06-03
Mandalika,#mandalika,https://www.instagram.com/p/DZFVXJjgZZA/,DZFVXJjgZZA,"Mandalika kini tampak hijau kembali. Namun, apakah 'hijau' estetika di lintasan balap setara dengan hilangnya hutan penyangga ekologis di Lombok Selatan? 🌿📉

Pembangunan Kawasan Ekonomi Khusus (KEK) Mandalika memang sukses mendorong pertumbuhan ekonomi regional secara signifikan. Namun, analisis spasial temporal (2016–2025) menggunakan data satelit menangkap paradoks ekologis yang penting untuk kita cermati bersama.

Melalui pemrosesan citra satelit Landsat 8/9 via Google Earth Engine (GEE), kami melacak tiga temuan utama di balik transformasi megaproyek ini:

1️⃣ Pembersihan Lahan Masif (-80% Vegetasi): Pada fase awal konstruksi (2016–2019), area vegetasi asli menyusut drastis dari 850 Ha menjadi hanya sisa 171 Ha akibat pembersihan lahan sirkuit.
2️⃣ Efek Pulau Panas Mikro (Micro Heat Island): Material aspal lintasan dan beton memicu kenaikan suhu permukaan rata-rata sebesar +2,6°C, bahkan mencapai anomali hingga +4°C di zona perkerasan pada siang hari.
3️⃣ Kuantitas Hijau ≠ Kualitas Ekologis: Di tahun 2025, luas area hijau tercatat meningkat kembali hingga 984 Ha. Namun, interpretasi data satelit menunjukkan area ini didominasi rumput hias pendek—bukan pohon penyangga berakar dalam yang krusial untuk penyerapan air dan pendinginan udara.

Data spasial ini hadir bukan untuk sekadar mengkritik, melainkan sebagai instrumen kebijakan yang objektif. Kami menawarkan solusi konkret seperti audit berkala RTH 30%, penanaman sabuk hijau (green belt) pada zona panas termal, serta inovasi drainase ekologis di desa penyangga.

Sebab pada akhirnya: Ekonomi melaju, ekologi jangan tertinggal.
👉 Geser kiri untuk melihat visualisasi data lengkapnya!
📝 Baca analisis mendalam, metode riset, dan akses datanya secara terbuka di Medium: M. Naufal Zamani https://medium.com/@Naufal_Muhammad28/analisis-spasial-perubahan-tutupan-lahan-di-kawasan-ekonomi-khusus-kek-mandalika-2016-2025-765f7c70c4d7

#mandalika #lombok #analisisspasial #SainsTerbuka #GoogleEarthEngine #Ekologi #SuhuPermukaanLahan #PariwisataBerkelanjutan #KebijakanPublik #DataScience #RebaturData",Sidecar,2026-06-02 12:22:25+00:00,-1.0,0,0.0,,rebatur_data,2026-06-03,Apify Instagram Scraper,-1.0,2026-06-02
Mandalika,#mandalika,https://www.instagram.com/p/DZEfzkoMOT_/,DZEfzkoMOT_,"Cuma punya waktu sehari? Jangan khawatir! Nikmati keindahan alam Lombok dalam One Day Trip seru bersama kami. Dari pantai eksotis, air terjun menawan, hingga kuliner khas yang menggugah selera—semuanya dalam satu perjalanan! ✨

📍 Program : One Day Sasak Tour & Mandalika
🚘 Fasilitas lengkap: Transport, makan siang, tiket masuk, guide friendly!
📅 Kapan? Setiap hari! Ajak bestie & keluarga seru-seruan bareng.
💬 DM sekarang untuk info & booking! 

Rencanakan Traveling anda bersama kami @lomboklalu_travel
.
.
.
Lombok Lalu Travel  - Traveling Anti Ribet -  - Pilihan Tepat Untuk Perjalanan Anda di Lombok 👍 

🌞Hub kami 💯% Pasti Deal !!
CV. Lombok Lalu
✉️ travellomboklalu@gmail.com
🔗 www.lomboklalutravel.com
☎️ +6287864611721 (Admin 1, Tlpn/WA)
☎️ +6281805202623 (Admin 2, Tlpn/WA) 

📍Jln. TGH.Ibrohim Kholidy Kediri Lombok Barat, NTB
══════*****═══════
.
#lombok #gilitrawangan #rinjani #honeymoonlombok
#sewamobillombok
#honeymoonlombokmurah #pakethoneymoonlombokmurah #pakethoneymoonlombok #bulanmadulombokmurah #paketwisatalombok
#paketwisatalombokmurah
#paketwisatamurahlombok
#pakettourlombok #pakettourlombokmurah #promohoneymoonlombok
#pakettriplombok
#pakettripmurahlombok
#paketliburanlombok
#paketliburanlombokmurah
#paketsnorkelinglombok #onedaytrip #sasaktour #mandalika",Image,2026-06-02 04:35:25+00:00,-1.0,0,0.0,Lombok Lalu Travel,lomboklalu_travel,2026-06-03,Apify Instagram Scraper,-1.0,2026-06-02
Mandalika,#mandalika,https://www.instagram.com/p/DZENgEzGqHe/,DZENgEzGqHe,"the beuty of Kuta Mandalika

#mandalika 
#beachvibes",Sidecar,2026-06-02 01:54:29+00:00,-1.0,0,0.0,,ftehhho,2026-06-03,Apify Instagram Scraper,-1.0,2026-06-02
Mandalika,#themandalika,https://www.instagram.com/p/DYtltG3EwSK/,DYtltG3EwSK,"🏁

#themandalika #mandalikacircuit #gtworld #gtworldchallengeasia",Sidecar,2026-05-24 07:03:27+00:00,-1.0,0,0.0,Mandalika International Circuit,framevel_,2026-06-03,Apify Instagram Scraper,-1.0,2026-05-24
Mandalika,#mandalikabeach,https://www.instagram.com/p/DY64G6BlGwA/,DY64G6BlGwA,"✨Our Guest Reviews✨

📍 Villa Breeza - Kuta Mandalika, South Lombok 🇲🇨

Looking Forward to Welcoming you in Lombok
. 
For Booking & Villa Information
√ FB/IG Direct Message 
√ +62 819-5364-5976
www.lombokvillamanagement.com
.
#kutamandalika #mandalikagp #mandalikacircuit #airbnbsuperhosts🎖️ #mandalikabeach",Sidecar,2026-05-29 10:54:23+00:00,-1.0,0,0.0,"Kuta Mandalika, Nusa Tenggara Barat",_slv_m,2026-06-03,Apify Instagram Scraper,-1.0,2026-05-29
Mandalika,#mandalikabeach,https://www.instagram.com/p/DYy5QExFGhH/,DYy5QExFGhH,"✨Our Guest Reviews✨

📍 Villa Oku - Kuta Mandalika, South Lombok 🇲🇨

Looking Forward to Welcome you in Lombok
. 
For Booking & Villa Information
√ FB/IG Direct Message 
√ +62 819-5364-5976
www.lombokvillamanagement.com
.
#kutamandalika #mandalikagp #mandalikacircuit #airbnbsuperhosts🎖️ #mandalikabeach",Sidecar,2026-05-26 08:30:27+00:00,-1.0,0,0.0,"Kuta Mandalika, Nusa Tenggara Barat",_slv_m,2026-06-03,Apify Instagram Scraper,-1.0,2026-05-26
Mandalika,#mandalikabeach,https://www.instagram.com/p/DYHQ0s_FPlp/,DYHQ0s_FPlp,"White sands and calm blue waters.
Kuta Mandalika Beach has a simple way of making anyone fall in love with Lombok.

📍Looking Forward to welcome you in Lombok 🇲🇨

⸻
Contact us for more information:
📞 : +62 819 53645976
✉️ : southlombokvillas@gmail.com
⸻
 #mandalikacircuit #mandalikabeach #mandalikagp #mandalikalombok #kekmandalika",Sidecar,2026-05-09 09:49:51+00:00,-1.0,0,0.0,"Kuta Mandalika, Nusa Tenggara Barat",_slv_m,2026-06-03,Apify Instagram Scraper,-1.0,2026-05-09
Mandalika,#mandalikabeach,https://www.instagram.com/p/DX6hgdzlAzu/,DX6hgdzlAzu,"✨Our Guest Reviews✨

📍 Villa Sofia - Kuta Mandalika, South Lombok 🇲🇨
. 
For Booking & Villa Information
√ FB/IG Direct Message 
√ +62 819-5364-5976
www.lombokvillamanagement.com
.
#airbnbsuperhosts🎖️ #bestvilla #mandalikalombok #mandalikabeach #mandalikacircuit",Sidecar,2026-05-04 11:05:30+00:00,-1.0,0,0.0,"Kuta Mandalika, Nusa Tenggara Barat",_slv_m,2026-06-03,Apify Instagram Scraper,-1.0,2026-05-04
Mandalika,#mandalikabeach,https://www.instagram.com/p/DXq_kD8lNLv/,DXq_kD8lNLv,"POV: You wake up in an aesthetic villa in South Lombok.
Soft morning light, warm air, and a calm tropical atmosphere welcome your day.
South Lombok feels closer than you imagined and Villa Breeza is where it begins.

📍Looking Forward to welcome you in Villa Breeza, Kuta Mandalika, South Lombok 🇲🇨

⸻
Contact us for more information:
📞 : +62 819 53645976
✉️ : southlombokvillas@gmail.com
⸻
 #mandalikagp #mandalikacircuit #mandalikabeach #airbnbexperience #airbnbsuperhosts🎖️",Sidecar,2026-04-28 10:20:57+00:00,-1.0,0,0.0,"Kuta Mandalika, Nusa Tenggara Barat",_slv_m,2026-06-03,Apify Instagram Scraper,-1.0,2026-04-28
Mandalika,#mandalikabeach,https://www.instagram.com/p/DXoXyKWFFhb/,DXoXyKWFFhb,"Soaking in a warm bathtub, surrounded by the tropical atmosphere of Kuta Mandalika.
With fresh air and natural touches all around, a simple moment turns into a truly calming experience.
At Villa Mas, comfort feels more personal.

📍Looking Forward to welcome you in Villa Mas, Kuta Mandalika, South Lombok 🇲🇨

⸻
Contact us for more information:
📞 : +62 819 53645976
✉️ : southlombokvillas@gmail.com
⸻
 #mandalikagp #mandalikacircuit #mandalikabeach #airbnbexperience #airbnbsuperhosts🎖️",Sidecar,2026-04-27 09:54:12+00:00,-1.0,0,0.0,"Kuta Mandalika, Nusa Tenggara Barat",_slv_m,2026-06-03,Apify Instagram Scraper,-1.0,2026-04-27
Mandalika,#mandalikabeach,https://www.instagram.com/p/DXil30vFLvH/,DXil30vFLvH,"✨Our Guest Reviews✨

📍 Villa Batoer - Kuta Mandalika, South Lombok 🇲🇨

Looking Forward to Welcome you in Lombok
. 
For Booking & Villa Information
√ FB/IG Direct Message 
√ +62 819-5364-5976
www.lombokvillamanagement.com
.
#kutamandalika #mandalikagp #mandalikagp #airbnbsuperhosts🎖️ #mandalikabeach",Sidecar,2026-04-25 04:01:52+00:00,-1.0,0,0.0,"Kuta Mandalika, Nusa Tenggara Barat",_slv_m,2026-06-03,Apify Instagram Scraper,-1.0,2026-04-25
Mandalika,#mandalikabeach,https://www.instagram.com/p/ClBPNZYSp3n/,ClBPNZYSp3n,#mandalikabeach 𝚝𝚒𝚖𝚎𝚎🏖,Sidecar,2022-11-16 10:59:12+00:00,-1.0,0,0.0,,fanibshree,2026-06-03,Apify Instagram Scraper,-1.0,2022-11-16
Mandalika,#wisatamandalika,https://www.instagram.com/p/C2RO_lZya6p/,C2RO_lZya6p,"Tour Lombok bersama kami yuk?? Banyak destinasi - destinasi yang bisa kamu kunjungi bersama Segara Tours & Travel loh 🤩

Keberangkatan : Low season 2024

Ayoo Booking sekarang juga‼️

Follow juga :
@segaratours 
@segaratours_semarang
@segaratours_jakarta
@segaratours_surabaya
@segaratours_yogyakarta
@segaratours_bali

Promo Paket Wisata
Hubungi kami di 👇
Bandung 1 : 0878 - 2327 - 7772
Bandung 2 : 0878 - 9077 - 7772
Jakarta : 0818 - 0837 - 7772
Surabaya : 0877 - 2660 - 7772
Semarang : 0831-8057-7772
Yogyakarta : 0819 - 0790 - 7772
Pekanbaru: 0838 - 4343 - 3772
Bali : 0877-6222-2772

Happy Holidays 🥰

#lombokisland
#lomboktrip
#lomboktour
#lombokexplore
#lomboktravel
#lomboktravelmurah
#gilitrawangan
#travellombok
#triplombok
#tourlombok
#tourgilitrawangan
#wisatalombok
#wisatagilitrawangan
#wisatamandalika
#pakettourlombok
#pakettourmandalika
#paketwisalombok
#paketwisatamandalika
#liburan2024
#tourmurah
#tripmurah
#paketwisatakeluarga
#pakettripmurah
#paketwisataluarnegeri
#promopaketwisata
#promopakettour
#promotour
#promosegaratours
#tourandtravel
#segaratour",Image,2024-01-19 04:58:51+00:00,-1.0,0,0.0,,segaratours_pekanbaru,2026-06-03,Apify Instagram Scraper,-1.0,2024-01-19
Morotai,#wisatamorotai,https://www.instagram.com/p/DLxKSp6T-Ym/,DLxKSp6T-Ym,"Still talking about Morotai cause look at those pretty beach, ocean, and island🥹
Buat yang belum tau, Morotai punya julukan ‘Mutiara di bibir Pasifik’ karena pulau cantik dan kekayaan alam yang tersimpan.

Morotai juga masuk dalam canangan 10 Bali Baru yang harusnya lebih dikenal pariwisatanya🥹
Akan ku perkenalkan Morotai yang cantik ini secara ugal ugalan💃🏻

#morotai #morotaiisland #pulaumorotai #exploremorotai #exploremorotaiisland #wisatamorotai #exploremalukuutara #malukuutaraindonesia",Sidecar,2025-07-06 13:32:45+00:00,1238.0,53,0.0,Morotai Island,arya.ditaa,2026-06-03,Apify Instagram Scraper,1291.0,2025-07-06
Morotai,#exploremorotai,https://www.instagram.com/p/DYvk1tYgYnX/,DYvk1tYgYnX,"Serpihan surga di laut Morotai🦈

📍Pulau Mitita - Morotai, Maluku Utara

Trip with @freedive_sukasuka @djulsosaleh_29 @tuan_eddy thanks to @zulfikar_gorango @untung.teruss ❤️‍🔥

🎨 @wahyudiadiputra_ 

#exploremorotai #freediving",Sidecar,2026-05-25 01:34:22+00:00,511.0,35,0.0,,dnydp,2026-06-03,Apify Instagram Scraper,546.0,2026-05-25
Morotai,#morotai,https://www.instagram.com/p/DZE6VfgGcHZ/,DZE6VfgGcHZ,"freedive

#freedive #shark #morotai",Sidecar,2026-06-02 08:26:15+00:00,264.0,2,0.0,,moronation__,2026-06-03,Apify Instagram Scraper,266.0,2026-06-02
Morotai,#morotaiisland,https://www.instagram.com/p/DXdwGTDGZ3c/,DXdwGTDGZ3c,"Sniffing out the best deals like a shark 🦈
Only at @deepandextreme 2026
Limited slots—don’t let it slip away!

Pict by @ribka.malise ♥️

#shark #morotaiisland #deepandextreme #diving #underwater",Sidecar,2026-04-23 06:55:02+00:00,230.0,4,0.0,,gorango.morotai,2026-06-03,Apify Instagram Scraper,234.0,2026-04-23
Morotai,#pulaumorotai,https://www.instagram.com/p/DZAPmfVlntP/,DZAPmfVlntP,"Yang ditakuti adalah “kita”.

Kita yang setelah menonton mulai berdiskusi: tentang industri ekstraktif di Halmahera, banjir di Sumatera, tentang hutan di Kalimantan yang harus berubah menjadi IKN, swasembada pangan di Papua. Kita yang mulai menyadari bahwa rasa marah ini bukan halusinasi individual. Kita yang mulai memahami bahwa ada pola, ada sistem, ada relasi kuasa yang membuat rakyat terus-menerus diposisikan hanya sebagai penonton dalam negaranya sendiri.

Dan sejarah selalu menunjukkan: kesadaran mungkin bisa dibubarkan dari satu tempat, tetapi ia tidak pernah benar-benar bisa dihentikan. Sebab ketika rakyat akhirnya mampu memberi nama pada penderitaan mereka sendiri, cepat atau lambat akan mulai menuntut perubahan.

Di situlah seluruh kepanikan itu bermula.

---
Baca Selengkapnya di: website cermat.co.id
#perspektif #kabardaerah #malukuutara #ternate #tidore #bacan #jailolo #tobelo #galela #halmahera #halmaherautara #halmaheraselatan #halmaherabarat #halmaheratengah #halmaheratimur #sorotan #pulaumorotai #pilautaliabu #pulauhiri #kepulauansula #sanana #makian #moti #pulaubatangdua #beritaharian #beritaonline #instanews #follow ##líkeforlíkes",Sidecar,2026-05-31 12:55:52+00:00,184.0,3,0.0,,ceritamalut,2026-06-03,Apify Instagram Scraper,187.0,2026-05-31
Morotai,#exploremorotai,https://www.instagram.com/p/DWd_M9Hk3uj/,DWd_M9Hk3uj,"OPEN TRIP TERNATE & MOROTAI🏝️

Di hidup yang cuma sekali ini, kamu harus merasakan trip ke negeri para raja dan mutiara di bibir pasifik🌊

Ga perlu ribettt, kamu tinggal duduk manis dan eksplor karena semua dilayani oleh kawanbertamasya.

🗓️ 5-12 Juli 2026
🏷️ Rp 4.500.000 (Bisa dicicil)
🪑 hanya ada 8 slot yaaa!

Paket termasuk:
- Makan & minum selama trip
- Penginapan
- Tiket masuk tempat wisata
- Tiket kapal antarpulau
- Perahu hoping island
- Dokumentasi kamera DJI Osmo & drone
- Transportasi mobil full AC

Komen MINAT nanti dikirim detail tripnya🧚🏼‍♂️

#exploreternate #exploremorotai #exploremalukuutara #malukuutara #tripmalukuutara",Sidecar,2026-03-29 12:35:37+00:00,154.0,8,0.0,,kawanbertamasya,2026-06-03,Apify Instagram Scraper,162.0,2026-03-29
Morotai,#morotai,https://www.instagram.com/p/DY5NqrfEtLM/,DY5NqrfEtLM,"Registering for Surf for the Ocean? This is what your waves can help protect 🌊

On Morotai Island, community-led Surf Protected Area initiatives are helping safeguard reefs, coastlines, and surf breaks that local communities depend on for their livelihoods and way of life.

Today, Morotai is working toward becoming the first island where all surf breaks and surrounding ecosystems are protected – showing that locally led stewardship can help both nature and people thrive.

Through Surf for the Ocean, you can help support and scale this kind of impact around the world.

Join the lineup at the link in bio.

#SurfForTheOcean #ProtectOurOcean #SurfConservation #Morotai 

Partners: @konservasiid @conservationorg @lmmaindonesia @savethewavescoalition 

Photos by @rafaelabmaia",Sidecar,2026-05-28 19:24:17+00:00,139.0,1,0.0,,surfconservation,2026-06-03,Apify Instagram Scraper,140.0,2026-05-28
Morotai,#morotaiisland,https://www.instagram.com/p/DYG6nnYmUCt/,DYG6nnYmUCt,"Many people have been asking in our DMs :
“Can I still dive with sharks if I don’t have a diving license?”
YES!! This is exactly what this trip is for

This trip is specially made for those of you who don’t have a diving license yet but still want to experience the thrill of diving with sharks in Morotai. No license needed — no experience needed.

Just bring your courage and let the ocean do the rest.

Limited slots available.
Book yours now via whatsapp : +6281 236 9000 76

#morotaiisland #gorangomorotai #tickettothesea #shark #divingwithsharks",Sidecar,2026-05-09 06:35:49+00:00,130.0,0,0.0,Morotai Island,gorango.morotai,2026-06-03,Apify Instagram Scraper,130.0,2026-05-09
Morotai,#wisatamorotai,https://www.instagram.com/p/DNNzaOsTcrr/,DNNzaOsTcrr,"Jika sudah pulih maka jngan salah pilih. ✨
.
.
.
5 April 2025
📍 Tanjung Dehegila, Pulau Morotai Maluku Utara
#morotai #explorermorotai #pulaumorotai #pesonamorotai #wisatamorotai #explorermalut #pesonamalut #pesonaindonesia_id  #wonderfulindonesia",Sidecar,2025-08-11 13:02:10+00:00,98.0,13,0.0,"Tanjung Dehegila, Morotai",marsaoly_majojo,2026-06-03,Apify Instagram Scraper,111.0,2025-08-11
Morotai,#exploremorotai,https://www.instagram.com/p/DWsjShSFHOu/,DWsjShSFHOu,"🏝️🏝️🏝️
.
.
.
.
.
.
.
.
.
.
.
.
.
.
.
.
.
.
.
.
.
📍Loc : Pulau Morotai.
#pulaumorotai #morotai #exploremorotai #explore #malukuutara",Sidecar,2026-04-04 04:20:19+00:00,109.0,0,0.0,Morotai,ahmadwais25,2026-06-03,Apify Instagram Scraper,109.0,2026-04-04
Morotai,#morotaiisland,https://www.instagram.com/p/DY_vyaaEVdl/,DY_vyaaEVdl,"🫶❤️🫶

#MorotaiIsland #Dodolabeach🌊 #TripMorotai",Sidecar,2026-05-31 08:17:53+00:00,89.0,12,0.0,"Morotai Islands, North Maluku",lisa_carolline,2026-06-03,Apify Instagram Scraper,101.0,2026-05-31
Morotai,#morotai,https://www.instagram.com/p/DY1ro0TmUmd/,DY1ro0TmUmd,"Happy Eid Adha 💛
.
.
.
.
.
#airterjunraja #morotai #natureheals 🍃",Sidecar,2026-05-27 10:29:13+00:00,84.0,14,0.0,Earth,vira_albugis,2026-06-03,Apify Instagram Scraper,98.0,2026-05-27
Morotai,#morotaiisland,https://www.instagram.com/p/DUzVYXrkkc4/,DUzVYXrkkc4,"MasyaAllah tabarakallah 🥰
Trimakasih morotai yg cantik sekali ❤️

#allahumabaarik 
#morotaiisland 
#morotaiindonesia",Sidecar,2026-02-16 02:30:40+00:00,87.0,7,0.0,Morotai Maluku Indonesia,fitry.rd,2026-06-03,Apify Instagram Scraper,94.0,2026-02-16
Morotai,#morotaiisland,https://www.instagram.com/p/DXir5xGCTOe/,DXir5xGCTOe,"Morotai dipilih dari pada Halmahera saat itu untuk dijadikan pangkalan karena Halmahera terlalu besar, sedangkan Morotai walaupun kecil, tapi strategis. Wahh akhirnya bisa bikin konten panjang lagi 😂 Banyak yang harus dibahas, tapi kita bahas yang penting aja wkwk. Next kemana lagi yeahhh 🤣🤭 #morotaiisland #museumperangdunia2 #museumtrikora #travelling #morotaimalukuutara",Sidecar,2026-04-25 04:54:34+00:00,83.0,3,0.0,"Morotai Island, Maluku Utara",kanis.umasugi,2026-06-03,Apify Instagram Scraper,86.0,2026-04-25
Morotai,#morotaiisland,https://www.instagram.com/p/DXos0T1k-DY/,DXos0T1k-DY,"End of Day magic ✨

#morotai #morotaiisland #sunset",Sidecar,2026-04-27 12:58:00+00:00,77.0,2,0.0,"Morotai Island, Maluku Utara",ifathodiz,2026-06-03,Apify Instagram Scraper,79.0,2026-04-27
Morotai,#morotai,https://www.instagram.com/p/DY1dDoBpI1t/,DY1dDoBpI1t,"Jagalah Alam ,Maka ia akan menjagamu 

#morotai #morotaiisland #pulaumorotai #malukuutara #northmollucas",Image,2026-05-27 08:21:52+00:00,73.0,2,0.0,Air Terjun Raja Morotai,pangstu_polii,2026-06-03,Apify Instagram Scraper,75.0,2026-05-27
Morotai,#morotaiisland,https://www.instagram.com/p/DYSnbOjEh2t/,DYSnbOjEh2t,"Riuhan ombak lebih menenangkan, dari pada perkataan manusia.
.
.
.
.
.
.
.
.
.
📍Loc : Tanjung Guranggo, Morotai.
#morotai #morotaiisland #morotaiindah #morotaiindonesia #fyp",Sidecar,2026-05-13 19:38:59+00:00,74.0,0,0.0,Tanjung Gorango Morotai,ahmadwais25,2026-06-03,Apify Instagram Scraper,74.0,2026-05-13
Morotai,#wisatamorotai,https://www.instagram.com/p/DPlpGWgk1Oa/,DPlpGWgk1Oa,"Sebaik apapun kita dimata teman, tapi tetap buruk dimata Mantan ✨
.
.
.
📍Air Terjun Nakamura
Morotai, 3 April 2025

#morotai #airterjun #nakamura #waterfall #pesonamorotai #ekxplorermorotai #pulaumorotai #wisatamorotai #malukuutara #pesonamalut #pesonaindonesia",Sidecar,2025-10-09 12:16:38+00:00,65.0,2,0.0,Air Terjun Sp2 Nakamura,marsaoly_majojo,2026-06-03,Apify Instagram Scraper,67.0,2025-10-09
Morotai,#morotaiisland,https://www.instagram.com/p/DXg2B4wD2cQ/,DXg2B4wD2cQ,"Me vs what i take.
-
-
-
#lightroommobileedit #masking #morotaiisland",Sidecar,2026-04-24 11:44:34+00:00,54.0,7,0.0,Nakamura Morotai,alfazry_n5,2026-06-03,Apify Instagram Scraper,61.0,2026-04-24
Morotai,#wisatamorotai,https://www.instagram.com/p/DCLVSVYSf_S/,DCLVSVYSf_S,"Morotai, pulau terdepan di Maluku Utara yang terletak di tepi Samudera Pasifik. Selain terkenal wisata bawah lautnya, juga kaya akan wisata sejarah.
.

Pulau ini sempat dijadikan markas tentara sekutu pada Perang Dunia ke II dibawah komando Jenderal Douglas MacArthur. 
.
Museum Perang Dunia ke II ini banyak merekam jejak2 sejarah yang dibangun pada tahun 2012 untuk menyambut Sail Morotai.
.
Disampingnya terdapat pula Museum Trikora (Tiga Komando Rakyat). Trikora merupakan operasi tempur yang dirancang oleh Soekarno untuk membebaskan Irian Barat/Papua dari cengkeraman kolonialisme Belanda. 
.
.

Selamat Hari Pahlawan. 10 November.
Mempelajari jejak2 semangat kemenangan para pahlawan.

.
.
.

#travel #unapiknikyuk #morotai #wisatamorotai #wisatamuseum #museumperangdunia2 #museumtrikora #infomorotai #haripahlawan #malukuutara #indonesia",Sidecar,2024-11-10 04:15:08+00:00,54.0,0,0.0,Museum Perang Dunia II - Pulau Morotai - Maluku Utara,husnabahalwan,2026-06-03,Apify Instagram Scraper,54.0,2024-11-10
Morotai,#pulaumorotai,https://www.instagram.com/p/DZBzUvvRS2i/,DZBzUvvRS2i,"3 HARI LAGI‼️
 👇🏼
JANGAN SAMPAI TERLEWAT‼️
 👇🏼
SPMB 2026 SEGERA DIMULAI‼️
 
Persiapkan diri dan kelengkapan berkas adik-adik sekalian! 

Pendaftaran dimulai tanggal 04-15 Juni 2026, melalui laman situs 👇🏼

https://spmb.malutprov.go.id

Jangan lupa untuk mengikuti simulasi pendaftaran (ujicoba) secara online yang akan dilaksanakan pada tanggal 02-03 Juni 2026 selama 24 jam, melalui laman situs 👇🏼

https://malut.demo.spmb.id/

Untuk informasi mengenai syarat dan kelengkapan berkas dapat dilihat melalui laman website 👇🏼

https://www.sman1morotai.sch.id/2026/05/25/spmb-2026-penerimaan-siswa-baru/

Atau bisa juga melalui 👇🏼

https://digital.sman1morotai.sch.id/
(Untuk mendapatkan informasi lengkap tentang SMA Negeri 1 Pulau Morotai )

☎️ Untuk informasi lebih lanjut dapat menghubungi kontak panitia SPMB 2026:

Pak Sahrul 👉🏼 082187262475
Ibu Kamaria 👉🏼 085219323338

🤚🏼 Jangan lupa follow akun resmi SMA Negeri 1 Pulau Morotai biar tidak ketinggalan informasi!

FB 👇🏼
https://www.facebook.com/share/1QzYdkftmT/

Instagram 👇🏼 
https://www.instagram.com/smansa_pulaumorotai?igsh=N2tuZmdzNnd4eGVo

YouTube 👇🏼
https://youtube.com/@smanegeri1pulaumorotai?si=8XAQNneYmpWwLGQf

By Humas_Smansmor

===================================

#spmb2026
#spmbmalut
#sekolahdigital
#smansmor
#pulaumorotai
#malukuutara",Image,2026-06-01 03:27:18+00:00,53.0,0,0.0,,smansa_pulaumorotai,2026-06-03,Apify Instagram Scraper,53.0,2026-06-01
Morotai,#morotaiisland,https://www.instagram.com/p/DYD-i6ukY3j/,DYD-i6ukY3j,"Partisipasi Dosen & Mahasiswa Fakultas Ekonomi di Fun Run Morotai 2026 

#morotaiisland 
#Unipasmorotai2026 
#fakultasekonomi",Sidecar,2026-05-08 03:12:24+00:00,37.0,1,0.0,"Morotai Island, Maluku Utara",fekon_unipas,2026-06-03,Apify Instagram Scraper,38.0,2026-05-08
Morotai,#morotaiisland,https://www.instagram.com/p/DYD0oLXjzYq/,DYD0oLXjzYq,"Terakhir bonus 😛
#gasukaskip📵🙅🏻‍♀️ #morotaiisland",Sidecar,2026-05-08 01:45:45+00:00,38.0,0,0.0,,zhrdm16_,2026-06-03,Apify Instagram Scraper,38.0,2026-05-08
Morotai,#morotaiisland,https://www.instagram.com/p/DY1lrOYj9QL/,DY1lrOYj9QL,"upc 
#gasukaskip📵🙅🏻‍♀️ #morotaiisland",Sidecar,2026-05-27 09:37:07+00:00,36.0,1,0.0,,zhrdm16_,2026-06-03,Apify Instagram Scraper,37.0,2026-05-27
Morotai,#morotaiisland,https://www.instagram.com/p/DX8NXtGmW5Z/,DX8NXtGmW5Z,"History 🗾

#ngovangare #morotaiisland #indonesiatimur",Sidecar,2026-05-05 02:48:01+00:00,34.0,3,0.0,"Morotai Island, Maluku Utara",ngova_ngare_official,2026-06-03,Apify Instagram Scraper,37.0,2026-05-05
Morotai,#exploremorotai,https://www.instagram.com/p/DVkY-o7D7UU/,DVkY-o7D7UU,"🌊🧜‍♂️🧜‍♀️ FREEDIVE TRIP TERNATE – MOROTAI 🐟🦈
Rasakan sensasi freedive di surga timur Indonesia!
Air laut super jernih, schooling fish, terumbu karang warna-warni, dan kesempatan bertemu black tip shark di habitat aslinya.
Petualangan ini akan membawa kamu menjelajahi keindahan Ternate & Morotai yang terkenal dengan spot lautnya yang masih sangat alami. Cocok untuk freediver, traveler, maupun pecinta laut yang ingin merasakan pengalaman berbeda! 🏝🏞
📅 22 – 25 Maret 2026

⚠️ Slot terbatas! Jangan sampai kehabisan

📩 Booking sekarang juga!
DM atau WhatsApp untuk reservasi.
🧳 Trip by @langkahnusantara.id

#freedivetrip #freediveindonesia #tripindonesia #langkahnusantara #exploremorotai",Image,2026-03-07 03:44:57+00:00,28.0,7,0.0,,langkahnusantara.id,2026-06-03,Apify Instagram Scraper,35.0,2026-03-07
Morotai,#morotai,https://www.instagram.com/p/DZAJ6ZMkxgh/,DZAJ6ZMkxgh,"📍Air Terjun Raja, Morotai, Maluku Utara 🇮🇩

#waterfall #morotai #malukuutara #airterjunrajamorotai",Sidecar,2026-05-31 12:06:10+00:00,31.0,2,0.0,Air Terjun Raja Morotai,misterforhagen,2026-06-03,Apify Instagram Scraper,33.0,2026-05-31
Morotai,#pulaumorotai,https://www.instagram.com/p/DY9PPDxxtIo/,DY9PPDxxtIo,"Pengumuman Penting‼️

Buat adik-adik calon murid baru SMA Negeri 1 Pulau Morotai jangan lewatkan UJI COBA SPMB secara online yang akan dilaksanakan oleh Dinas Pendidikan dan Kebudayaan Provinsi Maluku Utara.

Simulasi pendaftaran SPMB (uji coba) akan dilaksanakan pada tanggal 02-03 Juni 2026 selama 24 jam.

Cara akses nya mudah:
* Buka alamat website (alamat uji coba yang ada pada flyer).
* Ikuti petunjuk yang ada di beranda.
* Lakukan langkah-langkah sesuai petunjuk hingga proses uji coba (simulasi pendaftaran) selesai.

Catatan:
Pendaftaran ini hanya bersifat simulasi, bukan proses pendaftaran sebenarnya! 

UJI SEKARANG, DAFTAR LEBIH SIAP!

By Humas_Smansmor
================================

#spmb2026
#spmbmalut
#sekolahdigital
#smansmor
#pulaumorotai
#malukuutara",Image,2026-05-30 08:55:17+00:00,31.0,0,0.0,,smansa_pulaumorotai,2026-06-03,Apify Instagram Scraper,31.0,2026-05-30
Morotai,#morotaiisland,https://www.instagram.com/p/DX6fcDdGezu/,DX6fcDdGezu,"Bumi Moro 🌊

#ngovangare #ngovangarezone #morotaiisland",Sidecar,2026-05-04 10:47:25+00:00,31.0,0,0.0,"Morotai Island, Maluku Utara",ngova_ngare_official,2026-06-03,Apify Instagram Scraper,31.0,2026-05-04
Morotai,#pulaumorotai,https://www.instagram.com/p/DY6kpeZDTFy/,DY6kpeZDTFy,"Massa aksi melakukan long march mulai dari Puncak Kawinet di Desa Sagea wilayah yang tak jauh dari operasi PT Mining Abadi Indonesia (MAI) selaku kontraktor PT Zhong Hai Rare Metal Mining Indonesia, lalu bergerak ke pesisir Desa Lelilef, pesisir Desa Gemaf, Jembatan Sungai Ake Kobe, Bukit Dua Jari di Lokulamo, hingga kawasan industri raksasa PT Indonesia Weda Bay Industrial Park (IWIP) dan PT Tekindo.

Tidak hanya itu, bentangan protes juga dilakukan di depan Tsingshan Tower, gedung ikonik di dalam kawasan industri Weda Bay.

Aktivis Save Sagea sekaligus perwakilan Sekolah Perempuan Pesisir Halmahera, Rifya Rusdi, menegaskan bahwa pemilihan Tsingshan Tower memiliki makna simbolik yang mendalam. Gedung tinggi tersebut dinilai sebagai simbol angkuhnya kuasa modal yang mengendalikan jaringan industri ekstraktif di bumi Halmahera.

“Dari pusat itulah kebijakan penaklukan industri nikel dirancang. Ruang hidup warga diatur, dan masa depan komunitas lokal dipertaruhkan hanya demi rantai pasok global,” ujar Rifya.

Ekspansi industri nikel global ini dinilai kian brutal. Benteng-benteng ekologis Halmahera Tengah seperti Karst Sagea, Gua Boki Moruru, hingga Telaga Yonelo yang menjadi urat nadi kehidupan warga Desa Sagea dan Desa Kiya kini berada di ujung tanduk akibat perluasan tambang nikel dan batu gamping.

Alih-alih membawa kesejahteraan, kehadiran industri raksasa seperti PT IWIP justru memorak-porandakan wilayah pesisir melalui reklamasi masif dan pengoperasian PLTU batu bara (captive).

---
Baca Selengkapnya di: website cermat.co.id
#news #kabardaerah #malukuutara #ternate #tidore #bacan #jailolo #tobelo #galela #halmahera #halmaherautara #halmaheraselatan #halmaherabarat #halmaheratengah #halmaheratimur #sorotan #pulaumorotai #pilautaliabu #pulauhiri #kepulauansula #sanana #makian #moti #pulaubatangdua #beritaharian #beritaonline #instanews #follow ##líkeforlíkes",Image,2026-05-29 08:04:21+00:00,30.0,0,0.0,,ceritamalut,2026-06-03,Apify Instagram Scraper,30.0,2026-05-29
Morotai,#morotaiisland,https://www.instagram.com/p/DYhhP2cCYcw/,DYhhP2cCYcw,"Sunset dan Kebersamaan.
-
 In Frame.
:@pibot_44
:@rikbilhasan_
:@rafikmandea__11
:@gibran_1039
:@jiran_lanoni
:@alfazry_n5
-
#sunset #morotaiisland #MhjrForever",Sidecar,2026-05-19 14:33:37+00:00,28.0,1,0.0,"Nakamura SP2, Morotai, North Moluccas",mhjr_4ever,2026-06-03,Apify Instagram Scraper,29.0,2026-05-19
Morotai,#pulaumorotai,https://www.instagram.com/p/DZCxrxEGNes/,DZCxrxEGNes,"Penangkapan tersebut merupakan hasil pengembangan informasi dari masyarakat yang melaporkan adanya dugaan penyimpanan narkotika oleh seorang warga. Menindaklanjuti laporan itu, Tim Opsnal Ditresnarkoba Polda Maluku Utara yang dipimpin Panit Unit 5, Ipda Harbun Fatmona, langsung melakukan penyelidikan dan pemantauan di lokasi yang dimaksud.

Direktur Reserse Narkoba Polda Maluku Utara, Kombes Pol. Bobby P. Marpaung, menjelaskan bahwa setelah memastikan keberadaan terduga pelaku, tim gabungan bersama aparat kelurahan mendatangi rumah MAG untuk melakukan pemeriksaan.

“Dari hasil penggeledahan, petugas menemukan sejumlah barang bukti yang diduga narkotika jenis tembakau sintesis,” ujar Bobby, Senin, 1 Juni 2026.

Dalam operasi tersebut, polisi menyita 23 sachet plastik bening berukuran kecil yang berisi tembakau sintesis. Selain itu, petugas juga mengamankan satu unit telepon genggam yang diduga digunakan pelaku dalam aktivitas terkait narkotika.

MAG bersama seluruh barang bukti kemudian dibawa ke Mapolda Maluku Utara untuk menjalani pemeriksaan lebih lanjut.

Berdasarkan hasil interogasi awal, MAG mengakui bahwa tembakau sintesis tersebut adalah miliknya dan digunakan untuk konsumsi pribadi. Ia juga mengaku memperoleh barang haram itu dengan cara memesan melalui media sosial Instagram.

---
Baca Selengkapnya di: website cermat.co.id
#news #kabardaerah #malukuutara #ternate #tidore #bacan #jailolo #tobelo #galela #halmahera #halmaherautara #halmaheraselatan #halmaherabarat #halmaheratengah #halmaheratimur #sorotan #pulaumorotai #pilautaliabu #pulauhiri #kepulauansula #sanana #makian #moti #pulaubatangdua #beritaharian #beritaonline #instanews #follow ##líkeforlíkes",Image,2026-06-01 12:32:11+00:00,27.0,1,0.0,,ceritamalut,2026-06-03,Apify Instagram Scraper,28.0,2026-06-01
Morotai,#morotai,https://www.instagram.com/p/DZALRaEiV_Z/,DZALRaEiV_Z,"Sunset in Morotai 🫶

#sunset #morotai",Sidecar,2026-05-31 12:18:03+00:00,24.0,3,0.0,"Morotai Island, Maluku Utara",christopakasi,2026-06-03,Apify Instagram Scraper,27.0,2026-05-31
Morotai,#morotaiisland,https://www.instagram.com/p/DXjElIJCHXZ/,DXjElIJCHXZ,"Comfort, in its simplest form.

Natural airflow, light materials, and the quiet protection of a mosquito net - designed for island living.

#metitaresort #beachresort #underwaterworld #diving #snorkling #biodiversity #sustainability #marineconservation #scubadiving #explore #morotaiisland #paradise #halmahera #indonesia #exploreindonesia #exploremaluku #paditravel #divingindonesia #travelingindonesia #travelblogger",Sidecar,2026-04-25 08:30:12+00:00,25.0,1,0.0,,metitaresort,2026-06-03,Apify Instagram Scraper,26.0,2026-04-25
Morotai,#wisatamorotai,https://www.instagram.com/p/DNQB0rsP8jp/,DNQB0rsP8jp,"💧🌍☘️
#wisatamorotai 
#airterjunraja",Sidecar,2025-08-12 09:46:36+00:00,21.0,2,0.0,Air Terjun Raja Morotai,stevia_sumahi,2026-06-03,Apify Instagram Scraper,23.0,2025-08-12
Morotai,#pulaumorotai,https://www.instagram.com/p/DY0KlIREw30/,DY0KlIREw30,"Benteng Samudera Timur Nusantara

#tni #tnial #lanalmorotai #morotai #pulaumorotai #iduladha1447H #BentengSamuderaTimurNusantara",Image,2026-05-26 20:21:07+00:00,19.0,0,0.0,,lanal_morotai,2026-06-03,Apify Instagram Scraper,19.0,2026-05-26
Morotai,#morotaiisland,https://www.instagram.com/p/DYG2jSjjaoa/,DYG2jSjjaoa,"Away from everything, it becomes easier to just be present with each other. Watching the ocean, sharing small moments, and letting time pass naturally. It is not about doing much, but about who you are with that makes it feel complete.

#metitaresort #beachresort #underwaterworld #diving #snorkling #biodiversity #sustainability #marineconservation #scubadiving #explore #morotaiisland #paradise #halmahera #indonesia #exploreindonesia #exploremaluku #paditravel #divingindonesia #travelingindonesia #travelblogger",Image,2026-05-09 06:00:17+00:00,19.0,0,0.0,,metitaresort,2026-06-03,Apify Instagram Scraper,19.0,2026-05-09
Morotai,#morotaiisland,https://www.instagram.com/p/DXdOWPHDf6F/,DXdOWPHDf6F,"When the beach is quiet and the crowds are gone, you begin to notice the smaller things. The soft crackle of the waves, the breeze moving through the trees, the sound of your slow steps along the shore. In these moments, everything feels more personal, more peaceful. It is the kind of place where you can truly slow down and enjoy the stillness.

#metitaresort #beachresort #underwaterworld #diving #snorkling #biodiversity #sustainability #marineconservation #scubadiving #explore #morotaiisland #paradise #halmahera #indonesia #exploreindonesia #exploremaluku #paditravel #divingindonesia #travelingindonesia #travelblogger",Image,2026-04-23 02:00:07+00:00,18.0,1,0.0,,metitaresort,2026-06-03,Apify Instagram Scraper,19.0,2026-04-23
Morotai,#morotai,https://www.instagram.com/p/DY6tYpJkQMN/,DY6tYpJkQMN,"Shark Dive, Tidak mengigit kecuali ibunya
#dive #morotai",Image,2026-05-29 09:20:41+00:00,17.0,1,0.0,Metita Beach & Dive Resort,anjard_,2026-06-03,Apify Instagram Scraper,18.0,2026-05-29
Morotai,#morotaiisland,https://www.instagram.com/p/DXn9AuJFyk5/,DXn9AuJFyk5,"Sometimes, the most exciting discoveries are the smallest ones. Nudibranchs add bursts of color to the ocean floor, their patterns almost unreal. Spotting one during a dive feels like a quiet win, and will make you slow down and look closely to reveal a whole different side of the reef.

#metitaresort #beachresort #underwaterworld #diving #snorkling #biodiversity #sustainability #marineconservation #scubadiving #explore #morotaiisland #paradise #halmahera #indonesia #exploreindonesia #exploremaluku #paditravel #divingindonesia #travelingindonesia #travelblogger",Image,2026-04-27 06:00:16+00:00,18.0,0,0.0,,metitaresort,2026-06-03,Apify Instagram Scraper,18.0,2026-04-27
Morotai,#morotaiisland,https://www.instagram.com/p/DY-JoHJCTRA/,DY-JoHJCTRA,#itskmalangsoepraoen #itskmalang#morotaiisland,Sidecar,2026-05-30 17:25:11+00:00,17.0,0,0.0,,herni_mustam,2026-06-03,Apify Instagram Scraper,17.0,2026-05-30
Morotai,#morotaiisland,https://www.instagram.com/p/DXyhVczDHOp/,DXyhVczDHOp,"Not every dive is about following the crowd. Some are about exploration, drifting into quieter sites where fewer people go. It is in these moments that diving feels more personal, more raw, and more rewarding, like you are discovering something that has been waiting just for you.

#metitaresort #beachresort #underwaterworld #diving #snorkling #biodiversity #sustainability #marineconservation #scubadiving #explore #morotaiisland #paradise #halmahera #indonesia #exploreindonesia #exploremaluku #paditravel #divingindonesia #travelingindonesia #travelblogger",Image,2026-05-01 08:30:05+00:00,16.0,1,0.0,,metitaresort,2026-06-03,Apify Instagram Scraper,17.0,2026-05-01
Morotai,#pulaumorotai,https://www.instagram.com/p/DY9FrroHctW/,DY9FrroHctW,"Pengukuhan tersebut ditandai dengan penyerahan Surat Keputusan Kesultanan Ternate Nomor: 01.001.A/KT/V/2026 tentang Panitia Pelaksana Legu Tara No Ate Kesultanan Ternate Tahun 2026.

Festival budaya tahunan yang direncanakan berlangsung pada Agustus 2026 itu akan menghadirkan berbagai ritual adat, pertunjukan seni budaya, seminar kebudayaan hingga kegiatan kepemudaan yang melibatkan masyarakat adat Moloku Kie Raha.

Dalam susunan kepanitiaan, Kaicil Ismuul Sujud dipercaya sebagai Ketua Panitia Pelaksana, didampingi Adrajid Kasten sebagai Wakil Ketua bersama jajaran sekretariat serta sejumlah divisi pelaksana lainnya.

Sultan Hidayatullah Sjah dalam sambutannya menegaskan, Legu Tara No Ate bukan sekadar agenda seremonial budaya, melainkan bagian dari upaya menjaga marwah Kesultanan Ternate dan warisan peradaban Moloku Kie Raha.

“Legu Tara No Ate adalah simbol persatuan hati masyarakat dan warisan leluhur Kesultanan Ternate yang harus terus dijaga. Festival ini bukan hanya milik Kesultanan, tetapi milik seluruh masyarakat Maluku Utara,” ujar Sultan.

Ia menekankan pentingnya menjaga adat, sejarah, dan identitas budaya di tengah perkembangan zaman modern.

“Budaya adalah jati diri bangsa. Ketika adat dijaga, maka kehormatan negeri juga akan tetap berdiri kokoh. Karena itu saya berharap seluruh panitia bekerja dengan penuh tanggung jawab, menjaga nilai adat se atoran dan syariat sebagai fondasi kehidupan masyarakat Ternate,” katanya.

Menurut Sultan, Festival Legu Tara No Ate 2026 diharapkan mampu mengangkat kembali posisi Ternate sebagai pusat peradaban rempah dan budaya di kawasan timur Indonesia.

---
Baca Selengkapnya di: website cermat.co.id
#news #kabardaerah #malukuutara #ternate #tidore #bacan #jailolo #tobelo #galela #halmahera #halmaherautara #halmaheraselatan #halmaherabarat #halmaheratengah #halmaheratimur #sorotan #pulaumorotai #pilautaliabu #pulauhiri #kepulauansula #sanana #makian #moti #pulaubatangdua #beritaharian #beritaonline #instanews #follow ##líkeforlíkes",Image,2026-05-30 07:31:30+00:00,16.0,0,0.0,,ceritamalut,2026-06-03,Apify Instagram Scraper,16.0,2026-05-30
Morotai,#exploremorotai,https://www.instagram.com/p/DWBFyZ0EoK6/,DWBFyZ0EoK6,"Surga di Timur Indonesia memanggil! 🌊🌴 Tapi, gimana sih cara menuju ke sana?

Percayalah, perjalanan ke Morotai itu sendiri adalah bagian dari petualangan. Buat kamu yang mau ke sini, ada 3 jalur yang bisa dipilih sesuai gaya traveling kamu:

1️⃣ Jalur Udara buat si Anti-Ribet ✈️ Start dari Manado atau Ternate. Tapi ingat ya, penerbangan ke Morotai ini spesial banget karena cuma ada di hari RABU! Cocok buat kamu yang kebetulan itinerary-nya pas.

2️⃣ Kapal Malam buat si Penikmat Senja ⛴️🌌
Start dari Pelabuhan Ahmad Yani di Ternate. Kapal berangkat jam 8 malam WIT. Kamu bisa tidur nyenyak selama perjalanan 12 jam, dan voila! Bangun-bangun jam 8 pagi udah disambut hangatnya matahari di Pelabuhan Daruba, Morotai. Hemat waktu dan biaya penginapan semalam!

3️⃣ Jalur Lintas buat si Jiwa Roadtrip 🚤🚙
Ini rute paling dinamis! Dari Ternate naik speedboat ke Pelabuhan Sofifi, lanjut perjalanan darat (mobil) ke Pelabuhan Tobelo, terus nyebrang lagi pakai speedboat langsung ke Morotai. Total perjalanan sekitar 6 jam. Lelah? Pasti. Tapi pemandangannya juara!

Kamu tipe traveler yang mana nih? Tim Pesawat, Tim Kapal Malam, atau Tim Lintas? Coba komen di bawah! 👇✨

#Morotai #ExploreMorotai #MalukuUtara #PesonaIndonesia #TravelTips JelajahNusantara",Sidecar,2026-03-18 07:15:11+00:00,16.0,0,0.0,,jababekamorotai,2026-06-03,Apify Instagram Scraper,16.0,2026-03-18
Morotai,#exploremorotai,https://www.instagram.com/p/DUQPRNNkn8-/,DUQPRNNkn8-,"Something FUN is coming to Morotai! 👟🌴

Bayangin lari pagi ditemani suara deburan ombak dan angin sepoi-sepoi Morotai... Something FUN is finally here! Siapkan sepatu lari kamu untuk event paling seru di bulan April 2026.

Mengusung tema ""Lari di Tanah Samudera"", rasakan sensasi lari dengan udara segar khas pulau tropis. Mau treknya di mana pun, kalau view sekelilingnya Morotai, capeknya pasti nggak berasa! 🌊🏃‍♂️

✨ Banyak Hadiah Seru! Buat kamu yang paling semangat, kami siapkan Total Hadiah Rp 25 Juta untuk Fun Run! Suka bikin konten atau nulis? Ikutan juga Lomba Konten & Cerita Pendek dengan Total Hadiah Rp 5 Juta.

Yuk, ajak bestie, keluarga, atau komunitas lari kamu buat liburan sambil olahraga!

📲 Daftar langsung di sini: https://boomtale.com/morotai-fun-run-10k/

Tag teman lari kamu yang butuh suasana baru di kolom komentar! 👇

#MorotaiFunRun #LariDiTanahSamudera #Morotai10K #ExploreMorotai #WonderfulIndonesia EventLari2026 LariSambilHealing SportTourismIndonesia FunRunIndonesia RunnersIndo",Sidecar,2026-02-02 11:23:51+00:00,16.0,0,0.0,,jababekamorotai,2026-06-03,Apify Instagram Scraper,16.0,2026-02-02
Morotai,#morotaiisland,https://www.instagram.com/p/DYB-GkkjYy2/,DYB-GkkjYy2,"As the sun sets along the shoreline, the light turns warm and the ocean takes on deeper shades of blue and gold. You walk a little slower, listening to the waves and watching the sky change. You find yourself walking, watching, and staying a little longer, not wanting the moment to pass too quickly. It is a simple moment, but one that stays with you long after.
#metitaresort #beachresort #underwaterworld #diving #snorkling #biodiversity #sustainability #marineconservation #scubadiving #explore #morotaiisland #paradise #halmahera #indonesia #exploreindonesia #exploremaluku #paditravel #divingindonesia #travelingindonesia #travelblogger",Image,2026-05-07 08:30:04+00:00,16.0,0,0.0,,metitaresort,2026-06-03,Apify Instagram Scraper,16.0,2026-05-07
Morotai,#pulaumorotai,https://www.instagram.com/p/DY1IIFczLRx/,DY1IIFczLRx,"✨ Kajari Kepulauan Morotai bersama Forkopimda dan masyarakat Pulau Morotai melaksanakan Sholat Idul Adha 1447 H / 2026 M secara berjamaah dengan penuh khidmat dan kebersamaan.

Momentum Idul Adha menjadi pengingat untuk terus memperkuat nilai keikhlasan, kepedulian, serta semangat persaudaraan dalam kehidupan bermasyarakat. 🤝🌙

Semoga semangat berkurban dan kebersamaan ini membawa keberkahan, kedamaian, serta mempererat silaturahmi demi Morotai yang lebih maju dan harmonis.

🕌 Selamat Hari Raya Idul Adha 1447 H
Mohon Maaf Lahir dan Batin.

#IdulAdha1447H #KajariMorotai #KejariMorotai #Forkopimda #PulauMorotai SholatIdulAdha MorotaiReligius Adhyaksa HariRayaIdulAdha",Image,2026-05-27 05:19:34+00:00,15.0,0,0.0,"Morotai Island, Maluku Utara",kejari.morotai,2026-06-03,Apify Instagram Scraper,15.0,2026-05-27
Morotai,#morotaiisland,https://www.instagram.com/p/DX3ZwcPDZQR/,DX3ZwcPDZQR,"The sun is high, the breeze is steady, and somewhere in the distance, waves find their rhythm against the shore. Beneath the swaying palms, the day unfolds without hurry, warm, quiet, and lit in a way that makes everything feel still. This is what it sounds like when a place simply lets you breathe. 

#metitaresort #beachresort #underwaterworld #diving #snorkling #biodiversity #sustainability #marineconservation #scubadiving #explore #morotaiisland #paradise #halmahera #indonesia #exploreindonesia #exploremaluku #paditravel #divingindonesia #travelingindonesia #travelblogger",Image,2026-05-03 06:00:04+00:00,15.0,0,0.0,,metitaresort,2026-06-03,Apify Instagram Scraper,15.0,2026-05-03
Morotai,#morotaiisland,https://www.instagram.com/p/DXCWB1kEdj5/,DXCWB1kEdj5,"Morotai Fun Run 10 k
#morotaiisland",Sidecar,2026-04-12 15:27:44+00:00,15.0,0,0.0,"Morotai Island, Maluku Utara",aliga_tor822,2026-06-03,Apify Instagram Scraper,15.0,2026-04-12
Morotai,#exploremorotai,https://www.instagram.com/p/DUQQAhhkphs/,DUQQAhhkphs,"Something FUN is coming to Morotai! 👟🌴

Bayangin lari pagi ditemani suara deburan ombak dan angin sepoi-sepoi Morotai... Something FUN is finally here! Siapkan sepatu lari kamu untuk event paling seru di bulan April 2026.

Mengusung tema ""Lari di Tanah Samudera"", rasakan sensasi lari dengan udara segar khas pulau tropis. Mau treknya di mana pun, kalau view sekelilingnya Morotai, capeknya pasti nggak berasa! 🌊🏃‍♂️

✨ Banyak Hadiah Seru! Buat kamu yang paling semangat, kami siapkan Total Hadiah Rp 25 Juta untuk Fun Run! Suka bikin konten atau nulis? Ikutan juga Lomba Konten & Cerita Pendek dengan Total Hadiah Rp 5 Juta.

Yuk, ajak bestie, keluarga, atau komunitas lari kamu buat liburan sambil olahraga!

📲 Daftar langsung di sini: https://boomtale.com/morotai-fun-run-10k/

Tag teman lari kamu yang butuh suasana baru di kolom komentar! 👇

#MorotaiFunRun #LariDiTanahSamudera #Morotai10K #ExploreMorotai #WonderfulIndonesia EventLari2026 LariSambilHealing SportTourismIndonesia FunRunIndonesia RunnersIndo",Sidecar,2026-02-02 11:30:18+00:00,14.0,0,0.0,,jababekamorotai,2026-06-03,Apify Instagram Scraper,14.0,2026-02-02
Morotai,#exploremorotai,https://www.instagram.com/p/DUQPAR8kiwH/,DUQPAR8kiwH,"Something FUN is coming to Morotai! 👟🌴

Bayangin lari pagi ditemani suara deburan ombak dan angin sepoi-sepoi Morotai... Something FUN is finally here! Siapkan sepatu lari kamu untuk event paling seru di bulan April 2026.

Mengusung tema ""Lari di Tanah Samudera"", rasakan sensasi lari dengan udara segar khas pulau tropis. Mau treknya di mana pun, kalau view sekelilingnya Morotai, capeknya pasti nggak berasa! 🌊🏃‍♂️

✨ Banyak Hadiah Seru! Buat kamu yang paling semangat, kami siapkan Total Hadiah Rp 25 Juta untuk Fun Run! Suka bikin konten atau nulis? Ikutan juga Lomba Konten & Cerita Pendek dengan Total Hadiah Rp 5 Juta.

Yuk, ajak bestie, keluarga, atau komunitas lari kamu buat liburan sambil olahraga!

📲 Daftar langsung di sini: https://boomtale.com/morotai-fun-run-10k/

Tag teman lari kamu yang butuh suasana baru di kolom komentar! 👇

#MorotaiFunRun #LariDiTanahSamudera #Morotai10K #ExploreMorotai #WonderfulIndonesia EventLari2026 LariSambilHealing SportTourismIndonesia FunRunIndonesia RunnersIndo",Sidecar,2026-02-02 11:21:32+00:00,13.0,0,0.0,,jababekamorotai,2026-06-03,Apify Instagram Scraper,13.0,2026-02-02
Morotai,#morotaiisland,https://www.instagram.com/p/DX8H60ACT4r/,DX8H60ACT4r,"If you look closely at the reef, you will begin to notice subtle creatures you may have never seen before. Each one will spark your curiosity, revealing just how much the ocean has to offer. Hidden among the details are small wonders waiting to be uncovered, quietly surprising you with their beauty and presence.

#metitaresort #beachresort #underwaterworld #diving #snorkling #biodiversity #sustainability #marineconservation #scubadiving #explore #morotaiisland #paradise #halmahera #indonesia #exploreindonesia #exploremaluku #paditravel #divingindonesia #travelingindonesia #travelblogger",Image,2026-05-05 02:00:24+00:00,12.0,0,0.0,,metitaresort,2026-06-03,Apify Instagram Scraper,12.0,2026-05-05
Morotai,#pulaumorotai,https://www.instagram.com/p/DY511NHie5L/,DY511NHie5L,"Dugaan itu mencuat setelah ditemukan indikasi pencemaran lingkungan di sekitar area PLN, mulai dari pembuangan oli bekas hingga drum bekas minyak yang dibiarkan berserakan dan tidak tertata.

Menanggapi hal tersebut, Jenderal Lapangan (Jendlap) Aliansi Pemuda Peduli Taliabu (AP2T), Sauti Jamadin, menegaskan pengelolaan limbah B3 wajib mengikuti regulasi lingkungan yang berlaku di Indonesia.

Menurutnya, pengelolaan limbah B3 mencakup tahapan pewadahan, penyimpanan, hingga pengumpulan, serta harus dilakukan oleh pihak yang memiliki izin resmi.

“Jika mereka melanggar dan lalai, maka pastinya akan terancam pidana dan denda miliaran rupiah yang menantinya,” kata Sauti Jamadin kepada cermat, Kamis, 28 Mei 2026.

Ia menilai, pihak PLN di Pulau Taliabu terkesan hanya mementingkan keuntungan perusahaan semata, tanpa memperhatikan dampak lingkungan di sekitar wilayah operasional.

“PLN di Taliabu ini tidak betul. Soal limbah saja mereka cuek atas pencemaran lingkungan. Bahkan kami juga menduga, jangan sampai mereka mengelola B3 tidak sesuai standar atau tanpa label,” ujarnya.

Karena itu, ia meminta PLN segera mengambil langkah serius untuk menangani dugaan pencemaran lingkungan tersebut sebelum berdampak lebih luas kepada masyarakat.

“Jika menyebabkan pencemaran semakin parah hingga memakan korban jiwa, maka kami tidak segan-segan untuk memboikot PLN setempat, meskipun PLN tersebut sedang beroperasi,” tegasnya.

---
Baca Selengkapnya di: website cermat.co.id
#news #kabardaerah #malukuutara #ternate #tidore #bacan #jailolo #tobelo #galela #halmahera #halmaherautara #halmaheraselatan #halmaherabarat #halmaheratengah #halmaheratimur #sorotan #pulaumorotai #pilautaliabu #pulauhiri #kepulauansula #sanana #makian #moti #pulaubatangdua #beritaharian #beritaonline #instanews #follow ##líkeforlíkes",Image,2026-05-29 01:15:16+00:00,11.0,0,0.0,,ceritamalut,2026-06-03,Apify Instagram Scraper,11.0,2026-05-29
Morotai,#morotaiisland,https://www.instagram.com/p/DY-yAs4Ekcg/,DY-yAs4Ekcg,#fyppp#malukupride🌴🏖🌊 #morotaiisland #tabailenge#,Sidecar,2026-05-30 23:18:04+00:00,11.0,0,0.0,,baskihabiua,2026-06-03,Apify Instagram Scraper,11.0,2026-05-30
Morotai,#pulaumorotai,https://www.instagram.com/p/DZCvYR4lQer/,DZCvYR4lQer,"Pada akhirnya, tantangan terbesar pembangunan SDM Indonesia bukan sekadar bagaimana menciptakan individu yang cerdas dan terampil, melainkan bagaimana membentuk manusia Indonesia yang tetap teguh memegang nilai-nilai Pancasila di tengah derasnya arus perubahan global. Tanpa fondasi tersebut, pembangunan SDM berisiko kehilangan arah dan hanya akan menghasilkan kemajuan yang bersifat materialistik semata.

---
Baca Selengkapnya di: website cermat.co.id
#perspektif #kabardaerah #malukuutara #ternate #tidore #bacan #jailolo #tobelo #galela #halmahera #halmaherautara #halmaheraselatan #halmaherabarat #halmaheratengah #halmaheratimur #sorotan #pulaumorotai #pilautaliabu #pulauhiri #kepulauansula #sanana #makian #moti #pulaubatangdua #beritaharian #beritaonline #instanews #follow ##líkeforlíkes",Sidecar,2026-06-01 12:12:02+00:00,10.0,0,0.0,,ceritamalut,2026-06-03,Apify Instagram Scraper,10.0,2026-06-01
Morotai,#morotai,https://www.instagram.com/p/DY_MUh2EyM_/,DY_MUh2EyM_,"Daruba vibes….
Jalan sunyi, alam gaga
Pangge tamang putar-putar kota Daruba
Selamat hari minggu 

#vibes #morotairentalsepeda #art #morotai",Sidecar,2026-05-31 03:07:58+00:00,9.0,0,0.0,"Morotai Island, Maluku Utara",morotairentalsepeda,2026-06-03,Apify Instagram Scraper,9.0,2026-05-31
Morotai,#exploremorotai,https://www.instagram.com/p/DTcOJcvklIU/,DTcOJcvklIU,"🚨 GET 1 FREE NIGHT! LIBURAN MEWAH, HARGA HEMAT! 🚨

Ini bukan mimpi, ini waktunya kamu healing ke Morotai! 🏝️✨

Kapan lagi bisa liburan puas tapi dompet tetap aman? Dapatkan promo spesial STAY 3 PAY 2 (Minimal booking 3 malam, Gratis 1 malam!). Berlaku juga untuk durasi yang lebih lama, lho. Semakin lama menginap, semakin untung!

Bayangkan momen ini jadi milikmu: 🏡 Bangun tidur disambut suasana cottage yang asri. 🐠 Snorkeling seru ditemani ikan-ikan cantik seharian. 🍽️ Tutup harimu dengan romantic dinner di tepi pantai.

Fasilitas juara, aktivitas seru, dan pastinya MALAM TERAKHIRMU GRATIS! 😍

🔥 Promo Terbatas! Amankan Tanggalmu Sekarang: 📞 0852-1190-3358 📞 0812-7180-3012 📞 0852-8222-2330

#DalohaResort #Morotai #PromoHotel #LiburanMurah #ExploreMorotai StaycationMorotai BeachResort",Sidecar,2026-01-13 06:33:32+00:00,9.0,0,0.0,,jababekamorotai,2026-06-03,Apify Instagram Scraper,9.0,2026-01-13
Morotai,#exploremorotai,https://www.instagram.com/p/DSZs-gSEkdy/,DSZs-gSEkdy,".
TSHIRT
ORIGINAL BRAND
.
KUALITAS SANGAT BAGUS
.
PRICE : Rp155.000
FOLLOWERS: Rp145.000
🔥🔥🔥💪💪💪
.
ORDER..?
⬇⬇⬇
⬇⬇⬇
.
 IG : @irboxternate
WA: +6282189568910

ALAMAT DISTRO IRBOX DI NGIDI TERNATE, DARI SDLB NGIDI SARAGOUS KE BARAT (KA DARA) SEKITAR 7 RUMAH POSISI DISTRO IRBOX KANAN JALAN SAMPING WARUNG MASAKAN PADANG PAS DEPAN RUMAH TINGKAT YG PAGAR MIRIP PURA BALI

#distoirbox #irbox #irboxternate #distroternate #exploreternate #exploremaluku #exploremalut #exploremalukuutara #exploretidore #exploretobelo #exploretobelieve #explorejailolo #exploreweda #explorebacan #exploremorotai #exploreternateindonesia #ternatevideo #ternate #ternateisland #fajakeho #statusternate",Image,2025-12-18 10:33:49+00:00,9.0,0,0.0,Distro Irbox Ngidi,irboxternate,2026-06-03,Apify Instagram Scraper,9.0,2025-12-18
Morotai,#morotai,https://www.instagram.com/p/DZHeLu_k-l_/,DZHeLu_k-l_,"Penerbangan pesawat Wings  Air dengan rute Bandara Pitu Kabupaten Pulau Morotai menuju Bandara Sultan Babullah Ternate, Maluku Utara, terpaksa dibatalkan, Rabu (3/6/2026).

Pembatalan ini terjadi akibat erupsi Gunung Dukono di Halmahera Utara yang terus mengeluarkan abu vulkanik tebal hingga dampaknya terasa sampai ke wilayah Morotai.

Akibat pembatalan tersebut, 72 penumpang Wings Air gagal berangkat.

Kepala Bandara Pitu Pulau Morotai, Gunadi Siswo Pamungkas, mengonfirmasi pihak maskapai telah membatalkan seluruh jadwal penerbangan untuk hari ini demi keselamatan operasional.

“Untuk pembatalan keberangkatan hari ini dari maskapai Wings Air karena disebabkan masalah abu vulkanik Gunung Dukono yang sangat tebal, jadi hari ini tidak ada penerbangan,” ujar Gunadi saat ditemui di Bandara Pitu.

#tandaserucom #morotai #wingsair #lionairgroup #pemdamorotai",Sidecar,2026-06-03 08:17:59+00:00,8.0,0,0.0,,tandaserucom,2026-06-03,Apify Instagram Scraper,8.0,2026-06-03
Morotai,#morotai,https://www.instagram.com/p/DZD4hgST-Uv/,DZD4hgST-Uv,"Good Morning Everyone....

#beach #diving #morotai #snorkeling #visitindonesia",Image,2026-06-01 22:51:14+00:00,8.0,0,0.0,"Morotai Islands, North Maluku",morotaiisland2026,2026-06-03,Apify Instagram Scraper,8.0,2026-06-01
Morotai,#exploremorotai,https://www.instagram.com/p/DRqwu6PEsLY/,DRqwu6PEsLY,".
RINGER TSHIRT
ORIGINAL BRAND
.
KUALITAS SANGAT BAGUS
.
PRICE : Rp16000
FOLLOWERS: Rp150.000
🔥🔥🔥💪💪💪
.
ORDER..?
⬇⬇⬇
⬇⬇⬇
.
 IG : @irboxternate
WA: +6282189568910

ALAMAT DISTRO IRBOX DI NGIDI TERNATE, DARI SDLB NGIDI SARAGOUS KE BARAT (KA DARA) SEKITAR 7 RUMAH POSISI DISTRO IRBOX KANAN JALAN SAMPING WARUNG MASAKAN PADANG PAS DEPAN RUMAH TINGKAT YG PAGAR MIRIP PURA BALI

#distoirbox #irbox #irboxternate #distroternate #exploreternate #exploremaluku #exploremalut #exploremalukuutara #exploretidore #exploretobelo #exploretobelieve #explorejailolo #exploreweda #explorebacan #exploremorotai #exploreternateindonesia #ternatevideo #ternate #ternateisland #fajakeho #statusternate",Image,2025-11-30 05:02:20+00:00,8.0,0,0.0,Distro Irbox Ngidi,irboxternate,2026-06-03,Apify Instagram Scraper,8.0,2025-11-30
Morotai,#morotaiisland,https://www.instagram.com/p/DXx0t1rGynZ/,DXx0t1rGynZ,"Morotai Island, located in North Maluku, offers a distinctive blend of historical significance and emerging natural attractions at the northern edge of Indonesia’s Pacific frontier. Once developed as a major military base during the Second World War, the island today is known for its quiet coastal landscapes, scattered surrounding islands, and clear waters that form part of its growing appeal for marine and island-based experiences. With its unique geography of 33 islands and relatively undisturbed environment, Morotai presents a rare sense of openness and discovery for travellers seeking destinations beyond the usual routes.

#MorotaiIsland #NorthMaluku #IndonesiaTravel #WonderfulIndonesia #IniDiplomasi",Sidecar,2026-05-01 02:00:02+00:00,7.0,1,0.0,,kbrisingapura,2026-06-03,Apify Instagram Scraper,8.0,2026-05-01
Morotai,#morotaiisland,https://www.instagram.com/p/DXsrHwPgYUf/,DXsrHwPgYUf,"When the lights fade and the island grows quiet, the sky comes alive. Without light pollution, the stars reveal themselves in full clarity, bright and endless

#metitaresort #beachresort #underwaterworld #diving #snorkling #biodiversity #sustainability #marineconservation #scubadiving #explore #morotaiisland #paradise #halmahera #indonesia #exploreindonesia #exploremaluku #paditravel #divingindonesia #travelingindonesia #travelblogger",Image,2026-04-29 02:00:09+00:00,8.0,0,0.0,,metitaresort,2026-06-03,Apify Instagram Scraper,8.0,2026-04-29
Morotai,#morotaiisland,https://www.instagram.com/p/DXThFDqE-6u/,DXThFDqE-6u,#morotaiisland #adventuretravel #offthebeatentrack,Sidecar,2026-04-19 07:31:23+00:00,7.0,1,0.0,"Morotai Island, Maluku Utara",hailsqq,2026-06-03,Apify Instagram Scraper,8.0,2026-04-19
Morotai,#morotai,https://www.instagram.com/p/DY9phx1E1Sw/,DY9phx1E1Sw,#morotai,Sidecar,2026-05-30 12:44:42+00:00,7.0,0,0.0,,luvy_ras,2026-06-03,Apify Instagram Scraper,7.0,2026-05-30
Morotai,#morotai,https://www.instagram.com/p/DY1a2OyjwYo/,DY1a2OyjwYo,Ied Mubarak Adha 1447 H #morotai #malukuutara,Sidecar,2026-05-27 08:02:30+00:00,7.0,0,0.0,,amelina428,2026-06-03,Apify Instagram Scraper,7.0,2026-05-27
Morotai,#exploremorotai,https://www.instagram.com/p/DTrRk7OkiR1/,DTrRk7OkiR1,"​​Siapkan sepatu lari terbaikmu! 
Morotai Fun Run 10K bukan sekadar balapan, tapi perjalanan melintasi sejarah dan keindahan alam Pulau Morotai. Rasakan sensasi lari dengan pemandangan pesisir yang memukau dan udara segar Samudera Pasifik.

​Finish line sudah menanti, tapi memori indahnya bakal tertinggal selamanya. Yuk, sehat bareng sekaligus dukung pariwisata Indonesia Timur!✨
​📍 Lokasi: Pulau Morotai
🗓️ Tanggal: 12 April 2026
🔗 Daftar di: https://boomtale.com/morotai-fun-run-10k/

#FunRun2026 ​#MorotaiFunRun #VisitMorotai #ExploreMorotai #Morotai10K",Image,2026-01-19 02:52:07+00:00,-1.0,8,0.0,"Pulau Morotai, Maluku Utara",dispar.morotai,2026-06-03,Apify Instagram Scraper,7.0,2026-01-19
Morotai,#exploremorotai,https://www.instagram.com/p/DSZtB-YEs-8/,DSZtB-YEs-8,".
TSHIRT
ORIGINAL BRAND
.
KUALITAS SANGAT BAGUS
.
PRICE : Rp155.000
FOLLOWERS: Rp145.000
🔥🔥🔥💪💪💪
.
ORDER..?
⬇⬇⬇
⬇⬇⬇
.
 IG : @irboxternate
WA: +6282189568910

ALAMAT DISTRO IRBOX DI NGIDI TERNATE, DARI SDLB NGIDI SARAGOUS KE BARAT (KA DARA) SEKITAR 7 RUMAH POSISI DISTRO IRBOX KANAN JALAN SAMPING WARUNG MASAKAN PADANG PAS DEPAN RUMAH TINGKAT YG PAGAR MIRIP PURA BALI

#distoirbox #irbox #irboxternate #distroternate #exploreternate #exploremaluku #exploremalut #exploremalukuutara #exploretidore #exploretobelo #exploretobelieve #explorejailolo #exploreweda #explorebacan #exploremorotai #exploreternateindonesia #ternatevideo #ternate #ternateisland #fajakeho #statusternate",Image,2025-12-18 10:34:17+00:00,7.0,0,0.0,Distro Irbox Ngidi,irboxternate,2026-06-03,Apify Instagram Scraper,7.0,2025-12-18
Morotai,#exploremorotai,https://www.instagram.com/p/DR4CfVIkueE/,DR4CfVIkueE,".
TSHIRT
ORIGINAL BRAND
.
KUALITAS SANGAT BAGUS
.
PRICE : Rp155.000
FOLLOWERS: Rp145.000
🔥🔥🔥💪💪💪
.
ORDER..?
⬇⬇⬇
⬇⬇⬇
.
 IG : @irboxternate
WA: +6282189568910

ALAMAT DISTRO IRBOX DI NGIDI TERNATE, DARI SDLB NGIDI SARAGOUS KE BARAT (KA DARA) SEKITAR 7 RUMAH POSISI DISTRO IRBOX KANAN JALAN SAMPING WARUNG MASAKAN PADANG PAS DEPAN RUMAH TINGKAT YG PAGAR MIRIP PURA BALI

#distoirbox #irbox #irboxternate #distroternate #exploreternate #exploremaluku #exploremalut #exploremalukuutara #exploretidore #exploretobelo #exploretobelieve #explorejailolo #exploreweda #explorebacan #exploremorotai #exploreternateindonesia #ternatevideo #ternate #ternateisland #fajakeho #statusternate",Image,2025-12-05 08:47:37+00:00,6.0,0,0.0,Distro Irbox Ngidi,irboxternate,2026-06-03,Apify Instagram Scraper,6.0,2025-12-05
Morotai,#exploremorotai,https://www.instagram.com/p/DRv8h4IEsQk/,DRv8h4IEsQk,".
RINGER TSHIRT
ORIGINAL BRAND
.
KUALITAS SANGAT BAGUS
.
PRICE : Rp160.000
FOLLOWERS: Rp150.000
🔥🔥🔥💪💪💪
.
ORDER..?
⬇⬇⬇
⬇⬇⬇
.
 IG : @irboxternate
WA: +6282189568910

ALAMAT DISTRO IRBOX DI NGIDI TERNATE, DARI SDLB NGIDI SARAGOUS KE BARAT (KA DARA) SEKITAR 7 RUMAH POSISI DISTRO IRBOX KANAN JALAN SAMPING WARUNG MASAKAN PADANG PAS DEPAN RUMAH TINGKAT YG PAGAR MIRIP PURA BALI

#distoirbox #irbox #irboxternate #distroternate #exploreternate #exploremaluku #exploremalut #exploremalukuutara #exploretidore #exploretobelo #exploretobelieve #explorejailolo #exploreweda #explorebacan #exploremorotai #exploreternateindonesia #ternatevideo #ternate #ternateisland #fajakeho #statusternate",Image,2025-12-02 05:21:37+00:00,6.0,0,0.0,Distro Irbox Ngidi,irboxternate,2026-06-03,Apify Instagram Scraper,6.0,2025-12-02
Morotai,#exploremorotai,https://www.instagram.com/p/DRv8QxVEppV/,DRv8QxVEppV,".
RINGER TAP TSHIRT
ORIGINAL BRAND
.
KUALITAS SANGAT BAGUS
.
PRICE : Rp165.000
FOLLOWERS: Rp155.000
🔥🔥🔥💪💪💪
.
ORDER..?
⬇⬇⬇
⬇⬇⬇
.
 IG : @irboxternate
WA: +6282189568910

ALAMAT DISTRO IRBOX DI NGIDI TERNATE, DARI SDLB NGIDI SARAGOUS KE BARAT (KA DARA) SEKITAR 7 RUMAH POSISI DISTRO IRBOX KANAN JALAN SAMPING WARUNG MASAKAN PADANG PAS DEPAN RUMAH TINGKAT YG PAGAR MIRIP PURA BALI

#distoirbox #irbox #irboxternate #distroternate #exploreternate #exploremaluku #exploremalut #exploremalukuutara #exploretidore #exploretobelo #exploretobelieve #explorejailolo #exploreweda #explorebacan #exploremorotai #exploreternateindonesia #ternatevideo #ternate #ternateisland #fajakeho #statusternate",Image,2025-12-02 05:19:17+00:00,6.0,0,0.0,Distro Irbox Ngidi,irboxternate,2026-06-03,Apify Instagram Scraper,6.0,2025-12-02
Morotai,#morotai,https://www.instagram.com/p/DZCyn_QmTAk/,DZCyn_QmTAk,"KOMITMEN WUJUDKAN NILAI LUHUR PANCASILA, KEPALA LOKA POM DI KAB. PULAU MOROTAI HADIRI UPACARA PERINGATAN HARI LAHIR PANCASILA 1 JUNI 2026

Kepala Loka POM di Kab. Pulau Morotai menghadiri Upacara Peringatan Hari Lahir Pancasila 1 Juni 2026 di Halaman Kantor Bupati Pulau Morotai, Jln. Jacoeb Mansyoer, Desa Gotalamo, Kec, Morotai Selatan. Kegiatan Upacara Peringatan Hari Lahir Pancasila dihadiri oleh Sekretaris Daerah Pulau Morotai, Forum  Koordinasi Pemerintah Daerah (Forkopimda), Organisasi Perangkat Daerah Kab. Pulau Morotai, TNI angkatan Darat, TNI Angkatan Laut, TNI Angkatan Udara, Polres Pulau Morotai, Dinas Perhubungan, Satuan Polisi Pamong Praja, ASN Kab. Pulau Morotai, dan Anggota Pramuka Kwartir Cabang Pulau Morotai. 

Kegiatan ini bertujuan agar menjadi refleksi untuk menguatkan kembali nilai-nilai luhur Pancasila dalam melaksanakan tugas pengawasan Sediaan Farmasi dan Pangan Olahan di Wilayah Kab. Pulau Morotai dan Halmahera Utara.

#BPOMRI
#LokaPOMMorotai
#Pancasila
#Morotai
#Dodola",Sidecar,2026-06-01 12:40:24+00:00,5.0,0,0.0,,bpom.pulaumorotai,2026-06-03,Apify Instagram Scraper,5.0,2026-06-01
Morotai,#morotai,https://www.instagram.com/p/DY-xifIS7I9/,DY-xifIS7I9,"Salam Sehat 🙏💚

Direktur dan Seluruh staf RSUD Sultan H Mudaffar Sjah mengucapkan Selamat Hari Raya Waisak 2570 BE / 2026 M

Salam sehat dari torang sahabat RSultan 🏥

-SULTAN-
Siap, Unggul, Loyal, Terampil, Amanah, Nyaman

#rsudshmspulaumorotai #pulaumorotai #Morotai #rsudsultanhmudaffarsjah #rsudmorotai",Image,2026-05-30 23:15:43+00:00,5.0,0,0.0,"Desa Pangeo, Morotai Jaya, Maluku Utara, Indonesia",rsudsmudaffarsjah.official,2026-06-03,Apify Instagram Scraper,5.0,2026-05-30
Morotai,#morotai,https://www.instagram.com/p/DY5qUG_AYUj/,DY5qUG_AYUj,"Keluarga Besar Pengadilan Agama Morotai di Tobelo Mengucapkan:

Selamat dan Sukses
Atas Pelantikan dan Pengambilan Sumbah Jabatan

YM. Muhammad Taufiq Torano, S.H.I., M.H.
Sebagai Ketua Pengadilan Agama Labuha

Semoga selalu diberikan kemudahan, kebijaksanaan dan keteguhan hati dalam menjalankan amanah dan tanggung jawab

-------------------------
Informasi lengkap kunjungi website
www.pa-morotai.go.id

@humasmahkamahagung
@ditjenbadilagmari
@pta_maluku_utara
@palabuhahalsel 

#pelantikan
#pengadilantinggiagama
#bawasmari
#pengadilanagama
#PASerui
#PALabuha
#PTAMalukuUtara
#DitjenBadilagMARI
#MahkamahAgungRI
#BERIMAN
#BerAkhlak
#Bacan
#Morotai
#halmaherautara",Image,2026-05-28 23:34:37+00:00,5.0,0,0.0,,pa_morotai,2026-06-03,Apify Instagram Scraper,5.0,2026-05-28
Morotai,#wisatamorotai,https://www.instagram.com/p/DWTnDNzkhgV/,DWTnDNzkhgV,"Kalau cari tempat yang indah tapi malas perjalanan jauh, tanjung batu adalah jawabannya. Wisata Tanjung Batu menawarkan definisi cantik yang sederhana. Tak perlu harus mendaki, tak perlu lelah, cukup datang, duduk dan nikmati ciptaan Tuhan yang luar biasa ini.

#TanjungBatu #SangowoTimur #MorotaiTimur #WisataMorotai",Sidecar,2026-03-25 11:52:10+00:00,5.0,0,0.0,,cilfan_jaguna,2026-06-03,Apify Instagram Scraper,5.0,2026-03-25
Morotai,#wisatamorotai,https://www.instagram.com/p/DJS8vLGyD3p/,DJS8vLGyD3p,"Situs Air Kaca di Pulau Morotai, Maluku Utara, adalah sebuah kolam alami yang terkenal karena kejernihan airnya yang luar biasa, sehingga dasar kolam terlihat jelas seperti kaca. Terletak di tengah hutan Desa Wamama, tempat ini tidak hanya memikat secara visual, tetapi juga menyimpan nilai sejarah dan spiritual yang tinggi bagi masyarakat setempat. Sebelum dikenal luas, Air Kaca telah digunakan oleh suku Moro sebagai tempat ritual, pengobatan, dan meditasi, yang mereka yakini memiliki kekuatan mistis dan penyembuhan.

Peran penting Air Kaca muncul pada masa Perang Dunia II, ketika menjadi sumber air minum dan tempat peristirahatan bagi pasukan Sekutu, termasuk Jenderal Douglas MacArthur. Konon, MacArthur sering datang ke sini untuk mandi dan merenung, bahkan dipercaya dapat melihat pertanda kemenangan melalui pantulan airnya. Setelah lama terlupakan, situs ini kembali dikenal sejak 2009 berkat upaya warga lokal yang merawatnya dan menemukan sisa peninggalan perang. Kini, Air Kaca menjadi destinasi wisata sejarah yang menarik, memadukan keindahan alam, jejak sejarah militer, dan tradisi spiritual lokal.
#AirKacaMorotai
#WisataMorotai
#ExploreMorotai
#VisitMorotai
#PesonaMalukuUtara
#WonderfulIndonesia
#JejakMacArthur
#WWIIHeritage
#WisataSejarah
#CagarBudayaMorotai
#SejarahPerangDunia2
#MataAirBerkah
#AirKacaBertuah
#WisataSpiritual
#LegendaAirKaca
#HiddenGemIndonesia
#NatureEscape
#AirJernih
#WisataAlamMorotai",Image,2025-05-06 02:54:18+00:00,5.0,0,0.0,,kebunhobbit,2026-06-03,Apify Instagram Scraper,5.0,2025-05-06
Morotai,#exploremorotai,https://www.instagram.com/p/DWBHLOJkm81/,DWBHLOJkm81,"Surga di Timur Indonesia memanggil! 🌊🌴 Tapi, gimana sih cara menuju ke sana?

Percayalah, perjalanan ke Morotai itu sendiri adalah bagian dari petualangan. Buat kamu yang mau ke sini, ada 3 jalur yang bisa dipilih sesuai gaya traveling kamu:

1️⃣ Jalur Udara buat si Anti-Ribet ✈️ Start dari Manado atau Ternate. Tapi ingat ya, penerbangan ke Morotai ini spesial banget karena cuma ada di hari RABU! Cocok buat kamu yang kebetulan itinerary-nya pas.

2️⃣ Kapal Malam buat si Penikmat Senja ⛴️🌌
Start dari Pelabuhan Ahmad Yani di Ternate. Kapal berangkat jam 8 malam WIT. Kamu bisa tidur nyenyak selama perjalanan 12 jam, dan voila! Bangun-bangun jam 8 pagi udah disambut hangatnya matahari di Pelabuhan Daruba, Morotai. Hemat waktu dan biaya penginapan semalam!

3️⃣ Jalur Lintas buat si Jiwa Roadtrip 🚤🚙
Ini rute paling dinamis! Dari Ternate naik speedboat ke Pelabuhan Sofifi, lanjut perjalanan darat (mobil) ke Pelabuhan Tobelo, terus nyebrang lagi pakai speedboat langsung ke Morotai. Total perjalanan sekitar 6 jam. Lelah? Pasti. Tapi pemandangannya juara!

Kamu tipe traveler yang mana nih? Tim Pesawat, Tim Kapal Malam, atau Tim Lintas? Coba komen di bawah! 👇✨

#Morotai #ExploreMorotai #MalukuUtara #PesonaIndonesia #TravelTips JelajahNusantara",Sidecar,2026-03-18 07:27:18+00:00,5.0,0,0.0,,jababekamorotai,2026-06-03,Apify Instagram Scraper,5.0,2026-03-18
Morotai,#exploremorotai,https://www.instagram.com/p/DTcOu8QEsDu/,DTcOu8QEsDu,"🚨 GET 1 FREE NIGHT! LIBURAN MEWAH, HARGA HEMAT! 🚨

Ini bukan mimpi, ini waktunya kamu healing ke Morotai! 🏝️✨

Kapan lagi bisa liburan puas tapi dompet tetap aman? Dapatkan promo spesial STAY 3 PAY 2 (Minimal booking 3 malam, Gratis 1 malam!). Berlaku juga untuk durasi yang lebih lama, lho. Semakin lama menginap, semakin untung!

Bayangkan momen ini jadi milikmu: 🏡 Bangun tidur disambut suasana cottage yang asri. 🐠 Snorkeling seru ditemani ikan-ikan cantik seharian. 🍽️ Tutup harimu dengan romantic dinner di tepi pantai.

Fasilitas juara, aktivitas seru, dan pastinya MALAM TERAKHIRMU GRATIS! 😍

🔥 Promo Terbatas! Amankan Tanggalmu Sekarang: 📞 0852-1190-3358 📞 0812-7180-3012 📞 0852-8222-2330

#DalohaResort #Morotai #PromoHotel #LiburanMurah #ExploreMorotai StaycationMorotai BeachResort",Sidecar,2026-01-13 06:38:40+00:00,5.0,0,0.0,,jababekamorotai,2026-06-03,Apify Instagram Scraper,5.0,2026-01-13
Morotai,#exploremorotai,https://www.instagram.com/p/DRv8bBqEo9k/,DRv8bBqEo9k,".
RINGER TAP TSHIRT
ORIGINAL BRAND
.
KUALITAS SANGAT BAGUS
.
PRICE : Rp165.000
FOLLOWERS: Rp155.000
🔥🔥🔥💪💪💪
.
ORDER..?
⬇⬇⬇
⬇⬇⬇
.
 IG : @irboxternate
WA: +6282189568910

ALAMAT DISTRO IRBOX DI NGIDI TERNATE, DARI SDLB NGIDI SARAGOUS KE BARAT (KA DARA) SEKITAR 7 RUMAH POSISI DISTRO IRBOX KANAN JALAN SAMPING WARUNG MASAKAN PADANG PAS DEPAN RUMAH TINGKAT YG PAGAR MIRIP PURA BALI

#distoirbox #irbox #irboxternate #distroternate #exploreternate #exploremaluku #exploremalut #exploremalukuutara #exploretidore #exploretobelo #exploretobelieve #explorejailolo #exploreweda #explorebacan #exploremorotai #exploreternateindonesia #ternatevideo #ternate #ternateisland #fajakeho #statusternate",Image,2025-12-02 05:20:41+00:00,5.0,0,0.0,Distro Irbox Ngidi,irboxternate,2026-06-03,Apify Instagram Scraper,5.0,2025-12-02
Morotai,#pulaumorotai,https://www.instagram.com/p/DZHP3OwGU4n/,DZHP3OwGU4n,"LOKA POM DI KABUPATEN PULAU MOROTAI LAKSANAKAN UPACARA PERINGATAN HARI LAHIR PANCASILA 1 JUNI 2026

Senin (1/6/2026), Loka POM di Kabupaten Pulau Morotai melaksanakan Upacara Bendera dalam rangka Peringatan Hari Lahir Pancasila Tahun 2026 yang dilaksanakan di halaman Kantor Loka POM di Kab. Pulau Morotai. Kegiatan ini diikuti oleh ASN dan _Outsourcing_ di lingkungan Loka POM di Kab. Pulau Morotai. Tujuan diselenggarakan kegiatan ini adalah memperkuat persatuan melalui pengamalan nilai – nilai Pancasila, mewujudkan keadilan sosial, serta mendukung perdamaian dan kerjasama internasional sesuai dengan tema Peringatan Hari Lahir Pancasila tahun ini “Pancasila Pemersatu Bangsa Fondasi Perdamaian Dunia”.

#BPOMRI
#LokaPOMPulauMorotai
#HariPancasila
#PulauMorotai",Sidecar,2026-06-03 06:12:51+00:00,4.0,0,0.0,,bpom.pulaumorotai,2026-06-03,Apify Instagram Scraper,4.0,2026-06-03
Morotai,#pulaumorotai,https://www.instagram.com/p/DZFdbxyoHoW/,DZFdbxyoHoW,"Hal itu disampaikan Wakil Ketua II DPRD Kota Ternate, Jamian Kolengsusu, usai memimpin rapat dengar pendapat (RDP) bersama perwakilan pedagang, organisasi angkutan, dan OPD terkait di Gedung DPRD Kota Ternate, Selasa, 2 Juni 2026.

Menurut Jamian, rapat tersebut turut dihadiri perwakilan Asosiasi Pengusaha Indonesia (Apindo), Asosiasi Pedagang Pasar Seluruh Indonesia (APSI/APC), serta Ikatan Solidaritas Angkutan Penumpang (ISAP). Kehadiran pedagang dalam jumlah cukup besar menunjukkan tingginya perhatian terhadap rencana penataan tersebut.

“Dari pihak pedagang buah, ada sejumlah aspirasi yang disampaikan kepada pemerintah kota. Salah satunya meminta agar pelaksanaan penataan ditunda sementara waktu,” kata Jamian.

Meski demikian, ia menegaskan bahwa program penataan kawasan Pasar Gamalama tetap akan dilaksanakan karena merupakan bagian dari kesepakatan antara Pemerintah Kota Ternate dan DPRD dalam upaya menata wajah kota.

Namun, Jamian mengingatkan OPD teknis agar tidak bekerja secara sepihak. Ia meminta seluruh instansi terkait membangun komunikasi yang intensif dengan organisasi pedagang maupun angkutan agar proses penataan berjalan lancar dan dipahami semua pihak.

“Kami meminta OPD teknis wajib berkoordinasi dengan APC maupun ISAP. Mereka harus mengetahui secara transparan tujuan dan mekanisme penataan yang akan dilakukan. Yang terpenting, jangan sampai ada masyarakat yang dirugikan dalam proses ini,” tegasnya.

---
Baca Selengkapnya di: website cermat.co.id
#news #kabardaerah #malukuutara #ternate #tidore #bacan #jailolo #tobelo #galela #halmahera #halmaherautara #halmaheraselatan #halmaherabarat #halmaheratengah #halmaheratimur #sorotan #pulaumorotai #pilautaliabu #pulauhiri #kepulauansula #sanana #makian #moti #pulaubatangdua #beritaharian #beritaonline #instanews #follow ##líkeforlíkes",Image,2026-06-02 13:32:58+00:00,4.0,0,0.0,,ceritamalut,2026-06-03,Apify Instagram Scraper,4.0,2026-06-02
Morotai,#pulaumorotai,https://www.instagram.com/p/DYzWckauJsq/,DYzWckauJsq,"Salam Sehat 🙏💚

Direktur dan Seluruh staf RSUD Sultan H Mudaffar Sjah mengucapkan Selamat Hari Raya Idul Adha 1447H

Salam sehat dari torang sahabat RSultan 🏥

-SULTAN-
Siap, Unggul, Loyal, Terampil, Amanah, Nyaman

#rsudshmspulaumorotai #pulaumorotai #Morotai #rsudsultanhmudaffarsjah #rsudmorotai",Image,2026-05-26 12:46:40+00:00,4.0,0,0.0,"Desa Pangeo, Morotai Jaya, Maluku Utara, Indonesia",rsudsmudaffarsjah.official,2026-06-03,Apify Instagram Scraper,4.0,2026-05-26
Morotai,#wisatamorotai,https://www.instagram.com/p/DJQFC2sSsU6/,DJQFC2sSsU6,"Pulau Dodola, terletak di Kabupaten Pulau Morotai, Maluku Utara, adalah destinasi wisata bahari yang menakjubkan dengan keindahan alamnya yang masih alami. Pulau ini terdiri dari dua bagian: Dodola Besar dan Dodola Kecil, yang terhubung oleh hamparan pasir putih saat air laut surut, menciptakan fenomena unik yang memikat para wisatawan . Air lautnya yang jernih dan dangkal memungkinkan pengunjung untuk menikmati snorkeling dan diving, dengan pemandangan terumbu karang yang indah dan beragam biota laut . Selain keindahan alam, Pulau Dodola juga memiliki nilai sejarah sebagai saksi bisu pertempuran antara pasukan Sekutu dan Jepang selama Perang Dunia II, dengan bangkai kapal dan pesawat yang masih dapat ditemukan di sekitar perairannya . Akses ke pulau ini dapat ditempuh dengan perjalanan laut sekitar 20–30 menit dari Kota Daruba menggunakan speedboat.
#PulauDodola
#Morotai
#ExploreMorotai
#WisataMorotai
#PulauDodolaMorotai
#PesonaMorotai
#VisitMorotai
#HiddenParadise
#PulauEksotis
#DiscoverMorotai
#WonderfulIndonesia
#WisataAlamMorotai
#KeindahanMorotai
#PulauTropis
#MalukuUtara",Image,2025-05-05 00:09:10+00:00,4.0,0,0.0,,kebunhobbit,2026-06-03,Apify Instagram Scraper,4.0,2025-05-05
Morotai,#exploremorotai,https://www.instagram.com/p/DR4CbIPEjsc/,DR4CbIPEjsc,".
TSHIRT
ORIGINAL BRAND
.
KUALITAS SANGAT BAGUS
.
PRICE : Rp155.000
FOLLOWERS: Rp145.000
🔥🔥🔥💪💪💪
.
ORDER..?
⬇⬇⬇
⬇⬇⬇
.
 IG : @irboxternate
WA: +6282189568910

ALAMAT DISTRO IRBOX DI NGIDI TERNATE, DARI SDLB NGIDI SARAGOUS KE BARAT (KA DARA) SEKITAR 7 RUMAH POSISI DISTRO IRBOX KANAN JALAN SAMPING WARUNG MASAKAN PADANG PAS DEPAN RUMAH TINGKAT YG PAGAR MIRIP PURA BALI

#distoirbox #irbox #irboxternate #distroternate #exploreternate #exploremaluku #exploremalut #exploremalukuutara #exploretidore #exploretobelo #exploretobelieve #explorejailolo #exploreweda #explorebacan #exploremorotai #exploreternateindonesia #ternatevideo #ternate #ternateisland #fajakeho #statusternate",Image,2025-12-05 08:47:03+00:00,4.0,0,0.0,Distro Irbox Ngidi,irboxternate,2026-06-03,Apify Instagram Scraper,4.0,2025-12-05
Morotai,#morotai,https://www.instagram.com/p/DZGmP6bk9jB/,DZGmP6bk9jB,"Info selengapnya silahkan hubungi kita via DM atau bisa kunjungi tempat kita di alamat yang sudah tertera di bio

#halmaherautara #halmaheraselatan #halmaheratimur #halmaherabarat #morotai",Sidecar,2026-06-03 00:09:13+00:00,3.0,0,0.0,Bintang Timur Motor Tobelo,bintangtimurmotortobelo,2026-06-03,Apify Instagram Scraper,3.0,2026-06-03
Morotai,#morotai,https://www.instagram.com/p/DY_I0T1tqnt/,DY_I0T1tqnt,"SELAMAT HARI RAYA WAISAK

Selamat Hari Raya Waisak. Semoga kedamaian, kebijaksanaan, dan cinta kasih selalu menyertai kita semua

#BPOMRI
#LokaPOMMorotai
##Waisak
#Morotai",Image,2026-05-31 02:37:23+00:00,3.0,0,0.0,,bpom.pulaumorotai,2026-06-03,Apify Instagram Scraper,3.0,2026-05-31
Morotai,#wisatamorotai,https://www.instagram.com/p/DHFylNUPw4k/,DHFylNUPw4k,"Cekrek 📸
................................... 

#Nunuhu Beach
#wisatamorotai 
#morotaiisland",Sidecar,2025-03-12 07:12:39+00:00,3.0,0,0.0,,chyci_ty,2026-06-03,Apify Instagram Scraper,3.0,2025-03-12
Morotai,#wisatamorotai,https://www.instagram.com/p/DBacHpTTFMK/,DBacHpTTFMK,"#wisatamorotai 
#airterjunraja",Sidecar,2024-10-22 04:32:03+00:00,3.0,0,0.0,,m_j4bir,2026-06-03,Apify Instagram Scraper,3.0,2024-10-22
Morotai,#exploremorotai,https://www.instagram.com/p/DXJiytZkiOw/,DXJiytZkiOw,"PENGUMUMAN PEMENANG LOMBA KONTEN PERJALANAN MOROTAI FUN RUN 10K 2026 🏃‍♂️📸

​Inilah 5 Kreator Terbaik yang berhasil menangkap keseruan dan keindahan momen Morotai Fun Run 10K! Selamat kepada:
​aditt (@adittyusupp)
​Utami A (@utamialisan5)
​@dinyrhmdny
​_its.adam (@its.adam)
​Nonamanis (@nonaikaa)

​Informasi Pengambilan Hadiah:
Bagi para pemenang, hadiah dapat diambil langsung di Kantor Sekretariat Fun Run 10K
📍Dinas Pariwisata Kabupaten Pulau Morotai
⏰ Waktu: Selama jam kerja berlangsung.

​Terima kasih kepada seluruh peserta yang telah berpartisipasi. Sampai jumpa di event seru berikutnya! 🌴✨
​#MorotaiFunRun2026 #VisitMorotai #LombaKontenPerjalanan #Morotai10K #ExploreMorotai",Image,2026-04-15 10:34:00+00:00,-1.0,4,0.0,"Pulau Morotai, Maluku Utara",dispar.morotai,2026-06-03,Apify Instagram Scraper,3.0,2026-04-15
Morotai,#exploremorotai,https://www.instagram.com/p/DSZtFxqEuO2/,DSZtFxqEuO2,".
TSHIRT
ORIGINAL BRAND
.
KUALITAS SANGAT BAGUS
.
PRICE : Rp155.000
FOLLOWERS: Rp145.000
🔥🔥🔥💪💪💪
.
ORDER..?
⬇⬇⬇
⬇⬇⬇
.
 IG : @irboxternate
WA: +6282189568910

ALAMAT DISTRO IRBOX DI NGIDI TERNATE, DARI SDLB NGIDI SARAGOUS KE BARAT (KA DARA) SEKITAR 7 RUMAH POSISI DISTRO IRBOX KANAN JALAN SAMPING WARUNG MASAKAN PADANG PAS DEPAN RUMAH TINGKAT YG PAGAR MIRIP PURA BALI

#distoirbox #irbox #irboxternate #distroternate #exploreternate #exploremaluku #exploremalut #exploremalukuutara #exploretidore #exploretobelo #exploretobelieve #explorejailolo #exploreweda #explorebacan #exploremorotai #exploreternateindonesia #ternatevideo #ternate #ternateisland #fajakeho #statusternate",Image,2025-12-18 10:34:48+00:00,3.0,0,0.0,Distro Irbox Ngidi,irboxternate,2026-06-03,Apify Instagram Scraper,3.0,2025-12-18
Morotai,#exploremorotai,https://www.instagram.com/p/DR4CWi-kntS/,DR4CWi-kntS,".
TSHIRT
ORIGINAL BRAND
.
KUALITAS SANGAT BAGUS
.
PRICE : Rp155.000
FOLLOWERS: Rp145.000
🔥🔥🔥💪💪💪
.
ORDER..?
⬇⬇⬇
⬇⬇⬇
.
 IG : @irboxternate
WA: +6282189568910

ALAMAT DISTRO IRBOX DI NGIDI TERNATE, DARI SDLB NGIDI SARAGOUS KE BARAT (KA DARA) SEKITAR 7 RUMAH POSISI DISTRO IRBOX KANAN JALAN SAMPING WARUNG MASAKAN PADANG PAS DEPAN RUMAH TINGKAT YG PAGAR MIRIP PURA BALI

#distoirbox #irbox #irboxternate #distroternate #exploreternate #exploremaluku #exploremalut #exploremalukuutara #exploretidore #exploretobelo #exploretobelieve #explorejailolo #exploreweda #explorebacan #exploremorotai #exploreternateindonesia #ternatevideo #ternate #ternateisland #fajakeho #statusternate",Image,2025-12-05 08:46:25+00:00,3.0,0,0.0,Distro Irbox Ngidi,irboxternate,2026-06-03,Apify Instagram Scraper,3.0,2025-12-05
Morotai,#exploremorotai,https://www.instagram.com/p/DRqwx_jEji7/,DRqwx_jEji7,".
RINGER TSHIRT
ORIGINAL BRAND
.
KUALITAS SANGAT BAGUS
.
PRICE : Rp16000
FOLLOWERS: Rp150.000
🔥🔥🔥💪💪💪
.
ORDER..?
⬇⬇⬇
⬇⬇⬇
.
 IG : @irboxternate
WA: +6282189568910

ALAMAT DISTRO IRBOX DI NGIDI TERNATE, DARI SDLB NGIDI SARAGOUS KE BARAT (KA DARA) SEKITAR 7 RUMAH POSISI DISTRO IRBOX KANAN JALAN SAMPING WARUNG MASAKAN PADANG PAS DEPAN RUMAH TINGKAT YG PAGAR MIRIP PURA BALI

#distoirbox #irbox #irboxternate #distroternate #exploreternate #exploremaluku #exploremalut #exploremalukuutara #exploretidore #exploretobelo #exploretobelieve #explorejailolo #exploreweda #explorebacan #exploremorotai #exploreternateindonesia #ternatevideo #ternate #ternateisland #fajakeho #statusternate",Image,2025-11-30 05:02:45+00:00,3.0,0,0.0,Distro Irbox Ngidi,irboxternate,2026-06-03,Apify Instagram Scraper,3.0,2025-11-30
Morotai,#morotai,https://www.instagram.com/p/DY3-Bh8lOKD/,DY3-Bh8lOKD,"Pantai desa Maba Kecamatan Morotai Utara 
#morotai #pesisirpantai",Sidecar,2026-05-28 07:48:21+00:00,2.0,0,0.0,,ekoyuliyanto352,2026-06-03,Apify Instagram Scraper,2.0,2026-05-28
Morotai,#morotai,https://www.instagram.com/p/DY34pS0FNGo/,DY34pS0FNGo,"Bahagia sederhana, kenangan yang tak ternilai. 🇩🇪🏖️. 
#jerman #pialadunia #morotai",Image,2026-05-28 07:01:22+00:00,2.0,0,0.0,,ekoyuliyanto352,2026-06-03,Apify Instagram Scraper,2.0,2026-05-28
Morotai,#pulaumorotai,https://www.instagram.com/p/DZFeJ5ODV5L/,DZFeJ5ODV5L,"Melalui strategi financing city, Tim Anggaran Pemerintah Daerah (TAPD) mulai mengoptimalkan potensi kontribusi Badan Usaha Milik Daerah (BUMD) sebagai sumber pendapatan daerah.

Salah satu yang menjadi perhatian adalah Perumda Air Minum (PAM) Ake Gaale yang dinilai memiliki kondisi keuangan cukup sehat untuk mulai menyetor dividen kepada pemerintah daerah.

Ketua TAPD, Thamrin Marsaoly mengungkapkan hal tersebut usai mengikuti Rapat Dengar Pendapat (RDP) antara Badan Anggaran DPRD dan TAPD di Gedung DPRD Kota Ternate, Selasa, 2 Juni 2026.

Dalam rapat tersebut, TAPD turut menghadirkan sejumlah Organisasi Perangkat Daerah (OPD) pengelola pendapatan, di antaranya Badan Pengelola Pajak dan Retribusi Daerah (BP2RD), Dinas Perindustrian dan Perdagangan (Disperindag), serta Dinas Perhubungan.

Menurut Thamrin, salah satu fokus pembahasan adalah memastikan target PAD Kota Ternate tahun 2026 sebesar Rp159 miliar dapat tercapai hingga akhir tahun anggaran.

“DPRD menjalankan fungsi pengawasan agar realisasi pendapatan tidak meleset dari target. Kami bersama DPRD terus mencari dan mengoptimalkan potensi-potensi pendapatan daerah,” ujarnya.

Hingga 1 Juni 2026, realisasi penerimaan pajak daerah telah mencapai sekitar 54 persen dari target yang ditetapkan. Untuk meningkatkan penerimaan, Pemkot Ternate juga mengandalkan implementasi Peraturan Daerah tentang Pajak Sarang Burung Walet serta optimalisasi penerimaan Bea Perolehan Hak atas Tanah dan Bangunan (BPHTB).

---
Baca Selengkapnya di: website cermat.co.id
#news #kabardaerah #malukuutara #ternate #tidore #bacan #jailolo #tobelo #galela #halmahera #halmaherautara #halmaheraselatan #halmaherabarat #halmaheratengah #halmaheratimur #sorotan #pulaumorotai #pilautaliabu #pulauhiri #kepulauansula #sanana #makian #moti #pulaubatangdua #beritaharian #beritaonline #instanews #follow ##líkeforlíkes",Image,2026-06-02 13:39:15+00:00,2.0,0,0.0,,ceritamalut,2026-06-03,Apify Instagram Scraper,2.0,2026-06-02
Morotai,#morotai,https://www.instagram.com/p/DZETY1JTtCe/,DZETY1JTtCe,"Tiga pria berinisial MIL, JAP, dan RVD diamankan oleh Satreskrim Polres Pulau Morotai terkait dugaan kasus pencurian sepeda motor (curanmor) yang terjadi di Desa Yayasan, Kecamatan Morotai Selatan.

Setelah menerima laporan dan melakukan penyelidikan, polisi berhasil melacak para terduga pelaku dan menangkap mereka pada 31 Mei 2026 sekitar pukul 04.30 WIT di Desa Gotalamo. Dalam penangkapan tersebut, polisi turut mengamankan satu unit Yamaha Mio M3 warna abu-abu yang diduga merupakan hasil tindak pidana pencurian.

Ketiga terduga pelaku kemudian dibawa ke Polres Pulau Morotai untuk menjalani pemeriksaan dan proses hukum lebih lanjut, sementara kendaraan yang diamankan dijadikan barang bukti dalam penyelidikan kasus tersebut.

source : tandaseru.com

images created by Ai

#morotai
#malukuutara",Image,2026-06-02 02:46:00+00:00,1.0,0,0.0,"Daruba, Morotai Selatan",morotaivibe,2026-06-03,Apify Instagram Scraper,1.0,2026-06-02
Morotai,#morotai,https://www.instagram.com/p/DZBX9-SDpTO/,DZBX9-SDpTO,Pasukan Turing keliling morotai Morotai jaya 😱🏍️🏍️ #foto #fyp #turing #morotai,Sidecar,2026-05-31 23:28:14+00:00,1.0,0,0.0,"Hapo, Maluku, Indonesia",agustiani7699,2026-06-03,Apify Instagram Scraper,1.0,2026-05-31
Morotai,#morotai,https://www.instagram.com/p/DZAX7IyOX6r/,DZAX7IyOX6r,"[Informasi]
Pelayanan poliklinik akan buka kembali pada hari Selasa, 02 Juni 2026 ya, semoga sehat selalu 🙏🏻

Salam Sehat 🙏💚
Selamat Hari Lahir Pancasila

Salam sehat dari torang sahabat RSultan 🏥

-SULTAN-
Siap, Unggul, Loyal, Terampil, Amanah, Nyaman

#rsudshmspulaumorotai #pulaumorotai #Morotai #rsudsultanhmudaffarsjah #rsudmorotai",Image,2026-05-31 14:11:50+00:00,1.0,0,0.0,"Desa Pangeo, Morotai Jaya, Maluku Utara, Indonesia",rsudsmudaffarsjah.official,2026-06-03,Apify Instagram Scraper,1.0,2026-05-31
Morotai,#pulaumorotai,https://www.instagram.com/p/DZCyJNJEVjn/,DZCyJNJEVjn,"Kegiatan yang berlangsung pada 1 Juni 2026 di Aula Poltekkes Kemenkes Ternate itu diawali dengan seremoni pembukaan, penampilan tarian daerah, serta sambutan dari panitia dan pengurus organisasi yang telah demisioner. Setelah itu, peserta mengikuti rangkaian sidang organisasi yang menjadi agenda utama musyawarah.

Ketua Panitia Musda VII Persagi dan Musda I Asdi Maluku Utara, Rully Agung Pratama, S.Gz., mengatakan sidang pertama difokuskan pada penyampaian laporan pertanggungjawaban kepengurusan sebelumnya dari kedua organisasi.

“Setelah laporan pertanggungjawaban diterima, kegiatan dilanjutkan dengan sidang komisi yang membahas program kerja lima tahun ke depan serta sejumlah rekomendasi organisasi,” ujar Rully.

Ia menjelaskan, proses penjaringan calon ketua telah dimulai sekitar satu bulan sebelum pelaksanaan musyawarah. Panitia mengirimkan tautan penjaringan kepada seluruh Dewan Pimpinan Cabang (DPC) Persagi di kabupaten dan kota se-Maluku Utara.

Dari proses tersebut, sejumlah nama diusulkan sebagai kandidat. Namun setelah melalui tahapan seleksi dan pertimbangan organisasi, Fahmil dan Irma Ibrahim dinilai sebagai figur yang paling siap melanjutkan estafet kepemimpinan.

---
Baca Selengkapnya di: website cermat.co.id
#news #kabardaerah #malukuutara #ternate #tidore #bacan #jailolo #tobelo #galela #halmahera #halmaherautara #halmaheraselatan #halmaherabarat #halmaheratengah #halmaheratimur #sorotan #pulaumorotai #pilautaliabu #pulauhiri #kepulauansula #sanana #makian #moti #pulaubatangdua #beritaharian #beritaonline #instanews #follow ##líkeforlíkes",Image,2026-06-01 12:36:12+00:00,1.0,0,0.0,,ceritamalut,2026-06-03,Apify Instagram Scraper,1.0,2026-06-01
Morotai,#pulaumorotai,https://www.instagram.com/p/DZCtLyBlkSG/,DZCtLyBlkSG,"Setelah menyaksikan semangat Hainan secara langsung, saya optimis bahwa kita semua bisa belajar dari mereka. Bukan berarti kita harus meniru persis kebijakan China, tetapi kita perlu meniru esensinya: kerja keras yang tidak banyak tingkah, disiplin riset yang tinggi, dan visi pembangunan yang berkelanjutan. Indonesia, dengan segala potensi sumber daya alam dan manusianya, sangat mungkin untuk melangkah lebih jauh.

Kita dapat jadikan Hainan sebagai cermin, bukan untuk sekadar dikagumi, tetapi untuk memantik api perubahan di tanah air. Seperti kata pepatah China, “Perjalanan seribu mil dimulai dari langkah pertama.” Transfer pengetahuan, teknologi dan etos kerja dari China cukup bagus untuk kemajuan riset dan inovasi kita.

---
Baca Selengkapnya di: website cermat.co.id
#perspektif #kabardaerah #malukuutara #ternate #tidore #bacan #jailolo #tobelo #galela #halmahera #halmaherautara #halmaheraselatan #halmaherabarat #halmaheratengah #halmaheratimur #sorotan #pulaumorotai #pilautaliabu #pulauhiri #kepulauansula #sanana #makian #moti #pulaubatangdua #beritaharian #beritaonline #instanews #follow ##líkeforlíkes",Sidecar,2026-06-01 11:52:51+00:00,1.0,0,0.0,,ceritamalut,2026-06-03,Apify Instagram Scraper,1.0,2026-06-01
Morotai,#morotai,https://www.instagram.com/p/DZE8pczlMkl/,DZE8pczlMkl,"Achmad Zhaydan Rope gunting rambut persiapan semester kenaikan kelas. 
#morotai #potongrambut #gayarambut",Image,2026-06-02 08:46:28+00:00,0.0,0,0.0,,ekoyuliyanto352,2026-06-03,Apify Instagram Scraper,0.0,2026-06-02
Morotai,#morotai,https://www.instagram.com/p/DZEPV5xFO6D/,DZEPV5xFO6D,"Kembali ke Laptop 😄, kerja kerja kerja 
#duniakerja #ruangkerja #morotai",Image,2026-06-02 02:10:35+00:00,0.0,0,0.0,,ekoyuliyanto352,2026-06-03,Apify Instagram Scraper,0.0,2026-06-02
Morotai,#morotai,https://www.instagram.com/p/DY6BDMuxotm/,DY6BDMuxotm,"Bandara Perintis di Morotai: Menghubungkan Pulau Sejarah dengan Ibukota

Bandara Pitu di Pulau Morotai bukan sekadar infrastruktur; ia adalah urat nadi kehidupan yang menghubungkan pulau terpencil dan kaya sejarah dengan Ibukota. Suara warga dan kondisi lapangan menggambarkan konektivitas udara sebagai tali penyambung hidup di garis depan. Kehadiran negara di sini memperkuat bahwa setiap jengkal wilayah Indonesia tetap terjaga dan tersambung.

Di ujung paling utara Indonesia, di Pulau Morotai yang menyimpan jejak sejarah Perang Dunia II, sebuah landasan pacu sepanjang 1.800 meter bernama Bandara Pitu membentang tepat di tepi pantai. Laut biru kehijauan berkilau di bawah matahari, beradu dengan suara pesawat perintis bersayap ganda yang mendarat dan lepas landas dengan ritme yang teratur. Bandara ini bukan sekadar bangunan; ia adalah urat nadi kehidupan bagi Morotai, menghubungkan pulau yang secara geografis terisolasi ini dengan Ibukota provinsi di Ternate dan Manado. Konektivitas udara yang dijalankan dari sini menjadi jaminan bahwa garis depan Indonesia tetap tersambung, meski dari sebuah pulau kecil.

Lihat selengkapnya di lensa-teritorial.id
#bandaraprintis#morotai#ibukota#beritaterkini",Image,2026-05-29 02:53:19+00:00,0.0,0,0.0,,lensateritorial.id,2026-06-03,Apify Instagram Scraper,0.0,2026-05-29
Morotai,#pulaumorotai,https://www.instagram.com/p/DZHzY3yDxcy/,DZHzY3yDxcy,"Pembentukan jaringan tersebut menjadi bagian dari upaya memperkuat perlindungan bagi individu maupun kelompok yang aktif memperjuangkan hak-hak masyarakat, lingkungan hidup, masyarakat adat, dan berbagai isu keadilan sosial di Maluku Utara.

Lokakarya yang difasilitasi Yayasan Tifa dan Yayasan Salawaku ini melibatkan organisasi masyarakat sipil, komunitas adat, jurnalis, akademisi, psikolog, pendamping masyarakat, hingga warga yang terdampak konflik sumber daya alam di sejumlah daerah di Maluku Utara.

Koordinator Penyedia Layanan Keamanan dan Perlindungan Pembela HAM Maluku Utara, Fahrizal Dirhan, mengatakan pembentukan jaringan tersebut merupakan langkah awal untuk membangun sistem perlindungan yang lebih kuat dan berkelanjutan.

“Jaringan ini diharapkan mampu menjadi wadah bersama untuk memperkuat perlindungan, respons cepat, dan solidaritas antarorganisasi dalam menghadapi berbagai ancaman terhadap Pembela HAM di Maluku Utara,” kata Fahrizal kepada cermat, Selasa, 2 Juni 2026.

---
Baca Selengkapnya di: website cermat.co.id
#news #kabardaerah #malukuutara #ternate #tidore #bacan #jailolo #tobelo #galela #halmahera #halmaherautara #halmaheraselatan #halmaherabarat #halmaheratengah #halmaheratimur #sorotan #pulaumorotai #pilautaliabu #pulauhiri #kepulauansula #sanana #makian #moti #pulaubatangdua #beritaharian #beritaonline #instanews #follow ##líkeforlíkes",Image,2026-06-03 11:23:17+00:00,0.0,0,0.0,,ceritamalut,2026-06-03,Apify Instagram Scraper,0.0,2026-06-03
Morotai,#pulaumorotai,https://www.instagram.com/p/DY3Z_nkne2S/,DY3Z_nkne2S,"Sehat slalu for  pak Kua Morotai Selatan Barat Irjam Jamrut dan seluruh staf yang terus memberikan pelayanan terbaik dan dedikasi tanpa henti. Semoga semakin maju dan jaya. Aamiin

#Harikedualebaran
#KUAMorselbar
#PulauMorotai
#MalukuUtara",Image,2026-05-28 02:33:32+00:00,0.0,0,0.0,,uti_dawanggu,2026-06-03,Apify Instagram Scraper,0.0,2026-05-28
Morotai,#wisatamorotai,https://www.instagram.com/p/DQ1D8n8D3jQ/,DQ1D8n8D3jQ,"😁
#wisataindonesia #wisatamorotai",Sidecar,2025-11-09 08:31:14+00:00,0.0,0,0.0,"Morotai Island, Maluku Utara",fridolin_hape,2026-06-03,Apify Instagram Scraper,0.0,2025-11-09
Morotai,#wisatamorotai,https://www.instagram.com/p/DOow1uzjzGo/,DOow1uzjzGo,"Bahagia itu sederhana 🌸
Main bareng cucu di Pantai Putih Armidok Morotai⛱️
Yuk like👍 komen dan share ya.
#PantaiArmidok #WisataMorotai
#FamilyMoment #PasirPutih #FotoFYP",Image,2025-09-15 20:50:36+00:00,0.0,0,0.0,,ita_supatmi.b,2026-06-03,Apify Instagram Scraper,0.0,2025-09-15
Morotai,#exploremorotai,https://www.instagram.com/p/DWsinTFD0RJ/,DWsinTFD0RJ,,Image,2026-04-04 04:20:18+00:00,0.0,0,0.0,,ahmadwais25,2026-06-03,Apify Instagram Scraper,0.0,2026-04-04
Morotai,#exploremorotai,https://www.instagram.com/p/DWp0_V3E_dJ/,DWp0_V3E_dJ,"🏃‍♂️ SIAP UNTUK SERU-SERUAN? MOROTAI FUN RUN 10K MENANTI! 🌊

Halo sobat runners! Bosan dengan rute lari yang itu-itu saja? Saatnya rasakan sensasi lari dengan pemandangan kelas dunia!
Yuk, gabung di Morotai Fun Run 10K yang akan dilaksanakan pada:

🗓 Minggu, 12 April 2026
🕒 Pagi Hari (Waktu Segar-segarnya!)
📍 Pulau Morotai

Mengapa Kamu Wajib Ikutan?
• Healing Sambil Lari: Nikmati udara segar dan indahnya alam Morotai di pagi hari yang bikin mata segar dan hati senang.
• Exclusive Jersey: Daftar sekarang dan langsung dapatkan kaos keren untuk koleksi larimu!
• Banjir Hadiah: Bukan cuma sehat, ada banyak hadiah menarik yang siap menanti di garis finish.
Tunggu Apa Lagi?

Jangan cuma jadi penonton! Ajak komunitasmu, teman kantor, atau keluarga untuk seru-seruan bareng. Sehatnya dapat, senangnya dapat, hadiahnya juga dapat!

Segera Daftarkan Dirimu!
Kontak panitia FUN RUN 10k:
Ibu ugi 0813 3334 7273
aba iqhie 0822 3372 8661

#MorotaiFunRun2026 #ExploreMorotai #LariPagiSeru #WonderfulMorotai #10KChallenge",Image,2026-04-03 02:57:42+00:00,0.0,0,0.0,,ivho_kinara99,2026-06-03,Apify Instagram Scraper,0.0,2026-04-03
Morotai,#exploremorotai,https://www.instagram.com/p/DWd_BS8k9ND/,DWd_BS8k9ND,,Image,2026-03-29 12:35:36+00:00,0.0,0,0.0,,kawanbertamasya,2026-06-03,Apify Instagram Scraper,0.0,2026-03-29
Morotai,#exploremorotai,https://www.instagram.com/p/DVwixJsjUl0/,DVwixJsjUl0,"Ada rasa optimisme yang ringan di dada, sehangat mentari sore di Pulau Dodola. Pikiran terasa lapang dan jernih, memandang kemungkinan tak terbatas seperti cakrawala di depan mata. Bukan euforia yang meluap-luap, melainkan energi tenang yang membisikkan bahwa setiap langkah adalah bagian dari sesuatu yang indah. Merasa siap untuk terhubung, berkarya, dan menyambut apa pun yang semesta tawarkan. Sebuah keyakinan tulus bahwa hari ini menyimpan janji kebaikan.

#BuoyantOptimism #PulauDodola #Morotai #WonderfulIndonesia #PikiranPositif #SlowLiving #EnergiBaik #Harapan #JelajahIndonesia #ExploreMorotai #KetenanganPikiran #IslandLife",Image,2026-03-11 21:01:25+00:00,0.0,0,0.0,,kamilahandayani_,2026-06-03,Apify Instagram Scraper,0.0,2026-03-11
Morotai,#morotai,https://www.instagram.com/p/DZDDTt0E5Ah/,DZDDTt0E5Ah,Lautnya bagus sejarahnya dalam #morotai #malukuutara,Sidecar,2026-06-01 15:06:11+00:00,-1.0,0,0.0,"Morotai Island, Maluku Utara",sabih_hidayatullah,2026-06-03,Apify Instagram Scraper,-1.0,2026-06-01
Morotai,#morotai,https://www.instagram.com/p/DY7GCHdk9wp/,DY7GCHdk9wp,"Untuk nformasi lebih lengkap bisa hubungi kuta lewat DM atau kunjungi tempat kami di alamat yang tertera di bio 👌

#morotai #halmaherautara #halmaheratimur #halmaherabarat #halmaheraselatan",Sidecar,2026-05-29 12:56:04+00:00,-1.0,0,0.0,Gamsungi Tobelo,bintangtimurmotortobelo,2026-06-03,Apify Instagram Scraper,-1.0,2026-05-29
Morotai,#exploremorotai,https://www.instagram.com/p/DW1JKG7Ej8w/,DW1JKG7Ej8w,"Dalam rangka memeriahkan event akbar Morotai Fun Run 10K, kami mengajak para kreator digital untuk berpartisipasi dalam lomba konten kreatif bertajuk ""Lari di Tanah Samudera"".

​Kami mencari konten-konten orisinal yang mampu memotret semangat olahraga dan keindahan pariwisata di Morotai. Pastikan video Anda diunggah pada periode 10 - 12 April 2026 melalui platform TikTok.

​Informasi selengkapnya silakan hubungi:

📞 Admin 1: 0821 1619 3363

📞 Admin 2: 0822 4602 7967

​Mari berkarya dan jadilah bagian dari kemeriahan pesta olahraga di Tanah Samudera! 🏝️🏃‍♀️

#LombaKontenMorotaiFunRun10K2026 #MorotaiFunRun10K #ExploreMorotai #LaridiTanahSamudera",Image,2026-04-07 12:25:11+00:00,-1.0,0,0.0,"Pulau Morotai, Maluku Utara",dispar.morotai,2026-06-03,Apify Instagram Scraper,-1.0,2026-04-07
Morotai,#exploremorotai,https://www.instagram.com/p/DWndO7_Ek59/,DWndO7_Ek59,"AYO HIAS BENTOR ANDALANMU! 📢
KASE BAGUS BENTOR, DAPAT HADIAH 🛺
​
​Halo Sobat Morotai! Sambil menyambut ribuan pelari di Morotai Fun Run 10K, mari torang kase rame dengan “Lomba Hias Bentor”.

​Siapkan bentor andalan kalian! Hias paling rapi, unik, serta paling indah dengan tema “Lari di Tanah Samudera” dan menangkan hadiahnya 😍 

​🗓 Timeline Penting:
​Pendaftaran dibuka mulai: 5 - 8 April 2026
​Masa Penilaian: 5 - 12 April 2026
📍 Tempat: Kantor Sekretariat Fun Run 10K (Dinas Pariwisata Kabupaten Pulau Morotai)

📞 Kontak Admin:
- 0821-1619-3363 (admin 1) 
- 0822-4602-7967 (admin 2) 

Mari torang sukseskan event ini bareng-bareng. Ayo daftar sekarang! 
Jangan sampai bentor tetangga yang lebih kece 😎
​#LombaHiasBentor #MorotaiFunRun10K #VisitMorotai #LaridiTanahSamudera #ExploreMorotai",Image,2026-04-02 04:51:14+00:00,-1.0,0,0.0,"Pulau Morotai, Maluku Utara",dispar.morotai,2026-06-03,Apify Instagram Scraper,-1.0,2026-04-02
Morotai,#morotaiisland,https://www.instagram.com/p/DXWH5dYkuWj/,DXWH5dYkuWj,"""Pengabdian Kepada Masyarakat""
Program Studi Ilmu Hukum Fakultas Hukum Universitas Halmahera.
📍Desa Daeo Majiko Kec. Morotai Selatan Kab. Pulau Morotai.
Tema : Perkembangan Hukum Berbasis Sumber Daya Alam.
.
.
.
#fhukumuniera #unieraberdampak #diktisaintekberdampak #morotaiisland #pengabdiankepadamasyarakat",Image,2026-04-20 07:49:06+00:00,-1.0,0,0.0,Universitas Halmahera,fhukum.uniera,2026-06-03,Apify Instagram Scraper,-1.0,2026-04-20
Raja Ampat,#explorerajaampat,https://www.instagram.com/p/DYreEuHidWS/,DYreEuHidWS,"The Most Beautiful Places to Visit in Raja Ampat.. #ExploreRajaAmpat #djiindo #RajaAmpat

Arrange trip by @myjourneytour",Sidecar,2026-05-23 11:18:17+00:00,1796.0,38,0.0,,yusni_mustafa,2026-06-03,Apify Instagram Scraper,1834.0,2026-05-23
Raja Ampat,#explorerajaampat,https://www.instagram.com/p/DW_TuI0gexs/,DW_TuI0gexs,"Warning: This trip will ruin all your future vacations 😏💙
Because once you experience the real “last paradise”… nothing compares.
Don’t miss your moment—book now with Raja Ampat Vibes Co.

#OnceInALifetimeTrip #ExploreRajaAmpat #TravelElite",Image,2026-04-11 11:09:53+00:00,1093.0,0,0.0,RAJA AMPAT - The Last Paradise,rajaampatvibesco,2026-06-03,Apify Instagram Scraper,1093.0,2026-04-11
Raja Ampat,#explorerajaampat,https://www.instagram.com/p/DXJ7pvMEkpi/,DXJ7pvMEkpi,"Salah satu wish list yang terkabul di tahun ini, ✨
#masyaallahtabarakallah❤️ #rajaampat #explorerajaampat #rajaampatisland",Sidecar,2026-04-15 14:11:10+00:00,393.0,9,0.0,Kabui Islands Raja Ampat,riqy.satriaa,2026-06-03,Apify Instagram Scraper,402.0,2026-04-15
Raja Ampat,#rajaampatindonesia,https://www.instagram.com/p/DXDUY1WktkY/,DXDUY1WktkY,"วันแรกก็ฉ่ำแล้วววววว 🔥🔥

โลมา แมนต้า มาครบบ

ใครยังไม่เคยมาจองด่วนปีหน้าสงกรานเวลาเดิม

9-18 Apr 2027 เหลือที่ไม่เยอะแล้วน้าาาา

#diveterminal  #scuba #scuba_diving #travelphotography #rajaampatindonesia",Sidecar,2026-04-13 00:32:38+00:00,240.0,7,0.0,,diveterminal,2026-06-03,Apify Instagram Scraper,247.0,2026-04-13
Raja Ampat,#rajaampatindonesia,https://www.instagram.com/p/DYKLZMSkrQU/,DYKLZMSkrQU,"Ending the dive trip the right way 🌴

#indonesia #rajaampat #rajaampatindonesia #rajaampatisland",Sidecar,2026-05-10 13:00:07+00:00,201.0,15,0.0,"Raja Ampat, Papua, Indonesia",natnaddy,2026-06-03,Apify Instagram Scraper,216.0,2026-05-10
Raja Ampat,#piaynemo,https://www.instagram.com/p/DYfaHJNiMQh/,DYfaHJNiMQh,"Piaynemo, c’est clairement l’un des spots les plus impressionnants de Raja Ampat, en Indonésie. Si tu prépares un voyage dans cette région, c’est probablement l’endroit que tu as déjà vu sur Instagram : des dizaines de petits îlots karstiques recouverts de jungle, posés sur une eau turquoise presque irréelle.

L’accès demande un peu d’organisation. Depuis Waisai, il faut compter plusieurs heures en bateau, souvent tôt le matin. Le trajet fait partie de l’expérience, avec des paysages incroyables tout au long du parcours. Une fois sur place, il faut grimper un escalier aménagé jusqu’au célèbre point de vue. La montée reste accessible, même si la chaleur et l’humidité peuvent rendre l’effort un peu intense.

Arrivé en haut, la vue est spectaculaire. C’est exactement le genre de panorama qui justifie le voyage : lagons bleu profond, récifs peu profonds aux nuances turquoise, formations rocheuses uniques… On comprend immédiatement pourquoi Piaynemo est devenu une icône de Raja Ampat.

Le site est bien entretenu, avec plusieurs plateformes pour admirer le paysage sous différents angles. Il est conseillé d’y aller tôt pour éviter les groupes et profiter d’une lumière plus agréable pour les photos.

Au-delà du point de vue, la région propose aussi snorkeling, plongée et exploration des îles voisines. Les fonds marins autour de Raja Ampat font partie des plus riches au monde, donc impossible de venir ici sans passer du temps dans l’eau.

Piaynemo n’est pas juste un arrêt photo, c’est une étape incontournable pour découvrir la beauté brute de Raja Ampat. Si tu cherches une destination encore préservée avec des paysages parmi les plus impressionnants d’Asie du Sud-Est, cet endroit mérite largement sa réputation.

#piaynemo #rajaampat #indonesia",Sidecar,2026-05-18 18:52:47+00:00,111.0,29,0.0,"Piaynemo, Raja Ampat",antho_beck_travel,2026-06-03,Apify Instagram Scraper,140.0,2026-05-18
Raja Ampat,#piaynemo,https://www.instagram.com/p/DYumKOej94J/,DYumKOej94J,"🏝️OPEN TRIP 3D2N ( Piaynemo-Kali Biru )🏝️
.
📍Bandara DEO Kota Sorong-Papua Barat Daya
.
Jadwal Trip 3 Hari 2 Malam :
Jumat-Minggu | 29-31 MEI
Jumat-Minggu | 5-7 JUNI
Jumat-Minggu | 11-14 JUNI
Jumat-Minggu | 19-21 JUNI
Jumat-Minggu | 26-28 JUNI
.
Info Lengkapnya Chat ADMIN Via WA :
0812 4895 7545/ 0821 9909 3014
.
#rajaampat #rajaampattrip #rajaampattour #rajaampatisland #piaynemo",Sidecar,2026-05-24 16:26:40+00:00,135.0,0,0.0,RAJA AMPAT - The Last Paradise,holiday_rajaampat,2026-06-03,Apify Instagram Scraper,135.0,2026-05-24
Raja Ampat,#rajaampatindonesia,https://www.instagram.com/p/DX1rR96DZyW/,DX1rR96DZyW,"I was chasing the edge of the world. I found it here.
Raja Ampat isn’t a destination. It’s another planet entirely.
—————————
Je cherchais le bout du monde. Je l’ai trouvé ici.
Raja Ampat, c’est pas une destination. C’est une autre planète.

📍: Rajat Ampat",Sidecar,2026-05-02 13:54:42+00:00,99.0,34,0.0,RAJA AMPAT - The Last Paradise,unautrepays,2026-06-03,Apify Instagram Scraper,133.0,2026-05-02
Raja Ampat,#rajaampatindonesia,https://www.instagram.com/p/DZFK3WeiUgX/,DZFK3WeiUgX,"INDONESIA BAGIAN PREMIUM 🇮🇩

*incaran para kawanan 🐷

#piaynemo #rajaampatisland #rajaampatpapua #rajaampatindonesia #piaynemorajaampat",Sidecar,2026-06-02 10:50:41+00:00,75.0,27,0.0,"Piaynemo Island, Raja Ampat - Papua Barat",yuliagumay_,2026-06-03,Apify Instagram Scraper,102.0,2026-06-02
Raja Ampat,#explorerajaampat,https://www.instagram.com/p/DXO66VEE0GK/,DXO66VEE0GK,"Boleh lah ya kesana lagi👀🤏
#explorerajaampat #exploreindonesia",Sidecar,2026-04-17 12:40:54+00:00,93.0,4,0.0,"Raja Ampat, Papua, Indonesia",mirnapjst,2026-06-03,Apify Instagram Scraper,97.0,2026-04-17
Raja Ampat,#wisatarajaampat,https://www.instagram.com/p/DW3atmlGp_d/,DW3atmlGp_d,"Open Trip Raja Ampat

One Day Trip
Mepo : Pelabuhan Usaha Mina Sorong

1.850.000

2 Hari 1 Malam
Mepo : Pelabuhan Usaha Mina Sorong

3.750.000

3 Hari 2 Malam
Mepo : Bandara DEO

5000.000

4 Hari 3 Malam Raja Ampat
Mepo : Bandara DEO

Paket Gold : 8.750.000/pax
Paket Silver : 7.750.000/pax
Paket Bronze : 6.650.000/pax

Harga di atas untuk WNI
Untui WNA hubungi admin
0823 1173 0922

Include :
- Akomodasi Penginapan sesuai Paket
- Makan Selama Trip
- Air Mineral
- Kapal Speadboat
- Alat Senorkling
- Dokumentasi kamera Darat
- Dokumentasi Kamera Bawah Air
- Dokumentasi Kamera Drone
- Tiket Masuk semua Destinasi
- Tour Guide

Exclude :
- Kebutuhan Pribadi
- Asuransi Tambahan 30 rb/pax
- tips Crew seikhlasnya
- yang tidak disebutkan di include

#axsaadventure #rajaampat #wisatarajaampat #rajaampatislands #opentriprajaampat",Sidecar,2026-04-08 09:37:01+00:00,91.0,0,0.0,,axsa_adventure,2026-06-03,Apify Instagram Scraper,91.0,2026-04-08
Raja Ampat,#rajaampatindonesia,https://www.instagram.com/p/DYCCAQajc6t/,DYCCAQajc6t,"A rare melanistic manta. 

This all-black appearance is caused by an increase in melanin, a genetic trait that replaces the typical white shoulder markings seen on most manta rays.",Image,2026-05-07 09:05:51+00:00,72.0,7,0.0,Raja Ampat,mkaziales,2026-06-03,Apify Instagram Scraper,79.0,2026-05-07
Raja Ampat,#rajaampatindonesia,https://www.instagram.com/p/DYvOA0mETc1/,DYvOA0mETc1,"VOLVEMOS “BALI Y RAJA AMPAT JUNTOS” ENERO 4-18 2027
.
🌏 Un intervalo en superficie increíble…Así  es Raja Ampat “Un paraíso prístino y único”.
.
🏡 Una razón  mas para elegir un Eco Resort en el último paraíso en la tierra. 💙💙💙
.
✈️ Gracias a la vida que nos da la oportunidad @blueshark.diving @sandra_scubapro de llevar a nuestros buzos a este lugar tan remoto y a la vez tan soñado. 
.
RAJA AMPAT LO MÁS CERCANO A AVATAR”. 🐬🐠🪼🐡

🎥 Videos by @jdretoro con @djiglobal 

#rajaampatindonesia  #biodiversity 
#diving #padi #scubapro",Sidecar,2026-05-24 22:14:54+00:00,69.0,1,0.0,,blueshark.diving,2026-06-03,Apify Instagram Scraper,70.0,2026-05-24
Raja Ampat,#explorerajaampat,https://www.instagram.com/p/DYIDXqUGOsN/,DYIDXqUGOsN,"Gelo sih AI sekarang canggih yaaa.

#likeforlikes #explorerajaampat #rajaampatisland #explorepapua",Sidecar,2026-05-09 17:11:31+00:00,66.0,4,0.0,,alfin_salam,2026-06-03,Apify Instagram Scraper,70.0,2026-05-09
Raja Ampat,#piaynemo,https://www.instagram.com/p/DY4gDjDk8Ft/,DY4gDjDk8Ft,"PIAYNEMO, Radja Ampat
INDONESIA
@divephoria X @amayaexplorer.id 
.
.
.
#radjaampat #indonesia #islands #diver #piaynemo",Sidecar,2026-05-28 12:45:44+00:00,66.0,0,0.0,"Piaynemo Island, Raja Ampat - Papua Barat",yurikesafa,2026-06-03,Apify Instagram Scraper,66.0,2026-05-28
Raja Ampat,#explorerajaampat,https://www.instagram.com/p/DZAvs1lk_5G/,DZAvs1lk_5G,"Ayau Asia

Pulau di Pasifik pertama yang akhirnya saya kunjungi. Memang setengah mati ke sana, harus baku hantam deng ombak besar 😅. 

Banyak cerita manis yang ngga bisa dilupakan di sini, termasuk bapa mama pu kasur pasir, dabest memang. Sampai Tuhan suruh tambah 1 malam lagi karena speedboat trouble...wkwkwk 

Terimakasih juga kepada tim gabungan review zonasi Raja Ampat 2026, semoga bisa jumpa lagi deng Ayau Asia 5 tahun selanjutnya 🙌

*n.b. kalo ada rezeki ayo datang ke Ayau gaes

#explorerajaampat #rajaampat #ayau #ayauasia",Sidecar,2026-05-31 17:36:22+00:00,63.0,2,0.0,Ayau,akmalhzn,2026-06-03,Apify Instagram Scraper,65.0,2026-05-31
Raja Ampat,#explorerajaampat,https://www.instagram.com/p/DYpF37zQ_ht/,DYpF37zQ_ht,"Haii semuanya! perkenalkan saya fida yati saya dari kelas X dkv tujuan membuat tugas ini untuk memenuhi tugas saya yaitu seni rupa

“RAJA AMPAT — Surga kecil yang jatuh ke bumi 🌊✨
Hamparan laut biru jernih, pulau-pulau eksotis, pasir putih yang lembut, dan keindahan bawah laut yang mendunia membuat Raja Ampat selalu punya cara untuk membuat siapa pun jatuh cinta. 🏝️🐠💙

Surga tersembunyi di Timur Indonesia dengan laut sebening kristal, pulau-pulau eksotis, dan sunset yang nggak pernah gagal bikin jatuh cinta. 🏝️💙

Bukan sekadar perjalanan, tapi tentang menikmati ketenangan, mengejar sunset terbaik, berenang bersama ikan-ikan cantik, dan menciptakan kenangan yang tak terlupakan. 🌅✨

Saatnya tinggalkan sejenak hiruk pikuk kota dan nikmati indahnya alam Indonesia Timur yang begitu memukau. ✈️🌴

Saatnya healing, menikmati alam, dan menciptakan momen terbaik bersama orang tersayang. 🌅🐠

Let’s explore the beauty of Raja Ampat and make unforgettable memories! ✈️🌴”

Karena healing terbaik adalah ketika kaki berpijak di Raja Ampat dan hati merasa pulang. 🤍”

#RajaAmpat #ExploreRajaAmpat #WonderfulIndonesia #PesonaIndonesia #WisataIndonesia
@inpiidaaaaa @zaki_kreatif",Image,2026-05-22 13:08:30+00:00,38.0,26,0.0,,kasambanture_,2026-06-03,Apify Instagram Scraper,64.0,2026-05-22
Raja Ampat,#wisatarajaampat,https://www.instagram.com/p/DWJqbCbmDwO/,DWJqbCbmDwO,"𝐀𝐥𝐟𝐫𝐞𝐝-𝐂𝐡𝐫𝐢𝐬𝐲𝐢𝐧𝐞 𝐌𝐞𝐧𝐭𝐚𝐧𝐬𝐚𝐧 𝐀𝐧𝐝 𝐂𝐫𝐞𝐰 𝐓𝐡𝐞 𝐉𝐞𝐭𝐢 𝐌𝐚𝐧𝐠𝐫𝐨𝐯𝐞 

𝐌𝐞𝐧𝐠𝐮𝐜𝐚𝐩𝐤𝐚𝐧 𝐒𝐞𝐥𝐚𝐦𝐚𝐭 ""𝐈𝐃𝐔𝐋 𝐅𝐈𝐓𝐑𝐈"" 𝟏 𝐒𝐲𝐚𝐰𝐚𝐥 𝟏𝟒𝟒𝟕 𝐇 / 𝟐𝟎𝟐𝟔 ""𝐌𝐢𝐧𝐚𝐥 𝐀𝐢𝐝𝐢𝐧 𝐖𝐚𝐥 𝐅𝐚𝐢𝐳𝐢𝐧 𝐌𝐨𝐡𝐨𝐧 𝐌𝐚𝐚𝐟 𝐋𝐚𝐡𝐢𝐫 𝐝𝐚𝐧 𝐁𝐚𝐭𝐢𝐧""🙏😇

✨ 𝗣𝗮𝗸𝗲𝘁 𝗪𝗶𝘀𝗮𝘁𝗮 𝗨𝗻𝗴𝗴𝘂𝗹𝗮𝗻:
☑ 𝑅𝑒𝑠𝑡𝑎𝑢𝑟𝑎𝑛𝑡 (𝐹𝑟𝑒𝑒 𝑊𝑖𝑓𝑖)
☑ 𝐸𝑐𝑜𝑙𝑜𝑑𝑔𝑒 & 𝐶𝑜𝑡𝑡𝑎𝑔𝑒
☑ 𝐾𝑎𝑙𝑖 𝐵𝑖𝑟𝑢 𝑇𝑜𝑢𝑟
☑ 𝑀𝑎𝑦𝑎𝑙𝑖𝑏𝑖𝑡 𝐵𝑎𝑦 𝑇𝑜𝑢𝑟
☑ 𝐿𝑜𝑐𝑎𝑙 𝐶𝑢𝑙𝑡𝑢𝑟𝑎𝑙 𝐺𝑢𝑖𝑑𝑒
☑ 𝑇𝑒𝑎𝑡𝑟𝑖𝑐𝑎𝑙 𝑊𝑎𝑟 𝑇𝑟𝑖𝑏𝑒

📍 𝗟𝗼𝗸𝗮𝘀𝗶: 𝘛ℎ𝘦 𝘑𝑒𝘵𝑖 𝑀𝘢𝑛𝘨𝑟𝘰𝑣𝘦 – 𝘞𝑎𝘳𝑠𝘢𝑚𝘣𝑖𝘯 𝘝𝑖𝘭𝑙𝘢𝑔𝘦, 𝑇𝘦𝑙𝘶𝑘 𝑀𝘢𝑦𝘢𝑙𝘪𝑏𝘪𝑡, 𝘙𝑎𝘫𝑎 𝐴𝘮𝑝𝘢𝑡
📅 𝗧𝗲𝗿𝘀𝗲𝗱𝗶𝗮 𝗦𝗲𝘁𝗶𝗮 𝗛𝗮𝗿𝗶
=======================================
🎯 𝗙𝗼𝗿 𝗠𝗼𝗿𝗲 𝗜𝗻𝗳𝗼𝗿𝗺𝗮𝘁𝗶𝗼𝗻 & 𝗥𝗲𝘀𝗲𝗿𝘃𝗮𝘁𝗶𝗼𝗻 > 𝗣𝗹𝗲𝗮𝘀𝗲 𝗖𝗼𝗻𝘁𝗮𝗰𝘁 𝗨𝘀
------------------------------------------------------
📞 𝘈𝘭𝘧𝘳𝘦𝘥 - 𝘊𝘩𝘳𝘪𝘴𝘵𝘪𝘯𝘦 𝘔𝘦𝘯𝘵𝘢𝘯𝘴𝘢𝘯
📲 + 62 853 5417 9361
=======================================

©Cᴏᴘʏʀɪɢʜᴛ 2026 Tʜᴇ Jᴇᴛɪ Mᴀɴɢʀᴏᴠᴇ
🔖 #TheJetiMangrove #Kalibiru #kalibirurajaampat #rajaampat #wisatarajaampat",Sidecar,2026-03-21 15:09:13+00:00,60.0,0,0.0,The Jeti Mangrove,thejetimangrove,2026-06-03,Apify Instagram Scraper,60.0,2026-03-21
Raja Ampat,#rajaampatindonesia,https://www.instagram.com/p/DX7Ax4egWDi/,DX7Ax4egWDi,"Salah satu impian yang tidak pernah terduga, surga dunia, surga nya Indonesia ✨

Thankyou Dosenku, Thankyou Co-Team Leader, hadiah terbaik dari KSPN Raja Ampat 💫

- Piaynemo
- Pasir Timbul

@rajaampat.berlibur 

#rajaampat #rajaampatisland #rajaampattour #rajaampatpapua #rajaampatindonesia",Sidecar,2026-05-04 15:38:46+00:00,47.0,2,0.0,"Raja Ampat, Papua, Indonesia",rizkyandhika_wijaya,2026-06-03,Apify Instagram Scraper,49.0,2026-05-04
Raja Ampat,#rajaampat,https://www.instagram.com/p/DZHK5IRD1FF/,DZHK5IRD1FF,"Sesuai namanya, kuda laut kerdil adalah hewan kecil yang hampir tidak dapat dibedakan dari habitatnya karena ukurannya yang kecil dan kamuflase yang ekstrem. Kamuflase mereka sangat baik sehingga kuda laut kerdil baru ditemukan setelah gorgonia inangnya dikumpulkan dan diamati oleh ahli biologi kelautan. Spesies Kuda Laut Pygmy merupakan kuda laut terkecil di dunia dengan ukurannya yang berkisar antara 1,4 – 2,7 cm, hanya seukuran kuku manusia.
. 
. 
. 
. 

Blue Magic, Raja Ampat 📍
📷 : Olympus TG6

#rajaampat #scubadiving #underwaterphotography #scubarepublicrajaampat",Sidecar,2026-06-03 05:29:25+00:00,44.0,3,0.0,RAJA AMPAT - The Last Paradise,rbnadriel_,2026-06-03,Apify Instagram Scraper,47.0,2026-06-03
Raja Ampat,#piaynemo,https://www.instagram.com/p/DYogccBEdNg/,DYogccBEdNg,"Piaynemo , terlalu indah untuk jadi nyata 💙✨

#Piaynemo, #rajaampat #wonderfulindonesia #ıslandlife #travelindonesia",Sidecar,2026-05-22 07:41:17+00:00,45.0,1,0.0,Piaynemo,as_taa,2026-06-03,Apify Instagram Scraper,46.0,2026-05-22
Raja Ampat,#rajaampatindonesia,https://www.instagram.com/p/DYFnbECjMWw/,DYFnbECjMWw,"Notre galerie après 15 jours à Raja Ampat ♥️

#rajaampat #rajaampatisland #rajaampatindonesia #familytrip #familytravelblog",Sidecar,2026-05-08 18:28:50+00:00,38.0,7,0.0,,familymiles2025,2026-06-03,Apify Instagram Scraper,45.0,2026-05-08
Raja Ampat,#piaynemo,https://www.instagram.com/p/DYmGEKFghxx/,DYmGEKFghxx,#piaynemo ist ein wunderschöner Aussichtspunkt in #westpapua #rajaampatisland #pianemo #welovediving,Sidecar,2026-05-21 09:12:17+00:00,43.0,0,0.0,"Piaynemo Island, Raja Ampat - Papua Barat",thomas_gnuechtel,2026-06-03,Apify Instagram Scraper,43.0,2026-05-21
Raja Ampat,#rajaampatindonesia,https://www.instagram.com/p/DYB34y0DH54/,DYB34y0DH54,"Raja Ampat🥽🦈🐠

#rajaampat #rajaampatindonesia #scubadiverslife #scubapro #liveboard",Sidecar,2026-05-07 07:35:45+00:00,38.0,1,0.0,"Raja Ampat, West Papua",bar_on27,2026-06-03,Apify Instagram Scraper,39.0,2026-05-07
Raja Ampat,#rajaampatindonesia,https://www.instagram.com/p/DXnlecEFPk5/,DXnlecEFPk5,"Der Palmkakadu, wir hatten Glück und konnten den großen Vogel in den Bäumen von Raja Ampat beobachten #palmkakadu #papuaexplorersdiveresort #birdswatching #rajaampatindonesia #wildlifeshots",Sidecar,2026-04-27 02:34:36+00:00,39.0,0,0.0,"Papua Explorers Dive Resort, Raja Ampat",thomas_gnuechtel,2026-06-03,Apify Instagram Scraper,39.0,2026-04-27
Raja Ampat,#rajaampatindonesia,https://www.instagram.com/p/DXLgr5hgkSK/,DXLgr5hgkSK,"An osprey catches a fish, but the tables turn as a Malaysian pied fantail aggressively drives it away—an incredible moment of interspecies interaction. #osprey #ospreywithfish #malaysianpiedfantail #rajaampatindonesia #waiwodiveresort @waiwodiveresort",Image,2026-04-16 04:56:04+00:00,31.0,2,0.0,Waiwo Dive Resort-Raja Ampat,thomas_gnuechtel,2026-06-03,Apify Instagram Scraper,33.0,2026-04-16
Raja Ampat,#wisatarajaampat,https://www.instagram.com/p/DXlLvtAkV_A/,DXlLvtAkV_A,#bluduptdkkpr4#coralreef#anderwaterphotography#wisatarajaampat#papuabaratdaya,Sidecar,2026-04-26 04:11:18+00:00,31.0,1,0.0,,numex09182,2026-06-03,Apify Instagram Scraper,32.0,2026-04-26
Raja Ampat,#rajaampatindonesia,https://www.instagram.com/p/DXlwfgLAqiV/,DXlwfgLAqiV,Ein Hai liegt schlafend in einer Salatkoralle #wobbegongshark #welovediving #rajaampatindonesia #unterwasserfotografie #papuaexplorersdiveresort,Image,2026-04-26 09:34:35+00:00,31.0,0,0.0,"Papua Explorers Dive Resort, Raja Ampat",thomas_gnuechtel,2026-06-03,Apify Instagram Scraper,31.0,2026-04-26
Raja Ampat,#piaynemo,https://www.instagram.com/p/DYRBtGJGOhE/,DYRBtGJGOhE,"“Cek Jadwal Liburanmu, Open Trip Raja Ampat Mei, Juni, Juli 2026 sudah rilis‼️”
• 
Siap untuk ‘healing’ yang sesungguhnya? Raja Ampat memanggil! 🌊
• 
Kami sudah siapkan jadwal lengkap buat kamu yang mau eksplor Piaynemo dan sekitarnya :

🗓 MEI: Buat kamu yang mau curi start liburan.
🗓 JUNI: Cocok banget buat libur tengah tahun.
🗓 JULI: Waktunya summer trip bareng bestie atau pasangan!
•
Pilihan Paket:
• One Day Trip (Piaynemo)
• 2H1M & 3H2M (Piaynemo + Kali Biru + kabui)
• 4H3M & 7H6M (Misool + Piaynemo)

Slot terbatas‼️
Jangan sampai kehabisan tanggal king’s.
•
•
Reservasi sekarang ✅

📲 0852 1773 8480
📲 0852 1773 8480
📲 0852 1773 8480

#piaynemo #opentriprajaampatmurah #triprajaampat #kalibirurajaampat #kabuirajaampat",Sidecar,2026-05-13 04:50:08+00:00,25.0,3,0.0,,rajaampatkingfour,2026-06-03,Apify Instagram Scraper,28.0,2026-05-13
Raja Ampat,#rajaampatindonesia,https://www.instagram.com/p/DXxcERmEwI3/,DXxcERmEwI3,… Breathtaking Limestone Karsts jutting out from the sea creating a stunning if somewhat  surreal setting #rajaampatindonesia #swanhellenicexpeditions #shminerva,Sidecar,2026-04-30 22:24:48+00:00,23.0,3,0.0,"Piaynemo Island, Raja Ampat - Papua Barat",judywatterstravel,2026-06-03,Apify Instagram Scraper,26.0,2026-04-30
Raja Ampat,#rajaampatindonesia,https://www.instagram.com/p/DXTdLzHkegv/,DXTdLzHkegv,"Kabar baik buat kamu yang belum sempat daftar 😱
Komen ""MAU"" Mimin DM Cara Daftarnya!

Pendaftaran SJN 4 Raja Ampat DIPERPANJANG sampai 20 April 2026 (23.59 WIB)

Masih ada waktu untuk ambil langkah berani, explore Indonesia, dan jadi bagian dari impact nyata 

Yuk, manfaatin kesempatan ini sebaik mungkin ‼️

Segera daftarkan dirimu melalui link:
🔗 https://bit.ly/batch1FullyfundedSJN4RajaAmpat
___________________
For more information, please contact us:
Email: semestamanusia.indonesia@gmail.com
Instagram: @semestamanusiaa
TikTok: @semestamanusia.indonesia
Whatsapp: +62 851-2159-4627

#semestamanusiaindonesia #semestajelajahnusantara #fullyfunded #volunteering #rajaampatindonesia",Image,2026-04-19 06:57:37+00:00,-1.0,25,0.0,,semestamanusiaa,2026-06-03,Apify Instagram Scraper,24.0,2026-04-19
Raja Ampat,#rajaampatindonesia,https://www.instagram.com/p/DYk8IiVk2GD/,DYk8IiVk2GD,"Kali Biru Warsambin
.

.

#warsambin 
#rajaampatindonesia",Sidecar,2026-05-20 22:26:16+00:00,22.0,0,0.0,,onesfaam,2026-06-03,Apify Instagram Scraper,22.0,2026-05-20
Raja Ampat,#piaynemo,https://www.instagram.com/p/DYiYqSWE99r/,DYiYqSWE99r,"Papua..

Dengan sumber daya dan keindahan alam terkaya
.
penduduk teramah
.
.
sayang,

Pemerintahnya sam vvah

Bangga banget loh ini tuh Indonesia 🥹 tapi... ah sudahlah

Pasir Timbul - Arborek - Piaynemo, Raja Ampat 🩷

#rajaampat #piaynemo #papua #papuabarat #papuaindonesia",Sidecar,2026-05-19 22:37:49+00:00,22.0,0,0.0,RAJA AMPAT - The Last Paradise,meutia.sefrilia,2026-06-03,Apify Instagram Scraper,22.0,2026-05-19
Raja Ampat,#rajaampat,https://www.instagram.com/p/DZHnVNdGgFS/,DZHnVNdGgFS,"The wild heartbeat of Raja Ampat 🌴

#rajaampat #visitindonesia #sonyalpha #dji #jungle",Sidecar,2026-06-03 09:37:55+00:00,-1.0,22,0.0,RAJA AMPAT - The Last Paradise,adrzemicka,2026-06-03,Apify Instagram Scraper,21.0,2026-06-03
Raja Ampat,#rajaampat,https://www.instagram.com/p/DZHZWecDwE5/,DZHZWecDwE5,"explore Raja Ampat with us🚤✨

Dm us here⤵️

#marweshomestay #pulaubatanta #rajaampat #piaynemo #papuabarat",Sidecar,2026-06-03 07:35:45+00:00,21.0,0,0.0,,whynnoo,2026-06-03,Apify Instagram Scraper,21.0,2026-06-03
Raja Ampat,#wisatarajaampat,https://www.instagram.com/p/DXJ2PotE84v/,DXJ2PotE84v,"Bagian 59 || Teatrical War Tribe👹 - The Jeti Mangrove Proudly Present

📍𝘞𝘢𝘳𝘴𝘢𝘮𝘣𝘪𝘯 𝘝𝘪𝘭𝘭𝘢𝘨𝘦, 𝘔𝘢𝘺𝘢𝘭𝘪𝘣𝘪𝘵 𝘉𝘢𝘺, 𝘙𝘢𝘫𝘢 𝘈𝘮𝘱𝘢𝘵, 𝘞𝘦𝘴𝘵 𝘗𝘢𝘱𝘶𝘢𝘯
======================================
 ©ʀᴀɪɴᴇʀsᴜʀᴀʙɪ | ᴛʜᴇ ᴊᴇᴛɪ ᴍᴀɴɢʀᴏᴠᴇ ²⁰²⁶
======================================
#kalibiru #kalibirurajaampat #rajaampat #wisatarajaampat
#holiday",Image,2026-04-15 13:23:58+00:00,21.0,0,0.0,The Jeti Mangrove,surabi.rainer,2026-06-03,Apify Instagram Scraper,21.0,2026-04-15
Raja Ampat,#explorerajaampat,https://www.instagram.com/p/DVx_u85kTBZ/,DVx_u85kTBZ,"𝗝𝗨𝗦𝗧 𝗣𝗔𝗖𝗞 & 𝗚𝗢 𝗧𝗢 𝗥𝗔𝗝𝗔 𝗔𝗠𝗣𝗔𝗧

📅 𝗧𝗮𝗻𝗴𝗴𝗮𝗹 𝗧𝗿𝗶𝗽: 
✅ 26–30 September 2026
✅ 16–20 Oktober 2026 

⏱️ 𝗗𝘂𝗿𝗮𝘀𝗶: 5 Hari 4 Malam 

🩵 𝗛𝗶𝗴𝗵𝗹𝗶𝗴𝗵𝘁: Teluk Kabui (Batu Pensil & Batu Wajah, Batu gendong), Sawandarek (snorkeling), Pos Hiu (Pos Wayag), Wayag 1 atau Wayag 2, Tugu Katulistiwa, Piaynemo, Telaga Bintang, Arborek, Pulau Friwen (snorkeling dan/atau mantai), Pasir Timbul

💰 𝗛𝗮𝗿𝗴𝗮: 
Rp 14.000.000/orang (berdasarkan 7 peserta) 
Rp 12.200.000/orang (berdasarkan 9 peserta) 

🌟 𝗧𝗲𝗿𝗺𝗮𝘀𝘂𝗸:
✅ Transportasi AC selama di Sorong 
✅ Tiket kapal express kelas VIP Sorong-Waisai PP 
✅ Private speedboat untuk island hopping 
✅ Akomodasi 3 malam di D’Coral Resort atau setara (VIP room with AC) 
✅ Akomodasi 1 malam di Fave Hotel Sorong atau setara (*3) 
✅ Semua tiket masuk 
✅ Makan, termasuk dinner di Republik Seafood Sorong 
✅ Air mineral selama perjalanan 
✅ Life jacket 
✅ Semua tip, termasuk biaya porter turun naik kapal express 
✅ Pemandu lokal merangkap motorist speedboat berpengalaman 
👩‍🦰 Tour Leader (@maya_mytrip)

❌ 𝗧𝗶𝗱𝗮𝗸 𝗧𝗲𝗿𝗺𝗮𝘀𝘂𝗸:
✈️ Tiket pesawat ke Sorong PP 
🧾 Conservation & retribution fee (bila diperlukan) 
🧾 Asuransi perjalanan
🧳 Pengeluaran pribadi
🤿 Alat snorkeling 

📞 𝗜𝗻𝗳𝗼 & 𝗕𝗼𝗼𝗸𝗶𝗻𝗴:
Maya — 0811821006 

#mytrip #opentriprajaampat #explorerajaampat #rajaampat",Sidecar,2026-03-12 10:33:40+00:00,19.0,2,0.0,,mytrip.co.id,2026-06-03,Apify Instagram Scraper,21.0,2026-03-12
Raja Ampat,#rajaampat,https://www.instagram.com/p/DZHZMs5jxde/,DZHZMs5jxde,"Ornate Ghost Pipefish adalah ikan laut yang sering membuat penyelam terkecoh karena bentuk dan warnanya menyerupai lingkungan sekitarnya.

Keunikan utama ikan ini:

Kamuflase luar biasa – Tubuhnya meniru warna dan bentuk karang lunak, crinoid (bulu babi laut berbulu), atau rumput laut sehingga sangat sulit ditemukan.

Kerabat dekat kuda laut – Masih satu keluarga dengan pipefish dan seahorse, meskipun bentuknya berbeda.

Betina mengerami telur – Berbeda dengan kuda laut yang jantannya mengandung telur, pada ornate ghost pipefish betina menyimpan telur di kantung yang terbentuk dari sirip perutnya.

Sering berenang terbalik – Mereka kerap berenang dengan posisi kepala menunduk atau tubuh miring untuk menambah efektivitas kamuflase.

Warna sangat bervariasi – Bisa berwarna merah, kuning, putih, hitam, ungu, hingga kombinasi berbagai warna tergantung habitatnya.

Ukuran kecil – Umumnya hanya sekitar 10–12 cm panjangnya.
. 
. 
. 
. 
. 

Scuba Republic House Reef, Raja Ampat 📍
📷 : Olympus TG6

#scubadiving #scubarepublicrajaampat #underwaterphotography #rajaampat",Sidecar,2026-06-03 07:34:25+00:00,18.0,2,0.0,RAJA AMPAT - The Last Paradise,rbnadriel_,2026-06-03,Apify Instagram Scraper,20.0,2026-06-03
Raja Ampat,#wisatarajaampat,https://www.instagram.com/p/DWV2TQmk5Ad/,DWV2TQmk5Ad,"Bagian 37 || Kali Biru 🏞Trip Part II With @wili_surabi
@ehcon_chonex

📍𝘞𝘢𝘳𝘴𝘢𝘮𝘣𝘪𝘯 𝘝𝘪𝘭𝘭𝘢𝘨𝘦, 𝘔𝘢𝘺𝘢𝘭𝘪𝘣𝘪𝘵 𝘉𝘢𝘺, 𝘙𝘢𝘫𝘢 𝘈𝘮𝘱𝘢𝘵, 𝘞𝘦𝘴𝘵 𝘗𝘢𝘱𝘶𝘢𝘯
======================================
 ©ʀᴀɪɴᴇʀsᴜʀᴀʙɪ | ᴛʜᴇ ᴊᴇᴛɪ ᴍᴀɴɢʀᴏᴠᴇ ²⁰²⁶
======================================
#kalibiru #kalibirurajaampat #rajaampat #wisatarajaampat
#holiday",Sidecar,2026-03-26 08:43:54+00:00,20.0,0,0.0,RAJA AMPAT - The Last Paradise,surabi.rainer,2026-06-03,Apify Instagram Scraper,20.0,2026-03-26
Raja Ampat,#piaynemo,https://www.instagram.com/p/DYz2ejGlszC/,DYz2ejGlszC,"Одна из визитных карточек Раджа Ампат это смотровая острова Пьянемо (Piaynemo) Со смотровой открывается потрясающий вид на все заливы и холмы. Этот вид изображен еще и на 100 000 купюре 
Подниматься до смотровой не составляет проблемы. Здесь хорошо оборудован подъём. В тени, в лесу, удобные ступени, которые сделаны очень широко. Есть места для отдыха, кто хочет присесть, отдохнуть.
Еще одна известная точка, это Star lagoon или Bintang lagoon. Находится эта смотровая недалеко от Пьянемо. Однако здесь приходится карабкаться по скалам вверх. Одно Хорошо, что не долго идти)
Сверху открывается потрясающий вид в виде Звезды (так расположены заливы, что создаётся такой эффект)
Ну и третья точка, не менее известная ... это остров Руфус. Из-за великолепной скрытой лагуны, окруженной карстовыми образованиями, нетронутых пейзажей, кораллов и морских обитателей этот остров снискал славу «Последнего рая».
С высоты остров выглядит в виде закрытой лагуны, с очень необычным цветом воды. На смотровую мы не пошли,  решили полетать на дроне.

#индонезия раджаампат #piaynemo #trip #вокругсвета",Sidecar,2026-05-26 17:25:27+00:00,20.0,0,0.0,"Piaynemo Island, Raja Ampat - Papua Barat",enika_music,2026-06-03,Apify Instagram Scraper,20.0,2026-05-26
Raja Ampat,#rajaampatindonesia,https://www.instagram.com/p/DYXdIjCkgMt/,DYXdIjCkgMt,"TERAKHIR.

Tidak lain dan tidak bukan memang hanya “selebrasi”. Tapi, jauh dari sekadar kata “hanya”.

Ini yang akan menjadi cerita tanpa jeda teruntuk 1 atau 2 generasi nantinya. Pesan dari Ibu, jika punya mimpi jangan nanggung2. Kalau ini dimasukkan ke dalam salah satu mimpi, apakah pantas?

Ya, pantas menurut saya, dan bisa jadi tidak menurut banyak orang. Tapi balik lagi, mimpi tidak hanya bertajuk pada profesi yang ingin diraih, melainkan hal sederhana yang muncul di pikiran dan jadi kenyataan 🫂

📸 @_hab1bb 

#rajaampat #lastparadise #papua #rajaampatindonesia",Sidecar,2026-05-15 16:45:16+00:00,-1.0,20,0.0,Raja Ampat,sydh_ummul,2026-06-03,Apify Instagram Scraper,19.0,2026-05-15
Raja Ampat,#rajaampatindonesia,https://www.instagram.com/p/DXwI9xVgmo7/,DXwI9xVgmo7,"Schön vorsichtig paddeln, jetzt nicht noch nassspritzen #unwetter #äquatortaufe #westpapua #rajaampatindonesia #paddelnmachtglücklich @papua_explorers",Image,2026-04-30 10:22:56+00:00,19.0,0,0.0,"Papua Explorers Dive Resort, Raja Ampat",thomas_gnuechtel,2026-06-03,Apify Instagram Scraper,19.0,2026-04-30
Raja Ampat,#piaynemo,https://www.instagram.com/p/DYaBL01GGmi/,DYaBL01GGmi,"✅Piaynemo 
Piaynemo is one of the most iconic destinations in Raja Ampat, famous for its breathtaking view of small limestone islands surrounded by crystal-clear turquoise water. To reach the viewpoint, visitors need to climb several hundred stairs, but the panorama at the top is absolutely worth the effort.

This location is not only stunning for photography, but it also provides a peaceful atmosphere where visitors can fully appreciate the natural beauty of Raja Ampat. Piaynemo is part of a protected marine area, so it is essential to maintain cleanliness and respect during the trip.
.
.
.
.
.
.
#piaynemorajaampat #piaynemoisland #piaynemo #tourrajaampat #triprajaampat",Sidecar,2026-05-16 16:38:46+00:00,17.0,0,0.0,Piaynemo,beautifuljogjatour,2026-06-03,Apify Instagram Scraper,17.0,2026-05-16
Raja Ampat,#explorerajaampat,https://www.instagram.com/p/DWsWay7k-v4/,DWsWay7k-v4,"Conducting research in Raja Ampat requires the right preparation—starting with your visa 💳

Let us assist you in handling the details, so you can focus on your research and experience in Indonesia.

#RajaAmpatStartsWithUs #RajaAmpatVisa #rajaampat #rajaampattrip #explorerajaampat #visitindonesia #wonderfulindonesia #papuatravel #indonesiatravel #travelindonesia #visatoindonesia #indonesiatrip #digitalnomadindonesia #expatsindonesia #visitaseasia",Sidecar,2026-04-04 02:27:51+00:00,16.0,0,0.0,,rajaampatvisa,2026-06-03,Apify Instagram Scraper,16.0,2026-04-04
Raja Ampat,#rajaampat,https://www.instagram.com/p/DZHP4oBEcqz/,DZHP4oBEcqz,"2027年のスケジュールを一部変更しました。
世界屈指のバラクーダ＆ギンガメの群れを楽しめるティフォーレ島トリップを大幅に増やしました。
人気のトリップとなりますのでお早めにご検討ください！

We've made some changes to our 2027 schedule.
We've significantly increased the number of trips to the remote oceanic island of Tifore.
Don't miss this opportunity to join us!

#エレガントジェニファー #インドネシアダイビング #ダイビングクルーズ #ラジャアンパット #ティフォーレ #コモド #elegantjennifer #indoesialiveaboard #divingcruise #rajaampat #pulautifore #komodo",Sidecar,2026-06-03 06:13:02+00:00,15.0,0,0.0,,elegant_jennifer,2026-06-03,Apify Instagram Scraper,15.0,2026-06-03
Raja Ampat,#rajaampatindonesia,https://www.instagram.com/p/DXdVvCGEWgTJsInR0P9PFm5I_o_yD9wzgc-zqw0/,DXdVvCGEWgTJsInR0P9PFm5I_o_yD9wzgc-zqw0,น้ำใส ปลาเยอะ เยอะแบบไม่กลัวคนด้วย#rajaampatindonesia #scubamheefreediving #scubadiving #scubadiverslife,Sidecar,2026-04-23 03:04:39+00:00,15.0,0,0.0,RAJA AMPAT - The Last Paradise,puynoon_k,2026-06-03,Apify Instagram Scraper,15.0,2026-04-23
Raja Ampat,#wisatarajaampat,https://www.instagram.com/p/DXT7Yibk30E/,DXT7Yibk30E,"Bagian 60 || Teatrical War Tribe👹 - The Jeti Mangrove Proudly Present

📍𝘞𝘢𝘳𝘴𝘢𝘮𝘣𝘪𝘯 𝘝𝘪𝘭𝘭𝘢𝘨𝘦, 𝘔𝘢𝘺𝘢𝘭𝘪𝘣𝘪𝘵 𝘉𝘢𝘺, 𝘙𝘢𝘫𝘢 𝘈𝘮𝘱𝘢𝘵, 𝘞𝘦𝘴𝘵 𝘗𝘢𝘱𝘶𝘢𝘯
======================================
 ©ʀᴀɪɴᴇʀsᴜʀᴀʙɪ | ᴛʜᴇ ᴊᴇᴛɪ ᴍᴀɴɢʀᴏᴠᴇ ²⁰²⁶
======================================
#kalibiru #kalibirurajaampat #rajaampat #wisatarajaampat
#holiday",Image,2026-04-19 11:21:16+00:00,15.0,0,0.0,The Jeti Mangrove,surabi.rainer,2026-06-03,Apify Instagram Scraper,15.0,2026-04-19
Raja Ampat,#explorerajaampat,https://www.instagram.com/p/DWFwbN0EyK3/,DWFwbN0EyK3,"Explore more Raja Ampat and discover hidden paradise with our guests group from Russian,

Thank you so much for sailing with us and hope to see you all again next year 🙏🏻

And also thank you to Nadya for sharing your experience during stay with us 💙

#explorerajaampat 
#bluedreamphinisi 
#discoverrajaampat 
#sailingrajaampat 
#liveaboarddiving",Sidecar,2026-03-20 02:44:43+00:00,15.0,0,0.0,Pulau Batanta,bluedreamphinisi,2026-06-03,Apify Instagram Scraper,15.0,2026-03-20
Raja Ampat,#wisatarajaampat,https://www.instagram.com/p/DVf9VJ_mDtB/,DVf9VJ_mDtB,"𝗕𝗮𝗴𝗶𝗮𝗻 32 || Welcome to The Jeti Mangrove Nikmati Suasana dan pengalaman berlibur ke kali biru yang luar biasa🤩

✨ 𝗣𝗮𝗸𝗲𝘁 𝗪𝗶𝘀𝗮𝘁𝗮 𝗨𝗻𝗴𝗴𝘂𝗹𝗮𝗻:
☑ 𝑅𝑒𝑠𝑡𝑎𝑢𝑟𝑎𝑛𝑡 (𝐹𝑟𝑒𝑒 𝑊𝑖𝑓𝑖)
☑ 𝐸𝑐𝑜𝑙𝑜𝑑𝑔𝑒 & 𝐶𝑜𝑡𝑡𝑎𝑔𝑒
☑ 𝐾𝑎𝑙𝑖 𝐵𝑖𝑟𝑢 𝑇𝑜𝑢𝑟
☑ 𝑀𝑎𝑦𝑎𝑙𝑖𝑏𝑖𝑡 𝐵𝑎𝑦 𝑇𝑜𝑢𝑟
☑ 𝐿𝑜𝑐𝑎𝑙 𝐶𝑢𝑙𝑡𝑢𝑟𝑎𝑙 𝐺𝑢𝑖𝑑𝑒
☑ 𝑇𝑒𝑎𝑡𝑟𝑖𝑐𝑎𝑙 𝑊𝑎𝑟 𝑇𝑟𝑖𝑏𝑒

📍 𝗟𝗼𝗸𝗮𝘀𝗶: 𝘛ℎ𝘦 𝘑𝑒𝘵𝑖 𝑀𝘢𝑛𝘨𝑟𝘰𝑣𝘦 – 𝘞𝑎𝘳𝑠𝘢𝑚𝘣𝑖𝘯 𝘝𝑖𝘭𝑙𝘢𝑔𝘦, 𝑇𝘦𝑙𝘶𝑘 𝑀𝘢𝑦𝘢𝑙𝘪𝑏𝘪𝑡, 𝘙𝑎𝘫𝑎 𝐴𝘮𝑝𝘢𝑡
📅 𝗧𝗲𝗿𝘀𝗲𝗱𝗶𝗮 𝗦𝗲𝘁𝗶𝗮 𝗛𝗮𝗿𝗶
=======================================
🎯 𝗙𝗼𝗿 𝗠𝗼𝗿𝗲 𝗜𝗻𝗳𝗼𝗿𝗺𝗮𝘁𝗶𝗼𝗻 & 𝗥𝗲𝘀𝗲𝗿𝘃𝗮𝘁𝗶𝗼𝗻 > 𝗣𝗹𝗲𝗮𝘀𝗲 𝗖𝗼𝗻𝘁𝗮𝗰𝘁 𝗨𝘀
------------------------------------------------------
📞 𝘈𝘭𝘧𝘳𝘦𝘥 - 𝘊𝘩𝘳𝘪𝘴𝘵𝘪𝘯𝘦 𝘔𝘦𝘯𝘵𝘢𝘯𝘴𝘢𝘯
📲 + 62 853 5417 9361
=======================================

©Cᴏᴘʏʀɪɢʜᴛ 2026 Tʜᴇ Jᴇᴛɪ Mᴀɴɢʀᴏᴠᴇ
🔖 #TheJetiMangrove #Kalibiru #kalibirurajaampat #rajaampat #wisatarajaampat",Sidecar,2026-03-05 10:26:21+00:00,13.0,0,0.0,The Jeti Mangrove,thejetimangrove,2026-06-03,Apify Instagram Scraper,13.0,2026-03-05
Raja Ampat,#rajaampat,https://www.instagram.com/p/DZHSIlRgYgG/,DZHSIlRgYgG,"Kampung Dabatan, 3 Juni 2026

Tim Penggerak Pemberdayaan dan Kesejahteraan Keluarga Kabupaten Raja Ampat.
Peringatan Hari Kesatuan Gerak (HKG) PKK Ke-54
Tahun 2026.

Dalam rangka memperingati Hari Kesatuan Gerak (HKG) PKK Ke-54, Ketua Tim Penggerak PKK Kabupaten Raja Ampat bersama Pengurus dan Anggota mengadahkan Bantuan Sosial dan Pemeriksaan Kesehatan Gratis yang dilaksanakan di Kampung Dabatan Distrik Misool Selatan.

Ikut hadir dalam kegiatan ini Ketua Bhayangkari Polres Raja Ampat, Ny. Elsye Tegai, Kepala Dinas Pemberdayaan Perempuan Perlindungan Anak dan KB, ibu. Lowisa Herlina Burdam. SE.

Pembukaan Peringatan Hari Kesatuan Gerak (HKG) PKK Ke-54 secara resmi dibuka oleh Ny. Rusmiati Burdam sebagai Ketua Tim Penggerak PKK Kabupaten Raja Ampat di tandai dengan pemukulan Tifa bersama.

Hidup Jaya PKK💪🏼
#pkkrajaampat #hkgpkk #rajaampat #misoolselatan",Sidecar,2026-06-03 06:32:41+00:00,12.0,0,0.0,Raja Ampat,tppkk_rajaampat,2026-06-03,Apify Instagram Scraper,12.0,2026-06-03
Raja Ampat,#rajaampat,https://www.instagram.com/p/DZGOHq6EsRB/,DZGOHq6EsRB,"Day octopus coming out of its hole. 

This was after another diver had chased it across the reef, then tried to shove his camera into the hole after it (not that he'd get a photo; it's dark in there). 😠

After the other diver gave up and left, I just hovered nearby with my lights off, and waited. No more than a minute later, the octopus came right out to say hi.

If you treat the critters with respect, you'll get much better photos.

#octopus #misool #rajaampat #marinelife #uwphotography #uwpics #marinebiology #underwaterphotography #divephotography #scuba #scubadiving #uwphoto #underwaterimages #padi #sealife #nauticam #sonyalpha",Image,2026-06-02 20:38:22+00:00,12.0,0,0.0,Misool - Raja Ampat,spanglersscuba,2026-06-03,Apify Instagram Scraper,12.0,2026-06-02
Raja Ampat,#rajaampat,https://www.instagram.com/p/DZHQ_5gFaf4/,DZHQ_5gFaf4,"In the heart of the Coral Triangle 🐠, Yeben Island is home to Cove Eco Resort—your gateway to Raja Ampat’s most pristine and remote dive sites.

Perfectly located between Fam (Piaynemo, Melissa’s Garden…) and Gam (Citrus Ridge, Mayhem…), our private island offers exclusive access to untouched reefs and even a nearby manta cleaning station ✨🦋.

It’s the ultimate escape for divers, snorkelers, and nature lovers alike.
--------------------
Yeben Island, Raja Ampat, Indonesia
www.coveecoresort.com
--------------------
#CoveEcoResort #YebenIsland #RajaAmpat #CoralTriangle #DiveResort",Image,2026-06-03 06:22:52+00:00,11.0,0,0.0,,coveecoresort,2026-06-03,Apify Instagram Scraper,11.0,2026-06-03
Raja Ampat,#explorerajaampat,https://www.instagram.com/p/DWC5rvSEyOn/,DWC5rvSEyOn,"EAT, DIVE, SLEEP
Repeat

Happy Dive Happy Life 👌

Group picture before and after dive

#bluedreamphinisi
#sailingrajaampat
#explorerajaampat 
#groupfromrussia 
#happydivehappylife",Sidecar,2026-03-19 00:07:54+00:00,11.0,0,0.0,Raja Ampat Island,bluedreamphinisi,2026-06-03,Apify Instagram Scraper,11.0,2026-03-19
Raja Ampat,#piaynemo,https://www.instagram.com/p/DYOtUUxuoNg/,DYOtUUxuoNg,"😋 pegang 100 ribu, ingat foto di raja ampat😋 pegang dompet, ingat pinjam seratus😋berpose latar belakang nominal IDR 100k😋#banyakceritadisetiapkilometernya 😋#jadikansetiapmomentmenjadikenangan 😋#piaynemo 😋#travellingsaya 😋#recordlifeandmoment 😋",Image,2026-05-12 07:13:33+00:00,9.0,2,0.0,"Piaynemo Island, Raja Ampat - Papua Barat",sampeyanndalem,2026-06-03,Apify Instagram Scraper,11.0,2026-05-12
Raja Ampat,#wisatarajaampat,https://www.instagram.com/p/DXT8kolk64F/,DXT8kolk64F,"Bagian 61 || Teatrical War Tribe👹, Blue River Trip🗾

📍𝘞𝘢𝘳𝘴𝘢𝘮𝘣𝘪𝘯 𝘝𝘪𝘭𝘭𝘢𝘨𝘦, 𝘔𝘢𝘺𝘢𝘭𝘪𝘣𝘪𝘵 𝘉𝘢𝘺, 𝘙𝘢𝘫𝘢 𝘈𝘮𝘱𝘢𝘵, 𝘞𝘦𝘴𝘵 𝘗𝘢𝘱𝘶𝘢𝘯
======================================
 ©ʀᴀɪɴᴇʀsᴜʀᴀʙɪ | ᴛʜᴇ ᴊᴇᴛɪ ᴍᴀɴɢʀᴏᴠᴇ ²⁰²⁶
======================================
#kalibiru #kalibirurajaampat #rajaampat #wisatarajaampat
#holiday",Sidecar,2026-04-19 11:31:37+00:00,10.0,0,0.0,The Jeti Mangrove,surabi.rainer,2026-06-03,Apify Instagram Scraper,10.0,2026-04-19
Raja Ampat,#wisatarajaampat,https://www.instagram.com/p/DWj5mLpk4-j/,DWj5mLpk4-j,"Bagian 45 || Nikmati Liburan di Kali Biru Raja Ampat @wili_surabi

📍𝘞𝘢𝘳𝘴𝘢𝘮𝘣𝘪𝘯 𝘝𝘪𝘭𝘭𝘢𝘨𝘦, 𝘔𝘢𝘺𝘢𝘭𝘪𝘣𝘪𝘵 𝘉𝘢𝘺, 𝘙𝘢𝘫𝘢 𝘈𝘮𝘱𝘢𝘵, 𝘞𝘦𝘴𝘵 𝘗𝘢𝘱𝘶𝘢𝘯
======================================
 ©ʀᴀɪɴᴇʀsᴜʀᴀʙɪ | ᴛʜᴇ ᴊᴇᴛɪ ᴍᴀɴɢʀᴏᴠᴇ ²⁰²⁶
======================================
#kalibiru #kalibirurajaampat #rajaampat #wisatarajaampat
#holiday",Image,2026-03-31 19:42:07+00:00,10.0,0,0.0,RAJA AMPAT - The Last Paradise,surabi.rainer,2026-06-03,Apify Instagram Scraper,10.0,2026-03-31
Raja Ampat,#rajaampat,https://www.instagram.com/p/DZG3CPXjZwQ/,DZG3CPXjZwQ,"Clown anenomefish and anenome shrimp, Raja Ampat, Indonesia

#clownfish #anenomefish #fish #shrimp #anenome #rajaampat #divingindonesia @scubarepublicliveaboards #underwaterphotography #sealife #underwater #oceanlife #marinebiology #oceanlife #marinelife #scubadiving #earthcapture #uwphotography #yourshotphotographer #nature #ocean #travel #underwaterlife #nature #underwaterphoto #underwaterpics #photooftheday #underwaterphoto #scubalife #diving_photography #ScubaDivingMag @scubadivingmag @BBCearth #scuba #underthesea_perfection",Image,2026-06-03 02:35:54+00:00,8.0,1,0.0,,philbearphotography,2026-06-03,Apify Instagram Scraper,9.0,2026-06-03
Raja Ampat,#wisatarajaampat,https://www.instagram.com/p/DW92h1hE2K0/,DW92h1hE2K0,"Bagian 55 || Local Cultural Guide By The Jeti Mangrove

📍𝘞𝘢𝘳𝘴𝘢𝘮𝘣𝘪𝘯 𝘝𝘪𝘭𝘭𝘢𝘨𝘦, 𝘔𝘢𝘺𝘢𝘭𝘪𝘣𝘪𝘵 𝘉𝘢𝘺, 𝘙𝘢𝘫𝘢 𝘈𝘮𝘱𝘢𝘵, 𝘞𝘦𝘴𝘵 𝘗𝘢𝘱𝘶𝘢𝘯
======================================
 ©ʀᴀɪɴᴇʀsᴜʀᴀʙɪ | ᴛʜᴇ ᴊᴇᴛɪ ᴍᴀɴɢʀᴏᴠᴇ ²⁰²⁶
======================================
#kalibiru #kalibirurajaampat #rajaampat #wisatarajaampat
#holiday",Sidecar,2026-04-10 21:35:31+00:00,8.0,0,0.0,The Jeti Mangrove,surabi.rainer,2026-06-03,Apify Instagram Scraper,8.0,2026-04-10
Raja Ampat,#wisatarajaampat,https://www.instagram.com/p/DVdKq9Skng4/,DVdKq9Skng4,"𝗕𝗮𝗴𝗶𝗮𝗻 30 || Adventure at Kali Biru Tour Raja Ampat

✨ 𝗣𝗮𝗸𝗲𝘁 𝗪𝗶𝘀𝗮𝘁𝗮 𝗨𝗻𝗴𝗴𝘂𝗹𝗮𝗻:
☑ 𝑅𝑒𝑠𝑡𝑎𝑢𝑟𝑎𝑛𝑡 (𝐹𝑟𝑒𝑒 𝑊𝑖𝑓𝑖)
☑ 𝐸𝑐𝑜𝑙𝑜𝑑𝑔𝑒 & 𝐶𝑜𝑡𝑡𝑎𝑔𝑒
☑ 𝐾𝑎𝑙𝑖 𝐵𝑖𝑟𝑢 𝑇𝑜𝑢𝑟
☑ 𝑀𝑎𝑦𝑎𝑙𝑖𝑏𝑖𝑡 𝐵𝑎𝑦 𝑇𝑜𝑢𝑟
☑ 𝐿𝑜𝑐𝑎𝑙 𝐶𝑢𝑙𝑡𝑢𝑟𝑎𝑙 𝐺𝑢𝑖𝑑𝑒
☑ 𝑇𝑒𝑎𝑡𝑟𝑖𝑐𝑎𝑙 𝑊𝑎𝑟 𝑇𝑟𝑖𝑏𝑒

📍 𝗟𝗼𝗸𝗮𝘀𝗶: 𝘛ℎ𝘦 𝘑𝑒𝘵𝑖 𝑀𝘢𝑛𝘨𝑟𝘰𝑣𝘦 – 𝘞𝑎𝘳𝑠𝘢𝑚𝘣𝑖𝘯 𝘝𝑖𝘭𝑙𝘢𝑔𝘦, 𝑇𝘦𝑙𝘶𝑘 𝑀𝘢𝑦𝘢𝑙𝘪𝑏𝘪𝑡, 𝘙𝑎𝘫𝑎 𝐴𝘮𝑝𝘢𝑡
📅 𝗧𝗲𝗿𝘀𝗲𝗱𝗶𝗮 𝗦𝗲𝘁𝗶𝗮 𝗛𝗮𝗿𝗶
=======================================
🎯 𝗙𝗼𝗿 𝗠𝗼𝗿𝗲 𝗜𝗻𝗳𝗼𝗿𝗺𝗮𝘁𝗶𝗼𝗻 & 𝗥𝗲𝘀𝗲𝗿𝘃𝗮𝘁𝗶𝗼𝗻 > 𝗣𝗹𝗲𝗮𝘀𝗲 𝗖𝗼𝗻𝘁𝗮𝗰𝘁 𝗨𝘀
------------------------------------------------------
📞 𝘈𝘭𝘧𝘳𝘦𝘥 - 𝘊𝘩𝘳𝘪𝘴𝘵𝘪𝘯𝘦 𝘔𝘦𝘯𝘵𝘢𝘯𝘴𝘢𝘯
📲 + 62 853 5417 9361
=======================================

©Cᴏᴘʏʀɪɢʜᴛ 2026 Tʜᴇ Jᴇᴛɪ Mᴀɴɢʀᴏᴠᴇ
🔖 #TheJetiMangrove #Kalibiru #kalibirurajaampat #rajaampat #wisatarajaampat",Image,2026-03-04 08:25:52+00:00,8.0,0,0.0,The Jeti Mangrove,thejetimangrove,2026-06-03,Apify Instagram Scraper,8.0,2026-03-04
Raja Ampat,#rajaampat,https://www.instagram.com/p/DZGLKNzkmTT/,DZGLKNzkmTT,#semuaorang #fotopemula😅pakehp😉 #waisai #rajaampat #papuabaratdaya,Sidecar,2026-06-02 20:12:30+00:00,7.0,0,0.0,Perumahan Sosial Gereja,adhy_mamoribo,2026-06-03,Apify Instagram Scraper,7.0,2026-06-02
Raja Ampat,#wisatarajaampat,https://www.instagram.com/p/DWlYPUek-7o/,DWlYPUek-7o,"Bagian 47 || Local Cultural Guide Kali Biru Tour By The jeti Mangrove Proudly Present

📍𝘞𝘢𝘳𝘴𝘢𝘮𝘣𝘪𝘯 𝘝𝘪𝘭𝘭𝘢𝘨𝘦, 𝘔𝘢𝘺𝘢𝘭𝘪𝘣𝘪𝘵 𝘉𝘢𝘺, 𝘙𝘢𝘫𝘢 𝘈𝘮𝘱𝘢𝘵, 𝘞𝘦𝘴𝘵 𝘗𝘢𝘱𝘶𝘢𝘯
======================================
 ©ʀᴀɪɴᴇʀsᴜʀᴀʙɪ | ᴛʜᴇ ᴊᴇᴛɪ ᴍᴀɴɢʀᴏᴠᴇ ²⁰²⁶
======================================
#kalibiru #kalibirurajaampat #rajaampat #wisatarajaampat
#holiday",Image,2026-04-01 09:29:06+00:00,7.0,0,0.0,RAJA AMPAT - The Last Paradise,surabi.rainer,2026-06-03,Apify Instagram Scraper,7.0,2026-04-01
Raja Ampat,#wisatarajaampat,https://www.instagram.com/p/DVa3sY-klQA/,DVa3sY-klQA,"𝗕𝗮𝗴𝗶𝗮𝗻 29 || Local Cultural Guide Kali Biru Tour Raja Ampat

✨ 𝗣𝗮𝗸𝗲𝘁 𝗪𝗶𝘀𝗮𝘁𝗮 𝗨𝗻𝗴𝗴𝘂𝗹𝗮𝗻:
☑ 𝑅𝑒𝑠𝑡𝑎𝑢𝑟𝑎𝑛𝑡 (𝐹𝑟𝑒𝑒 𝑊𝑖𝑓𝑖)
☑ 𝐸𝑐𝑜𝑙𝑜𝑑𝑔𝑒 & 𝐶𝑜𝑡𝑡𝑎𝑔𝑒
☑ 𝐾𝑎𝑙𝑖 𝐵𝑖𝑟𝑢 𝑇𝑜𝑢𝑟
☑ 𝑀𝑎𝑦𝑎𝑙𝑖𝑏𝑖𝑡 𝐵𝑎𝑦 𝑇𝑜𝑢𝑟
☑ 𝐿𝑜𝑐𝑎𝑙 𝐶𝑢𝑙𝑡𝑢𝑟𝑎𝑙 𝐺𝑢𝑖𝑑𝑒
☑ 𝑇𝑒𝑎𝑡𝑟𝑖𝑐𝑎𝑙 𝑊𝑎𝑟 𝑇𝑟𝑖𝑏𝑒

📍 𝗟𝗼𝗸𝗮𝘀𝗶: 𝘛ℎ𝘦 𝘑𝑒𝘵𝑖 𝑀𝘢𝑛𝘨𝑟𝘰𝑣𝘦 – 𝘞𝑎𝘳𝑠𝘢𝑚𝘣𝑖𝘯 𝘝𝑖𝘭𝑙𝘢𝑔𝘦, 𝑇𝘦𝑙𝘶𝑘 𝑀𝘢𝑦𝘢𝑙𝘪𝑏𝘪𝑡, 𝘙𝑎𝘫𝑎 𝐴𝘮𝑝𝘢𝑡
📅 𝗧𝗲𝗿𝘀𝗲𝗱𝗶𝗮 𝗦𝗲𝘁𝗶𝗮 𝗛𝗮𝗿𝗶
=======================================
🎯 𝗙𝗼𝗿 𝗠𝗼𝗿𝗲 𝗜𝗻𝗳𝗼𝗿𝗺𝗮𝘁𝗶𝗼𝗻 & 𝗥𝗲𝘀𝗲𝗿𝘃𝗮𝘁𝗶𝗼𝗻 > 𝗣𝗹𝗲𝗮𝘀𝗲 𝗖𝗼𝗻𝘁𝗮𝗰𝘁 𝗨𝘀
------------------------------------------------------
📞 𝘈𝘭𝘧𝘳𝘦𝘥 - 𝘊𝘩𝘳𝘪𝘴𝘵𝘪𝘯𝘦 𝘔𝘦𝘯𝘵𝘢𝘯𝘴𝘢𝘯
📲 + 62 853 5417 9361
=======================================

©Cᴏᴘʏʀɪɢʜᴛ 2026 Tʜᴇ Jᴇᴛɪ Mᴀɴɢʀᴏᴠᴇ
🔖 #TheJetiMangrove #Kalibiru #kalibirurajaampat #rajaampat #wisatarajaampat",Image,2026-03-03 11:00:55+00:00,7.0,0,0.0,The Jeti Mangrove,thejetimangrove,2026-06-03,Apify Instagram Scraper,7.0,2026-03-03
Raja Ampat,#explorerajaampat,https://www.instagram.com/p/DW5P5_0EX8W/,DW5P5_0EX8W,"Planning your next trip to RAJA AMPAT? ✈️
Make sure you choose the right visa for a smooth journey.
Understanding your options is the first step to a hassle-free travel experience.
Let us guide you every step of the way.

#RajaAmpatStartsWithUs #RajaAmpatVisa #rajaampat #rajaampattrip #explorerajaampat #visitindonesia #wonderfulindonesia #papuatravel #indonesiatravel #travelindonesia #visatoindonesia #indonesiatrip #digitalnomadindonesia #expatsindonesia",Sidecar,2026-04-09 02:41:04+00:00,7.0,0,0.0,,rajaampatvisa,2026-06-03,Apify Instagram Scraper,7.0,2026-04-09
Raja Ampat,#rajaampat,https://www.instagram.com/p/DZHhBTOCTq-/,DZHhBTOCTq-,"Anemones on the reef do so much, even on bad hair days. #rajaampat",Sidecar,2026-06-03 08:42:46+00:00,4.0,2,0.0,,interathunk,2026-06-03,Apify Instagram Scraper,6.0,2026-06-03
Raja Ampat,#wisatarajaampat,https://www.instagram.com/p/DWbOvnSDuiJ/,DWbOvnSDuiJ,"Alhamdulillah diberikan kesempatan mengunjungi tempat wisata gunung atau puncak balbulol, 

Foto Ini diambil dri atas pencak ke 2 balbulol, karena 
Gunung ini memilih 1,2 dan 3 tempat puncak. 

#wisatarajaampat
#pulaubalbulol
#kreasiku 
#manjattebing 
#sorongpapuabaratdaya",Image,2026-03-28 10:53:48+00:00,6.0,0,0.0,,fatur_rahman_kelsaba,2026-06-03,Apify Instagram Scraper,6.0,2026-03-28
Raja Ampat,#piaynemo,https://www.instagram.com/p/DZFCw4uiVP9/,DZFCw4uiVP9,#piaynemo 😍 .... Tanken auf hoher See 🤢 ... und ein unvergesslicher Geburtstag.... Enjo and thank you so much @paparisa.homestay Team ... You are the best 😍😘,Sidecar,2026-06-02 09:39:54+00:00,6.0,0,0.0,,little.fire.truck,2026-06-03,Apify Instagram Scraper,6.0,2026-06-02
Raja Ampat,#rajaampatindonesia,https://www.instagram.com/p/DYbnggNItRV/,DYbnggNItRV,"The homestay is named after Arlan’s daughter.

Not a place. Not a concept. A name.

He and Grace built the bungalows above the water with their hands. When it came time to name it, there wasn’t much discussion.

That’s where this story begins. Not with a vision statement. With a family, a bay, and a name given to something they built themselves.

#rajaampat #famisland #rajaampatindonesia #rajaampattrip",Image,2026-05-17 07:34:29+00:00,3.0,2,0.0,,rosye.homestay,2026-06-03,Apify Instagram Scraper,5.0,2026-05-17
Raja Ampat,#wisatarajaampat,https://www.instagram.com/p/DY-UMgQSQAI/,DY-UMgQSQAI,"Open Trip Raja Ampat

One Day Trip
Mepo : Pelabuhan Usaha Mina Sorong

1.850.000

2 Hari 1 Malam
Mepo : Pelabuhan Usaha Mina Sorong

3.750.000

3 Hari 2 Malam
Mepo : Bandara DEO

5000.000

4 Hari 3 Malam Raja Ampat
Mepo : Bandara DEO

Paket Gold : 8.750.000/pax
Paket Silver : 7.750.000/pax
Paket Bronze : 6.650.000/pax

Harga di atas untuk WNI
Untui WNA hubungi admin
0823 1173 0922

Include :
- Akomodasi Penginapan sesuai Paket
- Makan Selama Trip
- Air Mineral
- Kapal Speadboat
- Alat Senorkling
- Dokumentasi kamera Darat
- Dokumentasi Kamera Bawah Air
- Dokumentasi Kamera Drone
- Tiket Masuk semua Destinasi
- Tour Guide

Exclude :
- Kebutuhan Pribadi
- Asuransi Tambahan 30 rb/pax
- tips Crew seikhlasnya
- yang tidak disebutkan di include

#rajaampat #wisatarajaampat #piaynemorajaampat #triprajaampat #opentriprajaampat",Image,2026-05-30 18:57:35+00:00,5.0,0,0.0,Raja Ampat,axsa_adventure,2026-06-03,Apify Instagram Scraper,5.0,2026-05-30
Raja Ampat,#wisatarajaampat,https://www.instagram.com/p/DYUHNDcxXGE/,DYUHNDcxXGE,"Open Trip Misool
5D-4N

*Harga Paket :*
Penginapan Non AC 9.300.000
Penginapan AC 10.700.000

*Titik Kumpul :*
Pelabuhan Sorong 07:00 WITA

*Destinasi :*
Danau Love Kawarpop
Pantai Kaleg
Senorkling Spot Kaleg
Yelit
Senotkling Spot Yelit
Olobi
Senorkling spot Olobi
Geosite Dapunlol
Sunmalelen
Waba Jellyfish
Dafalen Peak
Goa Putri Termenung
Batu Sunset
Bagan Dolphin
Yapap
Balbulol
Namlol
Banos

*Include :*
Kapal Speadboat
Penginapan
Timet Masuk
Tour Leader
Makan Selama Trip
Air Mineral
Alat Senorkling
Pelampung
Drone ( minimal Peserta 6 Pax)
Kamera bawah air
Kamera Darat

*Exclude :*
Pengeluaran Pribadi
Retribusi Wni 300 rb
Retribusi WNA 1 Juta
Tips Guide

#misooltrip #misool #misoolrajaampat #opentripmisool #wisatarajaampat",Image,2026-05-14 09:35:57+00:00,5.0,0,0.0,Misool - Raja Ampat,axsa_adventure,2026-06-03,Apify Instagram Scraper,5.0,2026-05-14
Raja Ampat,#wisatarajaampat,https://www.instagram.com/p/DYO0oeVRnBn/,DYO0oeVRnBn,"Open Trip Raja Ampat

One Day Trip
Mepo : Pelabuhan Usaha Mina Sorong

1.850.000

2 Hari 1 Malam
Mepo : Pelabuhan Usaha Mina Sorong

3.750.000

3 Hari 2 Malam
Mepo : Bandara DEO

5000.000

4 Hari 3 Malam Raja Ampat
Mepo : Bandara DEO

Paket Gold : 8.750.000/pax
Paket Silver : 7.750.000/pax
Paket Bronze : 6.650.000/pax

Harga di atas untuk WNI
Untui WNA hubungi admin
0823 1173 0922

Include :
- Akomodasi Penginapan sesuai Paket
- Makan Selama Trip
- Air Mineral
- Kapal Speadboat
- Alat Senorkling
- Dokumentasi kamera Darat
- Dokumentasi Kamera Bawah Air
- Dokumentasi Kamera Drone
- Tiket Masuk semua Destinasi
- Tour Guide

Exclude :
- Kebutuhan Pribadi
- Asuransi Tambahan 30 rb/pax
- tips Crew seikhlasnya
- yang tidak disebutkan di include

#axsaadventure #axsatravel #rajaampat #rajaampatisland #wisatarajaampat",Image,2026-05-12 08:17:28+00:00,5.0,0,0.0,Raja Ampat,axsa_adventure,2026-06-03,Apify Instagram Scraper,5.0,2026-05-12
Raja Ampat,#wisatarajaampat,https://www.instagram.com/p/DWn0MSdk0tU/,DWn0MSdk0tU,"Bagian 48 || Kayak Boat By The jeti Mangrove Proudly Present

📍𝘞𝘢𝘳𝘴𝘢𝘮𝘣𝘪𝘯 𝘝𝘪𝘭𝘭𝘢𝘨𝘦, 𝘔𝘢𝘺𝘢𝘭𝘪𝘣𝘪𝘵 𝘉𝘢𝘺, 𝘙𝘢𝘫𝘢 𝘈𝘮𝘱𝘢𝘵, 𝘞𝘦𝘴𝘵 𝘗𝘢𝘱𝘶𝘢𝘯
======================================
 ©ʀᴀɪɴᴇʀsᴜʀᴀʙɪ | ᴛʜᴇ ᴊᴇᴛɪ ᴍᴀɴɢʀᴏᴠᴇ ²⁰²⁶
======================================
#kalibiru #kalibirurajaampat #rajaampat #wisatarajaampat
#kayak",Image,2026-04-02 08:11:55+00:00,5.0,0,0.0,,surabi.rainer,2026-06-03,Apify Instagram Scraper,5.0,2026-04-02
Raja Ampat,#explorerajaampat,https://www.instagram.com/p/DYydb7xmp5Z/,DYydb7xmp5Z,"Beautiful girl in a beautiful place 🥰

Join us for one day trip to Piaynemo Raja Ampat
May 28th, 2026

Avaliable 5 seat

#RajaAmpat #RajaAmpatTour #RajaAmpatTrip #ExploreRajaAmpat #PapuaBarat PesonaIndonesia WonderfulIndonesia",Image,2026-05-26 04:27:24+00:00,5.0,0,0.0,Raja Ampat Island,jalanjalanrajaampat,2026-06-03,Apify Instagram Scraper,5.0,2026-05-26
Raja Ampat,#wisatarajaampat,https://www.instagram.com/p/DY2Urpwxp6m/,DY2Urpwxp6m,"Open Trip Misool
5D-4N

*Harga Paket :*
Penginapan Non AC 9.300.000
Penginapan AC 10.700.000

*Titik Kumpul :*
Pelabuhan Sorong 07:00 WITA

*Destinasi :*
Danau Love Kawarpop
Pantai Kaleg
Senorkling Spot Kaleg
Yelit
Senotkling Spot Yelit
Olobi
Senorkling spot Olobi
Geosite Dapunlol
Sunmalelen
Waba Jellyfish
Dafalen Peak
Goa Putri Termenung
Batu Sunset
Bagan Dolphin
Yapap
Balbulol
Namlol
Banos

*Include :*
Kapal Speadboat
Penginapan
Timet Masuk
Tour Leader
Makan Selama Trip
Air Mineral
Alat Senorkling
Pelampung
Drone ( minimal Peserta 6 Pax)
Kamera bawah air
Kamera Darat

*Exclude :*
Pengeluaran Pribadi
Retribusi Wni 300 rb
Retribusi WNA 1 Juta
Tips Guide

#misooltrip #misool #misoolrajaampat #opentripmisool #wisatarajaampat",Image,2026-05-27 16:27:56+00:00,4.0,0,0.0,Misool - Raja Ampat,axsa_adventure,2026-06-03,Apify Instagram Scraper,4.0,2026-05-27
Raja Ampat,#wisatarajaampat,https://www.instagram.com/p/DYA1Um9EXgI/,DYA1Um9EXgI,"Open Trip Raja Ampat

One Day Trip
Mepo : Pelabuhan Usaha Mina Sorong

1.850.000

2 Hari 1 Malam
Mepo : Pelabuhan Usaha Mina Sorong

3.750.000

3 Hari 2 Malam
Mepo : Bandara DEO

5000.000

4 Hari 3 Malam Raja Ampat
Mepo : Bandara DEO

Paket Gold : 8.750.000/pax
Paket Silver : 7.750.000/pax
Paket Bronze : 6.650.000/pax

Harga di atas untuk WNI
Untui WNA hubungi admin
0823 1173 0922

Include :
- Akomodasi Penginapan sesuai Paket
- Makan Selama Trip
- Air Mineral
- Kapal Speadboat
- Alat Senorkling
- Dokumentasi kamera Darat
- Dokumentasi Kamera Bawah Air
- Dokumentasi Kamera Drone
- Tiket Masuk semua Destinasi
- Tour Guide

Exclude :
- Kebutuhan Pribadi
- Asuransi Tambahan 30 rb/pax
- tips Crew seikhlasnya
- yang tidak disebutkan di include

#axsaadventure #axsatravel #rajaampat #rajaampatisland #wisatarajaampat",Image,2026-05-06 21:54:08+00:00,4.0,0,0.0,Raja Ampat,axsa_adventure,2026-06-03,Apify Instagram Scraper,4.0,2026-05-06
Raja Ampat,#wisatarajaampat,https://www.instagram.com/p/DWwEm25E9yk/,DWwEm25E9yk,"Bagian 52 || @gisel_la @naymirdad By The jeti Mangrove Proudly Present

📍𝘞𝘢𝘳𝘴𝘢𝘮𝘣𝘪𝘯 𝘝𝘪𝘭𝘭𝘢𝘨𝘦, 𝘔𝘢𝘺𝘢𝘭𝘪𝘣𝘪𝘵 𝘉𝘢𝘺, 𝘙𝘢𝘫𝘢 𝘈𝘮𝘱𝘢𝘵, 𝘞𝘦𝘴𝘵 𝘗𝘢𝘱𝘶𝘢𝘯
======================================
 ©ʀᴀɪɴᴇʀsᴜʀᴀʙɪ | ᴛʜᴇ ᴊᴇᴛɪ ᴍᴀɴɢʀᴏᴠᴇ ²⁰²⁶
======================================
#kalibiru #kalibirurajaampat #rajaampat #wisatarajaampat
#gisel",Image,2026-04-05 13:09:12+00:00,4.0,0,0.0,The Jeti Mangrove,surabi.rainer,2026-06-03,Apify Instagram Scraper,4.0,2026-04-05
Raja Ampat,#piaynemo,https://www.instagram.com/p/DYoDCyiSs5I/,DYoDCyiSs5I,"🛥️ 

#boat #speedboat #Piaynemo #GeositePiaynemo #rajaampatpapuabarat",Image,2026-05-22 03:24:25+00:00,4.0,0,0.0,,kurnia_salahuddin,2026-06-03,Apify Instagram Scraper,4.0,2026-05-22
Raja Ampat,#piaynemo,https://www.instagram.com/p/DYen27kk020/,DYen27kk020,"Piaynemo: proof the earth still knows how to surprise us.
Felt very small standing in front of something this beautiful ⛰️
#rajaampat #piaynemo #peace #travel",Sidecar,2026-05-18 11:33:39+00:00,-1.0,5,0.0,"Piaynemo, Raja Ampat",hina.maris,2026-06-03,Apify Instagram Scraper,4.0,2026-05-18
Raja Ampat,#rajaampat,https://www.instagram.com/p/DZHu8_rJcDp/,DZHu8_rJcDp,Another amazing place at #rajaampat,Image,2026-06-03 10:45:20+00:00,3.0,0,0.0,Raja Ampat Islands,rajaampat.triporganizer,2026-06-03,Apify Instagram Scraper,3.0,2026-06-03
Raja Ampat,#rajaampat,https://www.instagram.com/p/DZGQ3t_jPDF/,DZGQ3t_jPDF,"🌏✈️ Escape to Indonesia & Malaysia with
EscapetoAsia ✨

Experience the magic of Southeast Asia – where ancient traditions meet breathtaking natural beauty and futuristic cityscapes…

🇲🇾🇮🇩 Indonesia & Malaysia
🌋 Witness the misty sunrise over Mt. Bromo's volcanic peaks
🏙️ Marvel at the iconic Petronas Twin Towers in Kuala Lumpur
🌊 Cruise through the pristine, turquoise waters of Raja Ampat
🍜 Savor world-class street food delights in Penang
🐒 Discover the rich culture, history, and charm of Malacca
☀️ Unwind on the legendary, sun-kissed shores of Bali
🕌 Wander through ancient wonders like Borobudur at dawn

💰 We cannot be beaten on price.
👉 Get a quote to know.

📩 DM us today and start planning your perfect
Asian adventure with EscapetoAsia

#EscapetoAsia #ExploreIndonesia #VisitMalaysia #WonderfulIndonesia #MalaysiaTrulyAsia #KualaLumpur #BaliLife #PenangFoodie #Borobudur #MtBromo #RajaAmpat #TravelDeals #LuxuryTravel #HolidayPackages #Wanderlust #AsiaTravel #SoutheastAsia #CulturalTravel",Image,2026-06-02 21:02:25+00:00,2.0,1,0.0,,escape.to.asia.uk,2026-06-03,Apify Instagram Scraper,3.0,2026-06-02
Raja Ampat,#rajaampatindonesia,https://www.instagram.com/p/DYNNCxnCBfP/,DYNNCxnCBfP,"Four bungalows above the reef.
One family. One quiet bay.

Arlan built all of them with his hands. Grace keeps the kitchen running. Their kids grew up on these boards above the water.

This is Rosye Homestay — Fam Island, Raja Ampat.

Arlan still goes out before the guests wake up. Grace still cooks from scratch. We’ve been here a while. 🌊

#RajaAmpat #RajaAmpatIndonesia #Homestay #OverwaterBungalow #FamIsland",Sidecar,2026-05-11 17:12:15+00:00,3.0,0,0.0,,rosye.homestay,2026-06-03,Apify Instagram Scraper,3.0,2026-05-11
Raja Ampat,#wisatarajaampat,https://www.instagram.com/p/DX0Rw8iE0Yo/,DX0Rw8iE0Yo,"Selmat pagi dan selmat menikmati keindahan wisata Raja Ampat. 

#fyp
#wisatarajaampat
#semuaorang",Image,2026-05-02 00:52:31+00:00,3.0,0,0.0,Kota Waisai Kab.Raja Ampat Kab. Papua Barat,charles.serin.1,2026-06-03,Apify Instagram Scraper,3.0,2026-05-02
Raja Ampat,#wisatarajaampat,https://www.instagram.com/p/DW925AIk1JF/,DW925AIk1JF,"Bagian 55 || Teatrical War Tribe👹

📍𝘞𝘢𝘳𝘴𝘢𝘮𝘣𝘪𝘯 𝘝𝘪𝘭𝘭𝘢𝘨𝘦, 𝘔𝘢𝘺𝘢𝘭𝘪𝘣𝘪𝘵 𝘉𝘢𝘺, 𝘙𝘢𝘫𝘢 𝘈𝘮𝘱𝘢𝘵, 𝘞𝘦𝘴𝘵 𝘗𝘢𝘱𝘶𝘢𝘯
======================================
 ©ʀᴀɪɴᴇʀsᴜʀᴀʙɪ | ᴛʜᴇ ᴊᴇᴛɪ ᴍᴀɴɢʀᴏᴠᴇ ²⁰²⁶
======================================
#kalibiru #kalibirurajaampat #rajaampat #wisatarajaampat
#teatricalwartribe",Image,2026-04-10 21:38:43+00:00,3.0,0,0.0,The Jeti Mangrove,surabi.rainer,2026-06-03,Apify Instagram Scraper,3.0,2026-04-10
Raja Ampat,#wisatarajaampat,https://www.instagram.com/p/DWbV0iEjsSv/,DWbV0iEjsSv,"Alhamdulillah kesempatan kembali mengunjungi tempat wisata Gunung/batu prewed di misool. 

Foto Ini diambil dri atas dataran batu yang terbentang luas  seperti dermaga diatas laut yang biru. (Sabtu, 28/03/2026) 

#wisatarajaampat
#pulaubalbulol
#kreasiku 
#manjattebing 
#sorongpapuabaratdaya",Image,2026-03-28 11:55:36+00:00,3.0,0,0.0,,fatur_rahman_kelsaba,2026-06-03,Apify Instagram Scraper,3.0,2026-03-28
Raja Ampat,#explorerajaampat,https://www.instagram.com/p/DYydb63mipM/,DYydb63mipM,"Beautiful girl in a beautiful place 🥰

Join us for one day trip to Piaynemo Raja Ampat
May 28th, 2026

Avaliable 5 seat

#RajaAmpat #RajaAmpatTour #RajaAmpatTrip #ExploreRajaAmpat #PapuaBarat PesonaIndonesia WonderfulIndonesia",Image,2026-05-26 04:27:24+00:00,3.0,0,0.0,Raja Ampat Island,travelingrajaampat,2026-06-03,Apify Instagram Scraper,3.0,2026-05-26
Raja Ampat,#explorerajaampat,https://www.instagram.com/p/DXp_j_Bjs4x/,DXp_j_Bjs4x,"Menjelajahi pesona Raja Ampat dengan panorama laut sebening kristal 🌊
dan gugusan pulau eksotis yang memukau 🏝️

Lebih dari sekadar perjalanan, setiap langkah menghadirkan pengalaman
istimewa dan kenangan berharga di salah satu destinasi terbaik dunia ✨

Percayakan perjalanan Anda bersama kami untuk menghadirkan pengalaman yang nyaman, aman, dan tak terlupakan

#JavaTravellerIndonesia
#RajaAmpat
#RajaAmpatTrip
#ExploreRajaAmpat
#WonderfulIndonesia
#PesonaIndonesia",Sidecar,2026-04-28 01:01:02+00:00,3.0,0,0.0,,javatraveller_indonesia,2026-06-03,Apify Instagram Scraper,3.0,2026-04-28
Raja Ampat,#explorerajaampat,https://www.instagram.com/p/DVaqbNPE7CF/,DVaqbNPE7CF,"Open Trip Raja Ampat - Pianemo Kalibiru
2 Days 1 Night
Date : 7-8 Maret, 14-15 Maret, 19-20 Maret, 21-22 Maret, dan 28-29 Maret.

 💰 Harga Start From Rp 4.750.000/orang. (min. 2 orang)

Saatnya nikmati surga dunia di timur Indonesia! 🐠✨
 Jelajahi keindahan Raja Ampat dengan air sebening kristal, pulau-pulau eksotis, dan pengalaman snorkeling di spot terbaik dunia. 🌴

Destinasi :
Pianemo
Telaga Bintang
Geosite Pianemo
Sawendarek
Pasir Timbul
Kalibiru

📞 Info & Reservasi:
 Admin 1: 0812 6557 6555
 Admin 2: 0852 8112 7759
 Admin 3: 0818 3655 57

#RajaWisata #RajaAmpatTrip #OutingKantor #CorporateTour #GatheringPerusahaan #ExploreRajaAmpat #IslandHopping #SnorkelingTrip #TeamBuilding #FunTrip",Image,2026-03-03 09:05:43+00:00,3.0,0,0.0,,rajawisata_official,2026-06-03,Apify Instagram Scraper,3.0,2026-03-03
Raja Ampat,#explorerajaampat,https://www.instagram.com/p/DVaqNs2EzbE/,DVaqNs2EzbE,"Open Trip Raja Ampat - Pianemo
2 Days 1 Night
Date : 7-8 Maret, 14-15 Maret, 19-20 Maret, 21-22 Maret, dan 28-29 Maret.

 💰 Harga Start From Rp 3.850.000/orang.

Saatnya nikmati surga dunia di timur Indonesia! 🐠✨
 Jelajahi keindahan Raja Ampat dengan air sebening kristal, pulau-pulau eksotis, dan pengalaman snorkeling di spot terbaik dunia. 🌴

Destinasi :
Pianemo
Telaga Bintang
Geosite Pianemo
Sawendarek
Pasir Timbul

📞 Info & Reservasi:
 Admin 1: 0812 6557 6555
 Admin 2: 0852 8112 7759
 Admin 3: 0818 3655 57

#RajaWisata #RajaAmpatTrip #OutingKantor #CorporateTour #GatheringPerusahaan #ExploreRajaAmpat #IslandHopping #SnorkelingTrip #TeamBuilding #FunTrip",Image,2026-03-03 09:04:27+00:00,3.0,0,0.0,,rajawisata_official,2026-06-03,Apify Instagram Scraper,3.0,2026-03-03
Raja Ampat,#wisatarajaampat,https://www.instagram.com/p/DXC62cykzr5/,DXC62cykzr5,"Bagian 58 || KALI BIRU TOUR

📍𝘞𝘢𝘳𝘴𝘢𝘮𝘣𝘪𝘯 𝘝𝘪𝘭𝘭𝘢𝘨𝘦, 𝘔𝘢𝘺𝘢𝘭𝘪𝘣𝘪𝘵 𝘉𝘢𝘺, 𝘙𝘢𝘫𝘢 𝘈𝘮𝘱𝘢𝘵, 𝘞𝘦𝘴𝘵 𝘗𝘢𝘱𝘶𝘢𝘯
======================================
 ©ʀᴀɪɴᴇʀsᴜʀᴀʙɪ | ᴛʜᴇ ᴊᴇᴛɪ ᴍᴀɴɢʀᴏᴠᴇ ²⁰²⁶
======================================
#kalibiru #kalibirurajaampat #rajaampat #wisatarajaampat
#holiday",Image,2026-04-12 20:49:31+00:00,2.0,0,0.0,The Jeti Mangrove,surabi.rainer,2026-06-03,Apify Instagram Scraper,2.0,2026-04-12
Raja Ampat,#explorerajaampat,https://www.instagram.com/p/DYydaYMibjp/,DYydaYMibjp,"Beautiful girl in a beautiful place 🥰

Join us for one day trip to Piaynemo Raja Ampat
May 28th, 2026

Avaliable 5 seat

#RajaAmpat #RajaAmpatTour #RajaAmpatTrip #ExploreRajaAmpat #PapuaBarat PesonaIndonesia WonderfulIndonesia",Image,2026-05-26 04:27:17+00:00,2.0,0,0.0,Raja Ampat Island,eleanorrajaampat,2026-06-03,Apify Instagram Scraper,2.0,2026-05-26
Raja Ampat,#rajaampat,https://www.instagram.com/p/DZHeIjjCenW/,DZHeIjjCenW,"The red parade of #rajaampat critters. What they don't tell you is that it's not just bio-diverse, it's bio-dense. All these photos were from ONE dive site. 🫨🤩",Sidecar,2026-06-03 08:17:33+00:00,1.0,0,0.0,Raja Ampat Islands,interathunk,2026-06-03,Apify Instagram Scraper,1.0,2026-06-03
Raja Ampat,#rajaampat,https://www.instagram.com/p/DZHWvLOlJpA/,DZHWvLOlJpA,"First bird shots on Raja Ampat.

1. Dollarbird
2. Rufous-bellied Kookaburra 
3. Sacred Kingfisher 
4. Willie-wagtail 
5. Little Heron 
6. Beach Kingfisher 
7. Hooded Butcherbird 

#rajaampat #birdsofindonesia #birdphotography #vogelfotografie #bestbirdshot",Sidecar,2026-06-03 07:12:55+00:00,1.0,0,0.0,Raja Ampat Islands,quickening83,2026-06-03,Apify Instagram Scraper,1.0,2026-06-03
Raja Ampat,#rajaampat,https://www.instagram.com/p/DZHRzWzCUzm/,DZHRzWzCUzm,"Indonesia is calling and this June, we're answering.
17,000+ islands. Volcanoes kissed by clouds. Temples draped in mist. Oceans that glow. This is not just a destination, it's a whole universe waiting to be explored.  All through June, every Wednesday, we're taking you deeper into Indonesia from its most iconic places to its hidden gems, flavours, festivals and adventures.

Swipe through, save this post and start planning your Indonesian dream trip. 🌴  And when you do go - travel protected.
👉 Get insured: www.trippersshield.com

#Indonesia #IndonesiaTravel #Bali #Yogyakarta #RajaAmpat #Komodo #TravelAsia #IndianTravellers #TrippersShield #TravelInsurance #ExploreIndonesia #Wanderlust #TravelIndia #CountryOfTheMonth #JuneTravel",Sidecar,2026-06-03 06:29:47+00:00,1.0,0,0.0,,trippers_shield,2026-06-03,Apify Instagram Scraper,1.0,2026-06-03
Raja Ampat,#rajaampat,https://www.instagram.com/p/DZG9nUOARGe/,DZG9nUOARGe,"Kalau ke Raja Ampat, spot mana yang paling masuk wishlist kamu? 👀

🏝️ Piaynemo
⭐ Telaga Bintang
🌊 Arborek
✨ Pasir Timbul

Empat spot favorit wisata Raja Ampat yang selalu berhasil bikin orang jatuh cinta pada Papua Barat. Dari view ikonik Piaynemo, air jernih Arborek, hingga Pasir Timbul yang hanya muncul di waktu tertentu, setiap sudutnya punya cerita sendiri.

Kalau cuma boleh pilih satu, kamu pilih yang mana?

#rajaampat #wisatarajaampat #piaynemo #papuabarat #wonderfulindonesia🇮🇩",Sidecar,2026-06-03 03:33:23+00:00,1.0,0,0.0,,oasisrajaampat,2026-06-03,Apify Instagram Scraper,1.0,2026-06-03
Raja Ampat,#rajaampat,https://www.instagram.com/p/DZGxmkLjFbN/,DZGxmkLjFbN,"Your dollar goes further, the diving is world-class, and the beaches look like screensavers. ✈️ This is your guide to island-hopping across Southeast Asia in 2026.

🇮🇩 Indonesia — Bali & Ubud, the Gili Islands, and the T-rex cliffs of Nusa Penida. Divers: Raja Ampat is calling.

🇹🇭 Thailand — wellness resorts on the mainland, then Koh Samui, Koh Tao and the Phi Phi cliffs by private longtail.

🇵🇭 Philippines — private-island luxury, whale sharks off Cebu, and the lagoons of Palawan.

Indonesia's dry season runs April–October — the perfect window for a summer escape. Save this for your next trip, and tap the link in bio to start planning. 🌴

#SoutheastAsia #IslandHopping #Thailand #Indonesia #Philippines #Palawan #RajaAmpat #PhiPhi #LuxuryTravel #BeachVacation #TravelGuide #ElysianEscapes #Wanderlust #BucketList",Sidecar,2026-06-03 01:48:25+00:00,0.0,1,0.0,,elysianescapes,2026-06-03,Apify Instagram Scraper,1.0,2026-06-03
Raja Ampat,#rajaampat,https://www.instagram.com/p/DZGEWf3DB9F/,DZGEWf3DB9F,"If paradise had an address, it would be somewhere around here 🏝️
.
.
.
#rajaampat #jalanjalan #travel #kelilingdunia #indonesia",Sidecar,2026-06-02 19:13:01+00:00,-1.0,2,0.0,Raja Ampat,cunaminate,2026-06-03,Apify Instagram Scraper,1.0,2026-06-02
Raja Ampat,#rajaampatindonesia,https://www.instagram.com/p/DYOnHcoI6nd/,DYOnHcoI6nd,"Most guides wait on the boat.

Arlan gets in.

He knows where the turtles surface, which coral head the moray lives under, where the current runs clean. You follow him through it — not a map, not a briefing. Just someone who grew up on this reef swimming ahead of you.

That’s the difference. 🤿

#RajaAmpat #SeaTurtle #MarineLife #SnorkelingRajaAmpat #RajaAmpatIndonesia",Image,2026-05-12 06:19:45+00:00,1.0,0,0.0,,rosye.homestay,2026-06-03,Apify Instagram Scraper,1.0,2026-05-12
Raja Ampat,#rajaampatindonesia,https://www.instagram.com/p/DYNL1B4COUY/,DYNL1B4COUY,"This is where you eat.

Breakfast, lunch, dinner — all of it here, above the water. Grace cooks from whatever came in that morning. You sit, you look out, you don’t check the time.

Guests tell us this is the longest they’ve sat still in a year.

#RajaAmpat #FamilyRun #Homestay #FamIsland #RajaAmpatIndonesia",Sidecar,2026-05-11 17:01:39+00:00,1.0,0,0.0,,rosye.homestay,2026-06-03,Apify Instagram Scraper,1.0,2026-05-11
Raja Ampat,#rajaampatindonesia,https://www.instagram.com/p/DYNB8MboHtn/,DYNB8MboHtn,"This is Arlan 😁

He grew up on Fam Island. Learned the reef before he could read. Has been freediving this water for fifteen years.

He doesn’t say much. But when he stops the boat, there’s always a reason.

Rosye Homestay is his. His family runs it.

#RajaAmpat #FamilyRun #Homestay #FamIsland #RajaAmpatIndonesia",Image,2026-05-11 15:36:32+00:00,1.0,0,0.0,,rosye.homestay,2026-06-03,Apify Instagram Scraper,1.0,2026-05-11
Raja Ampat,#rajaampatindonesia,https://www.instagram.com/p/DYL7s5GDaK3/,DYL7s5GDaK3,#2026 #rajaampatindonesia #pygmysquid #Idiosepius Known for being one of the smallest cephalopods in the world,Image,2026-05-11 05:24:03+00:00,1.0,0,0.0,Raja Ampat,brianlowdive,2026-06-03,Apify Instagram Scraper,1.0,2026-05-11
Raja Ampat,#wisatarajaampat,https://www.instagram.com/p/DZEtZJahCHz/,DZEtZJahCHz,"Lagi cari Paket Wisata Raja Ampat yang pas di kantong tapi fasilitasnya lengkap? Gak usah bingung lagi, yuk cek di Oasis buat nentuin pilihan liburanmu! 🏝️✨

Banyak yang nanya ke kita soal biaya liburan ke Raja Ampat dan mana yang lebih untung. Jawabannya tergantung traveling style kamu:

👥 Open Trip Raja Ampat: Solusi terbaik buat yang cari Open Trip Raja Ampat murah. Kamu bisa hemat budget, tinggal duduk manis, dan bonusnya bisa dapet teman baru!

👑 Private Trip Raja Ampat: Pilihan tepat buat yang pengen jadwalnya fleksibel, bareng keluarga, pasangan, atau rombongan kantor sendiri tanpa digabung orang lain.

Buat kamu yang masih bingung soal cara ke Raja Ampat dari kota asalmu atau mau tahu detail jadwal Open Trip Raja Ampat terbaru, langsung aja hubungi kami!

Kamu sendiri masuk tim yang mana nih? Tulis di kolom komentar ya! 👇

#paketwisatarajaampat #opentriprajaampat #wisatarajaampat  #rajaampattrip #oasisrajaampat",Image,2026-06-02 06:33:13+00:00,1.0,0,0.0,,oasisrajaampat,2026-06-03,Apify Instagram Scraper,1.0,2026-06-02
Raja Ampat,#explorerajaampat,https://www.instagram.com/p/DY9iArcFC1p/,DY9iArcFC1p,"𝟱 𝗠𝘂𝘀𝘁-𝗩𝗶𝘀𝗶𝘁 𝗦𝗽𝗼𝘁𝘀 𝗶𝗻 𝗣𝗶𝗮𝘆𝗻𝗲𝗺𝗼, 𝗥𝗮𝗷𝗮 𝗔𝗺𝗽𝗮𝘁!
Banyak orang mengenal Piaynemo hanya dari teras pandang ikoniknya. Padahal, gugusan pulau Piaynemo menyimpan lebih banyak spot cantik yang bisa dieksplorasi.

Selain Teras Pandang Piaynemo (spot sejuta umat!) dan Telaga Bintang, ada juga Piaynemo Homestay, tempat Trippers bisa memberi makan hiu-hiu kecil, Bukit Satu yang menawarkan sudut pandang berbeda, hingga Hidden Beach yang masih jarang dikunjungi wisatawan.

Kalau ingin membaca cerita lengkap tentang spot-spot tersembunyi di Piaynemo, cek artikel kami: 
https://mytrip.co.id/article/yang-tersembunyi-di-piaynemo-raja-ampat-bagian-1

𝗕𝗲𝗿𝗺𝗶𝗻𝗮𝘁 𝗺𝗲𝗻𝗷𝗲𝗹𝗮𝗷𝗮𝗵𝗶 𝗥𝗮𝗷𝗮 𝗔𝗺𝗽𝗮𝘁 𝗯𝗲𝗿𝘀𝗮𝗺𝗮 𝗠𝘆𝗧𝗿𝗶𝗽?

📅 𝗢𝗽𝗲𝗻 𝗧𝗿𝗶𝗽 𝗥𝗮𝗷𝗮 𝗔𝗺𝗽𝗮𝘁
𝟐𝟔–𝟑𝟎 𝐒𝐞𝐩𝐭𝐞𝐦𝐛𝐞𝐫 𝟐𝟎𝟐𝟔
&
𝟏𝟔–𝟐𝟎 𝐎𝐤𝐭𝐨𝐛𝐞𝐫 𝟐𝟎𝟐𝟔

Dalam Open Trip Raja Ampat bersama MyTrip, Trippers akan dibawa mengunjungi Teluk Kabui (Batu Pensil, Batu Wajah & Batu Gendong), snorkeling di Sawandarek dan Pulau Friwen, menjelajahi Arborek, mengunjungi Tugu Katulistiwa, menikmati keindahan Wayag, hingga berjalan di atas Pasir Timbul yang ikonik. 

𝗦𝗶𝗮𝗽 𝗺𝗲𝘄𝘂𝗷𝘂𝗱𝗸𝗮𝗻 𝗯𝘂𝗰𝗸𝗲𝘁 𝗹𝗶𝘀𝘁 𝗥𝗮𝗷𝗮 𝗔𝗺𝗽𝗮𝘁𝗺𝘂?
📞 Hubungi MyTrip di 0811821006 

#mytrip #opentriprajaampat #explorerajaampat #rajaampat",Sidecar,2026-05-30 11:39:01+00:00,-1.0,2,0.0,,mytrip.co.id,2026-06-03,Apify Instagram Scraper,1.0,2026-05-30
Raja Ampat,#rajaampat,https://www.instagram.com/p/DZHyB-Yk5zv/,DZHyB-Yk5zv,"Healing bersama pasangan bukan hanya tentang pergi ke tempat yang indah, tetapi tentang menemukan ketenangan dalam kebersamaan. ❤️🥰

Terkadang, hubungan yang hadir saat dua hati saling menjadi tempat pulang, saling mendengarkan tanpa menghakimi, dan saling menguatkan di tengah lelahnya kehidupan. Healing bersama pasangan adalah tentang menciptakan momen sederhana yang penuh makna, tertawa bersama, berbagi cerita, dan menikmati waktu tanpa harus menjadi sempurna.

Karena pada akhirnya, tempat healing terbaik bukanlah sebuah destinasi, melainkan seseorang yang membuat hati merasa tenang, nyaman, dan dicintai. ❤️✨🫂🥰

Selamat malam & met beristirahat sejenak😊👏🤝#foto #salamsehatselalu #rajaampat #jangkauanluassemuaorang",Sidecar,2026-06-03 11:11:24+00:00,0.0,0,0.0,"Tapokreng, Papua, Indonesia",ayu_rumabar,2026-06-03,Apify Instagram Scraper,0.0,2026-06-03
Raja Ampat,#rajaampat,https://www.instagram.com/p/DZHp3YQkncu/,DZHp3YQkncu,"Forget the crowds and discover the definition of elite travel. A journey to Raja Ampat is not just a vacation, it is an immersion into the world’s most dramatic marine landscapes from the deck of your private yacht. 

The crystal clear, turquoise water shown here this picture is the backdrop for your exclusive escape, a world shared only with those who choose to travel differently.

This view can be your reality. Begin planning your private, bespoke expedition to Raja Ampat today at luxuryrajaampat.com. The extraordinary awaits. 🥂

#LuxuryRajaAmpat #RajaAmpat #LuxuryTravel #HiddenCoves #BucketListDestination",Image,2026-06-03 10:00:02+00:00,0.0,0,0.0,,luxuryrajaampat,2026-06-03,Apify Instagram Scraper,0.0,2026-06-03
Raja Ampat,#rajaampat,https://www.instagram.com/p/DZHXLoHPrJ6/,DZHXLoHPrJ6,"Back in 2024 - Papua, Indonesia

#papua #rajaampat #sony #sonyzv1 #lightroom #indonesia #sorong #kepulauanindonesia #nkseethngs #explore #explorepage✨ #travel #visitindonesia",Image,2026-06-03 07:16:50+00:00,0.0,0,0.0,,keira301097,2026-06-03,Apify Instagram Scraper,0.0,2026-06-03
Raja Ampat,#rajaampat,https://www.instagram.com/p/DZHSnSXGqE8/,DZHSnSXGqE8,"Ada sesuatu yang perlu kamu tahu tentang Raja Ampat.

Raja Ampat adalah rumah bagi 75% spesies karang dunia. Salah satu ekosistem laut paling kaya di planet ini. Dan beberapa waktu lalu, surga ini terancam serius oleh ekspansi tambang nikel.

Lalu yang luar biasa terjadi.

Publik bersuara. Tagar SaveRajaAmpat menyebar luas. Generasi muda Papua dan aktivis lingkungan turun bersama. Media meliput. Masyarakat terus berbicara.

Dan pemerintah merespons dengan mencabut 4 dari 5 izin tambang nikel di Raja Ampat.

Bukan karena kebetulan. Tapi karena suara publik yang cukup keras untuk didengar.

Ini bukan cerita tentang aktivisme besar-besaran. Ini cerita tentang apa yang terjadi ketika cukup banyak orang peduli dan tidak diam.

Kamu adalah bagian dari kekuatan itu.

Swipe untuk tahu lebih lengkapnya
Kamu sudah tahu kisah Raja Ampat ini sebelumnya? Cerita di komentar!

#TheGreenDelfi #SaveRajaAmpat #RajaAmpat #GoGreen #LingkunganHidup RamahLingkungan GenerasiHijau PeduliBumi HidupHijau GreenIndonesia OceanLife SaveOurOcean CircularEconomy SuaraMuda ClimateAction",Sidecar,2026-06-03 06:36:53+00:00,0.0,0,0.0,,thegreendelfi,2026-06-03,Apify Instagram Scraper,0.0,2026-06-03
Raja Ampat,#rajaampat,https://www.instagram.com/p/DZHCfNOxe7D/,DZHCfNOxe7D,"Ratusan warga Kampung Kawe, Kabupaten Raja Ampat, terpaksa mengungsi meninggalkan tempat tinggal mereka setelah konflik yang terjadi menimbulkan korban jiwa dan mengganggu keamanan masyarakat. Aparat keamanan terus melakukan langkah pengamanan serta membantu proses evakuasi warga ke lokasi yang lebih aman. Masyarakat diharapkan tetap tenang dan tidak mudah terpengaruh informasi yang belum terverifikasi.

**Baca selengkapnya: arahwarta.id**

#ArahWartaID #PapuaTerkini #RajaAmpat #Kawe #BeritaPapua",Image,2026-06-03 04:16:00+00:00,0.0,0,0.0,,arahwarta.papua,2026-06-03,Apify Instagram Scraper,0.0,2026-06-03
Raja Ampat,#rajaampat,https://www.instagram.com/p/DZGgzMQlIAS/,DZGgzMQlIAS,"""Raja ampat"" surga di tanah Papua, salah satu dari sekian banyak sumber daya alam papua, tapi mengapa saudara kita di sana untuk sekedar kata ""KAYAK"" saja ""SUSAH""????????? 
#jangkauanluas
#photograpy
#rajaampat",Sidecar,2026-06-02 23:21:36+00:00,0.0,0,0.0,,catur.wahyudi.73,2026-06-03,Apify Instagram Scraper,0.0,2026-06-02
Raja Ampat,#rajaampatindonesia,https://www.instagram.com/p/DYTNsUXiSS0/,DYTNsUXiSS0,"Lagi separo jalan ,,, Raja Ampatnya Indonesia ...
putar balik gaes..
wes gemeter 🤣🤣
rasa2 ne ndonyo wes rampung tekan semene ...
soale sore hari air laut pas pasang 
fokus ke aku ya gaes
yg depan wes nangis ngajak puter 😁
#rajaampatindonesia
#kalicokel #pacitan #alam #wisata",Sidecar,2026-05-14 01:13:22+00:00,0.0,0,0.0,,honeyhanda05,2026-06-03,Apify Instagram Scraper,0.0,2026-05-14
Raja Ampat,#wisatarajaampat,https://www.instagram.com/p/DYPUJCdmER3/,DYPUJCdmER3,"WTC Dulu Jaman MARINDA Keren Abis 🤩👍

#WTCWaisaiTorangCinta #WaisaiRajaAmpat 
#RajaAmpat #WisataRajaAmpat",Image,2026-05-12 12:52:46+00:00,0.0,0,0.0,"Waisai, Papua, Indonesia",mirwan_huma,2026-06-03,Apify Instagram Scraper,0.0,2026-05-12
Raja Ampat,#explorerajaampat,https://www.instagram.com/p/DWL0bCWiJ8q/,DWL0bCWiJ8q,"ikmati keindahan alam Raja Ampat yang masih alami 🌊✨

Saukabu Homestay
📍 Waigeo Barat Kepulauan, Raja Ampat – Papua Barat

Pilihan tepat untuk kamu yang ingin menjelajah surga laut Indonesia. 🏝️🐠
Suasana homestay yang sederhana dan nyaman, cocok untuk beristirahat setelah petualangan seharian.

Tempat yang pas untuk menikmati pengalaman liburan yang tenang dan berkesan.

📲 Booking sekarang melalui aplikasi Cozzy.id

#SaukabuHomestay #StayRajaAmpat #ExploreRajaAmpat #LiburanPapua #CozzyID #BookingSekarang",Image,2026-03-22 11:15:14+00:00,0.0,0,0.0,,cozzyid.official,2026-06-03,Apify Instagram Scraper,0.0,2026-03-22
Raja Ampat,#explorerajaampat,https://www.instagram.com/p/DWFvWhfk8pN/,DWFvWhfk8pN,,Image,2026-03-20 02:44:41+00:00,0.0,0,0.0,,bluedreamphinisi,2026-06-03,Apify Instagram Scraper,0.0,2026-03-20
Raja Ampat,#explorerajaampat,https://www.instagram.com/p/DWC5ZPGky9s/,DWC5ZPGky9s,,Image,2026-03-19 00:07:51+00:00,0.0,0,0.0,,bluedreamphinisi,2026-06-03,Apify Instagram Scraper,0.0,2026-03-19
Raja Ampat,#explorerajaampat,https://www.instagram.com/p/DVtHHYQjc2m/,DVtHHYQjc2m,"Keceriaan yang meluap-luap, terasa ringan seperti gelembung soda di dalam dada. Berdiri di puncak Wayag, dengan panorama kepulauan karst yang magis, bukan hanya tentang memanjakan mata—tapi tentang merasakan jiwa yang seakan ikut meluas, menyatu dengan cakrawala.

Setiap hembusan angin sepoi, hangatnya mentari sore di kulit, dan palet warna biru toska yang tak ada habisnya... semuanya terasa begitu selaras. Senyum ini hadir begitu saja, sebuah refleksi dari energi damai yang mengalir dari dalam. Momen di mana pikiran terasa jernih, dan hati terasa penuh.

#RajaAmpat #Wayag #EffervescentJoy #WonderfulIndonesia #PesonaIndonesia #ExploreRajaAmpat #LightnessOfBeing #TropicalVibes #IslandHopping #TravelIndonesia #PureBliss #Wanderlust #LinenStyle #MomentOfClarity #PenuhSyukur",Image,2026-03-10 13:02:06+00:00,0.0,0,0.0,,kamilahandayani_,2026-06-03,Apify Instagram Scraper,0.0,2026-03-10
Raja Ampat,#piaynemo,https://www.instagram.com/p/DY8ScqojAm9/,DY8ScqojAm9,"Waar al onze dagen in Raja Ampat bestonden uit duiken en snorkelen, bezochten we dit keer het uitzichtpunt dat op het biljet van 100.000 rupiah staat: Piaynemo 🌴💙

📍Wij bezochten Piaynemo vanuit Fam en combineerden dat met snorkelen bij Rufas Island, Melissa’s Garden en Fam Wall. Stuk voor stuk waanzinnig mooie plekken, met koraalsoorten die we zelfs na al die duiken nog niet eerder hadden gezien. 🪸

#piaynemo #famisland #rajaampat #visitindonesia #reistips #starlagoon #rajaampatisland",Image,2026-05-30 00:03:47+00:00,0.0,0,0.0,,sophia_pagacc,2026-06-03,Apify Instagram Scraper,0.0,2026-05-30
Raja Ampat,#piaynemo,https://www.instagram.com/p/DY4xyHGCcPG/,DY4xyHGCcPG,"I left a piece of my heart in Raja Ampat

#rajaampat #piaynemoisland #piaynemo #papua #waisai",Sidecar,2026-05-28 15:20:38+00:00,-1.0,1,0.0,Piaynemo,10ribukata,2026-06-03,Apify Instagram Scraper,0.0,2026-05-28
Raja Ampat,#piaynemo,https://www.instagram.com/p/DYtXAyjlPP7/,DYtXAyjlPP7,"Cuci mata 👀 disini saja❤💛💚
#Piaynemo
#HappySunday
#RajaAmpat",Image,2026-05-24 04:55:04+00:00,0.0,0,0.0,,co2_rasta,2026-06-03,Apify Instagram Scraper,0.0,2026-05-24
Raja Ampat,#piaynemo,https://www.instagram.com/p/DYsWsIajzcy/,DYsWsIajzcy,"Raja Ampat from the sky

#rajaampat#droneshots#djidrone#piaynemo#indonesiatravel",Sidecar,2026-05-23 19:33:00+00:00,-1.0,1,0.0,Raja Ampat Islands,amydacostaa,2026-06-03,Apify Instagram Scraper,0.0,2026-05-23
Raja Ampat,#piaynemo,https://www.instagram.com/p/DYPfhSSvTJo/,DYPfhSSvTJo,"Step into a world where architecture merges with the reef. 🌊✨
Experience **Prismatic Tides**, five exclusive glass-floor cabins located in the karst heart of Piaynemo, Raja Ampat. Engineered as light-catchers, these cabins use specialized glass and reflective surfaces to pull the neon brilliance of the underwater world directly into your living space. Witness the coral glow through waters so clear they feel like liquid air.
#StylaAsia #PrismaticTides #RajaAmpat #Piaynemo #OverwaterCabin CoralReef LuxuryTravel IndonesiaTravel TravelAsia",Image,2026-05-12 14:32:17+00:00,0.0,0,0.0,,stayla.asia,2026-06-03,Apify Instagram Scraper,0.0,2026-05-12
Raja Ampat,#rajaampat,https://www.instagram.com/p/DZHo0oRgcKm/,DZHo0oRgcKm,#rajaampat,Image,2026-06-03 10:02:53+00:00,-1.0,0,0.0,The Jeti Mangrove,ompay_ramar07,2026-06-03,Apify Instagram Scraper,-1.0,2026-06-03
Raja Ampat,#rajaampatindonesia,https://www.instagram.com/p/DY54695iV9E/,DY54695iV9E,✨#piaynemoisland #rajaampatindonesia #liburanestetik #wisatahits,Sidecar,2026-05-29 01:42:15+00:00,-1.0,0,0.0,"Piaynemo Island, Raja Ampat - Papua Barat",anmaarrrrr,2026-06-03,Apify Instagram Scraper,-1.0,2026-05-29
Raja Ampat,#rajaampatindonesia,https://www.instagram.com/p/DX7I4eiARrD/,DX7I4eiARrD,"Next Trip?

- Telaga Bintang
- Sauwandarek

#rajaampat #rajaampatisland #rajaampattour #rajaampatpapua #rajaampatindonesia",Sidecar,2026-05-04 16:49:34+00:00,-1.0,0,0.0,Raja Ampat Papua,rizkyandhika_wijaya,2026-06-03,Apify Instagram Scraper,-1.0,2026-05-04
Raja Ampat,#wisatarajaampat,https://www.instagram.com/p/DZCssvAGbce/,DZCssvAGbce,"Warsambin🏞️

#wisatarajaampat 
#kalibirurajaampat",Sidecar,2026-06-01 11:48:37+00:00,-1.0,0,0.0,Kali Biru Warsambin,mnws___lindert,2026-06-03,Apify Instagram Scraper,-1.0,2026-06-01
Raja Ampat,#wisatarajaampat,https://www.instagram.com/p/DZCK3OWESa4/,DZCK3OWESa4,"Wisata Raja Ampat 🌴

#rajaampat #wisatarajaampat 
#fypppppppppppppppppppppppppppppppppppppppppppppppppppppppppppppppppppppp",Sidecar,2026-06-01 06:52:57+00:00,-1.0,0,0.0,"Piaynemo, Raja Ampat",mnws___lindert,2026-06-03,Apify Instagram Scraper,-1.0,2026-06-01
Raja Ampat,#explorerajaampat,https://www.instagram.com/p/DWiwdaTkn3K/,DWiwdaTkn3K,"Seperti yang kita semua tau, Raja Ampat sedari dulu merupakan kepulauan eksotis yang terdiri dari sekitar 1.500 pulau kecil dan baru-baru ini dinobatkan sebagai salah satu ""7 Wonders of Southeast Asia for 2026"" atau “7 keajaiban di Asia Tenggara” oleh Condé Nast Traveler, sebuah media travel & life style legendaris sejak 1987.

Predikat ini bukan tanpa alasan, sebab Raja Ampat ini merupakan pusat keanekaragaman biota laut terbesar di dunia yang menjadi rumah bagi ribuan spesies ikan, terumbu karang hidup, serta hewan-hewan endemik lainnya. Lokasinya yang lumayan terpencil, adanya inisiatif konservasi yang aktif, menjadikan Raja Ampat disebut sebagai salah satu ""surga"" alami terakhir di bumi.

Bagi para penyelam yang ingin menyelam untuk menyaksikan keindahan alam bawah laut, bisa menggunakan kapal live on board untuk mendapatkan pengalaman terbaik karna bisa melakukan beberapa kali penyelaman untuk menjelajahi area di sekitar Raja Ampat ini, perjalanan akan dipandu oleh guide lokal. 

Selain itu, di Raja Ampat juga terdapat penginapan yang ramah lingkungan yang bisa menjadi pilihan untuk pengunjung yang ingin mendapatkan pengalaman yang berkesan tanpa mengorbankan kenyamanan saat menginap. 

Dengan meningkatnya minat wisatawan luar terhadap destinasi wisata yang menjaga alam berkelanjutan, Raja Ampat berhasil memperkuat daya tarik pariwisata di kancah internasional sebagai destinasi yang menawarkan ketenangan sekaligus kemewahan alam yang ikonik dan autentik (Ghassany) #RajaAmpat #Papua #ExploreRajaAmpat 

sumber: Ting, Jasmine. “7 Wonders of Southeast Asia for 2026 From Thailand to Filipina.” Condé Nast Traveler, 20 Maret 2026
sumber foto: envanto",Sidecar,2026-03-31 09:02:59+00:00,-1.0,0,0.0,Raja Ampat,kalceur.id,2026-06-03,Apify Instagram Scraper,-1.0,2026-03-31
Wakatobi,#wakatobitourism,https://www.instagram.com/p/C7Vd0p8Pvsn/,C7Vd0p8Pvsn,"Kalo ngga nyobain diving di Wakatobi waktu itu, kita ngga akan tahu kalo diving itu semenantang itu.

- Perlu persiapan fisik yang fit
- tidak punya riwayat penyakit pernapasan
- wajib bisa berenang
- harus training singkat sebelum nyelam
- karena kita belum punya sertifikat
- nafasnya pake mulut bukan hidung
- bisa atur nafas dengan tenang dan tidak panik
- berani mengarungi kedalaman laut
- bisa nyelam sampai  15 meteran
- dan kalo udah di kedalaman rasanya pengen lama2 explore bawah laut 😅

Kalian ku saranin harus berani nyoba, karena emang seseru dan semenantang itu woyy! 

#travelxskr #diving #explorewakatobi #visitwakatobi #divingwakatobi #wakatobitourism #pesonaindonesia #wakatobikeren",Sidecar,2024-05-24 03:02:22+00:00,1514.0,22,0.0,Wakatobi Island,sukrisw,2026-06-03,Apify Instagram Scraper,1536.0,2024-05-24
Wakatobi,#wisatawakatobi,https://www.instagram.com/p/DSzhp7EklMo/,DSzhp7EklMo,💙☘️🍃🌿🌱🍀🌊🪴🎍🌴🌵🏖️🐚 #waktobi #tomia #wisatawakatobi,Sidecar,2025-12-28 11:15:08+00:00,355.0,13,0.0,"Pulau Tomia, Wakatobi",cirman_alchi,2026-06-03,Apify Instagram Scraper,368.0,2025-12-28
Wakatobi,#wakatobitourism,https://www.instagram.com/p/CzDB4SToJZd/,CzDB4SToJZd,"Pantai Taduno dan Danau Sombano terletak di desa Sombano kecamatan Kaledupa. Pantai Sombano memiliki pasir putih yang panjang, banyak flora pantai dan tempat yang bagus untuk menikmati matahari terbenam.

Dekat dari pantai ini terletak Danau Sombano. Penduduk setempat menganggap Danau Sombano sebagai danau suci yang diselimuti banyak mitos dan legenda. Danau Sombano dikelilingi oleh hutan mangrove juga terdapat banyak udang merah yang menjadi daya tarik dan keunikan Danau ini.
Hutan mangrove yang berusia ribuan tahun, dan belum terpengaruh oleh kerusakan lingkungan.

Jadi, kalau Kamu kesini jangan lupa untuk tetap jaga kelestarian alamnya ya Sobat!

📷 : visitwakatobi

Pertanyaan, saran, dan keluhan hubungi
📞 081110566777 | 📧 pengaduan.itdp@pu.go.id
atau kunjungi p3tb.pu.go.id

#TourIsMe #ITDPP3TB #WonderfulIndonesia #PesonaIndonesia #VisitIndonesia #Indonesia #OTWakatobi #VisitWakatobi #WakatobiTourism #PesonaIndonesia #DiIndonesiaAja",Image,2023-10-31 03:00:44+00:00,267.0,0,0.0,,itdp.p3tb,2026-06-03,Apify Instagram Scraper,267.0,2023-10-31
Wakatobi,#wakatobitourism,https://www.instagram.com/p/CzAdN_QrgSg/,CzAdN_QrgSg,"Eksplor Desa Wisata Gubugklakah

Salah satu desa yang bisa dilalui sebelum ke Bromo. Ternyata banyak aktivitas yang bisa kita lakukan di sini lho! Apalagi ada paket wisata yang bisa kita pilih. Info paket wisata @visit.gubugklakah ✨

📷 @arsalbahtiar @kampanyesadarwisata @pinktravelogue 

Pertanyaan, saran, dan keluhan hubungi
📞 081110566777 | 📧 pengaduan.itdp@pu.go.id
atau kunjungi p3tb.pu.go.id

#MonFood #TourIsMe #ITDPP3TB #WonderfulIndonesia #PesonaIndonesia #VisitIndonesia #Indonesia #OTWakatobi #VisitWakatobi #WakatobiTourism #PesonaIndonesia #DiIndonesiaAja",Sidecar,2023-10-30 03:01:53+00:00,261.0,0,0.0,,itdp.p3tb,2026-06-03,Apify Instagram Scraper,261.0,2023-10-30
Wakatobi,#wakatobitourism,https://www.instagram.com/p/C0xwCYxLOzB/,C0xwCYxLOzB,"Kerajinan tangan yang berada di desa Longa terbuat dari bahan-bahan alami yang tersedia di sekitar desa. Gantungan kunci, perhiasan, dan lainnya bisa menjadi oleh-oleh yang menarik dan otentik dari Wakatobi.

Kamu bisa cek @menturu_craft buat liat kerajinan tangan lainnya!

📷 : visitwakatobi

Pertanyaan, saran, dan keluhan hubungi
📞 081110566777 | 📧 pengaduan.itdp@pu.go.id
atau kunjungi p3tb.pu.go.id

#ArtiDition #ITDPP3TB #WonderfulIndonesia #PesonaIndonesia #VisitIndonesia #Indonesia #DiIndonesiaAja #OTWakatobi #OTWakatobi #VisitWakatobi #WakatobiTourism",Sidecar,2023-12-13 03:00:30+00:00,213.0,1,0.0,,itdp.p3tb,2026-06-03,Apify Instagram Scraper,214.0,2023-12-13
Wakatobi,#explorewakatobi,https://www.instagram.com/p/DYxGcJOhMmy/,DYxGcJOhMmy,"🌊 COMING SOON | WAKATOBI WAVE 2026 🌊

Bulan Oktober nanti, Wakatobi kembali bergelombang oleh budaya, warna, dan perayaan.

Wakatobi Wave, festival kebanggaan Wakatobi yang telah masuk dalam kalender event nasional Indonesia, akan kembali hadir menyambut wisatawan dari berbagai penjuru.

Nikmati kemeriahan tarian khas dari empat pulau, jelajahi UMKM lokal dengan karya-karya terbaiknya, cicipi kuliner khas daerah, dan saksikan berbagai penampilan seru lainnya yang akan memeriahkan festival ini.

Lebih dari sekadar festival, Wakatobi Wave adalah ruang bertemunya budaya, tradisi, kreativitas, dan keindahan alam Wakatobi dalam satu perayaan yang tak terlupakan.

Catat waktunya. Siapkan perjalananmu.
Datang dan rasakan sendiri pesona Wakatobi di bulan Oktober nanti.

See you at Wakatobi Wave 2026. ✨

#WakatobiWave #VisitWakatobi #WonderfulIndonesia #KarismaEventNusantara #explorewakatobi",Image,2026-05-25 15:47:59+00:00,176.0,6,0.0,Wakatobi Island,visit_wakatobi,2026-06-03,Apify Instagram Scraper,182.0,2026-05-25
Wakatobi,#explorewakatobi,https://www.instagram.com/p/DQ_88lUE1km/,DQ_88lUE1km,"🏃‍♂️💨 Thanks @wakatobihalfmarathon Langkah kecil menuju garis akhir, tapi kenangan besar di Wakatobi!
Rasanya luar biasa bisa ikut lomba lari di salah satu surga tersembunyi Indonesia ini. 🌊✨
Wakatobi bukan cuma tentang lautnya yang bening kayak kaca, tapi juga tentang orang-orangnya yang ramah, udara yang bersih, dan semangat hidup yang bikin betah di setiap langkah.

Dari pasir putih sampai angin pantai yang segar, semua jadi penyemangat buat terus berlari — bukan cuma di lintasan, tapi juga dalam hidup. 🏝️🔥

support & thanks for;
@pujarizky 
@bimbeljayanusantara
@team_setorun 
coach @asruljaya_26 

#WakatobiRun #ExploreWakatobi #LariBahagia #IndonesiaIndah #RunnerLife",Sidecar,2025-11-13 14:01:43+00:00,161.0,4,0.0,Wakatobi,fad.pain,2026-06-03,Apify Instagram Scraper,165.0,2025-11-13
Wakatobi,#wakatobitourism,https://www.instagram.com/p/CsOyzPwI_dV/,CsOyzPwI_dV,"ⓌⒺⓇⒷⓊⓃⒼ
--------------
𝑾𝒂𝒌𝒂𝒕𝒐𝒃𝒊 𝒊𝒔𝒕 𝒆𝒊𝒏𝒆 𝑰𝒏𝒔𝒆𝒍𝒈𝒓𝒖𝒑𝒑𝒆 𝒊𝒎 𝑺𝒖𝒅𝒐𝒔𝒕𝒆𝒏 𝒅𝒆𝒓 𝒊𝒏𝒅𝒐𝒏𝒆𝒔𝒊𝒔𝒄𝒉𝒆𝒏 𝑰𝒏𝒔𝒆𝒍 𝑺𝒖𝒍𝒂𝒘𝒆𝒔𝒊. 𝑫𝒆𝒓 𝑩𝒆𝒛𝒊𝒓𝒌 𝒃𝒊𝒍𝒅𝒆𝒕 𝒂𝒖𝒄𝒉 𝒅𝒆𝒏 𝒈𝒍𝒆𝒊𝒄𝒉𝒏𝒂𝒎𝒊𝒈𝒆𝒏 𝑵𝒂𝒕𝒊𝒐𝒏𝒂𝒍𝒑𝒂𝒓𝒌. 𝑫𝒐𝒓𝒕, 𝒊𝒏 𝒅𝒆𝒓 𝑭𝒍𝒐𝒓𝒆𝒔𝒔𝒆𝒆, 𝒃𝒆𝒇𝒊𝒏𝒅𝒆𝒕 𝒔𝒊𝒄𝒉 𝒆𝒊𝒏𝒆𝒔 𝒅𝒆𝒓 𝒃𝒆𝒔𝒕𝒆𝒏 𝑻𝒂𝒖𝒄𝒉𝒓𝒆𝒔𝒐𝒓𝒕𝒔, 𝒘𝒆𝒏𝒏 𝒆𝒔 𝒖𝒎 𝒈𝒂𝒏𝒛𝒋𝒂𝒉𝒓𝒊𝒈𝒆𝒔 𝑻𝒂𝒖𝒄𝒉𝒆𝒏 𝒊𝒏 𝒆𝒊𝒏𝒆𝒓 𝒖𝒏𝒈𝒆𝒔𝒆𝒉𝒆𝒏𝒆𝒏 𝑽𝒊𝒆𝒍𝒇𝒂𝒍𝒕 𝒈𝒆𝒉𝒕: 𝒗𝒐𝒏 𝑲𝒍𝒆𝒊𝒏 𝒃𝒊𝒔 𝑮𝒓𝒐𝑺 𝒖𝒏𝒅 𝒗𝒐𝒏 𝑳𝒂𝒏𝒅 𝒘𝒊𝒆 𝒗𝒐𝒎 𝑩𝒐𝒐𝒕 𝒂𝒖𝒔, 𝒊𝒔𝒕 𝒂𝒍𝒍𝒆𝒔 𝒅𝒂𝒃𝒆𝒊, 𝒘𝒂𝒔 𝒅𝒂𝒔 𝑻𝒂𝒖𝒄𝒉𝒆𝒓𝒉𝒆𝒓𝒛 𝒃𝒆𝒈𝒆𝒉𝒓𝒕! 𝑩𝒆𝒔𝒖𝒄𝒉𝒕 𝒅𝒂𝒔 @wakatobi_resort ! 
--------------
ɪʜʀ ᴡᴏʟʟᴛ ᴍᴇʜʀ ᴜʙᴇʀ ᴅɪᴇsᴇɴ ᴢᴀᴜʙᴇʀʜᴀғᴛᴇɴ ᴏʀᴛ ᴇʀғᴀʜʀᴇɴ?
👉https://www.tauchen.de/reise/landtauchen-und-boots-safari-in-wakatobi/

📸Foto: Walt Stearns

 #tauchenlernen #tauchengehen #tauchen #tauchenmagazin #wakatobi #wakatobitrip #wakatobiisland #wakatobitourism #wakatobidivetrip #wakatobidiveresort #wakatobinationalpark",Image,2023-05-14 17:00:06+00:00,144.0,2,0.0,,tauchen.magazin,2026-06-03,Apify Instagram Scraper,146.0,2023-05-14
Wakatobi,#wakatobi,https://www.instagram.com/p/DZGjVuzErXn/,DZGjVuzErXn,"I found myself I will continue to try all the fun things in my life❤️‍🔥
butuh effort besar buat ke pulau ini 
cukup terombang ambing terlebih dahulu bersama partner tapi saya sangat menikmati ketika sampai di spot syurga ini,terima kasih tomia
akan kesini lagi,lagi dan lagi
terima masih buddy @amalhermawan @fian_wktb 
🎥 : @amalhermawan  #scubadiving #underwater #wakatobi #pov #diving",Sidecar,2026-06-02 23:43:48+00:00,122.0,8,0.0,"Pulau Tomia, Wakatobi - Indonesia",a.rhmw,2026-06-03,Apify Instagram Scraper,130.0,2026-06-02
Wakatobi,#explorewakatobi,https://www.instagram.com/p/DQOQMQEkaIi/,DQOQMQEkaIi,"Mau ke WAKATOBI tapi bingung lewat mana? 🚤

Jangan khawatir, ada beberapa rute pilihan menuju surga bawah laut ini 🌊

Keberangkatan dari Pasarwajo, Lasalimu, dan Kamaru semua bisa jadi jalanmu menuju Wakatobi Half Marathon 2025! 🏃‍♂️💨

_____
#WakatobiHalfMarathon #LaceUpAndJoinTheFun #ExploreWakatobi",Sidecar,2025-10-25 06:47:51+00:00,123.0,4,0.0,"Wakatobi, Sulawesi Tenggara",wakatobihalfmarathon,2026-06-03,Apify Instagram Scraper,127.0,2025-10-25
Wakatobi,#wakatobitourism,https://www.instagram.com/p/C7YxMWEBt1c/,C7YxMWEBt1c,"""To Molingua Valiako kua Wakatobi "" 🌴🌊🍍🍾🍹

📸My Wife @rismawati654

#wakatobi #wakatobiisland #wakatobinationalpark #wakatobidivetrip #wakatobidiveresort #wakatobikeren #wakatobimasakini #wakatobitourism #wakatobihits #patuno #patunoresort #patunoresortwakatobi #wangiwangi #kaledupa #tomia #binongko #buton #butonisland",Sidecar,2024-05-25 09:49:21+00:00,122.0,2,0.0,,van_aneboa,2026-06-03,Apify Instagram Scraper,124.0,2024-05-25
Wakatobi,#explorewakatobi,https://www.instagram.com/p/DP0XZTtE_Ol/,DP0XZTtE_Ol,"🌊✨ Wakatobi — Surga di Timur Indonesia

Dari birunya laut hingga hangatnya senyum penduduknya, setiap sudut Wakatobi punya cerita. 🌴💙

📍 Pulau Hoga – pasir putih dan air sebening kaca, tempat sempurna untuk menenangkan hati.
📍 Pulau Sombu – surga bawah laut yang penuh warna, setiap selamannya selalu memukau.
📍 Pulau Tomia – sunrise yang memeluk lembut, menghadirkan ketenangan yang sulit dilupakan.
📍 Desa Bajo Mola – kehidupan di atas laut yang sarat budaya dan kehangatan masyarakatnya.

Empat pesona, satu destinasi: Wakatobi.
Sebuah perjalanan yang bukan hanya tentang tempat, tapi tentang rasa, kedamaian, dan keindahan yang menyatu. 🌅🌺

#Wakatobi #ExploreWakatobi #WonderfulIndonesia #PulauHoga #PulauSombu #PulauTomia #DesaBajoMola #IslandVibes #HiddenParadise #TravelIndonesia",Sidecar,2025-10-15 05:30:00+00:00,87.0,4,0.0,,indonesiayouthva,2026-06-03,Apify Instagram Scraper,91.0,2025-10-15
Wakatobi,#explorewakatobi,https://www.instagram.com/p/DToW2ioE1-a/,DToW2ioE1-a,"Liburan akhir semester bingung mau ke mana? 🤔
Yuk ikut ToFiS Trip ke Pulau Tomia, Wakatobi
9 hari penuh cerita, laut biru, dan pengalaman tak terlupakan.
Bukan cuma jalan-jalan, tapi juga screening film & berbagi kisah 🎬✨

📍 Pulau Tomia, Wakatobi
🗓️ 19 – 27 Januari 2026
🎬 Screening film & sharing stories
🌊 Eksplor laut dan alam Tomia
📌 Hari ini TERAKHIR pendaftaran! 

Siap berangkat? 🚤

DM minca untuk informasi lebih lanjut🙌

#ToFiS #TomiaFilmScreening #ExploreWakatobi #wakatobiisland #tomia #thisisindonesia",Sidecar,2026-01-17 23:40:29+00:00,80.0,5,0.0,"Pulau Tomia, Wakatobi - Indonesia",kasoamipictures.id,2026-06-03,Apify Instagram Scraper,85.0,2026-01-17
Wakatobi,#wakatobi,https://www.instagram.com/p/DZHagfiEdm5/,DZHagfiEdm5,Sdn 1 Pongo #fotoangkatan #wakatobi #wancivisuals,Sidecar,2026-06-03 07:45:01+00:00,67.0,0,0.0,,wanci.visuals,2026-06-03,Apify Instagram Scraper,67.0,2026-06-03
Wakatobi,#wakatobi,https://www.instagram.com/p/DZElHBCk8Ho/,DZElHBCk8Ho,"Up yang suasana seger² nihhh 🍂⛅✨

#wakatobi #fypage #outfitinspiration #pariwisata #pesonaindonesia",Sidecar,2026-06-02 05:20:47+00:00,-1.0,68,0.0,Marina Wakatobi Togo Mowondu,llstry__,2026-06-03,Apify Instagram Scraper,67.0,2026-06-02
Wakatobi,#wisatawakatobi,https://www.instagram.com/p/DU4pNIKjXd1/,DU4pNIKjXd1,".
.
𝗛𝗔𝗥𝗚𝗔 𝗢𝗣𝗘𝗡 𝗧𝗥𝗜𝗣 𝗪𝗔𝗞𝗔𝗧𝗢𝗕𝗜
• Paket Snorkeling : Rp 4.800.000/orang.
• Paket Diving: 9.500.000/orang.

𝗟𝗢𝗞𝗔𝗦𝗜 𝗠𝗘𝗘𝗧𝗜𝗡𝗚 𝗣𝗢𝗜𝗡𝗧
• Pelabuhan Wangi-Wangi.

𝗛𝗔𝗥𝗚𝗔 𝗦𝗨𝗗𝗔𝗛 𝗧𝗘𝗥𝗠𝗔𝗦𝗨𝗞
• Asuransi perjalanan untuk kenyamanan dan keamanan di Wakatobi.
• Hotel 1 malam di Wangi-Wangi (sharing 1 kamar isi 2 orang).
• Penginapan selama 2 malam di Tomia (sharing 1 kamar isi 2 orang).
• Transportasi antar jemput dari dan ke bandara atau pelabuhan.
• Kapal speedboat untuk jelajah pulau, snorkeling, dan diving.
• Perlengkapan snorkeling.
• Perlengkapan diving.
• Makan sebanyak 10 kali selama perjalanan.
• Snack ringan.
• Air mineral.
• Pemandu wisata profesional selama tur.
• Pemandu snorkeling dan dive master yang berpengalaman.
• Dokumentasi perjalanan.
• Tiket masuk ke kawasan Taman Nasional Wakatobi.

𝗛𝗔𝗥𝗚𝗔 𝗧𝗜𝗗𝗔𝗞 𝗧𝗘𝗥𝗠𝗔𝗦𝗨𝗞
• Tiket pesawat dari lokasi asal menuju meeting point PP.
• Penginapan sebelum dan setelah trip berlangsung.
• Transportasi dan akomodasi selama berada di Baubau (optional).
• Biaya pajak bandara dan layanan laundry.
• Tipping crew.

𝗣𝗧. 𝗧𝗢𝗨𝗥𝗡𝗘𝗦𝗜𝗔 𝗕𝗛𝗔𝗥𝗔𝗞𝗔 𝗦𝗔𝗞𝗧𝗜
• Phone / WA : 0811-805-304
• Email : tournesiaofficial@gmail.com
• Website : https://tournesia.com

#OpenTripWakatobi #PaketWisataWakatobi #WisataWakatobi #TripWakatobi #ExploreWakatobi",Image,2026-02-18 04:00:07+00:00,62.0,0,0.0,,tournesiaofficial,2026-06-03,Apify Instagram Scraper,62.0,2026-02-18
Wakatobi,#explorewakatobi,https://www.instagram.com/p/DPAwDMfCSkT/,DPAwDMfCSkT,"Salahsatu pantai yang menjanjikan rindu berkali-kali. Pantai yang selalu mengutarakan keindahan pagi, bahkan keindahan pesisirnya yang mempesona dikala siang ataupun sore hari. Yah, Pantai Mongingi terletak di Desa Wawotimu (Lagole). Terletak dibelakang pulau Tomia menjadikannya seolah Bunga yang terjaga dari kumbang. Aksesnya sangat baik, meskipun perjalanannya yang cukup jauh dari kampung dan memiliki Medan yang cukup menantang. Saya pikir petualangan adalah tantangan yang harus dilalui. Dan seseorang akan menyukai petualangannya sendiri. ☺️

📍Pantai Mongingi, Desa Wawotimu, Tomia, Wakatobi, Sultra
Repost @muhammadfaris.oi

#explorepulautomia__ #explorewakatobi #exploreindonesia #pesonawakatobi #pesonaindonesia #pesonaalam #pantaimongingi #pantai #beach",Image,2025-09-25 04:25:28+00:00,59.0,1,0.0,Pantai Mongingi Desa Wawotimu,explorepulautomia__,2026-06-03,Apify Instagram Scraper,60.0,2025-09-25
Wakatobi,#wakatobi,https://www.instagram.com/p/DZEjVXQGC1U/,DZEjVXQGC1U,"off from everything

#wakatobi #pulaukapota",Sidecar,2026-06-02 05:05:16+00:00,54.0,0,0.0,Danau Tailaronto'oge Pulau Kapota,cahyarm17_,2026-06-03,Apify Instagram Scraper,54.0,2026-06-02
Wakatobi,#explorewakatobi,https://www.instagram.com/p/DYuJoBJD7i1/,DYuJoBJD7i1,"Kehidupan masyarakat Wakatobi khas masyarakat pesisir pantai pada umumnya. Mereka sangat hebat dalam menangkap ikan, berenang, kemana-mana naik perahu (sebagai transportasi utamanya) — karena Wakatobi berdampingan langsung dengan laut, tentu pesona langit senja / sunrisenya jadi daya tarik utamanya

Udah kebayang, nggak, menikmati sunset / sunrise di tepi pantainya? 😍

#sebhaktikita #wakatobi #viral #explorewakatobi #exploresulawesi",Sidecar,2026-05-24 12:17:20+00:00,49.0,4,0.0,Wakatobi Sulawesi Tenggara,sebhakti.kita,2026-06-03,Apify Instagram Scraper,53.0,2026-05-24
Wakatobi,#wakatobitourism,https://www.instagram.com/p/CobFtyXyLAA/,CobFtyXyLAA,"Mari kita mabuk keindahan bawah laut di Marimabuk, Wakatobi. Sebuah spot dive yang menawarkan keindahan warna yang menakjubkan dari kipas laut dan karang lunak dan juga arus yang kuat.

Disana juga memiliki beragam jenis terumbu karang termasuk hard fringing reef dan table coral, sedangkan drop off menawarkan pemandangan dinding laut yang menakjubkan.

Foto milik wakatobitourism.com

Pertanyaan, saran, dan keluhan hubungi
📞 081110566777 | 📧 pengaduan.itdp@pu.go.id
atau kunjungi p3tb.pu.go.id

#ITDPP3TB #WonderfulIndonesia #PesonaIndonesia #VisitIndonesia #Indonesia #OTWakatobi #VisitWakatobi #WakatobiTourism #DiIndonesiaAja",Image,2023-02-09 01:30:40+00:00,44.0,0,0.0,,itdp.p3tb,2026-06-03,Apify Instagram Scraper,44.0,2023-02-09
Wakatobi,#wakatobitourism,https://www.instagram.com/p/C0lqEdrLnGS/,C0lqEdrLnGS,"Selamat Atas terselenggaranya festival adat Nusantara (FAKN) II Tahun 2023, Majelis Adat Kerajaan Nusantara di Wakatobi 8 Sampai 11 Desember 2023.

Salam Hormat 
Mayjen TNI (Purn) H. Andi Muhammad Mappanyukki, S.H,.M.H

#adatkerajaan #kerajaan #sulawesiselatan #sulsel #visitsulsel #instasulsel #sulsel_explore #sulsel #budayasulawesi #sulselprov #indonesia #wakatobi #wakatobiisland #wakatobitourism #instagram #instalike #likesforlike",Image,2023-12-08 10:17:29+00:00,43.0,0,0.0,Kota Makassar,panglimata_official,2026-06-03,Apify Instagram Scraper,43.0,2023-12-08
Wakatobi,#wakatobidiving,https://www.instagram.com/p/DEuuhE1RYz3/,DEuuhE1RYz3,"Gentle giants

#IndonesiaDiving #UnderwaterPhotography #DiveIndonesia #MarineBiodiversity #CoralTriangle #OceanExploration #ScubaAdventures #TropicalWaters #UnderwaterWorld #SeaCreatures #IndonesiaUnderwater #RajaAmpatDiving #AdventureBeneathTheWaves #ExploreIndonesia #WakatobiDiving",Image,2025-01-12 15:11:48+00:00,35.0,4,0.0,,arthurcastroborges,2026-06-03,Apify Instagram Scraper,39.0,2025-01-12
Wakatobi,#wakatobi,https://www.instagram.com/p/DZG7PtxkTJW/,DZG7PtxkTJW,Iship Wakatobi 2025 #ishipkedokteran #wakatobi #wancivisuals,Sidecar,2026-06-03 03:12:41+00:00,36.0,0,0.0,,wanci.visuals,2026-06-03,Apify Instagram Scraper,36.0,2026-06-03
Wakatobi,#wakatobi,https://www.instagram.com/p/DZHCdvGkdQS/,DZHCdvGkdQS,"Moment Kabuenga - Pemuda Desa Longa 

#wakatobi",Sidecar,2026-06-03 04:15:46+00:00,35.0,0,0.0,"Wakatobi, Sulawesi Tenggara",artawr27,2026-06-03,Apify Instagram Scraper,35.0,2026-06-03
Wakatobi,#wakatobidiving,https://www.instagram.com/p/DMJyCCDSAI2/,DMJyCCDSAI2,"Thankyou for spending your time and diving with us. We truly enjoyed our time together and hope to welcome you back in Tomia soon!

Scuba Dive Wakatobi 👇 
💬 +62 822-7166-2749 (WA)
✉ tomiafundive@gmail.com
🌐 www.tomiafundive.com

#padidiver #paditv #padi #padicourses #underwaterphotography #uwphotography #scubadivingmag #scubadiving #scuba #coralreef #wonderfulindonesia #underwatermacrophotography #diving #dive #wakatobi #wakatobinationalpark #wakatobidiving #tomiafundive #tomiaisland #tomia",Image,2025-07-16 03:01:46+00:00,31.0,2,0.0,Wakatobi National Park,tomiafundive,2026-06-03,Apify Instagram Scraper,33.0,2025-07-16
Wakatobi,#wakatobidiving,https://www.instagram.com/p/DKB-K0RSnBd/,DKB-K0RSnBd,"thanks to all of our recent guests joining us to make amazing memories. We can't wait to welcome you all back

come and dive with us 👇 
💬 +62 822-7166-2749 (WA)
✉ tomiafundive@gmail.com
🌐 www.tomiafundive.com

#padidiver #paditv #padi #padicourses #underwaterphotography #uwphotography #scubadivingmag #scubadiving #scuba #coralreef #wonderfulindonesia #underwatermacrophotography #diving #dive #wakatobi #wakatobinationalpark #wakatobidiving #tomiafundive #tomiaisland #tomia",Image,2025-05-24 09:11:07+00:00,32.0,0,0.0,"Pulau Tomia, Wakatobi - Indonesia",tomiafundive,2026-06-03,Apify Instagram Scraper,32.0,2025-05-24
Wakatobi,#wakatobidiving,https://www.instagram.com/p/DIVDkqXT0m1/,DIVDkqXT0m1,"Spider crab🦀🕷️

Happy weekend everyone 

#wakatobidivingholiday #wakatobidiving #wakatobi #spidercrab #spider #crab #divergent #discover #diveindonesia #divewatch #diving #dive #divetrip #scubadiver #scuba #scubadiving #scubalife #scubadive #macro #underwaterphoto #underwater #underwaterworld #underwaterphotography #underwaterlife #pesonaindonesia_id #wonderfulindonesia #indonesia",Image,2025-04-12 02:01:07+00:00,26.0,0,0.0,Wakatobi Diving Holiday,rudhy_wakatobi,2026-06-03,Apify Instagram Scraper,26.0,2025-04-12
Wakatobi,#wakatobidiving,https://www.instagram.com/p/DK6npaPOmVb/,DK6npaPOmVb,"We spent 5 days of dive
Thank you for choosing us
See you again

Scuba Dive Wakatobi 👇 
💬 +62 822-7166-2749 (WA)
✉ tomiafundive@gmail.com
🌐 www.tomiafundive.com

#padidiver #paditv #padi #padicourses #underwaterphotography #uwphotography #scubadivingmag #scubadiving #scuba #coralreef #wonderfulindonesia #underwatermacrophotography #diving #dive #wakatobi #wakatobinationalpark #wakatobidiving #tomiafundive #tomiaisland #tomia",Image,2025-06-15 09:11:02+00:00,23.0,2,0.0,"Pulau Tomia, Wakatobi - Indonesia",tomiafundive,2026-06-03,Apify Instagram Scraper,25.0,2025-06-15
Wakatobi,#wakatobitourism,https://www.instagram.com/p/Cqr3nqbMTOF/,Cqr3nqbMTOF,"🔵 SPECIAL OFFER 🔵
Up to 40% Discount

📍Cousteau's Nirvana
📍Komodo and Beyond 

🚤 Adelaar
Adelaar Liveaboard is the divers choice for Komodo National Park, if you are looking for a little bit of luxury, then look no other way. Adelaar is a 39 meter Dutch Schooner, that has plenty of history to share. Adelaar was initially built in 1902, where it was initially a cargo vessel. In 2008 work began on the transformation to make it the exceptional Liveaboard she is today.

Discover Adelaar 👉 https://liveaboardindonesia.com/adelaar/

Discover Indonesia:
🌐: https://zcu.io/rUUM
📧: booking@liveaboardindonesia.com
📱: WhatsApp +62 821-4522-3045 
 
#liveaboard #liveaboardindonesia #adelaar #adelaarliveaboard #tripindonesia #discounttrip  #maumere #maumeremanise #maumerehits #maumereflores #maumereofflores #maumereexploreproject #bali #balitrip #balilife #balitravel #baliisland #baliindonesia #wakatobi #wakatobikeren #wakatobiisland #wakatobidivetrip #wakatobiisland #wakatobimasakini #wakatobidiveresort #wakatobitourism #wakatobinationalpark #indonesia #wonderfulindonesia",Sidecar,2023-04-06 06:57:26+00:00,24.0,0,0.0,"Maumere, Nusa Tenggara Timur, Indonesia",liveaboardsindonesia,2026-06-03,Apify Instagram Scraper,24.0,2023-04-06
Wakatobi,#wakatobidiving,https://www.instagram.com/p/DQ7_MExkg7h/,DQ7_MExkg7h,"🌊 Welcome Aboard, Ollo Scuba! 🤿 @olloscubawakatobi 
We’re excited to welcome Ollo Scuba Wakatobi to Dive-Bookings.online!

Ollo Scuba – Your Dive Buddy in Paradise!
Discover the underwater beauty of Wakatobi with this professional dive center located on Wangi-Wangi Island. They offer safe, exciting, and memorable diving experiences with experienced instructors and friendly, personalized service.

Enjoy crystal-clear waters, vibrant coral reefs, and amazing marine life, all wrapped in the relaxed tropical charm of Wakatobi. 🌴🐠

⸻

🌊 Selamat Bergabung, Ollo Scuba! 🤿
Kami dengan senang hati menyambut Ollo Scuba Wakatobi bergabung di Dive-Bookings.online!

Ollo Scuba – Teman Selammu di Surga Bawah Laut!
Jelajahi keindahan bawah laut Wakatobi bersama pusat selam profesional yang berlokasi di Pulau Wangi-Wangi. Nikmati pengalaman menyelam yang aman, seru, dan berkesan bersama instruktur berpengalaman serta layanan yang ramah dan personal.

Rasakan jernihnya air laut, terumbu karang berwarna-warni, dan kehidupan laut yang menakjubkan, semuanya dalam suasana santai khas Wakatobi. 🌴🐠

#DiveBookings #OlloScuba #WakatobiDiving #IndonesiaDiving #ExploreWakatobi #UnderwaterParadise",Image,2025-11-12 01:04:21+00:00,24.0,0,0.0,,divebookings.id,2026-06-03,Apify Instagram Scraper,24.0,2025-11-12
Wakatobi,#wakatobidiving,https://www.instagram.com/p/DI6Q_Orv8_e/,DI6Q_Orv8_e,"We start our Ondina journey with an amazing shot of divers @sylvainjeanjo and @madeleine_faure cruising high above the so famous Glen Nusa wreck in Gili Trawangan, Indonesia. 
.
Who likes to explore this amazing underwater museums?
.
.
#WreckDiving #ShipwreckDiving #UnderwaterAdventure #DiveWrecks #SunkenTreasure #ScubaDiving #DeepSeaDiving #WreckDive #UnderwaterExploration #WreckHunter #DiveIndonesia #IndonesiaDiving #ExploreIndonesia #UnderwaterIndonesia #BaliDiving #KomodoDiving #RajaAmpatDiving #SulawesiDiving #WakatobiDiving #DiveLife #ScubaLife #OceanExploration #MarineAdventure #UnderwaterWorld #DiveTravel #DiveIndonesiaWrecks #IndoWrecks",Image,2025-04-26 12:50:14+00:00,23.0,1,0.0,Gili Trawangan Lombok,ondina.scuba,2026-06-03,Apify Instagram Scraper,24.0,2025-04-26
Wakatobi,#wakatobitourism,https://www.instagram.com/p/Cr5vfTMp5bT/,Cr5vfTMp5bT,"Thank you for visiting Guest From Okinawa Japan in Kaledupa Island Wakatobi 2D1N. Spot in Kaledupa :
✅Visit Hoga Island
✅Visit Sampela Bajo Tribe
✅Visit Sombano Beach & Red Shrimp Lake
✅ Visit Spring Lu'du at Tampara
✅Visit Vegetable Garden Agrotourism at Tampara Village
✅Visit Mangrove Tampara
✅Visit Pajam Weaving Village 

#visitkaledupawakatobi #visitwakatobi #wakatobitourism #wakatobiisland #snorkelingatwakatobi #divingatwakatobi #wakatobilocaltrip",Sidecar,2023-05-06 12:47:06+00:00,21.0,0,0.0,,wakatobilocaltrip,2026-06-03,Apify Instagram Scraper,21.0,2023-05-06
Wakatobi,#wakatobidiving,https://www.instagram.com/p/DJsl4JaSoDO/,DJsl4JaSoDO,"To produce an optimal photo sometimes requires extra effort. Just like when took a photographed of this goby during a drift dive at  Fan 38 in Sawa Island.

#goby #paditv #padi #underwaterphotography #uwphotography #scubadivingmag #scubadiving #scuba #coralreef #wonderfulindonesia #underwatermacrophotography #diving #dive #wakatobi #wakatobinationalpark #wakatobidiving #tomiafundive #tomiaisland #tomia",Image,2025-05-16 01:54:48+00:00,18.0,3,0.0,"Pulau Tomia, Wakatobi - Indonesia",tomiafundive,2026-06-03,Apify Instagram Scraper,21.0,2025-05-16
Wakatobi,#wisatawakatobi,https://www.instagram.com/p/DTGu9OJAcRD/,DTGu9OJAcRD,"Pernah dulu itu hari Senin, eh skrg sdh Senin lagi 😉 #wakatobian #wakatobi #wisatawakatobi #maimokuawakatobi",Image,2026-01-04 22:16:57+00:00,16.0,4,0.0,Wakatobi Island,maimo_kua_wakatobi,2026-06-03,Apify Instagram Scraper,20.0,2026-01-04
Wakatobi,#wakatobidiving,https://www.instagram.com/p/DQTn7lkEgrx/,DQTn7lkEgrx,"We’re proud to announce the launch of dive-bookings.online — the new platform built to promote and connect diving services across Indonesia!

From Raja Ampat to Komodo, Bali, Wakatobi, and Alor, we’re bringing together local dive operators, liveaboards, dive centers, instructors, and guides — connecting them with divers from all around the world.

🤝 Join us today and showcase your trips, courses, and services to a global audience.
💙 Together, let’s bring Indonesia’s underwater tourism to the next level!

Visit https://deep.dive-bookings.online  and sign up your dive business today!

#DiveBookingsOnline #DiveIndonesia #LiveaboardIndonesia #DiveCenterIndonesia #ScubaDiving #DiveGuide #DiveInstructor #IndonesiaUnderwater #MarineTourism #RajaAmpatDiving #KomodoDiving #BaliDiving #WakatobiDiving",Image,2025-10-27 08:51:30+00:00,20.0,0,0.0,,divebookings.id,2026-06-03,Apify Instagram Scraper,20.0,2025-10-27
Wakatobi,#wakatobitourism,https://www.instagram.com/p/C7wVRNOph5a/,C7wVRNOph5a,"🌟 Be Part of the Solution! 🌟

Penasaran dengan keindahan dan pentingnya terumbu karang bagi ekosistem laut kita? 🌍✨ Jangan lewatkan webinar CORALWISE! Yuk, daftar sekarang dan pelajari lebih dalam tentang pelestarian terumbu karang bersama para ahli dari AMATI Indonesia & Mola Mola!

📅 Tanggal: 8 - 9 Juni 2024
⏰ Waktu: 09.00 - 11.30 WIB
📍Link Registrasi: https://rb.gy/5auavi

Register now and let’s protect our reefs together!

##wakatobiisland #wakatobi #wakatobidivetrip #wakatobipeople #wakatobinationalpark #wakatobimasakini #wakatobikeren #wakatobitourism #wakatobidiveresort #wakatobidiveadventure #wakatobidolphin #wakatobiislands #wakatobitravellers #sulawesitenggara #sulawesi #kelasonline 

@amatiindonesia_ @magangmerdeka @kampusmerdeka.ri",Image,2024-06-03 13:27:07+00:00,17.0,1,0.0,,wakatobidivetrip,2026-06-03,Apify Instagram Scraper,18.0,2024-06-03
Wakatobi,#wakatobidiving,https://www.instagram.com/p/DDxcdTBpWMP/,DDxcdTBpWMP,"Polka Dot

#UnderwaterPhotography #OceanLovers #DiveIntoNature #SeaLifeAddict #ScubaDivingAdventures #DiscoverIndonesia #WonderfulIndonesia #ExploreIndonesia #UnderwaterIndonesia #DivingIndonesia #ProtectOurOceans #SaveOurReefs #MarineBiodiversity #CoralReefLife #WildlifeUnderwater #RajaAmpatDiving #KomodoIslands #BunakenNationalPark #BaliUnderwater #WakatobiDiving #AdventureAwaits #TravelGoals #ExploreTheWorld #NaturePhotography #wanderlust",Image,2024-12-19 20:00:20+00:00,18.0,0,0.0,,arthurcastroborges,2026-06-03,Apify Instagram Scraper,18.0,2024-12-19
Wakatobi,#wakatobidiving,https://www.instagram.com/p/DDhDpJPxwEy/,DDhDpJPxwEy,"Small guy

#IndonesiaDiving #UnderwaterPhotography #DiveIndonesia #MarineBiodiversity #CoralTriangle #OceanExploration #ScubaAdventures #TropicalWaters #UnderwaterWorld #SeaCreatures #IndonesiaUnderwater #RajaAmpatDiving #AdventureBeneathTheWaves #ExploreIndonesia #WakatobiDiving",Image,2024-12-13 11:15:39+00:00,18.0,0,0.0,Indonesia,arthurcastroborges,2026-06-03,Apify Instagram Scraper,18.0,2024-12-13
Wakatobi,#explorewakatobi,https://www.instagram.com/p/DYlOsYbzpT1/,DYlOsYbzpT1,"HAIIII...HAIIII SOBAT BLUE OCEAN👋🤩

SIAPIN FOTO TERBAIKMU KARNA LOMBA FOTO BLUE OCEAN VIEW RESMI DIMULAI! 🔥🔥
Buat kamu yang suka foto-foto, hunting aesthetic, bikin konten, atau cuma mau seru-seruan bareng teman… ini waktunya tunjukkan hasil jepretan terbaikmu di Blue Ocean View Wakatobi! 📷💙
Ambil momen paling kece, upload di sosial media kamu, kumpulkan LIKE & SHARE terbanyak, lalu menangkan hadiah menariknya! 🏆✨
Ajak sahabat, pasangan, keluarga, bahkan geng nongkrong kamu buat ikut meramaikan vibes seru di Blue Ocean View 🌴🌅
Karena setiap sudut punya cerita, dan setiap foto punya kesempatan jadi JUARA! 😍🔥
📅 Upload foto mulai: 21 Mei 2026
📍 Blue Ocean View Wakatobi
⏰ Pengumuman pemenang: 30 Mei 2026
Jangan sampai ketinggalan!
Siapkan pose terbaik, kamera terbaik, dan caption terbaikmu 📸✨
Yuk ramaikan dan jadi bagian dari keseruan #LombaFotoBlueOceanView2026 🌊💙
#BlueOceanViewWakatobi
#DapoerMaritimWakatobi
#LombaFotoWakatobi
#ExploreWakatobi
GoodVibesOceanView
CafeHitsWakatobi
WakatobiCreative
BlueOceanViewCafe",Image,2026-05-21 01:08:30+00:00,18.0,0,0.0,,blueoceanview_wakatobi,2026-06-03,Apify Instagram Scraper,18.0,2026-05-21
Wakatobi,#explorewakatobi,https://www.instagram.com/p/DX0bJ0tGsLHZ63N0JXpcJe90_II_qkOHLvu8Fs0/,DX0bJ0tGsLHZ63N0JXpcJe90_II_qkOHLvu8Fs0,"Core memory unlocked: Wakatobi edition 💙

#masyaaallahtabarakallah
#travelwithkids
#explorewakatobi 
#wonderfulindonesia",Sidecar,2026-05-02 02:14:32+00:00,18.0,0,0.0,,irma.nangngareng,2026-06-03,Apify Instagram Scraper,18.0,2026-05-02
Wakatobi,#wakatobitourism,https://www.instagram.com/p/C5DCTduJWTb/,C5DCTduJWTb,"#Repost @rach07._ with @let.repost 
• • • • • •
Pantai runduma
🎵@raimlaode 
📸@lasaleh99 
🏝️@runduma.island

#wakatobi #runduma #pulaurunduma #wakatobitourism #pantai #wisata #sulawesi #indonesia_photography #indonesianfood #destination #laut #ceramics #pulau #kuliner #islamabad #island #kids #story #repost",Image,2024-03-28 06:12:47+00:00,17.0,0,0.0,Pulau Runduma,runduma.island,2026-06-03,Apify Instagram Scraper,17.0,2024-03-28
Wakatobi,#wakatobitourism,https://www.instagram.com/p/CxcJQz0JpoK/,CxcJQz0JpoK,"Kegiatan wisata yang berbasis eksplorasi dan edukasi dimana wisatawan bisa mengetahui secara langsung aktivitas masyarakat nelayan di #desawisatakahianga 

Kali ini kami mengajak salah satu wisatawan asing dari India untuk jalan-jalan ke lokasi aktivitas nelayan yang ada di O'a Wawolatu.
___________________
•
•
•
•
•
•
•
#desa #desawisata #wisatadesa #edukasi #wisataedukasi #eksplorasi #explore #eksplordesa #village #villagelife #wisata #wisatatomia #tomiatimur #wakatobi #wakatobitourism #ruraltourism #visitwakatobi #jadesta #pesonaindonesia #wonderfulindonesia #wonderful_places #pantai #nelayan #desakahianga #mydewikahyangan",Sidecar,2023-09-21 04:03:27+00:00,15.0,2,0.0,Desa Kahianga,mydewikahyangan,2026-06-03,Apify Instagram Scraper,17.0,2023-09-21
Wakatobi,#wisatawakatobi,https://www.instagram.com/p/DSq4as4jQUk/,DSq4as4jQUk,Akhir Tahun Special Adventure hari ini 🫠 #wakatobi #wisatawakatobi #maimokuawakatobi,Image,2025-12-25 02:40:53+00:00,17.0,0,0.0,Wakatobi Island,maimo_kua_wakatobi,2026-06-03,Apify Instagram Scraper,17.0,2025-12-25
Wakatobi,#wakatobidiving,https://www.instagram.com/p/DRTPwO1kvwa/,DRTPwO1kvwa,"Welcoming Wakatobi Dive Trip to dive-bookings.online!
Established in 2008 and active since 2009, Wakatobi Dive Trip focuses on delivering unforgettable diving adventures across the beautiful Wakatobi Regency. From crystal-clear waters to vibrant coral ecosystems, they bring world-class dive experiences to every guest.
Happy to have you onboard! 🌊🤿
————
Dive-bookings.online mengucapkan selamat datang kepada Wakatobi Dive Trip!
Berdiri tahun 2008 dan aktif sejak 2009, Wakatobi Dive Trip berfokus pada area Kabupaten Wakatobi, menghadirkan pengalaman diving yang aman, profesional, dan penuh keindahan bawah laut.
Senang bisa bekerja sama! 🌊🤿
———-
#divebookings #wakatobidivetrip #wakatobi #wakatobidiving #indonesiadiving scubadivingindonesia diveindonesia scubadiving underwaterindonesia diverslife divetrip exploreindonesia wonderfulindonesia",Image,2025-11-21 01:51:37+00:00,17.0,0,0.0,,divebookings.id,2026-06-03,Apify Instagram Scraper,17.0,2025-11-21
Wakatobi,#wakatobitourism,https://www.instagram.com/p/C7r8XNWyTE4/,C7r8XNWyTE4,"🌟 Be Part of the Solution! 🌟

Penasaran dengan keindahan dan pentingnya terumbu karang bagi ekosistem laut kita? 🌍✨ Jangan lewatkan webinar CORALWISE! Yuk, daftar sekarang dan pelajari lebih dalam tentang pelestarian terumbu karang bersama para ahli dari AMATI Indonesia & Mola Mola!

📅 Tanggal: 8 - 9 Juni 2024
⏰ Waktu: 09.00 - 11.30 WIB
📍Link Registrasi: https://rb.gy/5auavi

Register now and let's protect our reefs together!

##wakatobiisland #wakatobi #wakatobidivetrip #wakatobipeople #wakatobinationalpark #wakatobimasakini #wakatobikeren #wakatobitourism #wakatobidiveresort #wakatobidiveadventure #wakatobidolphin #wakatobiislands #wakatobitravellers #sulawesitenggara #sulawesi #kelasonline 

@amatiindonesia_ @magangmerdeka @kampusmerdeka.ri",Image,2024-06-01 20:32:31+00:00,16.0,0,0.0,,si.mola_iscore,2026-06-03,Apify Instagram Scraper,16.0,2024-06-01
Wakatobi,#wisatawakatobi,https://www.instagram.com/p/DTkwfhTj6TS/,DTkwfhTj6TS,"Semua orang kenal Wakatobi karena lautnya
tapi belum banyak yang tahu…
kalau keindahan itu juga bisa dinikmati dari atas

Di satu puncak, kamu bisa melihat
luasnya laut Wakatobi, tanpa harus menyelam.

Maimo Kua Puncak Toliamba, Wakatobi 🙌

#PuncakToliamba #WisataWakatobi #WakatobiKeren #ExplorePuncakToliamba",Sidecar,2026-01-16 14:07:35+00:00,12.0,4,0.0,"Puncak Toliamba, Wakatobi",explorepuncaktoliamba,2026-06-03,Apify Instagram Scraper,16.0,2026-01-16
Wakatobi,#wakatobidiving,https://www.instagram.com/p/DKCBDI2yRzT/,DKCBDI2yRzT,"Marble shrimp aka Saron shrimp. 
Found at Roma, Tomia Island

📸 @ode_hida 

Scuba Dive Wakatobi 👇 
💬 +62 822-7166-2749 (WA)
✉ tomiafundive@gmail.com
🌐 www.tomiafundive.com

#marbleshrimp #saronshrimp #padidiver #paditv #padi #padicourses #underwaterphotography #uwphotography #scubadivingmag #scubadiving #scuba #coralreef #wonderfulindonesia #underwatermacrophotography #diving #dive #wakatobi #wakatobinationalpark #wakatobidiving #tomiafundive #tomiaisland #tomia",Image,2025-05-24 09:36:17+00:00,13.0,3,0.0,"Pulau Tomia, Wakatobi - Indonesia",tomiafundive,2026-06-03,Apify Instagram Scraper,16.0,2025-05-24
Wakatobi,#explorewakatobi,https://www.instagram.com/p/DSYWLQ-kzQH/,DSYWLQ-kzQH,"Hallo folks!🙌🏻✨
Selamat Hari Jadi ke-22 Kabupaten Wakatobi

Dua puluh dua tahun sudah langkah ini tertapak di atas gugusan pulau yang diberkati Tuhan. Hari ini, kita memperingati perjalanan panjang Kabupaten Wakatobi, tanah di mana ombak bernyanyi dan karang bercerita tentang keajaiban dunia. Sebagai bagian dari permata tenggara Sulawesi, Wakatobi bukan sekadar deretan pulau. Ia adalah rumah bagi identitas, tempat lahirnya para pelaut tangguh, dan kini tengah bertransformasi menjadi Sentral Perikanan dan Pariwisata Dunia yang Terintegrasi dan Berkelanjutan.

Kami, Keluarga Besar HIPMAWANGI Kendari (Himpunan Pelajar Mahasiswa Wangi-Wangi kendari), dengan penuh rasa bangga  mengucapkan: 

""Selamat Hari Jadi ke-22 Kabupaten Wakatobi""
(18 Desember 2003 - 18 Desember 2025).

Momentum hari jadi ini bukan sekadar seremoni tahunan, melainkan pengingat bagi kita semua terutama generasi muda bahwa masa depan Wakatobi ada di tangan kita.

Sesuai dengan visi besar daerah, mari kita kawal pembangunan yang tetap menjaga kelestarian alam tanpa meninggalkan kesejahteraan masyarakatnya.✨💗

#hutwakatobi
#wakatobi22lobejr
#hipmawangikendari 
#explorewakatobi
#pemerintahkabupatenwakatobi
#sultra",Image,2025-12-17 21:55:20+00:00,16.0,0,0.0,,hipmawangi_kendari,2026-06-03,Apify Instagram Scraper,16.0,2025-12-17
Wakatobi,#wakatobi,https://www.instagram.com/p/DZCxMFIGB1S/,DZCxMFIGB1S,"Rekap momen Gala Dinner di wakatobi✨
Malam yang penuh kehangatan,kebersamaan,dan senyum yang menjadi pelengkap sempurna dari perjalanan ini☺️🙌

Until we meet on another extraordinary journey🌊🌴

#wakatobi #sulawesitenggara #kelasvakansi #telkom",Sidecar,2026-06-01 12:27:51+00:00,15.0,0,0.0,Wakatobi Sulawesi Tenggara,kelasvakansi_indonesia,2026-06-03,Apify Instagram Scraper,15.0,2026-06-01
Wakatobi,#wakatobidiving,https://www.instagram.com/p/DPfemPRktze/,DPfemPRktze,"Dear Niklas, Olivia & friends :
Thank you for choosing us. your trust & support means the world to us. 
We hope to welcome you back for more incredible underwater adventures

Scuba Dive Wakatobi 👇 
💬 +62 822-7166-2749 (WA)
✉ tomiafundive@gmail.com
🌐 www.tomiafundive.com

#padidiver #paditv #padi #padicourses #underwaterphotography #uwphotography #scubadivingmag #scubadiving #scuba #coralreef #wonderfulindonesia #underwatermacrophotography #diving #dive #wakatobi #wakatobinationalpark #wakatobidiving #tomiafundive #tomiaisland #tomia",Sidecar,2025-10-07 02:49:26+00:00,15.0,0,0.0,Wakatobi National Park,tomiafundive,2026-06-03,Apify Instagram Scraper,15.0,2025-10-07
Wakatobi,#wakatobitourism,https://www.instagram.com/p/Cpu-hsVrD44/,Cpu-hsVrD44,"Come with me for a tropical Monday ☀️ Have you ever seen coral like this? There's no place in the world quite like Wakatobi. Stunning coral, astounding sea life, and the singular Wakatobi Dive Resort all make this a scuba diver's destination of a lifetime. 🐠 (Amazing for snorkelers like me too, btw) Want to know more? Check out my ultimate guide to Wakatobi at GoInformed.net/wakatobi 👌

**

**

**

** 
#wakatobi #wakatobiresort #wakatobidiveresort #wakatobidivetrip #wakatobitourism #scuba #scubadiving #snorkeling #underwaterphoto #instadive #underwaterpics #uwphotography #underwaterlife #underwaterworld #underthesea #scubalife #scubadiver #scubadive #indonesia_paradise #wonderfulindonesia #indonesiatravel #travelindonesia #ecotourism #beautifuldestinations #goinformed #thisisindonesia #coralreef #discoverindonesia",Sidecar,2023-03-13 15:24:03+00:00,14.0,0,0.0,Wakatobi Dive Resort,goinformednet,2026-06-03,Apify Instagram Scraper,14.0,2023-03-13
Wakatobi,#wakatobidiving,https://www.instagram.com/p/DKmeUmvTrBq/,DKmeUmvTrBq,"come as stranger leave as friend.
thank you for choosing us.
Sampai jumpa lagi..

Scuba Dive Wakatobi 👇 
💬 +62 822-7166-2749 (WA)
✉ tomiafundive@gmail.com
🌐 www.tomiafundive.com

#padidiver #paditv #padi #padicourses #underwaterphotography #uwphotography #scubadivingmag #scubadiving #scuba #coralreef #wonderfulindonesia #underwatermacrophotography #diving #dive #wakatobi #wakatobinationalpark #wakatobidiving #tomiafundive #tomiaisland",Image,2025-06-07 13:24:44+00:00,13.0,1,0.0,"Pulau Tomia, Wakatobi - Indonesia",tomiafundive,2026-06-03,Apify Instagram Scraper,14.0,2025-06-07
Wakatobi,#wakatobidiving,https://www.instagram.com/p/DJvEG69SjgE/,DJvEG69SjgE,"Our latest reviews from this May 2025

scuba dive wakatobi
come and dive with us 👇 
💬 +62 822-7166-2749 (WA)
✉ tomiafundive@gmail.com
🌐 www.tomiafundive.com

#padidiver #paditv #padi #padicourses #underwaterphotography #uwphotography #scubadivingmag #scubadiving #scuba #coralreef #wonderfulindonesia #underwatermacrophotography #diving #dive #wakatobi #wakatobinationalpark #wakatobidiving #tomiafundive #tomiaisland #tomia",Sidecar,2025-05-17 00:57:27+00:00,14.0,0,0.0,"Pulau Tomia, Wakatobi - Indonesia",tomiafundive,2026-06-03,Apify Instagram Scraper,14.0,2025-05-17
Wakatobi,#wakatobidiving,https://www.instagram.com/p/DHK30UIRmsb/,DHK30UIRmsb,"""May the blessings of Ramadan fill our hearts with peace, joy, and serenity.""
Happy Friday everyone 💪❤️🥰👌🙏

#wakatobidivingholiday #wakatobidiving #wakatobi #ramadan #ramadhan #ramadhankareem #ramadanmubarak #underwaterphoto #underwater #underwaterworld #underwaterphotography #divergent #diveindonesia #diver #divewatch #diving #dive #divetrip #scubadiver #scuba #scubadive #scubadiving #indonesia #pesonaindonesia #wonderful_places #coral",Image,2025-03-14 06:34:36+00:00,14.0,0,0.0,Wakatobi Diving Holiday,rudhy_wakatobi,2026-06-03,Apify Instagram Scraper,14.0,2025-03-14
Wakatobi,#wakatobitourism,https://www.instagram.com/p/C1mXLEsPwQo/,C1mXLEsPwQo,"Sit with me
. 
. 
. 
. 
. 
. 
. 
. 
#wakatobikeren #wakatobikeren #marinawakatobi #marinatogomowondu #photography #photographylovers #vibes #sea #wakatobiphotography #wakatobipictures #wakatobitourism",Image,2024-01-02 13:22:59+00:00,13.0,0,0.0,,lukis_waktu,2026-06-03,Apify Instagram Scraper,13.0,2024-01-02
Wakatobi,#wakatobidiving,https://www.instagram.com/p/DDsS2lFIX7l/,DDsS2lFIX7l,"Tiny guy

#UnderwaterPhotography #OceanLovers #DiveIntoNature #SeaLifeAddict #ScubaDivingAdventures #DiscoverIndonesia #WonderfulIndonesia #ExploreIndonesia #UnderwaterIndonesia #DivingIndonesia #ProtectOurOceans #SaveOurReefs #MarineBiodiversity #CoralReefLife #WildlifeUnderwater #RajaAmpatDiving #KomodoIslands #BunakenNationalPark #BaliUnderwater #WakatobiDiving #AdventureAwaits #TravelGoals #ExploreTheWorld #NaturePhotography #wanderlust",Image,2024-12-17 20:00:13+00:00,13.0,0,0.0,,arthurcastroborges,2026-06-03,Apify Instagram Scraper,13.0,2024-12-17
Wakatobi,#explorewakatobi,https://www.instagram.com/p/DQ74zOwkgf1/,DQ74zOwkgf1,"Terimakasih kepada seluruh Peserta Wakatobi Half Marathon,Panitia ,EO,Sponsor ,Terkhusus Masyarakar Wakatobi
Kita ketemu di event selanjutnya ..

Minggu, 9 November 2025🏃‍♀️🏃🏃‍♂️⛱️🏖️🏝️
@bank_indonesia_sultra 
@bank.sultra 
@bimbeljayanusantara 
@flyjaya
@telkomsel
@pocarisportid 
@anoa.racemanagement 

#WakatobiHalfMarathon #LariSehat #ExploreIndonesia #runners
#running #funrun #wakatobi #sporttourism #explorewakatobi
Reposted from @wakatobitv",Sidecar,2025-11-12 00:08:31+00:00,13.0,0,0.0,,safiawualo_,2026-06-03,Apify Instagram Scraper,13.0,2025-11-12
Wakatobi,#wakatobidiving,https://www.instagram.com/p/DLIG-EhSQDE/,DLIG-EhSQDE,"Shrimps of many kinds

#mushroomcoralshrimp #bubblecoralshrimp #padidiver #paditv #padi #padicourses #underwaterphotography #uwphotography #shrimp #scubadivingmag #scubadiving #scuba #scubadivinglife #coralreef #wonderfulindonesia #macrophotography #macrounderwaterphotography #underwatermacrophotography #uwmacro #uwmacrophotography #diving #dive #wakatobi #wakatobinationalpark #wakatobidiving #tomiafundive #tomiaisland #tomia",Sidecar,2025-06-20 14:54:51+00:00,12.0,0,0.0,"Pulau Tomia, Wakatobi - Indonesia",tomiafundive,2026-06-03,Apify Instagram Scraper,12.0,2025-06-20
Wakatobi,#wakatobidiving,https://www.instagram.com/p/DDjquq7RbWL/,DDjquq7RbWL,"Polka dot crab

#IndonesiaDiving #UnderwaterPhotography #DiveIndonesia #MarineBiodiversity #CoralTriangle #OceanExploration #ScubaAdventures #TropicalWaters #UnderwaterWorld #SeaCreatures #IndonesiaUnderwater #RajaAmpatDiving #AdventureBeneathTheWaves #ExploreIndonesia #WakatobiDiving",Image,2024-12-14 11:35:40+00:00,12.0,0,0.0,Indonesia,arthurcastroborges,2026-06-03,Apify Instagram Scraper,12.0,2024-12-14
Wakatobi,#explorewakatobi,https://www.instagram.com/p/DSXLOpgkw97/,DSXLOpgkw97,"Stop cuma foto-foto di pantai aesthetic. Yuk, geser sedikit ke Desa Darawa, Pulau Kaledupa—salah satu rahasia terbaik Wakatobi yang belum banyak disorot.

Di desa ini, kamu bisa lihat langsung hamparan rumput laut berkualitas ekspor yang dijemur warga. Dari pesisir tenang Kaledupa, rumput laut Darawa dikirim ke berbagai negara dan jadi bagian penting industri pangan, kosmetik, hingga farmasi dunia.

Healing dapat. Insight baru juga.
Wakatobi ternyata bukan cuma soal laut biru, tapi juga kekuatan ekonomi pesisir yang menghidupi banyak keluarga.

Kalau kamu ke Wakatobi, masih mau cuma ke pantai? 👀👇

#HiddenGemWakatobi #DesaDarawa #PulauKaledupa
#RumputLautIndonesia #SentraRumputLaut
#Wakatobi #ExploreWakatobi #WisataSulawesiTenggara
#EkonomiPesisir #WonderfulIndonesia #kitamakmursejahtera",Sidecar,2025-12-17 11:00:07+00:00,12.0,0,0.0,,5pglobalmovement.indonesia,2026-06-03,Apify Instagram Scraper,12.0,2025-12-17
Wakatobi,#wakatobitourism,https://www.instagram.com/p/CzhmzAspSi4/,CzhmzAspSi4,"Our first Rebreather Diver guests... Thanks for being awesome guys - we're loving hosting you and enjoying the adventures! Bring on the rest of the Wakatobi exploration as we move further south to the islands less explored... and as you guys dive to the depths less explored!
Sonia Rowley & team!
 #wakatobi #wakatobidivetrip #wakatobitrip #wakatobitourism #wakatobinationalpark #CCRD #scuba #scubadive #buton #hoga",Image,2023-11-12 00:00:32+00:00,11.0,0,0.0,,wasage_divers,2026-06-03,Apify Instagram Scraper,11.0,2023-11-12
Wakatobi,#wisatawakatobi,https://www.instagram.com/p/DV7QqUHFYJK/,DV7QqUHFYJK,"Mr. = ""Teruslah Konsisten Jaga Branding Wakatobi, Alam Indah ini anugrah, "" 
Me Be Like = With All my Soul Sir 😉🫡 #wakatobi #wisatawakatobi",Image,2026-03-16 00:54:45+00:00,11.0,0,0.0,Wakatobi Island,maimo_kua_wakatobi,2026-06-03,Apify Instagram Scraper,11.0,2026-03-16
Wakatobi,#wakatobidiving,https://www.instagram.com/p/DDox4RCzAzL/,DDox4RCzAzL,"Symbiosis 

#UnderwaterPhotography #OceanLovers #DiveIntoNature #SeaLifeAddict #ScubaDivingAdventures #DiscoverIndonesia #WonderfulIndonesia #ExploreIndonesia #UnderwaterIndonesia #DivingIndonesia #ProtectOurOceans #SaveOurReefs #MarineBiodiversity #CoralReefLife #WildlifeUnderwater #RajaAmpatDiving #KomodoIslands #BunakenNationalPark #BaliUnderwater #WakatobiDiving #AdventureAwaits #TravelGoals #ExploreTheWorld #NaturePhotography #Wanderlust",Image,2024-12-16 11:14:21+00:00,11.0,0,0.0,,arthurcastroborges,2026-06-03,Apify Instagram Scraper,11.0,2024-12-16
Wakatobi,#explorewakatobi,https://www.instagram.com/p/DY8cPLVE31e/,DY8cPLVE31e,"🌴✨ LANDSCAPE WAKATOBI ✨🌴
Hamparan laut biru, langit keemasan, dan pesona alam yang sulit dilupakan.
Setiap sudut Wakatobi menyimpan cerita. Dari sunrise yang menenangkan hingga sunset yang memukau, keindahannya selalu layak untuk diabadikan.
📍 Wakatobi, Sulawesi Tenggara, Indonesia
👉 Swipe untuk melihat keindahan Wakatobi dari berbagai sudut.
#Wakatobi #LandscapePhotography #WonderfulIndonesia #ExploreWakatobi #NaturePhotography TravelIndonesia IslandLife DronePhotography SunsetLovers ParadiseIsland",Sidecar,2026-05-30 01:29:20+00:00,9.0,2,0.0,"Wakatobi, Sulawesi Tenggara",dyounvfx,2026-06-03,Apify Instagram Scraper,11.0,2026-05-30
Wakatobi,#wakatobitourism,https://www.instagram.com/p/C5SV20byMb7/,C5SV20byMb7,"Open Trip Waatobi
Yuk yg mau gabung bareng aku menikmati keindahan alam semua Pulau yang ada di Nama WAKATOBI (Wanci, Kaledupa, Tomia, Binoongko)
17 – 24 Juli 2024 (8 Hari 7 Malam)
Kuota 6 Orang Idr 4.595.000/Orang
*Include
	Kapal Reguler Kendari – Wanci PP
	Penginapan 2 Malam di Wanci (kamar ac, /kamar 2 orang)
	Transportasi darat selama di Wanci (Mobil Avanza atau sejenisnya)
	Kapal Wanci – Binongko
	Penginapan 2 Malam di Binongko 
	Transportasi darat selama di Binongko (Mobil PicUp)
	Boat untuk snorkeling di Binongko
	Kapal Binongko – Tomia
	Penginapan 2 Malam di Tomia (Kamar Ac, /Kamar 2 orang) 
	Boat untuk Snorkeling selama di Tomia
	Transportasi darat selama di Tomia (Mobil PicUp)
	Kapal Tomia – Kaledupa
	Transportasi darat di Kaledupa
	Boat hoping Island di Kaledupa
	Kapal Kaledupa – Wanci
	Makan selama Trip
	Biaya Masuk semua Destinasi Wisata
	Guide
	Dokumentasi Bersama (darat, underwater dan drone)
*Exclude
	Transportasi ke Titik Mepo
	Perlengkapan Pribadi
	Obat2an Pribadi
	Alat Snorkeling
	Porter/Buru Angkut Pelabuhan
	Yang tidak di sebutkan di Include

#wakatobi #wakatobitrip #wakatobiisland #wakatobitourism #wakatobiunderwater #wakatobikeren",Image,2024-04-03 04:52:15+00:00,8.0,2,0.0,,aidoangaja,2026-06-03,Apify Instagram Scraper,10.0,2024-04-03
Wakatobi,#wakatobitourism,https://www.instagram.com/p/Cxb56mSpDnk/,Cxb56mSpDnk,"Lahirnya sebuah tradisi menjadi salah satu ciri khas yang dibentuk oleh masyarakat dalam suatu daerah, terutama di #wakatobi #desakahianga #desawisatakahianga #mydewikahyangan #pulautomia #tomiatimur . Tradisi ""Turumba"" juga lahir sebagai wujud nilai-nilai lokal yang akan diturunkan secara turun temurun kepada generasi selanjutnya.
__________________
•
•
•
•
•
•
•
#desa #desawisata #wisatadesa #budaya #tradisi #kearifanlokal #wisata #wisatatomia #pulautomia #tomiaisland #wakatobi #wakatobitourism #wisatawakatobi #pesonaindonesia #wonderfulindonesia #jadesta #culture",Image,2023-09-21 01:49:21+00:00,9.0,1,0.0,Desa Kahianga,mydewikahyangan,2026-06-03,Apify Instagram Scraper,10.0,2023-09-21
Wakatobi,#wisatawakatobi,https://www.instagram.com/p/DWaHvacEmPa/,DWaHvacEmPa,Asli Made in #wakatobi 🥰 #wakatobian #wisatawakatobi #maimokuawakatobi,Image,2026-03-28 00:33:17+00:00,10.0,0,0.0,Benteng Kraton Liya,maimo_kua_wakatobi,2026-06-03,Apify Instagram Scraper,10.0,2026-03-28
Wakatobi,#wakatobidiving,https://www.instagram.com/p/DKbgF2VuyCw/,DKbgF2VuyCw,"We are happy to dive with you guys.
Thankyou for a few days diving with us. We hope to welcome you back for more incredible underwater adventures 🤙🤙🤙

S c u b a D i v e W a k a t o b i
come and dive with us 👇 
💬 +62 822-7166-2749 (WA)
✉ tomiafundive@gmail.com
🌐 www.tomiafundive.com

#padidiver #paditv #padi #padicourses #underwaterphotography #uwphotography #scubadivingmag #scubadiving #scuba #coralreef #wonderfulindonesia #underwatermacrophotography #diving #dive #wakatobi #wakatobinationalpark #wakatobidiving #tomiafundive #tomiaisland #tomia",Image,2025-06-03 07:08:33+00:00,10.0,0,0.0,"Pulau Tomia, Wakatobi - Indonesia",tomiafundive,2026-06-03,Apify Instagram Scraper,10.0,2025-06-03
Wakatobi,#wakatobidiving,https://www.instagram.com/p/DJb08rvvfdS/,DJb08rvvfdS,"Diving and keeping an eye on your students involves sometimes being able to dive backwards in the so famous sitting position.
.
Are you a fan of this way of diving? 
.
#DivingIndonesia #ScubaIndonesia #DiveIndonesia #UnderwaterIndonesia #IndonesiaDivingParadise #ScubaLifeIndonesia #DiveBali #RajaAmpatDiving #KomodoDiving #BunakenDiving #WakatobiDiving #ExploreIndonesiaUnderwater #IndoDiveTrip #IndonesiaUnderwaterWorld #ScubaAdventureIndonesia #IndonesianReefs #CoralTriangle #MacroDivingIndonesia #FreediveIndonesia #DiveNusaPenida #MantaRayIndonesia #ScubaTravelIndonesia #DiveResortsIndonesia #IndonesianWaters #TropicalDiving #OceanIndonesia #diveindo",Image,2025-05-09 13:39:24+00:00,10.0,0,0.0,"Gili Trawangan, Indonesia",ondina.scuba,2026-06-03,Apify Instagram Scraper,10.0,2025-05-09
Wakatobi,#explorewakatobi,https://www.instagram.com/p/DPqjOCNCSrK/,DPqjOCNCSrK,"🌊🐠 Wakatobi Island 

 The Hidden Paradise of Southeast Sulawesi!,
Get ready to explore one of Indonesia’s most stunning marine wonders! From crystal-clear waters and colorful coral reefs to unforgettable snorkeling adventures ,Wakatobi has it all! 

With professional guides, complete equipment, and breathtaking underwater views, your journey here is more than just snorkeling, it’s discovering a whole new world beneath the waves! 

 This beautiful infographic was created as an Advanced English Project of Class XII-7 by Group 6, consisting of:

1. Clarabelle hasya.s. (07)
2. Elisabeth graciana (10)
3. Meiartha guntur.p. (17)
4. Natrani wasiangge (21)
5. Tegar dwi pamungkas (32)
6. Winda aliyah (35)

#explorewakatobi #SnorkelingAdventure #hiddenparadise #group6",Image,2025-10-11 10:01:28+00:00,10.0,0,0.0,,seventive.smada,2026-06-03,Apify Instagram Scraper,10.0,2025-10-11
Wakatobi,#wisatawakatobi,https://www.instagram.com/p/DVowWK2ABhX/,DVowWK2ABhX,3 Hastag 1 Visi 🫠 #wisatawakatobi ( #ceritakanwakatobi #fpwsombu #maimokuawakatobi ),Image,2026-03-08 20:26:03+00:00,9.0,0,0.0,Pantai Wambuliga,maimo_kua_wakatobi,2026-06-03,Apify Instagram Scraper,9.0,2026-03-08
Wakatobi,#wisatawakatobi,https://www.instagram.com/p/DURmlvIkiIQ/,DURmlvIkiIQ,Pengabdian untuk Generasi Masa Depan #wakatobi #wisatawakatobi #maimokuawakatobi #akkpwakatobi,Image,2026-02-03 00:06:53+00:00,9.0,0,0.0,Wakatobi Island,maimo_kua_wakatobi,2026-06-03,Apify Instagram Scraper,9.0,2026-02-03
Wakatobi,#wakatobidiving,https://www.instagram.com/p/DLKbxFrydOx/,DLKbxFrydOx,"g o b y

#goby #gobyfish #padidiver #paditv #padi #padicourses #underwaterphotography #uwphotography  #scubadivingmag #scubadiving #scuba #scubadivinglife #coralreef #wonderfulindonesia #macrophotography #macrounderwaterphotography #underwatermacrophotography #uwmacro #uwmacrophotography #diving #dive #wakatobi #wakatobinationalpark #wakatobidiving #tomiafundive #tomiaisland #tomia",Image,2025-06-21 12:35:04+00:00,9.0,0,0.0,"Pulau Tomia, Wakatobi - Indonesia",tomiafundive,2026-06-03,Apify Instagram Scraper,9.0,2025-06-21
Wakatobi,#wakatobi,https://www.instagram.com/p/DZGqIPSmGYU/,DZGqIPSmGYU,"Held the ocean #wakatobi 🌊🏊🏻‍♀️🌬️🥽

 #freedive #freediving #underthesea #sulawesitenggara",Sidecar,2026-06-03 00:43:07+00:00,-1.0,9,0.0,"Sombu Dive, Wakatobi",_wju__,2026-06-03,Apify Instagram Scraper,8.0,2026-06-03
Wakatobi,#wakatobi,https://www.instagram.com/p/DZCtQlcGDNIc_PNba59Tq_PEokbnex8p--SNO80/,DZCtQlcGDNIc_PNba59Tq_PEokbnex8p--SNO80,"🪸✨🌊
.
.
#sombudive #freediving #wakatobi #sulawesitenggara #wonderfulindonesia",Sidecar,2026-06-01 11:53:31+00:00,-1.0,9,0.0,"Sombu Dive, Wakatobi",muhmmadrisaldy,2026-06-03,Apify Instagram Scraper,8.0,2026-06-01
Wakatobi,#wakatobitourism,https://www.instagram.com/p/C29XXQRBQdM/,C29XXQRBQdM,"Open Trip Wakatobi 5H4M,  27 April - 1 Mei 2024
Kuota minimal 4 orang

#wakatobi #wakatobiisland #wakatobitrip #wakatobitourism #wonderfulwakatobi #wonderfullwakatobi #wonderfulwakatobi #wonderfullindonesia #tomiaisland #opentrip #opentripmurah",Sidecar,2024-02-05 08:18:35+00:00,5.0,3,0.0,,aidoangaja,2026-06-03,Apify Instagram Scraper,8.0,2024-02-05
Wakatobi,#wisatawakatobi,https://www.instagram.com/p/DZBUWnYDY0v/,DZBUWnYDY0v,Congrats KK KK Dhike W n Wulan Saputri 😇👍 Keep Up Great Tourism Marketing for #wakatobi #wisatawakatobi,Image,2026-05-31 22:56:39+00:00,8.0,0,0.0,Marina Beach Wakatobi,maimo_kua_wakatobi,2026-06-03,Apify Instagram Scraper,8.0,2026-05-31
Wakatobi,#wisatawakatobi,https://www.instagram.com/p/DXO270skrmB/,DXO270skrmB,The MENU of Restaurant #blueoceanviewwakatobi #wakatobi #wisatawakatobi,Sidecar,2026-04-17 12:06:09+00:00,8.0,0,0.0,Wakatobi,maimo_kua_wakatobi,2026-06-03,Apify Instagram Scraper,8.0,2026-04-17
Wakatobi,#wisatawakatobi,https://www.instagram.com/p/DTRI4Y-Eqnl/,DTRI4Y-Eqnl,Karna Tong nih Anak Pantai 🫠 #wakatobian #wisatawakatobi #maimokuawakatobi,Image,2026-01-08 23:15:53+00:00,8.0,0,0.0,Wakatobi Island,maimo_kua_wakatobi,2026-06-03,Apify Instagram Scraper,8.0,2026-01-08
Wakatobi,#wisatawakatobi,https://www.instagram.com/p/DTFoMNjEhbk/,DTFoMNjEhbk,"Akhir akhir inih, apa 2 yg di upload dimintai ""spill Promptnya donks kk ""!🙂‍↕️ #wakatobi #wisatawakatobi #maimokuawakatobi",Image,2026-01-04 11:58:35+00:00,8.0,0,0.0,Wakatobi Island,maimo_kua_wakatobi,2026-06-03,Apify Instagram Scraper,8.0,2026-01-04
Wakatobi,#wakatobidiving,https://www.instagram.com/p/DKqNo3BTE7V/,DKqNo3BTE7V,"Look, who is hiding.

Scuba Dive Wakatobi 👇 
💬 +62 822-7166-2749 (WA)
✉ tomiafundive@gmail.com
🌐 www.tomiafundive.com

#blenny #padidiver #paditv #padi #padicourses #underwaterphotography #uwphotography #scubadivingmag #scubadiving #scuba #coralreef #wonderfulindonesia #underwatermacrophotography #diving #dive #wakatobi #wakatobinationalpark #wakatobidiving #tomiafundive #tomiaisland #tomia",Image,2025-06-09 00:15:55+00:00,8.0,0,0.0,"Pulau Tomia, Wakatobi - Indonesia",tomiafundive,2026-06-03,Apify Instagram Scraper,8.0,2025-06-09
Wakatobi,#wakatobidiving,https://www.instagram.com/p/DDnQI38P9kr/,DDnQI38P9kr,"Aliens

#UnderwaterPhotography #OceanLovers #DiveIntoNature #SeaLifeAddict #ScubaDivingAdventures #DiscoverIndonesia #WonderfulIndonesia #ExploreIndonesia #UnderwaterIndonesia #DivingIndonesia #ProtectOurOceans #SaveOurReefs #MarineBiodiversity #CoralReefLife #WildlifeUnderwater #RajaAmpatDiving #KomodoIslands #BunakenNationalPark #BaliUnderwater #WakatobiDiving #AdventureAwaits #TravelGoals #ExploreTheWorld #NaturePhotography #Wanderlust",Image,2024-12-15 21:00:17+00:00,8.0,0,0.0,,arthurcastroborges,2026-06-03,Apify Instagram Scraper,8.0,2024-12-15
Wakatobi,#wakatobi,https://www.instagram.com/p/DZEuTG5icXu/,DZEuTG5icXu,"📢 MENJAWAB ISU YANG BEREDAR TERKAIT STAI WAKATOBI

Sehubungan dengan adanya informasi dan isu yang beredar di tengah masyarakat mengenai status STAI Wakatobi, kami menegaskan bahwa STAI Wakatobi merupakan perguruan tinggi yang resmi dan memiliki Akreditasi Institusi ""Baik"" dari BAN-PT berdasarkan sertifikat akreditasi yang berlaku.

Kami mengajak seluruh masyarakat untuk selalu melakukan verifikasi informasi dari sumber yang resmi dan terpercaya serta tidak mudah terpengaruh oleh informasi yang belum jelas kebenarannya.

STAI Wakatobi terus berkomitmen menghadirkan pendidikan tinggi yang berkualitas, berintegritas, dan berorientasi pada pengembangan sumber daya manusia yang unggul di Kabupaten Wakatobi dan Indonesia.

Terima kasih atas kepercayaan dan dukungan seluruh masyarakat kepada STAI Wakatobi.

STAI Wakatobi
Cerdas, Profesional, Bernurani

#STAIWakatobi #AkreditasiBANPT #FaktaBukanHoaks #PendidikanBerkualitas #KampusMerdeka #Wakatobi #MediaCenterSTAIWakatobi #akreditasibaik",Image,2026-06-02 06:41:05+00:00,7.0,0,0.0,,mediacenterstaiwakatobi,2026-06-03,Apify Instagram Scraper,7.0,2026-06-02
Wakatobi,#wakatobitourism,https://www.instagram.com/p/DPRrB_HEtFT/,DPRrB_HEtFT,"Enjoyed.... 🏖🏕

#pantai #campingtrip #momment #sunshine #momments #explore #exploresultra__ #explorepage #explorer #expedisi #islandvibes #fypシ゚シ #fypppppppppppppppppppppppppppppppppppppppppppppppppppppppppppppppppppppp #fypage #fypreels #fypageシ #berandainstagram #4you #beachvibes #wakatobi #wakatobikeren #wakatobiisland #wakatobinationalpark #wakatobimasakini #wakatobitrip #wakatobitourism #wakatobipeople #tomia #wawotimulagole by: @la_ode_ali_hanafi",Sidecar,2025-10-01 18:08:42+00:00,7.0,0,0.0,Pantai Mongingi Desa Wawotimu,suji_adventure,2026-06-03,Apify Instagram Scraper,7.0,2025-10-01
Wakatobi,#wisatawakatobi,https://www.instagram.com/p/DXNoVfyj0sd/,DXNoVfyj0sd,"Nah Kalo Senyum Bahagia gini 🫠😁, Asyik bingits khan ya 😄 #wakatobi #wisatawakatobi",Image,2026-04-17 00:39:21+00:00,5.0,2,0.0,Wakatobi Sulawesi Tenggara,maimo_kua_wakatobi,2026-06-03,Apify Instagram Scraper,7.0,2026-04-17
Wakatobi,#wisatawakatobi,https://www.instagram.com/p/DTgm2eHkV64/,DTgm2eHkV64,Lokal Pride 🫠 #wisatawakatobi #wakatobi #maimokuawakatobi,Image,2026-01-14 23:26:22+00:00,7.0,0,0.0,Wakatobi Island,maimo_kua_wakatobi,2026-06-03,Apify Instagram Scraper,7.0,2026-01-14
Wakatobi,#explorewakatobi,https://www.instagram.com/p/DPK8ZDKERTe/,DPK8ZDKERTe,"Hanya tinggal 4 hari lagi sebelum roda-roda motor kita menginjak tanah surga laut tropis… 🌅✨
Jambore QRIS Bikers Wakatobi 2025 segera dimulai!

Siapkan mental, mesin, dan semangat persaudaraan 🤟
Karena di Wakatobi, kita bukan sekadar riding — tapi merayakan brotherhood tanpa batas!

📍 Maritime Center Wakatobi
🗓️ 4–5 Oktober 2025

#JamboreBikersWakatobi #QRISBikers #WakatobiWave2025 #BrotherhoodRide #BikersIndonesia #RidersLife #TouringIndonesia #ExploreWakatobi #WonderfulIndonesia #EventBikers2025 #GasKeWakatobi #BikersBrotherhood #MotorcycleLife #RideToParadise #sunsetride",Image,2025-09-29 03:25:43+00:00,7.0,0,0.0,,jamboreqrisbikers_wakatobi,2026-06-03,Apify Instagram Scraper,7.0,2025-09-29
Wakatobi,#wakatobitourism,https://www.instagram.com/p/DL1Jcs5R8kF/,DL1Jcs5R8kF,"My lovely in ""World Diving Tourism EXPO"" for #wakatobitourism #divingexpo",Image,2025-07-08 02:42:21+00:00,6.0,0,0.0,"Las Vegas, Nevada",odenuriati,2026-06-03,Apify Instagram Scraper,6.0,2025-07-08
Wakatobi,#wisatawakatobi,https://www.instagram.com/p/DT6dlzLgL2q/,DT6dlzLgL2q,Bukan HAWAIIAN tapi WAKATOBIAN Sail Indonesia 2009 #wakatobi #wisatawakatobi #maimokuawakatobi,Image,2026-01-25 00:25:43+00:00,6.0,0,0.0,Wakatobi Island,maimo_kua_wakatobi,2026-06-03,Apify Instagram Scraper,6.0,2026-01-25
Wakatobi,#wisatawakatobi,https://www.instagram.com/p/DTb_vqukiUm/,DTb_vqukiUm,Melayani for Free for #wakatobi Tourism Information 🫠 Plis WA or Visit Anemo Wakatobi Souvenir #wisatawakatobi #maimokuawakatobi,Image,2026-01-13 04:27:42+00:00,6.0,0,0.0,Wakatobi Island,maimo_kua_wakatobi,2026-06-03,Apify Instagram Scraper,6.0,2026-01-13
Wakatobi,#explorewakatobi,https://www.instagram.com/p/DVpZpm6mAFu/,DVpZpm6mAFu,"Jika sultan-sultan di Jawa dan Sumatera punya legitimasi dengan berbagai gelar, maka Sultan Buton pun memiliki gelar guna menguatkan posisi mereka, yakni khalifatul khamis, khalifah kelima.,, #JejakIslamDitanahButon #ExplorButon #ExploreWakatobi",Image,2026-03-09 02:26:58+00:00,5.0,1,0.0,,tamrin_laodee,2026-06-03,Apify Instagram Scraper,6.0,2026-03-09
Wakatobi,#explorewakatobi,https://www.instagram.com/p/DVkhmX-ie0C/,DVkhmX-ie0C,"cuti ga bisaa diwarisin ke anak cucumu besok,
yang bisa diwarisin itu, foto-foto pas kamu lagi explore indonesia!
ya kali...

#jejaklangkahadventour #ExploreIjen #ExploreTumpakSewu #ExploreLabuanBajo #explorewakatobi #exploreindonesia",Image,2026-02-23 05:00:24+00:00,6.0,0,0.0,Jejaklangkah adventour,jejaklangkahadventour,2026-06-03,Apify Instagram Scraper,6.0,2026-02-23
Wakatobi,#wakatobi,https://www.instagram.com/p/DZEIpOKD9qD/,DZEIpOKD9qD,""" MARKETING "" is simple 🫠, dimulai dari kita masing masing diri as #wakatobian #wisatawakatobi #wakatobi",Image,2026-06-02 01:12:03+00:00,5.0,0,0.0,Marina Beach Wakatobi,maimo_kua_wakatobi,2026-06-03,Apify Instagram Scraper,5.0,2026-06-02
Wakatobi,#wakatobitourism,https://www.instagram.com/p/CrDQ0UTs9Bu/,CrDQ0UTs9Bu,"Wakatobi is one of those dive destinations on your bucket list … I know it's on mine.
To experience all of Wakatobi's natural wonders, go to www.wakatobi.com and book your next exhilarating dive experience with the awesome team there, they are waiting to show you the beauty of Wakatobi. #wakatobi #wakatobiisland #wakatobitourism #wakatobidivetrip #scubadiving #scubadivinglife #scubadiverlife #liveaboard #liveaboardlife #liveaboarddiving",Image,2023-04-15 09:00:06+00:00,5.0,0,0.0,,divelogaus,2026-06-03,Apify Instagram Scraper,5.0,2023-04-15
Wakatobi,#wisatawakatobi,https://www.instagram.com/p/DYvW_kjkqNY/,DYvW_kjkqNY,"KK KK Senior Umi Makassar 🙏& Grand Mother from Italy, All with love to 🫠😘 #wisatawakatobi  #kulinerwakatobi #oleholehwakatobi",Image,2026-05-24 23:33:23+00:00,5.0,0,0.0,Wakatobi Island,maimo_kua_wakatobi,2026-06-03,Apify Instagram Scraper,5.0,2026-05-24
Wakatobi,#wakatobidiving,https://www.instagram.com/p/DKhJn8tzEEK/,DKhJn8tzEEK,"Crinoid Shrimp aka Feather Star Shrimp

#crinoidshrimp #padidiver #paditv #padi #padicourses #underwaterphotography #uwphotography #scubadivingmag #scubadiving #scuba #coralreef #wonderfulindonesia #underwatermacrophotography #diving #dive #wakatobi #wakatobinationalpark #wakatobidiving #tomiafundive #tomiaisland #tomia",Sidecar,2025-06-05 11:47:40+00:00,5.0,0,0.0,"Pulau Tomia, Wakatobi - Indonesia",tomiafundive,2026-06-03,Apify Instagram Scraper,5.0,2025-06-05
Wakatobi,#wakatobidiving,https://www.instagram.com/p/DGagvESSsun/,DGagvESSsun,"Crystal-clear waters, thriving reefs, and mouthwatering local dishes—Wakatobi has it all! 🌊✨ After an epic dive, indulge in Wakatobi’s culinary treasures, from Kasuami to Ikan Parende.

🍽️🐠 Ready for the ultimate Dive & Dine experience? 🌴

.
.
.
.
.
.
.
.
.
.
.
.
.
.
.

#DiveAndDine #SavorWakatobi #WakatobiEats #IslandFlavors #DivingAdventure #WakatobiDiving #FoodieExplorer #UnderwaterFeast #OceanToTable #ExploreIndonesia",Sidecar,2025-02-23 11:49:22+00:00,4.0,0,0.0,,naidawanderland,2026-06-03,Apify Instagram Scraper,4.0,2025-02-23
Wakatobi,#wakatobi,https://www.instagram.com/p/DZDEo3SE5bf/,DZDEo3SE5bf,"🎬✨ Behind the Scene Honari Mosega ✨🎬
Merekam jejak budaya, mengabadikan warisan leluhur.
Dari perbukitan Wakatobi hingga cahaya matahari yang menyapa pagi, setiap momen adalah bagian dari cerita yang akan terus hidup.
🌅 Stories Beyond The Horizon
#HonariMosega #Wakatobi #WonderfulIndonesia #BTSDokumenter #BudayaIndonesia DyounVFX VisualStorytelling ExploreWakatobi FilmDokumenter WarisanBudaya",Sidecar,2026-06-01 15:17:48+00:00,3.0,0,0.0,"Wakatobi, Sulawesi Tenggara",dyounvfx,2026-06-03,Apify Instagram Scraper,3.0,2026-06-01
Wakatobi,#wisatawakatobi,https://www.instagram.com/p/DT2G29Ajkap/,DT2G29Ajkap,Selamat 🥰 #wisatawakatobi #wakatobi untuk #kharismaeventnusantara2026 #indonesia,Image,2026-01-23 07:50:07+00:00,3.0,0,0.0,Anemo Wakatobi Souvenir,wakatobisouvenir,2026-06-03,Apify Instagram Scraper,3.0,2026-01-23
Wakatobi,#wisatawakatobi,https://www.instagram.com/p/DTjLX3yjqti/,DTjLX3yjqti,Agro Wisata Rumput Laut #wakatobi #wisatawakatobi #maimokuawakatobi,Image,2026-01-15 23:23:59+00:00,3.0,0,0.0,Wakatobi Island,maimo_kua_wakatobi,2026-06-03,Apify Instagram Scraper,3.0,2026-01-15
Wakatobi,#wakatobidiving,https://www.instagram.com/p/DXmQfQJE8aP/,DXmQfQJE8aP,"Ready for your next dive ? ✨ 🤿👆
Save this Wangi-Wangi dive map to your bucket list! From stunning coral reefs to unique marine life, it's all here.

#WakatobiDiving #WangiWangi #Wanci #DiveWakatobi #cavediving",Image,2026-04-26 14:14:51+00:00,-1.0,4,0.0,"Pulau Wangi-Wangi, Wakatobi - Indonesia",wonderscubawakatobi.id,2026-06-03,Apify Instagram Scraper,3.0,2026-04-26
Wakatobi,#explorewakatobi,https://www.instagram.com/p/DYhVTd1BT3I/,DYhVTd1BT3I,"Terima Kasih, Tamu Setia Kami! ✨

​Dengan penuh rasa syukur, kami ingin membagikan kebahagiaan ini kepada Anda semua. Wambuliga Homestay resmi memenangkan Booking.com Traveller Review Award 2026! 🏆💙

​Penghargaan ini bukan hanya milik kami, melainkan dedikasi untuk setiap senyuman, cerita, dan ulasan baik yang telah Anda tinggalkan. 

Terima kasih telah mempercayakan perjalanan dan kenyamanan Anda bersama kami di Wakatobi.

​Kami berkomitmen untuk terus menjaga keindahan, kenyamanan, dan pelayanan terbaik demi menyambut kepulangan Anda berikutnya. 🌊🙏 Hubungi kami untuk pemesanan berikutnya!

​#TravellerReviewAwards2026 #WambuligaHomestay #Wakatobi #ExploreWakatobi #Hospitality",Image,2026-05-19 12:49:20+00:00,3.0,0,0.0,,fpw_sombu_wakatobi,2026-06-03,Apify Instagram Scraper,3.0,2026-05-19
Wakatobi,#explorewakatobi,https://www.instagram.com/p/DPGivsdksOn/,DPGivsdksOn,"🌍✨ Happy World Tourism Day! ✨🌍
Today we celebrate the beauty of travel, culture, and connection.
From the crystal-clear waters to the vibrant traditions, Wakatobi is more than just a destination—it’s an experience of a lifetime. 💙

Let’s keep exploring responsibly and support local communities.
Join us at Wakatobi Local Trip and discover the true magic of paradise. 🏝️🌊

#WorldTourismDay #WakatobiLocalTrip #ExploreWakatobi #SustainableTourism",Image,2025-09-27 10:24:39+00:00,3.0,0,0.0,,wakatobilocaltrip,2026-06-03,Apify Instagram Scraper,3.0,2025-09-27
Wakatobi,#wakatobi,https://www.instagram.com/p/DZHFBh5Em_Y/,DZHFBh5Em_Y,"12 Tahun Lalu, Sudah ada Kamera Video Padahal e 😁🫠 #hospitality #tourism #wakatobi",Image,2026-06-03 04:38:09+00:00,2.0,0,0.0,Hotel Wisata Beach - Wangiwangi-Wakatobi,maimo_kua_wakatobi,2026-06-03,Apify Instagram Scraper,2.0,2026-06-03
Wakatobi,#wakatobitourism,https://www.instagram.com/p/DMtteRXxjY5/,DMtteRXxjY5,"Thank you #hailaiwakatobi 🥰, Keep doing your best for #wakatobitourism  future. #umkmwakatobi #oleholehwakatobi #anemowakatobi",Sidecar,2025-07-30 01:54:36+00:00,2.0,0,0.0,,wakatobisouvenir,2026-06-03,Apify Instagram Scraper,2.0,2025-07-30
Wakatobi,#wakatobitourism,https://www.instagram.com/p/DMbzWKsSteG/,DMbzWKsSteG,"Draft to Vision - Syabab Archi Signature | Wakatobi Edition. 

------------------------------------------
#SyababArchi #WakatobiArchiDesign
#wakatobiisland #wakatobinasionalpark #wakatobiwonderful #wakatobitourism 
#designarchitecture #3dmodelingarchitecture",Sidecar,2025-07-23 02:59:35+00:00,1.0,1,0.0,,syabab.archi,2026-06-03,Apify Instagram Scraper,2.0,2025-07-23
Wakatobi,#wisatawakatobi,https://www.instagram.com/p/DUKDhQGiflG/,DUKDhQGiflG,Senyuman Hangat #wisatawakatobi #BajoWakatobi #wakatobi,Image,2026-01-31 01:45:45+00:00,2.0,0,0.0,Wakatobi Island,maimo_kua_wakatobi,2026-06-03,Apify Instagram Scraper,2.0,2026-01-31
Wakatobi,#explorewakatobi,https://www.instagram.com/p/DPqZgEdkpCY/,DPqZgEdkpCY,"✨Wakatobi, Sulawesi Tenggara 🇮🇩✨

Kalau laut punya versi “surga”, namanya pasti Wakatobi 🌊✨
Air sebening kaca, karang warna-warni, dan budaya laut yang hidup harmonis.
📍Masukin ke wishlist kamu sekarang!
👇 Tulis di kolom komentar: kamu tim “nyelam” atau “rebahan di pantai”?
#ExploreWakatobi

Yuk Buruan Jadwalin Liburan Menarik Mu : 
Whatsapp : 0823 2428  4422 / +65 9107 2534
Lokasi : Jl. Kebun Bunga KM. 9 (dekat masjid Baitul Muwafaqoh) Kelurahan Kebun Bunga Palembang

""Your Best Refreshing Deal Rate""

#summerpointtourandtravel #pttheurbancorp
#Wakatobi #ExploreIndonesia #WonderfulIndonesia #HiddenGemIndonesia #SulawesiTenggara #DivingIndonesia #SnorkelingTrip #UnderwaterParadise #TravelGoals #SukuBajo #shorotan #lewatberanda #storytime #storyig #story",Sidecar,2025-10-11 08:36:32+00:00,2.0,0,0.0,,summerpoint.tour,2026-06-03,Apify Instagram Scraper,2.0,2025-10-11
Wakatobi,#wakatobi,https://www.instagram.com/p/DZHAqTqkwNR/,DZHAqTqkwNR,"Assalamualaikum🥰
Masih tentang karia lemba di Liya
Bersama gadis² cantik, sepupunya suami🥰🥰
#foto #irt #karialemba #wakatobi",Image,2026-06-03 04:00:01+00:00,1.0,0,0.0,,mhuny_febrian,2026-06-03,Apify Instagram Scraper,1.0,2026-06-03
Wakatobi,#wakatobi,https://www.instagram.com/p/DZFmNLzlNes/,DZFmNLzlNes,"When I first arrived in Wanse, this place caught my attention. Sooo eye catching!! 🙌🙌🙌

● Souvenir store

#wanci #wakatobi #sultra",Sidecar,2026-06-02 14:49:36+00:00,-1.0,2,0.0,"Wanci, Wakatobi",ifalard_,2026-06-03,Apify Instagram Scraper,1.0,2026-06-02
Wakatobi,#wakatobi,https://www.instagram.com/p/DZCy-sWky4h/,DZCy-sWky4h,"Selamat malam.bestie🥰🥰
 with kesayangan 🥰🥰🥰🥰🥰 Ribby DuaEmpat ....🫰🏻🫰🏻❤❤

#idulAdha #lewatberanda #alun2merdeka #wakatobi",Image,2026-06-01 12:43:30+00:00,1.0,0,0.0,,iitarsita,2026-06-03,Apify Instagram Scraper,1.0,2026-06-01
Wakatobi,#wakatobitourism,https://www.instagram.com/p/CoXjCRChhvl/,CoXjCRChhvl,"Jam Tangan Balmer B-5131LF SS-1

Price : IDR. 1.310.000,-
Harga belum termasuk discount

Original
Garansi Resmi 1 Tahun

Question and Order ( Fast Respond )
Line : mirakristanti
WA : 08 777 125 7090

Reseller and Dropshipper Welcome

Thank you and Happy Shopping

Jesus Bless You 

#jesus #balmer #balmerwatch #balmeroriginal #balmerindonesia #balmerwatch #balmerwatchoriginal #balmerwatches #jualbalmer #jualjambalmer #jualbalmeroriginal #jualjambalmerori #indonesia #followme #watches #watch #onlineshopping #wakatobikeren #wakatobipeople #wakatobitourism #wakatobihits #wakatobiindah #wakatobidiveadventure",Image,2023-02-07 16:29:55+00:00,1.0,0,0.0,,lagracewatches,2026-06-03,Apify Instagram Scraper,1.0,2023-02-07
Wakatobi,#wisatawakatobi,https://www.instagram.com/p/DYlRTZ1Ca4S/,DYlRTZ1Ca4S,"Biar  tampilanmu  lebih kece
Tunggu apa lagi , langsung di order aja  kk
#jangkauanluas #wisataliyatogo #pesonaindonesia #photographer #wonderfulindonesia #wisatawakatobi",Image,2026-05-21 01:31:15+00:00,1.0,0,0.0,,odhehandycraft,2026-06-03,Apify Instagram Scraper,1.0,2026-05-21
Wakatobi,#explorewakatobi,https://www.instagram.com/p/DYx84EKkx8c/,DYx84EKkx8c,"Pagi hari di Wambuliga Homestay adalah tentang ketenangan. Udara terasa begitu bersih dan sejuk, sementara cahaya matahari lembut menyelinap di antara rimbunnya pepohonan dan bunga bunga hijau yang asri di halaman.

​Sambil menikmati kopi hangat di teras, perlengkapan snorkeling mulai disiapkan dengan penuh antusias. Keramahan lokal yang hangat turut mengiringi persiapan ini, memberikan petunjuk titik terumbu karang terindah yang siap dijelajahi. Awal hari yang sempurna sebelum menceburkan diri ke dalam jernihnya laut Wakatobi.

​#WambuligaHomestay #Wakatobi #ExploreWakatobi #WonderfulIndonesia #SnorkelingWakatobi TravelGram PesonaIndonesia IslandLife",Sidecar,2026-05-25 23:42:53+00:00,1.0,0,0.0,,fpw_sombu_wakatobi,2026-06-03,Apify Instagram Scraper,1.0,2026-05-25
Wakatobi,#explorewakatobi,https://www.instagram.com/p/DUuc8mkCVJl/,DUuc8mkCVJl,"Ayo dong dipakai cutinya, yakali...

#jejaklangkahadventour #ExploreIjen #ExploreTumpakSewu #ExploreLabuanBajo #explorewakatobi #exploreindonesia",Image,2026-02-14 05:00:05+00:00,1.0,0,0.0,Jejaklangkah adventour,jejaklangkahadventour,2026-06-03,Apify Instagram Scraper,1.0,2026-02-14
Wakatobi,#explorewakatobi,https://www.instagram.com/p/DO7G79LE7_J/,DO7G79LE7_J,"Pagi bukan sekedar cinta yang terburu-buru, tapi pagi adalah cinta baru yang mungkin saja benar.. 

Sunrise Pantai Mongingi, Wawotimu, Tomia, Wakatobi 🌅 
Photo : @muhammadfaris.oi 

#streetphotography #sunrise_sunsets_aroundworld #followme #explorepulautomia__ #explorewakatobi #exploretomia #exploreindonesia #pesonaindonesia",Image,2025-09-22 23:50:01+00:00,-1.0,2,0.0,Pantai Mongingi Desa Wawotimu,explorepulautomia__,2026-06-03,Apify Instagram Scraper,1.0,2025-09-22
Wakatobi,#wakatobi,https://www.instagram.com/p/DZHPDwqk4Wl/,DZHPDwqk4Wl,"Undanhan makan siang di acaranya ANy Masriani  with crew puskesmas Wangi2 Selatan...lancar smpai hari H.....
MasyaAllah 🥰🥰🥰💛💛💛💛🙏🏻🙏🏻🙏🏻🔥🔥

#fyp #jangkauanluas #acara #wakatobi",Sidecar,2026-06-03 06:05:49+00:00,0.0,0,0.0,,iitarsita,2026-06-03,Apify Instagram Scraper,0.0,2026-06-03
Wakatobi,#wakatobi,https://www.instagram.com/p/DZGvGTZmAea/,DZGvGTZmAea,"MV Batam Line 2 meluncur menuju Lasalimu Pantai. 
#KapalLaut
#Wakatobi
#Wanci
#Buton",Image,2026-06-03 01:26:33+00:00,0.0,0,0.0,"Wanci, Sulawesi Tenggara, Indonesia",sufrin_lamanisi,2026-06-03,Apify Instagram Scraper,0.0,2026-06-03
Wakatobi,#wakatobi,https://www.instagram.com/p/DZGphm-GA6N/,DZGphm-GA6N,"Sebentar malam menuju Kendari 
#KapalLaut
#Wakatobi
#Wanci",Image,2026-06-03 00:37:51+00:00,0.0,0,0.0,"Wanci, Sulawesi Tenggara, Indonesia",sufrin_lamanisi,2026-06-03,Apify Instagram Scraper,0.0,2026-06-03
Wakatobi,#wakatobi,https://www.instagram.com/p/DZFVPiwGDUX/,DZFVPiwGDUX,"Bersama ibu-ibu guru hebat dalam perjalanan ke kapota. Semoga ibu-ibu guru selalu diberikan kesehatan dan kekuatan untuk selalu mampu menjalani pengabdiannya
#GuruPesisir
#PulauKapota
#Wakatobi",Image,2026-06-02 12:21:23+00:00,0.0,0,0.0,Kapota Island_Wakatobi,sufrin_lamanisi,2026-06-03,Apify Instagram Scraper,0.0,2026-06-02
Wakatobi,#wakatobi,https://www.instagram.com/p/DZE8brIk-r0/,DZE8brIk-r0,"Bersama mereka guru-guru hebat yang saban hari menyebrang ke pulau untuk jalankan tugas
#GuruPesisir
#PulauKapota
#Wakatobi",Image,2026-06-02 08:44:35+00:00,0.0,0,0.0,Kapota Island_Wakatobi,sufrin_lamanisi,2026-06-03,Apify Instagram Scraper,0.0,2026-06-02
Wakatobi,#wakatobi,https://www.instagram.com/p/DZEv5D2k36t/,DZEv5D2k36t,"Semoga doa dan harapan dari teman-teman semua diijabah oleh Allah SWT. Doa terbaik saya untuk teman-teman semua
#GuruPesisir
#PulauKapota
#Wakatobi",Image,2026-06-02 06:55:00+00:00,0.0,0,0.0,SMAN 3 WANGI-WANGI,sufrin_lamanisi,2026-06-03,Apify Instagram Scraper,0.0,2026-06-02
Wakatobi,#wakatobi,https://www.instagram.com/p/DZEb3HJk7X7/,DZEb3HJk7X7,"KM Simba 1 dalam mode siap berlayar, saat arus balik idul adha. 
#KapalLaut
#Wakatobi
#Wanci
#Kendari",Image,2026-06-02 03:59:59+00:00,0.0,0,0.0,"Wanci, Sulawesi Tenggara, Indonesia",sufrin_lamanisi,2026-06-03,Apify Instagram Scraper,0.0,2026-06-02
Wakatobi,#wakatobi,https://www.instagram.com/p/DZEZHxgmYo6/,DZEZHxgmYo6,"Cuci darah adalah proses membersihkan darah dari zat-zat sisa, racun, dan kelebihan cairan ketika ginjal sudah tidak mampu bekerja dengan baik.

Normalnya, ginjal berfungsi seperti ""penyaring"" tubuh yang membersihkan darah setiap hari. Namun jika ginjal mengalami kerusakan berat, kotoran dan cairan akan menumpuk di dalam tubuh. Untuk membantu menggantikan fungsi ginjal tersebut, dilakukan cuci darah menggunakan mesin khusus yang menyaring darah sebelum dikembalikan lagi ke tubuh.

Contoh sederhana:
Bayangkan ginjal seperti filter air. Jika filter rusak dan tidak bisa menyaring kotoran, maka air menjadi kotor. Cuci darah berfungsi seperti alat penyaring sementara yang membantu membersihkan ""air"" (darah) agar tubuh tetap bisa bekerja dengan baik.

💡 Cuci darah bukan untuk menyembuhkan ginjal yang rusak, tetapi membantu tubuh tetap sehat dan berfungsi dengan baik.

Jaga kesehatan ginjal mulai dari sekarang dengan pola makan sehat, cukup minum air putih, rutin berolahraga, dan mengontrol tekanan darah serta gula darah.

#CuciDarah #Hemodialisis #KesehatanGinjal #EdukasiKesehatan #GagalGinjal #InfoKesehatan #SehatItuMahal #JagaGinjal #TipsKesehatan #HidupSehat #DokterIndonesia #KesehatanMasyarakat #EdukasiMedis #SehatBersama #IndonesiaSehat #SulawesiTenggara #Kendari #Kolaka #Baubau #Wakatobi #Muna #Buton #KesehatanUntukSemua #BelajarKesehatan #InfoMedis #PenyakitGinjal #CegahLebihBaik #SehatSetiapHari #KontrolKesehatan #afcindonesia",Image,2026-06-02 03:36:01+00:00,0.0,0,0.0,Indonesia,pusat.afc.kendari,2026-06-03,Apify Instagram Scraper,0.0,2026-06-02
Wakatobi,#wakatobi,https://www.instagram.com/p/DZEEq0Hl4hm/,DZEEq0Hl4hm,"Jakarta - Makassar - Wakatobi aja kudu transit, pantesan pas mau dapetin kamu minimal dapet capeknya dulu baru dapet cintanya. Gak ada yang instan kecuali mie instan, itu pun airnya kudu direbus dulu. 💀😂
#AMR #travel #garut #bandung #jajarta #makasar #wakatobi #indonesia",Image,2026-06-02 00:37:19+00:00,0.0,0,0.0,,ahmadmuhamadrusdi,2026-06-03,Apify Instagram Scraper,0.0,2026-06-02
Wakatobi,#wakatobi,https://www.instagram.com/p/DZEB6_BGIQe/,DZEB6_BGIQe,"Penumpang dan pengantar masih banyak di pelabuhan
#KapalLaut
#Wakatobi
#Wanci
#Kendari",Image,2026-06-02 00:13:19+00:00,0.0,0,0.0,"Wanci, Sulawesi Tenggara, Indonesia",sufrin_lamanisi,2026-06-03,Apify Instagram Scraper,0.0,2026-06-02
Wakatobi,#wakatobi,https://www.instagram.com/p/DZD6zMBmKoy/,DZD6zMBmKoy,"Selamat pagi, semangat berkarya dan berkreasi sahabat semua
#GuruPesisir
#PulauKapota
#Wakatobi",Image,2026-06-01 23:11:05+00:00,0.0,0,0.0,Kapota Island_Wakatobi,sufrin_lamanisi,2026-06-03,Apify Instagram Scraper,0.0,2026-06-01
Wakatobi,#wakatobi,https://www.instagram.com/p/DZC3J6_mD6B/,DZC3J6_mD6B,"Kalambe Mandati Part 5❤️😍🙏
Masyaallah semuaya cantik❤️🙏😍💪
Info foto chat Me❤️🙏😍
#foto #fyp #wakatobi #kabuenga #adat",Sidecar,2026-06-01 13:19:59+00:00,0.0,0,0.0,,ribbyduaempat,2026-06-03,Apify Instagram Scraper,0.0,2026-06-01
Wakatobi,#wakatobi,https://www.instagram.com/p/DZCvdPKE-hi/,DZCvdPKE-hi,"Kapal KM Simba di dek atas, sangat ramai malam kemarin
#KapalLaut
#Wakatobi
#Wanci",Image,2026-06-01 12:12:44+00:00,0.0,0,0.0,"Wanci, Sulawesi Tenggara, Indonesia",sufrin_lamanisi,2026-06-03,Apify Instagram Scraper,0.0,2026-06-01
Wakatobi,#wakatobitourism,https://www.instagram.com/p/DYi73rDBSqF/,DYi73rDBSqF,"Alhamdulillah, We’re a Winner! 🏆💙

​Terima kasih banyak atas kepercayaan dan ulasan luar biasa dari seluruh tamu Wambuliga Homestay di Booking.com. Penghargaan Traveller Review Award 2026 ini menjadi suntikan semangat bagi kami untuk terus memberikan pelayanan terbaik dan menjaga kelestarian lingkungan serta kenyamanan Anda selama di Wakatobi.

​Sampai jumpa di kunjungan berikutnya! 🌊🏡

​#BookingCom #TravellerAwards2026 #WakatobiTourism #WambuligaHomeStay #fpwsombu",Image,2026-05-20 03:45:33+00:00,0.0,0,0.0,,fpw_sombu_wakatobi,2026-06-03,Apify Instagram Scraper,0.0,2026-05-20
Wakatobi,#wakatobitourism,https://www.instagram.com/p/C86hrjdgxze/,C86hrjdgxze,"Perjalanan menuju Tomia kampung halaman
#vod
#pesonaalam
#wakatobitourism
#fbpro",Video,2024-07-02 08:59:25+00:00,0.0,0,0.0,,sufrin_lamanisi,2026-06-03,Apify Instagram Scraper,0.0,2024-07-02
Wakatobi,#wakatobitourism,https://www.instagram.com/p/C1A8drkPXsQ/,C1A8drkPXsQ,"READY STOK
KAOS WAKATOBI 
~ 
Material 👕
✔️ Bahan 100% combed  24s tebel dan halus 
✔️ Sablonan rubber (finishing hot press)
Size M L XL XXL
Panjang / XXL up 10rb .
.
.
.
#shelter18_  #ndablegscreenprinting #ndablegcustom #ndablegadventure  #ndablegcstm
#Sablonkaossatuan #kaospendaki #kaosgunung #pendakigunungindonesia #kaosoutdoor #mountainiscalling #wakatobi #explorewakatobi #wakatobiisland #wakatobidivetrip #wakatobimasakini #wakatobinationalpark #wakatobitrip #wakatobikeren #wakatobitourism #kaoswakatobi #wakatobiindah #wakatobidiveresort",Sidecar,2023-12-19 00:37:42+00:00,0.0,0,0.0,"Jakarta, Indonesia",shelter18_,2026-06-03,Apify Instagram Scraper,0.0,2023-12-19
Wakatobi,#wakatobitourism,https://www.instagram.com/p/CxX1djnhm7K/,CxX1djnhm7K,"Wahhh. Udah 7 tahun nih ""Kombasu Urban Art"" di Kendari. Serunya lagi event ini tahun ke 20 Wakatobi... 

Coming Soon...

#wakatobi #wakatobiisland #wakatobimasakini #wakatobiframe #wakatobikeren #wakatobitourism #wakatobihits #kendariinfo #kendarihits #sultrahits #sultrakekinian",Image,2023-09-19 11:53:28+00:00,0.0,0,0.0,,kombasu_community,2026-06-03,Apify Instagram Scraper,0.0,2023-09-19
Wakatobi,#wisatawakatobi,https://www.instagram.com/p/DYdlBHvCbqz/,DYdlBHvCbqz,"Pengen tut bag yg gambar lucu
Tunggu apa lagi langsung order aja
#wisataliyatogo 
#wisata #wisatawakatobi #photographer #pesonaindonesia",Image,2026-05-18 01:49:36+00:00,0.0,0,0.0,,odhehandycraft,2026-06-03,Apify Instagram Scraper,0.0,2026-05-18
Wakatobi,#wisatawakatobi,https://www.instagram.com/p/DTa7LVxAcUq/,DTa7LVxAcUq,"Alhamdulillah album Lama selalu di respon oleh suhu 🥰
#albumlama #galeri #tempatwisata #wisatawakatobi #jangkauanluasfbpro",Image,2026-01-12 18:28:33+00:00,0.0,0,0.0,Permandian Kontamale,amerbengkel00,2026-06-03,Apify Instagram Scraper,0.0,2026-01-12
Wakatobi,#wisatawakatobi,https://www.instagram.com/p/DTHgqOaEzIb/,DTHgqOaEzIb,"Kegiatan rutin tiap bulan
Mashaalloh, semoga kita selalu kompak yaa😍
Agenda bulan depan bisa dong ganti tempat lagi😅

#dwpbandaramatahora
#matahoraairport
#wakatobi
#wisatawakatobi",Sidecar,2026-01-05 05:31:15+00:00,0.0,0,0.0,,waodemutmalramli,2026-06-03,Apify Instagram Scraper,0.0,2026-01-05
Wakatobi,#wisatawakatobi,https://www.instagram.com/p/DSrCvjrD_Xj/,DSrCvjrD_Xj,"Liburan telah tiba...
Ayo tuggu apa lagi,nikmati liburan serumu di desa wisata liya togo
#wisataliyatogo #wisatasejarah
#wisatawakatobi #wisataindonesia #wisatabudaya #wonderfulindonesia #wisata #wonderfulworld #wisatakuliner #wakatobi",Image,2025-12-25 04:11:06+00:00,0.0,0,0.0,,odhehandycraft,2026-06-03,Apify Instagram Scraper,0.0,2025-12-25
Wakatobi,#explorewakatobi,https://www.instagram.com/p/DYlTjltzVRz/,DYlTjltzVRz,"Senyum mereka adalah hadiah terbaik, ulasan mereka adalah buktinya! ✨

​Kehangatan, canda tawa, dan cerita yang dibagikan oleh setiap tamu di meja makan inilah yang membuat kami di Wambuliga Homestay terus bersemangat memberikan yang terbaik.

​Komentar positif dan dukungan luar biasa dari para tamu di Booking.com telah mengantarkan kami meraih Traveller Review Awards 2026 dengan nilai 9.2/10! 🏆

​Penghargaan ini adalah bukti dedikasi kami untuk memperkenalkan keramahan budaya Wakatobi kepada dunia. Terima kasih telah menjadi bagian dari keluarga besar kami. Kami tidak sabar untuk menyambut Anda kembali menikmati indahnya surga bawah laut dan hangatnya kebersamaan di sini! ❤️🏡 choice

​#WambuligaHomestay #Wakatobi #Bookingcom #TravellerReviewAwards2026 #ExploreWakatobi WonderfulIndonesia PesonaIndonesia HomestayWakatobi",Image,2026-05-21 01:50:59+00:00,0.0,0,0.0,,fpw_sombu_wakatobi,2026-06-03,Apify Instagram Scraper,0.0,2026-05-21
Wakatobi,#explorewakatobi,https://www.instagram.com/p/DXmjTXYDxwY/,DXmjTXYDxwY,"Sebagai seorang pengelana samudra, aku telah melihat banyak keindahan, namun terumbu karang Wakatobi memiliki keajaiban yang tiada tara. Menjaga kelestarian laut adalah tugas kita semua. Mari kita jaga harta karun biru Indonesia ini. 🌊🔱

#Jinbei #OnePiece #Wakatobi #SoutheastSulawesi #WonderfulIndonesia #KnightOfTheSea #UnderwaterParadise #NakamaIndonesia #ExploreWakatobi",Image,2026-04-26 16:56:23+00:00,0.0,0,0.0,,gemanusantaraop,2026-06-03,Apify Instagram Scraper,0.0,2026-04-26
Wakatobi,#explorewakatobi,https://www.instagram.com/p/DWTxO3fkYO_/,DWTxO3fkYO_,"Jalan² di Wangi² 🥰🤩😍

#sikaka 
#explorewakatobi",Sidecar,2026-03-25 13:21:08+00:00,0.0,0,0.0,Marina Wakatobi Togo Mowondu,syiska89,2026-06-03,Apify Instagram Scraper,0.0,2026-03-25
Wakatobi,#wakatobi,https://www.instagram.com/p/DZFR8gwkwWy/,DZFR8gwkwWy,"Laut kita sedang tidak baik-baik saja dan dibutuhkan tangan-tangan kita untuk melindunginya🤝🌊

Untuk itulah, UNESCO menghadirkan inisiatif Sustaining Our Oceans di wilayah Asia Tenggara. Membuktikan bahwa perubahan itu dimulai dari ruang kelas, dari pinggir pantai, dari tangan anak-anak muda yang memutuskan untuk tidak tinggal diam. 

Yuk, kenalan lebih dalam tentang proyek SOO ➡️➡️➡️

#inidiplomasi #IndonesiaUNESCO #UNESCOParis #wakatobi #SustainingOurOceans",Sidecar,2026-06-02 11:52:34+00:00,-1.0,0,0.0,,indonesia_unesco,2026-06-03,Apify Instagram Scraper,-1.0,2026-06-02
Wakatobi,#wakatobidiving,https://www.instagram.com/p/DKpj1RFt-Zx/,DKpj1RFt-Zx,". . . 
Arc-Eyed Hawkfish has always a seat with a view: Hawkfish swim rarely, and then only for very short distances. They are ground-based and have no swim bladder. Most of the time they perch on a preferred vantage point, resting on their powerful pectoral fins. Like this Beauty which was photographed at the housereef of Wakatobi Resort in Bali.  Read more about this famous housereef in the current issue Silent World Yearbook 2025.

 🌏HAPPY WORLD OCEAN DAY 2025🌏

📸 by: @liquidskies_photo / Marek Machinia 

Follow us at @silentworld.magazine

@wakatobi_resort @paditv @outline_graphix @s.wag.pix @ocean.global @padiaware @liquidskies_photo @stearns321 @og13.official 

#oceansnation #ocean #worldoceansday #wakatobidiveresort #wakatobidiving #coraltriangle #coralreef #scubadiving #padiaware #uwphoto #paditv #uwphotography #uwpics #underwaterphotography #scubalove #dive #diveindonesia #underwaterimages #padi #silentworld #oceanglobal #silentworldmagazine #saveouroceans #noplastic #underwatershots #intotheblue #coralreef #diving #reeflife",Sidecar,2025-06-08 18:10:36+00:00,-1.0,0,0.0,Wakatobi National Park,silentworld.magazine,2026-06-03,Apify Instagram Scraper,-1.0,2025-06-08
Wakatobi,#explorewakatobi,https://www.instagram.com/p/DPSBRxNkzJQ/,DPSBRxNkzJQ,"Menjadi Anak Wakatobi untuk 2 tahun 😀 

📍Pantai Kampa, Tomia, Wakatobi 

#explorepulautomia__ #exploreindonesia #explorewakatobi",Sidecar,2025-10-01 21:23:06+00:00,-1.0,0,0.0,Kampa Tour,explorepulautomia__,2026-06-03,Apify Instagram Scraper,-1.0,2025-10-01
Wakatobi,#explorewakatobi,https://www.instagram.com/p/DPLXzcoicrZ/,DPLXzcoicrZ,"Pantai Lakota dan sekitarnya 📸

#explorepulautomia__ #exploreindonesia #explorewakatobi",Image,2025-09-29 07:25:15+00:00,-1.0,0,0.0,Lakota Beach Tomia Island,explorepulautomia__,2026-06-03,Apify Instagram Scraper,-1.0,2025-09-29
