destination,place_name,category,address,rating,review_count,price_range,url,latitude,longitude
tempat makan dekat Mandalika,Mandalika Beach Club,Klub pantai,"
Kuta, Kec. Pujut, Kabupaten Lombok Tengah, Nusa Tenggara Bar. 83573","4,1",554,,"https://www.google.com/maps/place/Mandalika+Beach+Club/@-8.8962364,116.2910989,17z/data=!3m1!4b1!4m6!3m5!1s0x2dcd077df5217641:0xad6a71e588e3759b!8m2!3d-8.8962364!4d116.2910989!16s%2Fg%2F11fn22z73h?authuser=0&hl=id&entry=ttu&g_ep=EgoyMDI2MDYwMS4wIKXMDSoASAFQAw%3D%3D",-8.8962364,116.2910989
tempat makan dekat Mandalika,Warung Flora,Restoran Indonesia,"
Jl. Raya Kuta Lombok, lombok, Kuta, Kabupaten Lombok Tengah, Nusa Tenggara Bar. 83573","4,4",781,Rp 50–75 rb,"https://www.google.com/maps/place/Warung+Flora/@-8.886434,116.2756047,17z/data=!3m1!4b1!4m6!3m5!1s0x2dcda9d389faf389:0x2dcfca14da25a783!8m2!3d-8.886434!4d116.2756047!16s%2Fg%2F11bwl36qhq?authuser=0&hl=id&entry=ttu&g_ep=EgoyMDI2MDYwMS4wIKXMDSoASAFQAw%3D%3D",-8.886434,116.2756047
tempat makan dekat Mandalika,Cheap Zone warung seafood & cocktails.,Restoran Seafood,"
Jalan Pariwisata Pantai Kuta - Mandalika, Kuta, Kec. Pujut, Kabupaten Lombok Tengah, Nusa Tenggara Bar. 83573","4,3",222,Rp 25–150 rb,https://www.google.com/maps/place/Cheap+Zone+warung+seafood+%26+cocktails./data=!4m7!3m6!1s0x2dcda9d3c30e5f0d:0x135d97451f7682d9!8m2!3d-8.8889996!4d116.2824971!16s%2Fg%2F11f03wgvpg!19sChIJDV8Ow9OpzS0R2YJ2H0WXXRM?authuser=0&hl=id&rclk=1,-8.8889996,116.2824971
tempat makan dekat Mandalika,Restoran Aer,Restoran,"
ITDC Mandalika Tourism Complex, Kuta, Kec. Pujut, Kuta, Mandalika, Kabupaten Lombok Tengah, Nusa Tenggara Bar. 83573","4,7",64,,https://www.google.com/maps/place/Restoran+Aer/data=!4m7!3m6!1s0x2dcd070a19b14c57:0x2b4ec79576edf5d8!8m2!3d-8.901154!4d116.2956587!16s%2Fg%2F11t3gnbc_6!19sChIJV0yxGQoHzS0R2PXtdpXHTis?authuser=0&hl=id&rclk=1,-8.901154,116.2956587
tempat makan dekat Mandalika,El Bazar Cafe & Restaurant,Restoran,"
Jl. Raya Kuta No.5, Kuta, Kec. Pujut, Kabupaten Lombok Tengah, Nusa Tenggara Bar. 83573","4,7",3149,Rp 250.000+,https://www.google.com/maps/place/El+Bazar+Cafe+%26+Restaurant/data=!4m7!3m6!1s0x2dcda82ca64e2a6d:0x2f578734cbf46f98!8m2!3d-8.8907153!4d116.2768532!16s%2Fg%2F11b6sy68c1!19sChIJbSpOpiyozS0RmG_0yzSHVy8?authuser=0&hl=id&rclk=1,-8.8907153,116.2768532
tempat makan dekat Mandalika,The Hut Restaurant Kuta,Restoran,"
Jl. Raya Kuta No.5, Kuta, Kec. Pujut, Kabupaten Lombok Tengah, Nusa Tenggara Bar. 83573","4,7",829,Rp 75–125 rb,https://www.google.com/maps/place/The+Hut+Restaurant+Kuta/data=!4m7!3m6!1s0x2dcda9cedde47aff:0xeec5828ec50656d5!8m2!3d-8.8899275!4d116.2765952!16s%2Fg%2F11fnx65qtp!19sChIJ_3rk3c6pzS0R1VYGxY6Cxe4?authuser=0&hl=id&rclk=1,-8.8899275,116.2765952
tempat makan dekat Mandalika,Gulas Lounge,Restoran Seafood,"
Kuta, Kec. Pujut, Kabupaten Lombok Tengah, Nusa Tenggara Bar. 83573","4,7",571,Rp 25–50 rb,https://www.google.com/maps/place/Gulas+Lounge/data=!4m7!3m6!1s0x2dcda9d37ed746bd:0x19c764e67554622e!8m2!3d-8.8897042!4d116.2819023!16s%2Fg%2F11c3k2_d4c!19sChIJvUbXftOpzS0RLmJUdeZkxxk?authuser=0&hl=id&rclk=1,-8.8897042,116.2819023
tempat makan dekat Mandalika,Rumah Makan Khas Lombok Tanjung Karang,Restoran Indonesia,"
Jl. Arya Banjar Getas No. 88X Ampenan, Sekarbela, Tj. Karang, Kec. Mataram, Kota Mataram, Nusa Tenggara Bar. 83115","4,7",1628,Rp 25–50 rb,https://www.google.com/maps/place/Rumah+Makan+Khas+Lombok+Tanjung+Karang/data=!4m7!3m6!1s0x2dcdc078125b46af:0xd804f16e3eb35e19!8m2!3d-8.5966838!4d116.0759605!16s%2Fg%2F1pzvmr660!19sChIJr0ZbEnjAzS0RGV6zPm7xBNg?authuser=0&hl=id&rclk=1,-8.5966838,116.0759605
tempat makan dekat Mandalika,KRNK Bar & Restaurant,Restoran,"
Lombok, Next To El Bazar, Jl. Raya Kuta No. 5a Kuta, Kuta Lombok, Pujut, Central Lombok Regency, West Nusa Tenggara 83573","4,7",3600,Rp 100–225 rb,https://www.google.com/maps/place/KRNK+Bar+%26+Restaurant/data=!4m7!3m6!1s0x2dcda82ca89392c3:0xcbff982ff1a77184!8m2!3d-8.8906827!4d116.2770071!16s%2Fg%2F11c47_m9jw!19sChIJw5KTqCyozS0RhHGn8S-Y_8s?authuser=0&hl=id&rclk=1,-8.8906827,116.2770071
tempat makan dekat Mandalika,SeaSalt,Restoran Seafood,"
Jalan Raya Pantai, Kuta, Pujut, Central Lombok Regency, West Nusa Tenggara","4,7",700,Rp 100–225 rb,https://www.google.com/maps/place/SeaSalt/data=!4m7!3m6!1s0x2dcda9d4561a8f53:0x3d150bd20f302a7e!8m2!3d-8.8926516!4d116.2808186!16s%2Fg%2F11f01pp_mg!19sChIJU48aVtSpzS0RfiowD9ILFT0?authuser=0&hl=id&rclk=1,-8.8926516,116.2808186
tempat makan dekat Mandalika,Ayam Bakar Primarasa,Restoran Indonesia,"
Jl. Ahmad Yani No.166, Gayungan, Kec. Gayungan, Surabaya, Jawa Timur 60235","4,4",9987,Rp 25–75 rb,https://www.google.com/maps/place/Ayam+Bakar+Primarasa/data=!4m7!3m6!1s0x2dd7fb424d89ca41:0x59c31a204e07b94c!8m2!3d-7.3301425!4d112.730468!16s%2Fg%2F1hm3hdflx!19sChIJQcqJTUL71y0RTLkHTiAaw1k?authuser=0&hl=id&rclk=1,-7.3301425,112.730468
tempat makan dekat Mandalika,Knalpot Restaurant & Bar,Restoran,"
Jl. Raya Kuta No.5, Kuta, Kec. Pujut, Kabupaten Lombok Tengah, Nusa Tenggara Bar. 83573","4,6",897,,https://www.google.com/maps/place/Knalpot+Restaurant+%26+Bar/data=!4m7!3m6!1s0x2dcda91b34db4af3:0x810a3191e5364bf1!8m2!3d-8.8898432!4d116.2768277!16s%2Fg%2F11glyc5jcj!19sChIJ80rbNBupzS0R8Us25ZExCoE?authuser=0&hl=id&rclk=1,-8.8898432,116.2768277
tempat makan dekat Mandalika,Waroeng Murah Meriah (mama rico),Restoran Indonesia,"
474M+GF3, Kuta, Kec. Pujut, Kabupaten Lombok Tengah, Nusa Tenggara Bar. 83573","4,0",25,,https://www.google.com/maps/place/Waroeng+Murah+Meriah+%28mama+rico%29/data=!4m7!3m6!1s0x2dcda9d67616c91d:0x48b35181a54e56f8!8m2!3d-8.893662!4d116.283656!16s%2Fg%2F11c52bpbv3!19sChIJHckWdtapzS0R-FZOpYFRs0g?authuser=0&hl=id&rclk=1,-8.893662,116.283656
tempat makan dekat Labuan Bajo,Warung A'A,Kedai Sarapan & Makan Siang,"
Jl. Alo Tanis Jl. Bandara, Labuan Bajo, Kec. Komodo, Kabupaten Manggarai Barat, Nusa Tenggara Tim. 86763","4,7",31,Rp 25–50 rb,https://www.google.com/maps/place/Warung+A%27A/data=!4m7!3m6!1s0x2db46537bba6c9bb:0x76c428d04f58bf2f!8m2!3d-8.4893122!4d119.8846867!16s%2Fg%2F11pd0tx4gy!19sChIJu8mmuzdltC0RL79YT9AoxHY?authuser=0&hl=id&rclk=1,-8.4893122,119.8846867
tempat makan dekat Labuan Bajo,Warung Makan Pak Puji II,Restoran Indonesia,"
Jl. Soekarno Hatta, Labuan Bajo, Kec. Komodo, Kabupaten Manggarai Barat, Nusa Tenggara Tim.","4,7",76,Rp 25–50 rb,https://www.google.com/maps/place/Warung+Makan+Pak+Puji+II/data=!4m7!3m6!1s0x2db46759ed864c53:0x8e7bb210699b8c38!8m2!3d-8.4971118!4d119.8827029!16s%2Fg%2F11pd3q8ts0!19sChIJU0yG7VlntC0ROIybaRCye44?authuser=0&hl=id&rclk=1,-8.4971118,119.8827029
tempat makan dekat Labuan Bajo,Yoko Mane - Labuan Bajo,Toko Es Krim,"
GV6H+35 Batu Cermin, Gang Tuna Jl. Soekarno Hatta, Labuan Bajo, Kec. Komodo, Kabupaten Manggarai Barat, Nusa Tenggara Tim. 86763","5,0",25,,https://www.google.com/maps/place/Yoko+Mane+-+Labuan+Bajo/data=!4m7!3m6!1s0x2db4656e53b98d01:0xaaaafc47efc6cc9a!8m2!3d-8.4898125!4d119.8779375!16s%2Fg%2F11t9rql67v!19sChIJAY25U25ltC0RmszG70f8qqo?authuser=0&hl=id&rclk=1,-8.4898125,119.8779375
tempat makan dekat Labuan Bajo,Meruorah Komodo Labuan Bajo,,"
Kawasan Marina, Jl. Soekarno Hatta, Labuan Bajo, Kec. Komodo, Kabupaten Manggarai Barat, Nusa Tenggara Tim. 86711","4,5",1720,Rp 1.957.320,https://www.google.com/maps/place/Meruorah+Komodo+Labuan+Bajo/data=!4m10!3m9!1s0x2db467b71e7f4d61:0x3dd8b2ed1bc3e37a!5m2!4m1!1i2!8m2!3d-8.4902831!4d119.8755633!16s%2Fg%2F11f79l1_6b!19sChIJYU1_HrdntC0ReuPDG-2y2D0?authuser=0&hl=id&rclk=1,-8.4902831,119.8755633
tempat makan dekat Labuan Bajo,wisata kuliner pagi kampung ujung,Pasar,"
Jl. Soekarno Hatta No.89, Labuan Bajo, Kec. Komodo, Kabupaten Manggarai Barat, Nusa Tenggara Tim.","4,6",7,,https://www.google.com/maps/place/wisata+kuliner+pagi+kampung+ujung/data=!4m7!3m6!1s0x2db467fb8ae79431:0xd2a8d849f8d4fbb5!8m2!3d-8.4882852!4d119.8765853!16s%2Fg%2F11rx4lzpdb!19sChIJMZTnivtntC0RtfvU-EnYqNI?authuser=0&hl=id&rclk=1,-8.4882852,119.8765853
tempat makan dekat Labuan Bajo,Honzen Komodo,Restoran Jepang,"
AYANA Komodo Resort, Pantai Waecicu, Labuan Bajo, Kec. Komodo, Kabupaten Manggarai Barat, Nusa Tenggara Tim. 86554","4,6",466,Rp 250.000+,https://www.google.com/maps/place/Honzen+Komodo/data=!4m7!3m6!1s0x2db467441746814b:0x2f54f14ba27903d6!8m2!3d-8.4678817!4d119.8740227!16s%2Fg%2F11fd750krp!19sChIJS4FGF0RntC0R1gN5okvxVC8?authuser=0&hl=id&rclk=1,-8.4678817,119.8740227
tempat makan dekat Labuan Bajo,RaJawen Waroeng,Restoran Indonesia,"
GV5J+QQ4, Jl. Alo Tanis, Labuan Bajo, Kec. Komodo, Kabupaten Manggarai Barat, Nusa Tenggara Tim.","4,8",88,Rp 25–50 rb,https://www.google.com/maps/place/RaJawen+Waroeng/data=!4m7!3m6!1s0x2db4650067c11d97:0xabf198fd143dd995!8m2!3d-8.4906061!4d119.8819611!16s%2Fg%2F11xflw_fq_!19sChIJlx3BZwBltC0Rldk9FP2Y8as?authuser=0&hl=id&rclk=1,-8.4906061,119.8819611
tempat makan dekat Labuan Bajo,Three angels,Restoran,"
GV6G+HFC, Jl. Soekarno Hatta, Labuan Bajo, Kec. Komodo, Kabupaten Manggarai Barat, Nusa Tenggara Tim.","4,2",55,Rp 250.000+,https://www.google.com/maps/place/Three+angels/data=!4m7!3m6!1s0x2db467004a2e6cf7:0x192d9302d46dd522!8m2!3d-8.4885137!4d119.8761368!16s%2Fg%2F11wjlmn8fv!19sChIJ92wuSgBntC0RItVt1AKTLRk?authuser=0&hl=id&rclk=1,-8.4885137,119.8761368
tempat makan dekat Labuan Bajo,Taman Laut Handayani Seafood Restaurant Labuan Bajo,Restoran Seafood,"
Jl. Ande Bole No.9, Labuan Bajo, Kec. Komodo, Kabupaten Manggarai Barat, Nusa Tenggara Tim.","4,7",5561,Rp 75–225 rb,https://www.google.com/maps/place/Taman+Laut+Handayani+Seafood+Restaurant+Labuan+Bajo/data=!4m7!3m6!1s0x2db467ad8b44537f:0x3ab46d6120ae37b6!8m2!3d-8.4919536!4d119.8784425!16s%2Fg%2F11fs7v3z16!19sChIJf1NEi61ntC0RtjeuIGFttDo?authuser=0&hl=id&rclk=1,-8.4919536,119.8784425
tempat makan dekat Labuan Bajo,SATARA Seafood Labuan Bajo,Restoran Seafood,"
Gang Tuna Jl. Soekarno Hatta No.1, Labuan Bajo, Kec. Komodo, Kab. Manggarai bat, Nusa Tenggara Tim. 86754","4,0",1,,https://www.google.com/maps/place/SATARA+Seafood+Labuan+Bajo/data=!4m7!3m6!1s0x2db46776c8e00bad:0x953eb936f5b53d47!8m2!3d-8.4897228!4d119.8779893!16s%2Fg%2F11rp31cj0t!19sChIJrQvgyHZntC0RRz219Ta5PpU?authuser=0&hl=id&rclk=1,-8.4897228,119.8779893
tempat makan dekat Labuan Bajo,Labuan Bajo,,,,,,https://www.google.com/maps/place/Labuan+Bajo/data=!4m7!3m6!1s0x2db468a6d47ed641:0x87f524333c6a6e8d!8m2!3d-8.49246!4d119.8773097!16s%2Fm%2F09v4h8p!19sChIJQdZ-1KZotC0RjW5qPDMk9Yc?authuser=0&hl=id&rclk=1,-8.49246,119.8773097
tempat makan dekat Labuan Bajo,Le Prins Bajo Chinese Restaurant,Restoran China,"
Jl. Pantai Pede, Labuan Bajo, Kec. Komodo, Kabupaten Manggarai Barat, Nusa Tenggara Tim. 86711","4,9",52,Rp 100–225 rb,https://www.google.com/maps/place/Le+Prins+Bajo+Chinese+Restaurant/data=!4m7!3m6!1s0x2db46743ed8cddc3:0xfb03bf1fcf1dae55!8m2!3d-8.5033722!4d119.8808924!16s%2Fg%2F11yqk797gr!19sChIJw92M7UNntC0RVa4dzx-_A_s?authuser=0&hl=id&rclk=1,-8.5033722,119.8808924
tempat makan dekat Labuan Bajo,Sei Nusa Eatery Labuan Bajo,Restoran,"
Jl. Soekarno Hatta, Labuan Bajo, Kec. Komodo, Kabupaten Manggarai Barat, Nusa Tenggara Tim. 86754","4,7",140,Rp 50–75 rb,https://www.google.com/maps/place/Sei+Nusa+Eatery+Labuan+Bajo/data=!4m7!3m6!1s0x2db46502560670d3:0x88639b754ae2eaf!8m2!3d-8.4974311!4d119.8828853!16s%2Fg%2F11pqc139hv!19sChIJ03AGVgJltC0Rry6uVLc5hgg?authuser=0&hl=id&rclk=1,-8.4974311,119.8828853
tempat makan dekat Labuan Bajo,Burger Time,Restoran Hamburger,"
Jl. Soekarno Hatta, Labuan Bajo, Kec. Komodo, Kabupaten Manggarai Barat, Nusa Tenggara Tim. 86764","4,5",573,Rp 75–150 rb,https://www.google.com/maps/place/Burger+Time/data=!4m7!3m6!1s0x2db46429d2bed997:0x411b805a35698432!8m2!3d-8.4971703!4d119.879675!16s%2Fg%2F11byypbtmv!19sChIJl9m-0ilktC0RMoRpNVqAG0E?authuser=0&hl=id&rclk=1,-8.4971703,119.879675
tempat makan dekat Labuan Bajo,Warung Lokal Hot Plate,Restoran,"
Jl. Kembang Sepatu Gg. Blanak, Labuan Bajo, Kec. Komodo, Kabupaten Manggarai Barat, Nusa Tenggara Tim. 86763","5,0",73,Rp 25–50 rb,https://www.google.com/maps/place/Warung+Lokal+Hot+Plate/data=!4m7!3m6!1s0x2db465afc68cf363:0x83f627b4e47c74a3!8m2!3d-8.4980857!4d119.8836304!16s%2Fg%2F11mllb21sh!19sChIJY_OMxq9ltC0Ro3R85LQn9oM?authuser=0&hl=id&rclk=1,-8.4980857,119.8836304
tempat makan dekat Labuan Bajo,Paradise BAR,Bar,"
GV8H+2M4, Jl. Binongko, Labuan Bajo, Kec. Komodo, Kabupaten Manggarai Barat, Nusa Tenggara Tim.","4,3",805,Rp 50–200 rb,https://www.google.com/maps/place/Paradise+BAR/data=!4m7!3m6!1s0x2db4667f2e74186f:0x4cd49f1dbe4ea1c8!8m2!3d-8.4849818!4d119.8791891!16s%2Fg%2F11b7ybwfjl!19sChIJbxh0Ln9mtC0RyKFOvh2f1Ew?authuser=0&hl=id&rclk=1,-8.4849818,119.8791891
tempat makan dekat Labuan Bajo,Warung Pada Elo Labuan Bajo,Restoran,"
GV6G+842, Labuan Bajo, Kec. Komodo, Kabupaten Manggarai Barat, Nusa Tenggara Tim.","3,0",2,,https://www.google.com/maps/place/Warung+Pada+Elo+Labuan+Bajo/data=!4m7!3m6!1s0x2db467fd7ba9a945:0xfadb44109d8b8fd3!8m2!3d-8.4892253!4d119.8752558!16s%2Fg%2F11fmc5qw4y!19sChIJRampe_1ntC0R04-LnRBE2_o?authuser=0&hl=id&rclk=1,-8.4892253,119.8752558
tempat makan dekat Labuan Bajo,Kopi Mane Inspiration - Labuan Bajo,Kedai Kopi,"
Cermin, Jl. Soekarno Hatta Gg Tuna, Labuan Bajo, Komodo, West Manggarai Regency, East Nusa Tenggara","4,4",389,Rp 25–50 rb,https://www.google.com/maps/place/Kopi+Mane+Inspiration+-+Labuan+Bajo/data=!4m7!3m6!1s0x2db4642bf3dc7b8f:0x61ced5daae35f0f3!8m2!3d-8.4897506!4d119.8779585!16s%2Fg%2F11cjnpywfb!19sChIJj3vc8ytktC0R8_A1rtrVzmE?authuser=0&hl=id&rclk=1,-8.4897506,119.8779585
tempat makan dekat Labuan Bajo,Kedai Daeng Labuan Bajo,Restoran,"
Wisata Kuliner Kampung UjungLabuan, Labuan Bajo, Kec. Komodo, Kabupaten Manggarai Barat, Nusa Tenggara Tim.","3,6",41,Rp 100–250 rb,https://www.google.com/maps/place/Kedai+Daeng+Labuan+Bajo/data=!4m7!3m6!1s0x2db467c7ce5cb997:0x473c37347e3ed8e5!8m2!3d-8.4877335!4d119.8776522!16s%2Fg%2F11h4pk6kd1!19sChIJl7lczsdntC0R5dg-fjQ3PEc?authuser=0&hl=id&rclk=1,-8.4877335,119.8776522
tempat makan dekat Labuan Bajo,"Bandara Internasional Komodo, Labuan Bajo",Bandara Internasional,"
Labuan Bajo, Kec. Komodo, Kabupaten Manggarai Barat, Nusa Tenggara Tim.","4,2",1413,,"https://www.google.com/maps/place/Bandara+Internasional+Komodo,+Labuan+Bajo/data=!4m7!3m6!1s0x2db465219938ff6f:0x65f416d9240eb787!8m2!3d-8.488846!4d119.8871342!16s%2Fm%2F02pkb98!19sChIJb_84mSFltC0Rh7cOJNkW9GU?authuser=0&hl=id&rclk=1",-8.488846,119.8871342
tempat makan dekat Labuan Bajo,Rumah Makan Padang Pancuran Tujuh,Restoran Padang,"
FVXJ+JVF, Gorontalo, Kec. Komodo, Kabupaten Manggarai Barat, Nusa Tenggara Tim.","4,4",64,Rp 25–50 rb,https://www.google.com/maps/place/Rumah+Makan+Padang+Pancuran+Tujuh/data=!4m7!3m6!1s0x2db464278e3bfdbb:0xfe33566f11cdfba8!8m2!3d-8.5009434!4d119.8821761!16s%2Fg%2F11gfm9g9w9!19sChIJu_07jidktC0RqPvNEW9WM_4?authuser=0&hl=id&rclk=1,-8.5009434,119.8821761
tempat makan dekat Labuan Bajo,Pu’u Pau Hostel & Coffee Shop,,,"4,8",298,Rp 453.636,https://www.google.com/maps/place/Pu%E2%80%99u+Pau+Hostel+%26+Coffee+Shop/data=!4m10!3m9!1s0x2db46764fb6403c3:0xc9ffd23dfb6fdac7!5m2!4m1!1i2!8m2!3d-8.493762!4d119.8784315!16s%2Fg%2F11l1d194dd!19sChIJwwNk-2RntC0Rx9pv-z3S_8k?authuser=0&hl=id&rclk=1,-8.493762,119.8784315
tempat makan dekat Labuan Bajo,Bajo Alley Cafe,Kafe,"
GV4H+6CX, Jl. Soekarno Hatta, Labuan Bajo, Kec. Komodo, Kabupaten Manggarai Barat, Nusa Tenggara Tim.","4,7",113,Rp 75–100 rb,https://www.google.com/maps/place/Bajo+Alley+Cafe/data=!4m7!3m6!1s0x2db46700230f93f3:0xab971dccb025762c!8m2!3d-8.4941933!4d119.8785672!16s%2Fg%2F11vyf2jktq!19sChIJ85MPIwBntC0RLHYlsMwdl6s?authuser=0&hl=id&rclk=1,-8.4941933,119.8785672
tempat makan dekat Labuan Bajo,The Bay Restaurant,Restoran,"
Kawasan Marina, Jl. Soekarno Hatta, Labuan Bajo, Kec. Komodo, Kabupaten Manggarai Barat, Nusa Tenggara Tim. 86711","4,6",185,Rp 250.000+,https://www.google.com/maps/place/The+Bay+Restaurant/data=!4m7!3m6!1s0x2db467b30372f637:0x32fec259274da764!8m2!3d-8.4904634!4d119.8754347!16s%2Fg%2F11qgyv81vx!19sChIJN_ZyA7NntC0RZKdNJ1nC_jI?authuser=0&hl=id&rclk=1,-8.4904634,119.8754347
tempat makan dekat Labuan Bajo,Taba,Restoran,"
Pantai Wae Rana, Labuan Bajo, Kec. Komodo, Kabupaten Manggarai Barat, Nusa Tenggara Tim. 86763","4,7",29,Rp 250.000+,https://www.google.com/maps/place/Taba/data=!4m7!3m6!1s0x2db46568c774bf55:0xb63a309119bb0dd7!8m2!3d-8.4747595!4d119.8816418!16s%2Fg%2F11w46nsc4g!19sChIJVb90x2hltC0R1w27GZEwOrY?authuser=0&hl=id&rclk=1,-8.4747595,119.8816418
tempat makan dekat Labuan Bajo,Le Resto Komodo,Restoran,"
Jl. Mutiara, Kampung Unjung, Labuan Bajo, Kec. Komodo, Kabupaten Manggarai Barat, Nusa Tenggara Tim. 86754","4,4",133,Rp 100–125 rb,https://www.google.com/maps/place/Le+Resto+Komodo/data=!4m7!3m6!1s0x2db4677383a0d423:0xd0b7f6a8bd4eead6!8m2!3d-8.4889216!4d119.8769281!16s%2Fg%2F11t5svd875!19sChIJI9Sgg3NntC0R1upOvaj2t9A?authuser=0&hl=id&rclk=1,-8.4889216,119.8769281
tempat makan dekat Labuan Bajo,Atlantis On The Rock,Restoran,"
Labuan Bajo, Kec. Komodo, Kabupaten Manggarai Barat, Nusa Tenggara Tim. 86757","4,4",342,Rp 250.000+,https://www.google.com/maps/place/Atlantis+On+The+Rock/data=!4m7!3m6!1s0x2db46604b0098b53:0xc8b3cef2de7f3278!8m2!3d-8.4568023!4d119.8703842!16s%2Fg%2F11c6012slv!19sChIJU4sJsARmtC0ReDJ_3vLOs8g?authuser=0&hl=id&rclk=1,-8.4568023,119.8703842
tempat makan dekat Labuan Bajo,Warung Brothers Bajo,Bar,"
Jln. Reklamasi kampung ujung, Labuan Bajo, Kec. Komodo, Kabupaten Manggarai Barat, Nusa Tenggara Tim. 86754","4,7",322,Rp 50–150 rb,https://www.google.com/maps/place/Warung+Brothers+Bajo/data=!4m7!3m6!1s0x2db4672c94ebc2cd:0x2d167481d066ea83!8m2!3d-8.4874624!4d119.8770482!16s%2Fg%2F11qh38klkw!19sChIJzcLrlCxntC0Rg-pm0IF0Fi0?authuser=0&hl=id&rclk=1,-8.4874624,119.8770482
tempat makan dekat Labuan Bajo,Horny Crab Seafood Restaurant,Restoran,"
Jl. Soekarno Hatta, Labuan Bajo, Kec. Komodo, Kabupaten Manggarai Barat, Nusa Tenggara Tim. 86554","4,7",362,Rp 75–225 rb,https://www.google.com/maps/place/Horny+Crab+Seafood+Restaurant/data=!4m7!3m6!1s0x2db467a52916891b:0x5aa8c8459bf3d13a!8m2!3d-8.4951707!4d119.8786755!16s%2Fg%2F11h40prll4!19sChIJG4kWKaVntC0ROtHzm0XIqFo?authuser=0&hl=id&rclk=1,-8.4951707,119.8786755
tempat makan dekat Labuan Bajo,Bajo Banana,Restoran,"
Melo, Liang Ndara Labuan Bajo, Labuan bajo, Flores, Kabupaten Manggarai Barat, Nusa Tenggara Tim.","4,6",73,Rp 50–125 rb,https://www.google.com/maps/place/Bajo+Banana/data=!4m7!3m6!1s0x2db46360bd587f71:0x28dabc1f37ba64cc!8m2!3d-8.5892392!4d119.9481301!16s%2Fg%2F11wf_0tr2h!19sChIJcX9YvWBjtC0RzGS6Nx-82ig?authuser=0&hl=id&rclk=1,-8.5892392,119.9481301
tempat makan dekat Labuan Bajo,Kedai Makan Nyus,Rumah Makan,"
GV4H+74W, Gg. Tenggiri, Labuan Bajo, Kec. Komodo, Kabupaten Manggarai Barat, Nusa Tenggara Tim.","5,0",3,,https://www.google.com/maps/place/Kedai+Makan+Nyus/data=!4m7!3m6!1s0x2db46700788efb67:0xb21efb58c1b7070f!8m2!3d-8.4942534!4d119.8778223!16s%2Fg%2F11yk8dtk14!19sChIJZ_uOeABntC0RDwe3wVj7HrI?authuser=0&hl=id&rclk=1,-8.4942534,119.8778223
tempat makan dekat Labuan Bajo,Warung Makan Ibu Asni,Restoran Indonesia,"
FVWJ+622, Jl. Pantai Pede, Gorontalo, Kec. Komodo, Kabupaten Manggarai Barat, Nusa Tenggara Tim.","4,8",117,Rp 25–50 rb,https://www.google.com/maps/place/Warung+Makan+Ibu+Asni/data=!4m7!3m6!1s0x2db46700521a15d1:0x7ceef9f7b0f3532e!8m2!3d-8.5044964!4d119.880025!16s%2Fg%2F11vqlm8cgn!19sChIJ0RUaUgBntC0RLlPzsPf57nw?authuser=0&hl=id&rclk=1,-8.5044964,119.880025
tempat makan dekat Labuan Bajo,Warung Makan RODA BARU TPI LABUAN BAJO,Warung nasi,"
Kompleks TPI, Labuan Bajo, Kec. Komodo, Kabupaten Manggarai Barat, Nusa Tenggara Tim. 86754","5,0",2,,https://www.google.com/maps/place/Warung+Makan+RODA+BARU+TPI+LABUAN+BAJO/data=!4m7!3m6!1s0x2db4675e944942af:0x58efa32d45307422!8m2!3d-8.4857046!4d119.8781243!16s%2Fg%2F11sqxgtm95!19sChIJr0JJlF5ntC0RInQwRS2j71g?authuser=0&hl=id&rclk=1,-8.4857046,119.8781243
tempat makan dekat Labuan Bajo,Rumah Makan Kellan,Restoran China,"
Jl. Mgr. Van Beakum, Wae Kelambu, Kec. Komodo, Kabupaten Manggarai Barat, Nusa Tenggara Tim.","4,5",1012,Rp 50–150 rb,https://www.google.com/maps/place/Rumah+Makan+Kellan/data=!4m7!3m6!1s0x2db465a003cc5669:0x76b6d0f90f3f5595!8m2!3d-8.4972959!4d119.8919093!16s%2Fg%2F11g1xn80h7!19sChIJaVbMA6BltC0RlVU_D_nQtnY?authuser=0&hl=id&rclk=1,-8.4972959,119.8919093
tempat makan dekat Labuan Bajo,LaBajo Cafe & Resto,Kedai Sarapan & Makan Siang,"
Kampung Tengah, Labuan Bajo, Kec. Komodo, Kabupaten Manggarai Barat, Nusa Tenggara Tim. 86754","4,5",128,Rp 25–75 rb,https://www.google.com/maps/place/LaBajo+Cafe+%26+Resto/data=!4m7!3m6!1s0x2db467e40c9cbc11:0xb711080af42ca3af!8m2!3d-8.4930348!4d119.8775762!16s%2Fg%2F11qq5bbgry!19sChIJEbycDORntC0Rr6Ms9AoIEbc?authuser=0&hl=id&rclk=1,-8.4930348,119.8775762
tempat makan dekat Labuan Bajo,Wisata Kuliner Kampung Ujung Labuan Bajo Komodo Manggarai Barat Flores NTT,Restoran Seafood,"
GV6H+W32, Jl. Soekarno Hatta, Labuan Bajo, Kec. Komodo, Kabupaten Manggarai Barat, Nusa Tenggara Tim.","4,4",683,Rp 75–225 rb,https://www.google.com/maps/place/Wisata+Kuliner+Kampung+Ujung+Labuan+Bajo+Komodo+Manggarai+Barat+Flores+NTT/data=!4m7!3m6!1s0x2db4672bf58b6f09:0x695e80965c6a9b23!8m2!3d-8.4877335!4d119.8776522!16s%2Fg%2F11gy251kv9!19sChIJCW-L9StntC0RI5tqXJaAXmk?authuser=0&hl=id&rclk=1,-8.4877335,119.8776522
tempat makan dekat Labuan Bajo,Blue Corner,Restoran,"
Jl. Simpang Pede, Labuan Bajo, Kec. Komodo, Kabupaten Manggarai Barat, Nusa Tenggara Tim.","4,3",242,Rp 25–50 rb,https://www.google.com/maps/place/Blue+Corner/data=!4m7!3m6!1s0x2db466817f3cc45b:0x5600b6c8cba27c69!8m2!3d-8.5013696!4d119.8822053!16s%2Fg%2F11bxf36z6r!19sChIJW8Q8f4FmtC0RaXyiy8i2AFY?authuser=0&hl=id&rclk=1,-8.5013696,119.8822053
tempat makan dekat Labuan Bajo,Mari Makan Bajo,Restoran Seafood,"
Gang Prundi Jl. Lamber Kape, Labuan Bajo, Kec. Komodo, Kabupaten Manggarai Barat, Nusa Tenggara Tim.","4,5",361,Rp 25–50 rb,https://www.google.com/maps/place/Mari+Makan+Bajo/data=!4m7!3m6!1s0x2db46575499c7d99:0x524a96ebc46c5ce0!8m2!3d-8.5012285!4d119.8855858!16s%2Fg%2F11f789h09p!19sChIJmX2cSXVltC0R4FxsxOuWSlI?authuser=0&hl=id&rclk=1,-8.5012285,119.8855858
tempat makan dekat Labuan Bajo,PiriPiri,Restoran Barbeque,"
Jl. Soekarno Hatta, Labuan Bajo, Kec. Komodo, Kabupaten Manggarai Barat, Nusa Tenggara Tim. 86547","4,5",659,Rp 75–225 rb,https://www.google.com/maps/place/PiriPiri/data=!4m7!3m6!1s0x2db465b9d299cdb7:0xf7c85c96743d222c!8m2!3d-8.4929847!4d119.8775338!16s%2Fg%2F11vb87ns6d!19sChIJt82Z0rlltC0RLCI9dJZcyPc?authuser=0&hl=id&rclk=1,-8.4929847,119.8775338
tempat makan dekat Labuan Bajo,TPI Kampung Ujung,Pasar,"
GV7H+Q7R, Jl. Reklamasi Pantai, Labuan Bajo, Kec. Komodo, Kabupaten Manggarai Barat, Nusa Tenggara Tim.","4,0",371,,https://www.google.com/maps/place/TPI+Kampung+Ujung/data=!4m7!3m6!1s0x2db4667de4d5992b:0x9a21bd0f74ff02a6!8m2!3d-8.4855184!4d119.8781478!16s%2Fg%2F11fjbh03yt!19sChIJK5nV5H1mtC0RpgL_dA-9IZo?authuser=0&hl=id&rclk=1,-8.4855184,119.8781478
tempat makan dekat Labuan Bajo,Rumah Makan & Penginapan Rama Minang,Restoran Padang,"
Jl. Soekarno Hatta No.20, Labuan Bajo, Kec. Komodo, Kabupaten Manggarai Barat, Nusa Tenggara Tim.","4,0",19,Rp 25–50 rb,https://www.google.com/maps/place/Rumah+Makan+%26+Penginapan+Rama+Minang/data=!4m7!3m6!1s0x2db46680c7841259:0x217f1a144a78cd67!8m2!3d-8.4912912!4d119.8766129!16s%2Fg%2F11ddwtj8mr!19sChIJWRKEx4BmtC0RZ814ShQafyE?authuser=0&hl=id&rclk=1,-8.4912912,119.8766129
tempat makan dekat Labuan Bajo,Flamingo Avia Bajo,,"
jalan reklamasi, kampung air, Labuan Bajo, Kec. Komodo, Kabupaten Manggarai Barat, Nusa Tenggara Tim. 86754","4,2",314,Rp 524.391,https://www.google.com/maps/place/Flamingo+Avia+Bajo/data=!4m7!3m6!1s0x2db467027c002bcf:0x6e22ba8aba022e0e!8m2!3d-8.4962921!4d119.8785322!16s%2Fg%2F11j8lvp3yk!19sChIJzysAfAJntC0RDi4Cuoq6Im4?authuser=0&hl=id&rclk=1,-8.4962921,119.8785322
tempat makan dekat Labuan Bajo,Seaesta Komodo Hostel & Hotel,,"
Jl. Soekarno Hatta, Labuan Bajo, Kec. Komodo, Kabupaten Manggarai Barat, Nusa Tenggara Tim. 86554","4,6",1536,Rp 508.092,https://www.google.com/maps/place/Seaesta+Komodo+Hostel+%26+Hotel/data=!4m10!3m9!1s0x2db467c4413be1d9:0x7e01660718c51f18!5m2!4m1!1i2!8m2!3d-8.4893712!4d119.8777583!16s%2Fg%2F11h7b0x8v2!19sChIJ2eE7QcRntC0RGB_FGAdmAX4?authuser=0&hl=id&rclk=1,-8.4893712,119.8777583
tempat makan dekat Labuan Bajo,Plataran Komodo Resort & Spa,,"
Labuan Bajo, Kec. Komodo, Kabupaten Manggarai Barat, Nusa Tenggara Tim. 86757","4,7",750,Rp 3.684.289,https://www.google.com/maps/place/Plataran+Komodo+Resort+%26+Spa/data=!4m10!3m9!1s0x2db468a86ddddb89:0x21a84b3e1539a820!5m2!4m1!1i2!8m2!3d-8.4567648!4d119.8704449!16s%2Fg%2F11b637m6t6!19sChIJidvdbahotC0RIKg5FT5LqCE?authuser=0&hl=id&rclk=1,-8.4567648,119.8704449
tempat makan dekat Labuan Bajo,Kedai Anca,Restoran,"
Gg. Napoleon, Labuan Bajo, Kec. Komodo, Kabupaten Manggarai Barat, Nusa Tenggara Tim.","4,8",5,,https://www.google.com/maps/place/Kedai+Anca/data=!4m7!3m6!1s0x2db467004f488553:0xd9e080e144ade2a0!8m2!3d-8.4915328!4d119.8761572!16s%2Fg%2F11z20g4flq!19sChIJU4VITwBntC0RoOKtROGA4Nk?authuser=0&hl=id&rclk=1,-8.4915328,119.8761572
tempat makan dekat Labuan Bajo,"RM. Khas Manado, Labuan Bajo, NTT",Rumah Makan,"
GV5R+2R5, Batu Cermin, Kec. Komodo, Kabupaten Manggarai Barat, Nusa Tenggara Tim.","4,8",9,Rp 50–75 rb,"https://www.google.com/maps/place/RM.+Khas+Manado,+Labuan+Bajo,+NTT/data=!4m7!3m6!1s0x2db465eaf432aa97:0xc7cbdb6dc206cd49!8m2!3d-8.4930219!4d119.8915797!16s%2Fg%2F11r404zrbb!19sChIJl6oy9OpltC0RSc0Gwm3by8c?authuser=0&hl=id&rclk=1",-8.4930219,119.8915797
tempat makan dekat Labuan Bajo,PIZZA HAUS BAJO,Restoran Pizza,"
Jl. Soekarno Hatta No.77a, Labuan Bajo, Kec. Komodo, Kabupaten Manggarai Barat, Nusa Tenggara Tim. 86700","4,8",835,Rp 75–175 rb,https://www.google.com/maps/place/PIZZA+HAUS+BAJO/data=!4m7!3m6!1s0x2db46745c9545ac7:0xcd8d6e210df1b73!8m2!3d-8.4944653!4d119.8786547!16s%2Fg%2F11nsvh_561!19sChIJx1pUyUVntC0RcxvfEOLW2Aw?authuser=0&hl=id&rclk=1,-8.4944653,119.8786547
tempat makan dekat Labuan Bajo,MANDALIKA CORNER,Restoran,"
Labuan Bajo, Kec. Komodo, Kabupaten Manggarai Barat, Nusa Tenggara Tim. 86754","4,5",215,Rp 25–50 rb,https://www.google.com/maps/place/MANDALIKA+CORNER/data=!4m7!3m6!1s0x2db4667e101c4963:0x81f3f100b07cb911!8m2!3d-8.4894008!4d119.8765065!16s%2Fg%2F11f54z79xz!19sChIJY0kcEH5mtC0REbl8sADx84E?authuser=0&hl=id&rclk=1,-8.4894008,119.8765065
tempat makan dekat Labuan Bajo,Wr Bangkalan Abah Turi 4,Restoran,"
Jl. Bandara, Labuan Bajo, Kec. Komodo, Kabupaten Manggarai Barat, Nusa Tenggara Tim. 86754","4,3",598,Rp 25–50 rb,https://www.google.com/maps/place/Wr+Bangkalan+Abah+Turi+4/data=!4m7!3m6!1s0x2db465d66d671525:0xc9c43f94af8545f8!8m2!3d-8.4938768!4d119.8860489!16s%2Fg%2F11ffvrrj60!19sChIJJRVnbdZltC0R-EWFr5Q_xMk?authuser=0&hl=id&rclk=1,-8.4938768,119.8860489
tempat makan dekat Labuan Bajo,ELEVEN CAFE,Kafe,"
GV2M+C43, Gorontalo, Kec. Komodo, Kabupaten Manggarai Barat, Nusa Tenggara Tim.","4,3",337,Rp 25–100 rb,https://www.google.com/maps/place/ELEVEN+CAFE/data=!4m7!3m6!1s0x2db465e361dba09d:0x279870f3f4ea4df5!8m2!3d-8.4989982!4d119.8827847!16s%2Fg%2F11h7fkb7jx!19sChIJnaDbYeNltC0R9U3q9PNwmCc?authuser=0&hl=id&rclk=1,-8.4989982,119.8827847
tempat makan dekat Labuan Bajo,TAKA BAJO,Kafe,"
Jl. Bidadari DEPAN PUSKESMAS, Labuan Bajo, Kec. Komodo, Kabupaten Manggarai Barat, Nusa Tenggara Tim. 86554","4,7",325,Rp 50–100 rb,https://www.google.com/maps/place/TAKA+BAJO/data=!4m7!3m6!1s0x2db467c67f1b388f:0x9a8b2ba9a7218877!8m2!3d-8.4971997!4d119.8803931!16s%2Fg%2F11x5qx3zs4!19sChIJjzgbf8ZntC0Rd4ghp6kri5o?authuser=0&hl=id&rclk=1,-8.4971997,119.8803931
tempat makan dekat Labuan Bajo,Se'i Babi Bola Bale Delivery,Kedai Sup,"
Desa Puncak Waringin, Labuan Bajo, Kec. Komodo, Kabupaten Manggarai Barat, Nusa Tenggara Tim.","4,4",254,Rp 25–50 rb,https://www.google.com/maps/place/Se%27i+Babi+Bola+Bale+Delivery/data=!4m7!3m6!1s0x2db465d4d3ab804d:0xb5e2dead907f50f9!8m2!3d-8.4892051!4d119.8849167!16s%2Fg%2F11dz4rt23s!19sChIJTYCr09RltC0R-VB_kK3e4rU?authuser=0&hl=id&rclk=1,-8.4892051,119.8849167
tempat makan dekat Labuan Bajo,BAJO SUNSET HOTEL & FLORES FOOD RESTAURANT,Restoran,"
Jl. Reklamasi Pantai, Labuan Bajo, Kec. Komodo, Kabupaten Manggarai Barat, Nusa Tenggara Tim.","4,0",71,,https://www.google.com/maps/place/BAJO+SUNSET+HOTEL+%26+FLORES+FOOD+RESTAURANT/data=!4m7!3m6!1s0x2db4667edbb0a021:0xf2fcef5ccb38c6f1!8m2!3d-8.4858743!4d119.8782013!16s%2Fg%2F11cs9lg1zj!19sChIJIaCw235mtC0R8cY4y1zv_PI?authuser=0&hl=id&rclk=1,-8.4858743,119.8782013
tempat makan dekat Labuan Bajo,The Gade Coffe & Gold Labuan Bajo,Kafe,"
Labuan Bajo, Kec. Komodo, Kabupaten Manggarai Barat, Nusa Tenggara Tim.","4,6",37,Rp 25–50 rb,https://www.google.com/maps/place/The+Gade+Coffe+%26+Gold+Labuan+Bajo/data=!4m7!3m6!1s0x2db467cef18a7ec1:0x30e14e3f8f23289f!8m2!3d-8.4906624!4d119.8759624!16s%2Fg%2F11h7tdttmp!19sChIJwX6K8c5ntC0Rnygjjz9O4TA?authuser=0&hl=id&rclk=1,-8.4906624,119.8759624
tempat makan dekat Labuan Bajo,MIMAMORI CAFE LABUAN BAJO,Kedai Kopi,"
Jl. Soekarno Hatta, Labuan Bajo, Kec. Komodo, Kabupaten Manggarai Barat, Nusa Tenggara Tim. 86754","4,8",818,Rp 75–100 rb,https://www.google.com/maps/place/MIMAMORI+CAFE+LABUAN+BAJO/data=!4m7!3m6!1s0x2db467179786b66f:0x13c4c006d3436d8!8m2!3d-8.4931356!4d119.8776747!16s%2Fg%2F11kj956485!19sChIJb7aGlxdntC0R2DY0bQBMPAE?authuser=0&hl=id&rclk=1,-8.4931356,119.8776747
tempat makan dekat Labuan Bajo,RUMAH MAKAN DAN PENGINAPAN SEDERHANA,Restoran,"
Jl. Soekarno Hatta No.20, Labuan Bajo, Kec. Komodo, Kabupaten Manggarai Barat, Nusa Tenggara Tim.","4,0",1,,https://www.google.com/maps/place/RUMAH+MAKAN+DAN+PENGINAPAN+SEDERHANA/data=!4m7!3m6!1s0x2db4677e454e2ad5:0xabfd566985f19070!8m2!3d-8.4912929!4d119.876614!16s%2Fg%2F11qt0znnq_!19sChIJ1SpORX5ntC0RcJDxhWlW_as?authuser=0&hl=id&rclk=1,-8.4912929,119.876614
tempat makan dekat Labuan Bajo,Pondok Mai Ceng'go Labuan Bajo,Restoran Indonesia,"
Jl. Alo Tanis, Labuan Bajo, Kec. Komodo, Kabupaten Manggarai Barat, Nusa Tenggara Tim. 86554","4,6",1440,Rp 50–150 rb,https://www.google.com/maps/place/Pondok+Mai+Ceng%27go+Labuan+Bajo/data=!4m7!3m6!1s0x2db46555bdbd7ab3:0xb10f1b15be10e3be!8m2!3d-8.4899811!4d119.8840961!16s%2Fg%2F11h92xd6sw!19sChIJs3q9vVVltC0RvuMQvhUbD7E?authuser=0&hl=id&rclk=1,-8.4899811,119.8840961
tempat makan dekat Labuan Bajo,Kuliner kedai Ana,Restoran,"
Jl. Kerapu kuliner kampung ujung, Labuan Bajo, Kec. Komodo, Kabupaten Manggarai Barat, Nusa Tenggara Tim. 86754","2,6",17,Rp 75–225 rb,https://www.google.com/maps/place/Kuliner+kedai+Ana/data=!4m7!3m6!1s0x2db467f6f0793f87:0xcec89f4bdfb6c404!8m2!3d-8.4890924!4d119.875444!16s%2Fg%2F11hzbt9v3c!19sChIJhz958PZntC0RBMS230ufyM4?authuser=0&hl=id&rclk=1,-8.4890924,119.875444
tempat makan dekat Labuan Bajo,Kuliner Nusantara Ayu Bajo(DoDeKuKe),Rumah Makan,"
Jalan Gabriel Gampur Gorontalo, Halaman Dinas CIPTA KARYA PUPR, Jalan Gabriel Gampur Goron Talo, Labuan Bajo, Kec. Komodo, Kabupaten Manggarai Barat, Nusa Tenggara Tim. 86763","4,5",20,Rp 25–50 rb,https://www.google.com/maps/place/Kuliner+Nusantara+Ayu+Bajo%28DoDeKuKe%29/data=!4m7!3m6!1s0x2db465d3ad72b931:0xa34328940a3f1c7e!8m2!3d-8.4977658!4d119.8844058!16s%2Fg%2F11sb17nt9m!19sChIJMblyrdNltC0Rfhw_CpQoQ6M?authuser=0&hl=id&rclk=1,-8.4977658,119.8844058
tempat makan dekat Labuan Bajo,Altomare Restaurant,Restoran Italia,"
Jl. Soekarno Hatta, Labuan Bajo, Kec. Komodo, Kabupaten Manggarai Barat, Nusa Tenggara Tim. 86574","4,7",510,Rp 100–250 rb,https://www.google.com/maps/place/Altomare+Restaurant/data=!4m7!3m6!1s0x2db4674c182062a7:0xf8eaa48cb078864f!8m2!3d-8.4934719!4d119.877886!16s%2Fg%2F11vqstyz44!19sChIJp2IgGExntC0RT4Z4sIyk6vg?authuser=0&hl=id&rclk=1,-8.4934719,119.877886
tempat makan dekat Labuan Bajo,Restoran Seafood Pakde Laros,Restoran Seafood,"
Jl. Yohanis Sahadun, Labuan Bajo, Kec. Komodo, Kabupaten Manggarai Barat, Nusa Tenggara Tim. 80385","4,0",18,Rp 75–100 rb,https://www.google.com/maps/place/Restoran+Seafood+Pakde+Laros/data=!4m7!3m6!1s0x2db46550b7c9634d:0xdaec3aaa1dd365d1!8m2!3d-8.4886748!4d119.8860178!16s%2Fg%2F11ty79zy5b!19sChIJTWPJt1BltC0R0WXTHao67No?authuser=0&hl=id&rclk=1,-8.4886748,119.8860178
tempat makan dekat Labuan Bajo,Starbucks Labuan Bajo,Kedai Kopi,"
Jl. Soekarno Hatta, Labuan Bajo, Kec. Komodo, Kabupaten Manggarai Barat, Nusa Tenggara Tim.","4,6",791,Rp 50–75 rb,https://www.google.com/maps/place/Starbucks+Labuan+Bajo/data=!4m7!3m6!1s0x2db46701f0a76777:0xce6e44cc234e5bee!8m2!3d-8.4911192!4d119.8761645!16s%2Fg%2F11h7bh79gw!19sChIJd2en8AFntC0R7ltOI8xEbs4?authuser=0&hl=id&rclk=1,-8.4911192,119.8761645
tempat makan dekat Labuan Bajo,RINCA Restaurant,Restoran,"
Pantai Waecicu, Labuan Bajo, Kec. Komodo, Kabupaten Manggarai Barat, Nusa Tenggara Tim. 86554","4,8",385,Rp 250.000+,https://www.google.com/maps/place/RINCA+Restaurant/data=!4m7!3m6!1s0x2db467e4833ca30f:0x4189e4a5361a7225!8m2!3d-8.4680729!4d119.8739432!16s%2Fg%2F11gtzp45b0!19sChIJD6M8g-RntC0RJXIaNqXkiUE?authuser=0&hl=id&rclk=1,-8.4680729,119.8739432
tempat makan dekat Labuan Bajo,Labuan Bajo fish market,Restoran Seafood,"
GV6G+HCQ, Jl. Reklamasi Pantai, Labuan Bajo, Kec. Komodo, Kabupaten Manggarai Barat, Nusa Tenggara Tim.","4,0",112,,https://www.google.com/maps/place/Labuan+Bajo+fish+market/data=!4m7!3m6!1s0x2db4675f2b1742ed:0x58656489007fda1c!8m2!3d-8.48853!4d119.8761103!16s%2Fg%2F11l6ks453f!19sChIJ7UIXK19ntC0RHNp_AIlkZVg?authuser=0&hl=id&rclk=1,-8.48853,119.8761103
tempat makan dekat Labuan Bajo,Banerasa kuliner labuan bajo,Restoran Seafood,"
GV6G+958, Labuan Bajo, Kec. Komodo, Kabupaten Manggarai Barat, Nusa Tenggara Tim.","5,0",6,,https://www.google.com/maps/place/Banerasa+kuliner+labuan+bajo/data=!4m7!3m6!1s0x2db4676bedeaeb65:0x58dbe8e7c1fbb8a1!8m2!3d-8.4890817!4d119.8754359!16s%2Fg%2F11vcmvqymk!19sChIJZevq7WtntC0Robj7wefo21g?authuser=0&hl=id&rclk=1,-8.4890817,119.8754359
tempat makan dekat Labuan Bajo,Pondok Flores,Restoran,"
lega, Jl. Frans Nala, Wae Kelambu, Komodo, West Manggarai Regency, East Nusa Tenggara 86763","4,3",151,Rp 25–125 rb,https://www.google.com/maps/place/Pondok+Flores/data=!4m7!3m6!1s0x2db464326a06a0d9:0xdff80a08c639fea6!8m2!3d-8.4919468!4d119.8945918!16s%2Fg%2F11dfsw8d72!19sChIJ2aAGajJktC0Rpv45xggK-N8?authuser=0&hl=id&rclk=1,-8.4919468,119.8945918
tempat makan dekat Labuan Bajo,Pasar Malam,Pasar Malam,"
Jl. Soekarno Hatta No.89, Labuan Bajo, Kec. Komodo, Kabupaten Manggarai Barat, Nusa Tenggara Tim.","4,2",133,,https://www.google.com/maps/place/Pasar+Malam/data=!4m7!3m6!1s0x2db4678545f838ed:0x70c76cd1aeae95a8!8m2!3d-8.4889607!4d119.8756037!16s%2Fg%2F11q84lwc9w!19sChIJ7Tj4RYVntC0RqJWurtFsx3A?authuser=0&hl=id&rclk=1,-8.4889607,119.8756037
tempat makan dekat Labuan Bajo,Kuliner 22 Labuan Bajo,Restoran,"
GV6G+C64, Jl. Soekarno Hatta, Labuan Bajo, Kec. Komodo, Kabupaten Manggarai Barat, Nusa Tenggara Tim.","3,9",19,Rp 100–125 rb,https://www.google.com/maps/place/Kuliner+22+Labuan+Bajo/data=!4m7!3m6!1s0x2db4676eaf335381:0xef4c7324c76b945e!8m2!3d-8.4889898!4d119.8755768!16s%2Fg%2F11fmf3m3jv!19sChIJgVMzr25ntC0RXpRrxyRzTO8?authuser=0&hl=id&rclk=1,-8.4889898,119.8755768
tempat makan dekat Labuan Bajo,Warung Berkat Sancara Labuan Bajo,Restoran,"
Jl. Soekarno Hatta, Labuan Bajo, Kec. Komodo, Kabupaten Manggarai Barat, Nusa Tenggara Tim.","5,0",1,,https://www.google.com/maps/place/Warung+Berkat+Sancara+Labuan+Bajo/data=!4m7!3m6!1s0x2db467f1c68c16af:0x52dbfe14c43cf3ae!8m2!3d-8.4884089!4d119.876289!16s%2Fg%2F11fmg4dp04!19sChIJrxaMxvFntC0RrvM8xBT-21I?authuser=0&hl=id&rclk=1,-8.4884089,119.876289
tempat makan dekat Labuan Bajo,Warung Internet,Restoran Indonesia,"
GV4J+46H, Jl. Puncak Waringin, Labuan Bajo, Kec. Komodo, Kabupaten Manggarai Barat, Nusa Tenggara Tim.","5,0",16,Rp 1–25.000,https://www.google.com/maps/place/Warung+Internet/data=!4m7!3m6!1s0x2db467d41f049329:0x6be155c8dff1cc6a!8m2!3d-8.4947087!4d119.8804998!16s%2Fg%2F11v5bj6h_w!19sChIJKZMEH9RntC0Raszx38hV4Ws?authuser=0&hl=id&rclk=1,-8.4947087,119.8804998
tempat makan dekat Labuan Bajo,Kantin Primkopal,Restoran Bakso,"
Depan Hotel Meruorah, Jl. Soekarno Hatta, Labuan Bajo, Kec. Komodo, Kabupaten Manggarai Barat, Nusa Tenggara Tim. 86554","4,7",39,Rp 25–50 rb,https://www.google.com/maps/place/Kantin+Primkopal/data=!4m7!3m6!1s0x2db467f6835d279d:0x23c2d6e95a7947b1!8m2!3d-8.4900251!4d119.875821!16s%2Fg%2F11v4dkvv74!19sChIJnSddg_ZntC0RsUd5WunWwiM?authuser=0&hl=id&rclk=1,-8.4900251,119.875821
tempat makan dekat Labuan Bajo,De Waroeng Labuan Bajo,Restoran Indonesia,"
Jl. Soekarno Hatta, Labuan Bajo, Kec. Komodo, Kabupaten Manggarai Barat, Nusa Tenggara Tim.","4,7",593,Rp 50–125 rb,https://www.google.com/maps/place/De+Waroeng+Labuan+Bajo/data=!4m7!3m6!1s0x2db467321991d63b:0xfa2b03bb32d90166!8m2!3d-8.4954588!4d119.8787128!16s%2Fg%2F11l5h4c___!19sChIJO9aRGTJntC0RZgHZMrsDK_o?authuser=0&hl=id&rclk=1,-8.4954588,119.8787128
tempat makan dekat Labuan Bajo,Ayam Bakar Primarasa Labuan Bajo,Restoran Indonesia,"
Jl. Yohanis Sahadun No.88, Labuan Bajo, Kec. Komodo, Kabupaten Manggarai Barat, Nusa Tenggara Tim.","4,6",970,Rp 50–150 rb,https://www.google.com/maps/place/Ayam+Bakar+Primarasa+Labuan+Bajo/data=!4m7!3m6!1s0x2db465febf557c2b:0xcd68ecb903c31389!8m2!3d-8.4851762!4d119.8856216!16s%2Fg%2F11j4fkfbg1!19sChIJK3xVv_5ltC0RiRPDA7nsaM0?authuser=0&hl=id&rclk=1,-8.4851762,119.8856216
tempat makan dekat Labuan Bajo,CARPENTER CAFE & ROASTERY - SOETTA,Kafe,"
Jl. Soekarno Hatta, Labuan Bajo, Kec. Komodo, Kabupaten Manggarai Barat, Nusa Tenggara Tim. 86754","4,7",597,Rp 25–50 rb,https://www.google.com/maps/place/CARPENTER+CAFE+%26+ROASTERY+-+SOETTA/data=!4m7!3m6!1s0x2db466810e71be39:0xb351d32233356cbf!8m2!3d-8.4931079!4d119.8778523!16s%2Fg%2F11cmc3t75g!19sChIJOb5xDoFmtC0Rv2w1MyLTUbM?authuser=0&hl=id&rclk=1,-8.4931079,119.8778523
tempat makan dekat Labuan Bajo,La Boheme Bajo Hostel,,"
Jembatan kampung baru, desa Gorontalo, Kec. Komodo, Kabupaten Manggarai Barat, Nusa Tenggara Tim.","4,2",480,Rp 360.000,https://www.google.com/maps/place/La+Boheme+Bajo+Hostel/data=!4m10!3m9!1s0x2db46707207a6e4f:0x751ffb8c3c824798!5m2!4m1!1i2!8m2!3d-8.4982834!4d119.8792896!16s%2Fg%2F11j1d3dtk6!19sChIJT256IAdntC0RmEeCPIz7H3U?authuser=0&hl=id&rclk=1,-8.4982834,119.8792896
tempat makan dekat Labuan Bajo,"Smoris Restaurant Labuan Bajo (Seafood, Chinese Food, dan Sei Sapi)",Restoran,"
Jl. Pisang Susu, Labuan Bajo, Kec. Komodo, Kabupaten Manggarai Barat, Nusa Tenggara Tim. 86763","4,9",739,Rp 50–125 rb,"https://www.google.com/maps/place/Smoris+Restaurant+Labuan+Bajo+%28Seafood,+Chinese+Food,+dan+Sei+Sapi%29/data=!4m7!3m6!1s0x2db465df1d98bf5b:0xec3fde86884e8358!8m2!3d-8.5027538!4d119.885208!16s%2Fg%2F11w9hq1y64!19sChIJW7-YHd9ltC0RWINOiIbeP-w?authuser=0&hl=id&rclk=1",-8.5027538,119.885208
tempat makan dekat Labuan Bajo,The Kliff Bistro,Restoran,"
Katamaran Hotel Resort Komodo Waecicu, Labuan Bajo, Kec. Komodo, Kabupaten Manggarai Barat, Nusa Tenggara Tim. 86554","4,7",41,Rp 250.000+,https://www.google.com/maps/place/The+Kliff+Bistro/data=!4m7!3m6!1s0x2db467909b27664d:0x430fe9934c948f66!8m2!3d-8.4714454!4d119.8768134!16s%2Fg%2F11x8v2xk1l!19sChIJTWYnm5BntC0RZo-UTJPpD0M?authuser=0&hl=id&rclk=1,-8.4714454,119.8768134
tempat makan dekat Labuan Bajo,Puncak Waringin,Tujuan Wisata,"
Labuan Bajo, Kec. Komodo, Kabupaten Manggarai Barat, Nusa Tenggara Tim.","4,6",1395,,https://www.google.com/maps/place/Puncak+Waringin/data=!4m7!3m6!1s0x2db4668196ba6a25:0x8c06de7fd8df4fb4!8m2!3d-8.494919!4d119.879615!16s%2Fg%2F11d_7wf_rq!19sChIJJWq6loFmtC0RtE_f2H_eBow?authuser=0&hl=id&rclk=1,-8.494919,119.879615
tempat makan dekat Labuan Bajo,Warung Seafood Labuan Bajo,Restoran Seafood,"
GV5G+VMW, Unnamed Road, Labuan Bajo, Kec. Komodo, Kabupaten Manggarai Barat, Nusa Tenggara Tim.","2,3",3,,https://www.google.com/maps/place/Warung+Seafood+Labuan+Bajo/data=!4m7!3m6!1s0x2db467157662ced7:0xed2dc37069ca5bd9!8m2!3d-8.4902566!4d119.8766881!16s%2Fg%2F11fcbn4n5s!19sChIJ185idhVntC0R2VvKaXDDLe0?authuser=0&hl=id&rclk=1,-8.4902566,119.8766881
tempat makan dekat Labuan Bajo,THIRTEEN CHICKS,Restoran,"
Cowang Dereng, Labuan Bajo, Kec. Komodo, Kabupaten Manggarai Barat, Nusa Tenggara Tim. 86763","4,7",309,Rp 25–50 rb,https://www.google.com/maps/place/THIRTEEN+CHICKS/data=!4m7!3m6!1s0x2db4656eb2176e2b:0xf1525058394408dd!8m2!3d-8.4843115!4d119.8940313!16s%2Fg%2F11h77lbj4m!19sChIJK24Xsm5ltC0R3QhEOVhQUvE?authuser=0&hl=id&rclk=1,-8.4843115,119.8940313
tempat makan dekat Labuan Bajo,MUGEN RAMEN & GRILL Japanese Restaurant,Restoran Jepang,"
Labuan Bajo, Kec. Komodo, Kabupaten Manggarai Barat, Nusa Tenggara Tim. 86763","4,5",222,Rp 50–175 rb,https://www.google.com/maps/place/MUGEN+RAMEN+%26+GRILL+Japanese+Restaurant/data=!4m7!3m6!1s0x2db4677ea8bf7d2b:0x28aff82bd9f4c8d2!8m2!3d-8.4922842!4d119.8785272!16s%2Fg%2F11s499_ycl!19sChIJK32_qH5ntC0R0sj02Sv4ryg?authuser=0&hl=id&rclk=1,-8.4922842,119.8785272
tempat makan dekat Labuan Bajo,Arema Sari Laut: Rajanya Ikan Kuah,Restoran Seafood,"
Jl. Trans Flores, Pasar Baru, Kec. Komodo, Kabupaten Manggarai Barat, Nusa Tenggara Tim. 86754","4,6",160,Rp 50–75 rb,https://www.google.com/maps/place/Arema+Sari+Laut:+Rajanya+Ikan+Kuah/data=!4m7!3m6!1s0x2db4641b13bb54c5:0x3bc6be2b004db584!8m2!3d-8.5085221!4d119.8874751!16s%2Fg%2F11f3v9ct9s!19sChIJxVS7ExtktC0RhLVNACu-xjs?authuser=0&hl=id&rclk=1,-8.5085221,119.8874751
tempat makan dekat Labuan Bajo,Copper Bonnet Bistro & Bar,Restoran,"
Jl. Soekarno Hatta, Labuan Bajo, Kec. Komodo, Kabupaten Manggarai Barat, Nusa Tenggara Tim. 86754","4,6",458,,https://www.google.com/maps/place/Copper+Bonnet+Bistro+%26+Bar/data=!4m7!3m6!1s0x2db467eceb6d65d7:0x1f7f6d4e58af4fae!8m2!3d-8.4922277!4d119.8768529!16s%2Fg%2F11szfg5gqh!19sChIJ12Vt6-xntC0Rrk-vWE5tfx8?authuser=0&hl=id&rclk=1,-8.4922277,119.8768529
tempat makan dekat Labuan Bajo,KFC Labuan Bajo,Restoran cepat saji,"
Jl. Soekarno Hatta No.20, Labuan Bajo, Kec. Komodo, Kabupaten Manggarai Barat, Nusa Tenggara Tim.","3,5",1041,Rp 50–75 rb,https://www.google.com/maps/place/KFC+Labuan+Bajo/data=!4m7!3m6!1s0x2db46738aa8aae3b:0x13dea3afe9529576!8m2!3d-8.490964!4d119.8760748!16s%2Fg%2F11kzgkcylz!19sChIJO66KqjhntC0RdpVS6a-j3hM?authuser=0&hl=id&rclk=1,-8.490964,119.8760748
tempat makan dekat Labuan Bajo,Happy Banana Komodo,Restoran Jepang,"
50m after Alfamart Soekarno Hatta, Jl. Soekarno Hatta, Labuan Bajo, Kec. Komodo, Kabupaten Manggarai Barat, Nusa Tenggara Tim. 86554","4,7",2690,Rp 75–225 rb,https://www.google.com/maps/place/Happy+Banana+Komodo/data=!4m7!3m6!1s0x2db466828dfa89d1:0x8ea325383a20466e!8m2!3d-8.4978312!4d119.8805146!16s%2Fg%2F11bw475q27!19sChIJ0Yn6jYJmtC0RbkYgOjglo44?authuser=0&hl=id&rclk=1,-8.4978312,119.8805146
tempat makan dekat Labuan Bajo,WARUNG WARUNG,Restoran,"
Air Kemiri, Jl. Soekarno Hatta, Labuan Bajo, Kec. Komodo, Kabupaten Manggarai Barat, Nusa Tenggara Tim. 86554","4,6",318,Rp 50–125 rb,https://www.google.com/maps/place/WARUNG+WARUNG/data=!4m7!3m6!1s0x2db465fde7a98d41:0xc07e9788c382c9ae!8m2!3d-8.5000879!4d119.882051!16s%2Fg%2F11f5q0w0vw!19sChIJQY2p5_1ltC0RrsmCw4iXfsA?authuser=0&hl=id&rclk=1,-8.5000879,119.882051
tempat makan dekat Labuan Bajo,Sei Sapi Lejong Halal Labuan Bajo,Restoran,"
Jl. Yohanis Sahadun No.8, Labuan Bajo, Kec. Komodo, Kabupaten Manggarai Barat, Nusa Tenggara Tim.","4,9",376,Rp 50–75 rb,https://www.google.com/maps/place/Sei+Sapi+Lejong+Halal+Labuan+Bajo/data=!4m7!3m6!1s0x2db465eb742b4f85:0xba511f15fd69d58e!8m2!3d-8.495687!4d119.8856855!16s%2Fg%2F11t422n2n1!19sChIJhU8rdOtltC0RjtVp_RUfUbo?authuser=0&hl=id&rclk=1,-8.495687,119.8856855
tempat makan dekat Labuan Bajo,Warung KAE Spesial Seafood Kampung ujung,Restoran Barbeque,"
GV6G+6PW, Jl. Cumi Cumi, Labuan Bajo, Kec. Komodo, Kabupaten Manggarai Barat, Nusa Tenggara Tim.","3,5",11,Rp 75–100 rb,https://www.google.com/maps/place/Warung+KAE+Spesial+Seafood+Kampung+ujung/data=!4m7!3m6!1s0x2db467805a484f59:0x99be2cd3aeff3719!8m2!3d-8.4893869!4d119.8768226!16s%2Fg%2F11rxwdqrf0!19sChIJWU9IWoBntC0RGTf_rtMsvpk?authuser=0&hl=id&rclk=1,-8.4893869,119.8768226
tempat makan dekat Labuan Bajo,La Cucina Komodo,Restoran Italia,"
Jl. Soekarno Hatta, Labuan Bajo, Kec. Komodo, Kabupaten Manggarai Barat, Nusa Tenggara Tim.","4,5",2772,Rp 75–200 rb,https://www.google.com/maps/place/La+Cucina+Komodo/data=!4m7!3m6!1s0x2db466824bab4a33:0xe527ce42ecc5350f!8m2!3d-8.4961153!4d119.8787783!16s%2Fg%2F11bxf0vkdl!19sChIJM0qrS4JmtC0RDzXF7ELOJ-U?authuser=0&hl=id&rclk=1,-8.4961153,119.8787783
tempat makan dekat Labuan Bajo,Warung cobekan,Restoran Indonesia,"
Jl. Alo Tanis, Labuan Bajo, Kec. Komodo, Kabupaten Manggarai Barat, Nusa Tenggara Tim.","4,3",130,Rp 25–50 rb,https://www.google.com/maps/place/Warung+cobekan/data=!4m7!3m6!1s0x2db4651d053d9b53:0x94871ce7bc6bc26d!8m2!3d-8.489146!4d119.8851483!16s%2Fg%2F11tt13npdp!19sChIJU5s9BR1ltC0RbcJrvOcch5Q?authuser=0&hl=id&rclk=1,-8.489146,119.8851483
tempat makan dekat Labuan Bajo,La Moringa Labuan Bajo,Restoran,"
Jl. Trans Flores, Labuan Bajo, Kec. Komodo, Kabupaten Manggarai Barat, Nusa Tenggara Tim.","4,9",2287,Rp 50–100 rb,https://www.google.com/maps/place/La+Moringa+Labuan+Bajo/data=!4m7!3m6!1s0x2db4658231dc9457:0x9d2e0f6dbc489bfe!8m2!3d-8.508143!4d119.8864185!16s%2Fg%2F11s61z2nd9!19sChIJV5TcMYJltC0R_ptIvG0PLp0?authuser=0&hl=id&rclk=1,-8.508143,119.8864185
tempat makan dekat Labuan Bajo,Labuan Bajo Harbour. Paket komodo trip,Tujuan Wisata,"
GV8H+36M, Labuan Bajo, Kec. Komodo, Kabupaten Manggarai Barat, Nusa Tenggara Tim.","4,6",45,,https://www.google.com/maps/place/Labuan+Bajo+Harbour.+Paket+komodo+trip/data=!4m7!3m6!1s0x2db46729df392a05:0x7f21aaeadb1f92bf!8m2!3d-8.4847978!4d119.8780563!16s%2Fg%2F11sj83mjnt!19sChIJBSo53ylntC0Rv5If2-qqIX8?authuser=0&hl=id&rclk=1,-8.4847978,119.8780563
tempat makan dekat Labuan Bajo,TOKO BINTANG TIMUR,Pujasera,"
Jl. Ikan Kerapu Kampung ujung, Labuan Bajo, Kec. Komodo, Kabupaten Manggarai Barat, Nusa Tenggara Tim. 86754","4,2",1564,Rp 75–175 rb,https://www.google.com/maps/place/TOKO+BINTANG+TIMUR/data=!4m7!3m6!1s0x2db4667e74597399:0x4d5d681393f74227!8m2!3d-8.488773!4d119.875806!16s%2Fg%2F11cn9k02ff!19sChIJmXNZdH5mtC0RJ0L3kxNoXU0?authuser=0&hl=id&rclk=1,-8.488773,119.875806
tempat makan dekat Labuan Bajo,KISIK Seafood and Grill,Restoran Seafood,"
AYANA Komodo Resort, Waecicu Beach Pantai Waecicu, Labuan Bajo, Kec. Komodo, Kabupaten Manggarai Barat, Nusa Tenggara Tim. 86554","4,5",46,Rp 250.000+,https://www.google.com/maps/place/KISIK+Seafood+and+Grill/data=!4m7!3m6!1s0x2db46772baaf49a7:0x899f340b0aea4c96!8m2!3d-8.4683289!4d119.8739595!16s%2Fg%2F11gnq8d1p2!19sChIJp0mvunJntC0RlkzqCgs0n4k?authuser=0&hl=id&rclk=1,-8.4683289,119.8739595
tempat makan dekat Labuan Bajo,Café Melinjo - French Flavor,Toko Roti,"
Marina of Labuan Bajo & Executive Port 2nd floor, Jl. Soekarno Hatta, Labuan Bajo, Kec. Komodo, Kabupaten Manggarai Barat, Nusa Tenggara Tim.","4,7",611,Rp 50–150 rb,https://www.google.com/maps/place/Caf%C3%A9+Melinjo+-+French+Flavor/data=!4m7!3m6!1s0x2db46758f0f1614d:0xb0e8b623c29b5d1e!8m2!3d-8.4908871!4d119.8758655!16s%2Fg%2F11h1ldkkdm!19sChIJTWHx8FhntC0RHl2bwiO26LA?authuser=0&hl=id&rclk=1,-8.4908871,119.8758655
tempat makan dekat Labuan Bajo,Le Bajo Flores,Restoran,"
Jalan Pantai Reklamasi Lingkungan I, Kampung Ujung, Labuan Bajo, Kec. Komodo, Kabupaten Manggarai Barat, Nusa Tenggara Tim. 86711","4,6",688,Rp 250.000+,https://www.google.com/maps/place/Le+Bajo+Flores/data=!4m7!3m6!1s0x2db467381ddb44a3:0xe56038828cc8d279!8m2!3d-8.4837958!4d119.8786026!16s%2Fg%2F11v709_30x!19sChIJo0TbHThntC0RedLIjII4YOU?authuser=0&hl=id&rclk=1,-8.4837958,119.8786026
tempat makan dekat Labuan Bajo,Pelabuhan Labuan Bajo,Tujuan Wisata,"
GV4F+5VW, Labuan Bajo, Kec. Komodo, Kabupaten Manggarai Barat, Nusa Tenggara Tim.","4,6",245,,https://www.google.com/maps/place/Pelabuhan+Labuan+Bajo/data=!4m7!3m6!1s0x2db4676c37550521:0xd7603e1fb6ae6b62!8m2!3d-8.4945214!4d119.8747102!16s%2Fg%2F11rcwwptns!19sChIJIQVVN2xntC0RYmuuth8-YNc?authuser=0&hl=id&rclk=1,-8.4945214,119.8747102
tempat makan dekat Labuan Bajo,La Cecile Komodo Hotel and Cafe,,"
Jalan Golo No.Silatey, Labuan Bajo, Kec. Komodo, Kabupaten Manggarai Barat, Nusa Tenggara Tim.","4,5",1546,Rp 1.013.321,https://www.google.com/maps/place/La+Cecile+Komodo+Hotel+and+Cafe/data=!4m7!3m6!1s0x2db4667f9585022f:0x6108eb1bcec7fb1c!8m2!3d-8.4883584!4d119.8801094!16s%2Fg%2F11f4wtngtp!19sChIJLwKFlX9mtC0RHPvHzhvrCGE?authuser=0&hl=id&rclk=1,-8.4883584,119.8801094
tempat makan dekat Labuan Bajo,Pesona Bali Restaurant And Room,,"
GV5H+QPM, Jl. Soekarno Hatta, Labuan Bajo, Kec. Komodo, Kabupaten Manggarai Barat, Nusa Tenggara Tim.","3,8",393,Rp 277.075,https://www.google.com/maps/place/Pesona+Bali+Restaurant+And+Room/data=!4m10!3m9!1s0x2db46680652bd02b:0x53d36d5cd486106b!5m2!4m1!1i2!8m2!3d-8.4905281!4d119.8792877!16s%2Fg%2F11c5g6_64d!19sChIJK9ArZYBmtC0RaxCG1Fxt01M?authuser=0&hl=id&rclk=1,-8.4905281,119.8792877
tempat makan dekat Labuan Bajo,Kompiang Lejong - Oleh-Oleh Khas Labuan Bajo,Toko Roti,"
Jl. Yohanes Sahadoen Wae Kelambu, Labuan Bajo, Komodo, West Manggarai Regency, East Nusa Tenggara","4,9",517,Rp 25–100 rb,https://www.google.com/maps/place/Kompiang+Lejong+-+Oleh-Oleh+Khas+Labuan+Bajo/data=!4m7!3m6!1s0x2db465042424e221:0x68e481a5fc34a96e!8m2!3d-8.4957028!4d119.8856558!16s%2Fg%2F11rm_yx48v!19sChIJIeIkJARltC0Rbqk0_KWB5Gg?authuser=0&hl=id&rclk=1,-8.4957028,119.8856558
tempat makan dekat Labuan Bajo,Golo Hilltop Hotel & Restaurant,,"
Jl. Binongko, RT.1/RW.2, Labuan Bajo, Kec. Komodo, Flores, Nusa Tenggara Tim. 86554","4,5",357,Rp 621.754,https://www.google.com/maps/place/Golo+Hilltop+Hotel+%26+Restaurant/data=!4m7!3m6!1s0x2db46427c47f9a41:0x884d9dd4fce40f07!8m2!3d-8.4827125!4d119.8802031!16s%2Fg%2F121p71bk!19sChIJQZp_xCdktC0RBw_k_NSdTYg?authuser=0&hl=id&rclk=1,-8.4827125,119.8802031
tempat makan dekat Labuan Bajo,"Rumah Makan Siti Sara ""Beda Rasa""",Restoran Seafood,"
GV6G+85R, Indonesia, East Nusa Tenggara, West Manggarai Regency, Komodo, Jl. Soekarno Hatta, Labuan Bajo, Flores, West Manggarai Regency, East Nusa Tenggara 86554","4,9",8,Rp 100–125 rb,https://www.google.com/maps/place/Rumah+Makan+Siti+Sara+%22Beda+Rasa%22/data=!4m7!3m6!1s0x2db4672470922997:0x3da5a35a26f6ea1f!8m2!3d-8.4891268!4d119.8753919!16s%2Fg%2F11h7fyv0tc!19sChIJlymScCRntC0RH-r2JlqjpT0?authuser=0&hl=id&rclk=1,-8.4891268,119.8753919
tempat makan dekat Labuan Bajo,Dermaga Putih,Restoran,"
GV8G+PQ2, Labuan Bajo, Kec. Komodo, Kabupaten Manggarai Barat, Nusa Tenggara Tim.","4,3",162,,https://www.google.com/maps/place/Dermaga+Putih/data=!4m7!3m6!1s0x2db46678d8a6d5c1:0xb8b3884c11af8f!8m2!3d-8.4832323!4d119.8769053!16s%2Fg%2F11c6_zph7z!19sChIJwdWm2HhmtC0Rj68RTIizuAA?authuser=0&hl=id&rclk=1,-8.4832323,119.8769053
tempat makan dekat Labuan Bajo,Hong Signature Restaurant,Restoran,"
Jl. Soekarno Hatta No.15, Labuan Bajo, Kec. Komodo, Kabupaten Manggarai Barat, Nusa Tenggara Tim. 86754","4,6",417,Rp 50–175 rb,https://www.google.com/maps/place/Hong+Signature+Restaurant/data=!4m7!3m6!1s0x2db467ea83a03f7f:0x18c4ab694a696670!8m2!3d-8.4959821!4d119.8789957!16s%2Fg%2F11fnwxcbxh!19sChIJfz-gg-pntC0RcGZpSmmrxBg?authuser=0&hl=id&rclk=1,-8.4959821,119.8789957
tempat makan dekat Labuan Bajo,Tutup,,"
GV2P+QC6, Jl. Lamber Kape, Wae Kelambu, Kec. Komodo, Kabupaten Manggarai Barat, Nusa Tenggara Tim.","4,4",239,,https://www.google.com/maps/place/Tutup/data=!4m10!3m9!1s0x2db4659d51580e2b:0x46689963645c6d96!5m2!4m1!1i2!8m2!3d-8.4980966!4d119.8860159!16s%2Fg%2F11gvzbj5mz!19sChIJKw5YUZ1ltC0Rlm1cZGOZaEY?authuser=0&hl=id&rclk=1,-8.4980966,119.8860159
tempat makan dekat Labuan Bajo,"Wae Molas-Restaurant ""Your Urban Oasis""",Restoran,"
Jl. Soekarno Hatta, Goron Talo, Komodo, Kabupaten Manggarai Barat, Nusa, Tenggara, Goron Talo, Labuan Bajo, Komodo, West Manggarai Regency, East Nusa Tenggara 86554","4,5",388,,https://www.google.com/maps/place/Wae+Molas-Restaurant+%22Your+Urban+Oasis%22/data=!4m7!3m6!1s0x2db46427fd6ebf83:0x5b9c0cbb723391b1!8m2!3d-8.499407!4d119.882133!16s%2Fg%2F11g7zftm4d!19sChIJg79u_SdktC0RsZEzcrsMnFs?authuser=0&hl=id&rclk=1,-8.499407,119.882133
tempat makan dekat Labuan Bajo,"Escape Bajo (Brew, Bite, Bed)",,"
Jl. Binongko, Labuan Bajo, Kec. Komodo, Kabupaten Manggarai Barat, Nusa Tenggara Tim.","4,6",1548,Rp 667.835,"https://www.google.com/maps/place/Escape+Bajo+%28Brew,+Bite,+Bed%29/data=!4m10!3m9!1s0x2db4667ee6235cab:0x992260d932348357!5m2!4m1!1i2!8m2!3d-8.486556!4d119.8781019!16s%2Fg%2F11g02yrn1y!19sChIJq1wj5n5mtC0RV4M0MtlgIpk?authuser=0&hl=id&rclk=1",-8.486556,119.8781019
tempat makan dekat Labuan Bajo,BACK TO BAJO,Rumah Makan,"
Jalan Soekarno Hatta 266 Air Kemiri, Gorontalo, Labuan Bajo, Kec. Komodo, Kabupaten Manggarai Barat, Nusa Tenggara Tim. 86763","4,7",112,Rp 25–100 rb,https://www.google.com/maps/place/BACK+TO+BAJO/data=!4m7!3m6!1s0x2db467002830f857:0xeb879953347d57ed!8m2!3d-8.4991077!4d119.88123!16s%2Fg%2F11y2dbhy5p!19sChIJV_gwKABntC0R7Vd9NFOZh-s?authuser=0&hl=id&rclk=1,-8.4991077,119.88123
tempat makan dekat Labuan Bajo,Budi Luhur Restaurant,Restoran,"
Jl. Trans Flores, pasar baru, Kec. Komodo, Kabupaten Manggarai Barat, Nusa Tenggara Tim.","4,2",296,Rp 50–150 rb,https://www.google.com/maps/place/Budi+Luhur+Restaurant/data=!4m7!3m6!1s0x2db4642191288cc7:0x9d97b755430dd5!8m2!3d-8.5073212!4d119.8860687!16s%2Fg%2F11c1wvnl0n!19sChIJx4wokSFktC0R1Q1DVbeXnQA?authuser=0&hl=id&rclk=1,-8.5073212,119.8860687
tempat makan dekat Labuan Bajo,Bajo Sunset Hostel and Grill,,"
Jl. Reklamasi Pantai Kampung Ujung, Labuan Bajo, Kec. Komodo, Kabupaten Manggarai Barat, Nusa Tenggara Tim. 86554","3,9",170,Rp 458.478,https://www.google.com/maps/place/Bajo+Sunset+Hostel+and+Grill/data=!4m7!3m6!1s0x2db4667ee9a33147:0x2aaf460634a7d398!8m2!3d-8.4858446!4d119.8779481!16s%2Fg%2F11c54v6s25!19sChIJRzGj6X5mtC0RmNOnNAZGryo?authuser=0&hl=id&rclk=1,-8.4858446,119.8779481
tempat makan dekat Labuan Bajo,HOTEL Ayana Komodo Waecicu Beach,,"
Jalan Pantai Waecicu, Labuan Bajo, Kec. Komodo, Kabupaten Manggarai Barat, Nusa Tenggara Tim. 86554","4,7",3923,Rp 3.524.097,https://www.google.com/maps/place/HOTEL+Ayana+Komodo+Waecicu+Beach/data=!4m7!3m6!1s0x2db46761a6c4d03d:0x3eff1256d3efd22c!8m2!3d-8.467669!4d119.8744296!16s%2Fg%2F11f5q97cq3!19sChIJPdDEpmFntC0RLNLv01YS_z4?authuser=0&hl=id&rclk=1,-8.467669,119.8744296
tempat makan dekat Labuan Bajo,Labuan Square,Hotel,"
Jl. Soekarno Hatta, Gorontalo, Kec. Komodo, Kabupaten Manggarai Barat, Nusa Tenggara Tim.","4,4",220,,https://www.google.com/maps/place/Labuan+Square/data=!4m7!3m6!1s0x2db465bec2fc976f:0xbbaef32f1cc06bd!8m2!3d-8.4985625!4d119.8827575!16s%2Fg%2F11h5w8mn0n!19sChIJb5f8wr5ltC0RvQbM8TLvugs?authuser=0&hl=id&rclk=1,-8.4985625,119.8827575
tempat makan dekat Labuan Bajo,Senja Eatery,Restoran,"
Jl. Soekarno Hatta, Labuan Bajo, Kec. Komodo, Kabupaten Manggarai Barat, Nusa Tenggara Tim. 86754","4,6",370,Rp 50–150 rb,https://www.google.com/maps/place/Senja+Eatery/data=!4m7!3m6!1s0x2db467cc226c9d6d:0x7c99a3c0fea7c786!8m2!3d-8.4923632!4d119.8775808!16s%2Fg%2F11s932jgz0!19sChIJbZ1sIsxntC0Rhsen_sCjmXw?authuser=0&hl=id&rclk=1,-8.4923632,119.8775808
tempat makan dekat Labuan Bajo,Baccalá,Restoran Mediterania,"
Jl. Mutiara, Labuan Bajo, Kec. Komodo, Kabupaten Manggarai Barat, Nusa Tenggara Tim.","4,8",1928,,https://www.google.com/maps/place/Baccal%C3%A1/data=!4m7!3m6!1s0x2db467969277f39d:0x7551618d860e3efc!8m2!3d-8.4917697!4d119.8780264!16s%2Fg%2F11h6v8k8_l!19sChIJnfN3kpZntC0R_D4Oho1hUXU?authuser=0&hl=id&rclk=1,-8.4917697,119.8780264
tempat makan dekat Labuan Bajo,Batawa Labuan Bajo,Warung nasi,"
Labuan Bajo, Kec. Komodo, Kabupaten Manggarai Barat, Nusa Tenggara Tim. 86554","4,2",5,,https://www.google.com/maps/place/Batawa+Labuan+Bajo/data=!4m7!3m6!1s0x2db4659fafe4d71d:0x97ba05827d05a6b7!8m2!3d-8.489134!4d119.8858241!16s%2Fg%2F11ltgr43w4!19sChIJHdfkr59ltC0Rt6YFfYIFupc?authuser=0&hl=id&rclk=1,-8.489134,119.8858241
tempat makan dekat Labuan Bajo,Artomoro Restaurant and Grill,Restoran Seafood,"
Jl. Soekarno Hatta, Labuan Bajo, Kec. Komodo, Kabupaten Manggarai Barat, Nusa Tenggara Tim. 86754","4,4",1572,Rp 75–200 rb,https://www.google.com/maps/place/Artomoro+Restaurant+and+Grill/data=!4m7!3m6!1s0x2db46681100ecc2b:0x966fa90fdf415b15!8m2!3d-8.4931131!4d119.8778445!16s%2Fg%2F11c5xmkvsj!19sChIJK8wOEIFmtC0RFVtB3w-pb5Y?authuser=0&hl=id&rclk=1,-8.4931131,119.8778445
tempat makan dekat Labuan Bajo,The Kitchen Garden Bajo,Restoran,"
Jl. Raimundus Rambu, Labuan Bajo, Kec. Komodo, Kabupaten Manggarai Barat, Nusa Tenggara Tim. 86763","4,9",181,Rp 75–225 rb,https://www.google.com/maps/place/The+Kitchen+Garden+Bajo/data=!4m7!3m6!1s0x2db46537a68f9879:0xb718df905edd776!8m2!3d-8.4793657!4d119.9016438!16s%2Fg%2F11vzfn35jg!19sChIJeZiPpjdltC0RdtftBfmNcQs?authuser=0&hl=id&rclk=1,-8.4793657,119.9016438
tempat makan dekat Labuan Bajo,Sangkar Lobster,Restoran Seafood,"
GV8J+72J, Jl. Elang Barat, Labuan Bajo, Kec. Komodo, Kabupaten Manggarai Barat, Nusa Tenggara Tim.","3,3",38,Rp 250.000+,https://www.google.com/maps/place/Sangkar+Lobster/data=!4m7!3m6!1s0x2db467e18cc6d361:0x4b85ef1d67b7000c!8m2!3d-8.4842861!4d119.8800156!16s%2Fg%2F11v3gp27xc!19sChIJYdPGjOFntC0RDAC3Zx3vhUs?authuser=0&hl=id&rclk=1,-8.4842861,119.8800156
tempat makan dekat Likupang,KADOMEYAN JO (Family Restaurant),Restoran,"
Jl. Sukur-Likupang, Jaga 1, Dimembe, Kec. Dimembe, Kabupaten Minahasa Utara, Sulawesi Utara 95373","4,5",352,Rp 25–50 rb,https://www.google.com/maps/place/KADOMEYAN+JO+%28Family+Restaurant%29/data=!4m7!3m6!1s0x3287098e5791119d:0xf24dda8a673e79d5!8m2!3d1.4993588!4d124.9788458!16s%2Fg%2F11qgb8k5tb!19sChIJnRGRV44JhzIR1Xk-Z4raTfI?authuser=0&hl=id&rclk=1,1.4993588,124.9788458
tempat makan dekat Likupang,MR.mutiara,,"
M3C4+R47, Likupang II, Kec. Likupang Tim., Kabupaten Minahasa Utara, Sulawesi Utara",,,,https://www.google.com/maps/place/MR.mutiara/data=!4m7!3m6!1s0x3287b1fe24988aa7:0x2541529499932c86!8m2!3d1.672033!4d125.055298!16s%2Fg%2F11j00ny531!19sChIJp4qYJP6xhzIRhiyTmZRSQSU?authuser=0&hl=id&rclk=1,1.672033,125.055298
tempat makan dekat Likupang,Kios Tante ilot,Restoran,"
M3C4+R47, Likupang II, Kec. Likupang Tim., Kabupaten Minahasa Utara, Sulawesi Utara","5,0",1,,https://www.google.com/maps/place/Kios+Tante+ilot/data=!4m7!3m6!1s0x3287b1e964960ea7:0x4be4be8e0c7e3c0e!8m2!3d1.672033!4d125.055298!16s%2Fg%2F11hyd3k_69!19sChIJpw6WZOmxhzIRDjx-DI6-5Es?authuser=0&hl=id&rclk=1,1.672033,125.055298
tempat makan dekat Danau Toba,Alyssa Restaurant Pizza,Restoran Barbeque,"
Tuktuk Siadong, Simanindo, Kabupaten Samosir, Sumatera Utara 22395","4,4",173,Rp 25–150 rb,https://www.google.com/maps/place/Alyssa+Restaurant+Pizza/data=!4m7!3m6!1s0x3031ea1f2cf04ab9:0xfe9c9d4b8235a7e4!8m2!3d2.6710381!4d98.8560262!16s%2Fg%2F11c1r1v9fg!19sChIJuUrwLB_qMTAR5Kc1gkudnP4?authuser=0&hl=id&rclk=1,2.6710381,98.8560262
tempat makan dekat Danau Toba,Restaurant Hong Kong,Restoran Mandarin,"
Jl. Haranggaol, Tiga Raja, Kec. Girsang Sipangan Bolon, Kabupaten Simalungun, Sumatera Utara 21174","4,1",259,Rp 50–75 rb,https://www.google.com/maps/place/Restaurant+Hong+Kong/data=!4m7!3m6!1s0x3031eea99528d9d3:0x171488298f144a6c!8m2!3d2.6644823!4d98.9312756!16s%2Fg%2F1hm5_tqfr!19sChIJ09kolanuMTARbEoUjymIFBc?authuser=0&hl=id&rclk=1,2.6644823,98.9312756
tempat makan dekat Danau Toba,Pantai Pasir Putih Parbaba,Pantai,"
Parbaba Dolok, Kec. Pangururan, Kabupaten Samosir, Sumatera Utara","4,2",2963,,https://www.google.com/maps/place/Pantai+Pasir+Putih+Parbaba/data=!4m7!3m6!1s0x3031c645a45d4f41:0x49aff691571c6464!8m2!3d2.695096!4d98.6897135!16s%2Fg%2F11b6zxmg8l!19sChIJQU9dpEXGMTARZGQcV5H2r0k?authuser=0&hl=id&rclk=1,2.695096,98.6897135
tempat makan dekat Danau Toba,Danau Toba Parapat,Tujuan Wisata,"
MWMG+GCG, Jl. Siborongborong - Parapat, Sibaganding, Kec. Girsang Sipangan Bolon, Kabupaten Simalungun, Sumatera Utara 21174","4,7",4717,,https://www.google.com/maps/place/Danau+Toba+Parapat/data=!4m7!3m6!1s0x3031ec0aec8857d1:0x64c153b8e68294d4!8m2!3d2.68382!4d98.926076!16s%2Fg%2F11ckr980kr!19sChIJ0VeI7ArsMTAR1JSC5rhTwWQ?authuser=0&hl=id&rclk=1,2.68382,98.926076
tempat makan dekat Danau Toba,Betesda Cafe Balige,Restoran Batak,"
82WV+PVR, Danau Toba, Sibola Hotangsas, Balige, Toba, North Sumatra 22312","4,3",42,Rp 25–75 rb,https://www.google.com/maps/place/Betesda+Cafe+Balige/data=!4m7!3m6!1s0x302e049c9fe49b19:0x9098d2f81b91bcd!8m2!3d2.346859!4d99.0446427!16s%2Fg%2F11dxs0r_95!19sChIJGZvkn5wELjARzRu5gS-NCQk?authuser=0&hl=id&rclk=1,2.346859,99.0446427
tempat makan dekat Danau Toba,Damasus Nataboan Resto,Restoran,"
Lake Toba, 21174","3,9",287,Rp 50–125 rb,https://www.google.com/maps/place/Damasus+Nataboan+Resto/data=!4m7!3m6!1s0x3031ebf58620c2d7:0xc7cb15ac79f73dcf!8m2!3d2.6919499!4d98.9198514!16s%2Fg%2F11c5h45lpx!19sChIJ18IghvXrMTARzz33eawVy8c?authuser=0&hl=id&rclk=1,2.6919499,98.9198514
tempat makan dekat Danau Toba,Tipang Mas - Restoran & Pemancingan,Restoran Ikan Bakar,"
Tipang, Kec. Bakti Raja, Kabupaten Humbang Hasundutan, Sumatera Utara 22457","4,2",320,Rp 25–50 rb,https://www.google.com/maps/place/Tipang+Mas+-+Restoran+%26+Pemancingan/data=!4m7!3m6!1s0x302e221dc03f591d:0x556d65f12c33b0c6!8m2!3d2.3518783!4d98.8207876!16s%2Fg%2F11bzy8bx50!19sChIJHVk_wB0iLjARxrAzLPFlbVU?authuser=0&hl=id&rclk=1,2.3518783,98.8207876
tempat makan dekat Danau Toba,The Kaldera,Tujuan Wisata,"
Sigapiton, Kec. Ajibata, Toba, Sumatera Utara 22386","4,6",3648,,https://www.google.com/maps/place/The+Kaldera/data=!4m7!3m6!1s0x3031ef11fbe7a0f9:0x75154767a18d02c8!8m2!3d2.6067911!4d98.9459367!16s%2Fg%2F11fkn47m3h!19sChIJ-aDn-xHvMTARyAKNoWdHFXU?authuser=0&hl=id&rclk=1,2.6067911,98.9459367
tempat makan dekat Danau Toba,RM.MUSLIM NANDA,Rumah Makan,"
FJWX+MX2, Jl. Lintas Barat Sumatera, Partungko Naginjang, Kec. Harian, Kabupaten Samosir, Sumatera Utara 22396","4,6",37,Rp 25–50 rb,https://www.google.com/maps/place/RM.MUSLIM+NANDA/data=!4m7!3m6!1s0x3031d782b681b83b:0x3259f8ccf65001e!8m2!3d2.4966874!4d98.6497026!16s%2Fg%2F11n__91crm!19sChIJO7iBtoLXMTARHgBlz4yfJQM?authuser=0&hl=id&rclk=1,2.4966874,98.6497026
tempat makan dekat Danau Toba,Samuel's Restaurant,Restoran,"
Samuel Restaurant Tuktuk, Jl. Lkr. Tuktuk, Tuktuk Siadong, Simanindo, Kabupaten Samosir, Sumatera Utara 22395","4,7",103,Rp 25–125 rb,https://www.google.com/maps/place/Samuel%27s+Restaurant/data=!4m7!3m6!1s0x3031ebf4c17628e7:0xb20658f4639913f4!8m2!3d2.6764567!4d98.8533366!16s%2Fg%2F11fdx1kjz2!19sChIJ5yh2wfTrMTAR9BOZY_RYBrI?authuser=0&hl=id&rclk=1,2.6764567,98.8533366
tempat makan dekat Danau Toba,ANDRIAN RUMAH MAKAN NASIONAL,Rumah Makan,"
Jl. Lkr. Tuktuk No.Kelurahan, Tuktuk Siadong, Simanindo, Kabupaten Samosir, Sumatera Utara 22395","4,5",167,Rp 25–50 rb,https://www.google.com/maps/place/ANDRIAN+RUMAH+MAKAN+NASIONAL/data=!4m7!3m6!1s0x3031ea1e9eaa92e5:0x2d909ad8f8ffb041!8m2!3d2.6699247!4d98.8531994!16s%2Fg%2F11gcx_m_6n!19sChIJ5ZKqnh7qMTARQbD_-NiakC0?authuser=0&hl=id&rclk=1,2.6699247,98.8531994
tempat makan dekat Danau Toba,Damar Toba ~ Lakeside Eatery & Stay,,"
Jl. Pemandian No.94, Kec. Balige, Sumatera Utara 22312","4,8",6266,Rp 827.925,https://www.google.com/maps/place/Damar+Toba+~+Lakeside+Eatery+%26+Stay/data=!4m10!3m9!1s0x302e059cbc693a77:0x58c5d9d42c4dcdbd!5m2!4m1!1i2!8m2!3d2.3404454!4d99.0505864!16s%2Fg%2F11sg7xf7p8!19sChIJdzppvJwFLjARvc1NLNTZxVg?authuser=0&hl=id&rclk=1,2.3404454,99.0505864
tempat makan dekat Danau Toba,Warung Muslim 66,Warung nasi,"
Holbung, Janjimartahan, Kec Harian, Janji Martahan, Kec. Pangururan, Kabupaten Samosir, Sumatera Utara 22391","4,3",36,Rp 25–50 rb,https://www.google.com/maps/place/Warung+Muslim+66/data=!4m7!3m6!1s0x3031dbe8ff7d2533:0xdf94eda810bc60f2!8m2!3d2.538469!4d98.6864953!16s%2Fg%2F11qh7nr5v5!19sChIJMyV9_-jbMTAR8mC8EKjtlN8?authuser=0&hl=id&rclk=1,2.538469,98.6864953
tempat makan dekat Danau Toba,Willem's Resto Cafe & Bar,Restoran,"
Jl. Pulau Samosir, Garoga, Simanindo, Kabupaten Samosir, Sumatera Utara 22395","4,8",650,Rp 50–200 rb,https://www.google.com/maps/place/Willem%27s+Resto+Cafe+%26+Bar/data=!4m7!3m6!1s0x3031eb9211349d91:0x99b92f3bc3662a1b!8m2!3d2.6739055!4d98.8375076!16s%2Fg%2F11j_0t8lvf!19sChIJkZ00EZLrMTARGypmwzsvuZk?authuser=0&hl=id&rclk=1,2.6739055,98.8375076
tempat makan dekat Danau Toba,Aek Rangat Pangururan,Tujuan Wisata,"
Aek Rangat, Kec. Pangururan, Kabupaten Samosir, Sumatera Utara 22392","4,3",1672,,https://www.google.com/maps/place/Aek+Rangat+Pangururan/data=!4m7!3m6!1s0x3031db9325239f09:0xb4ecb7e34f9a528f!8m2!3d2.6186837!4d98.6755199!16s%2Fg%2F11fz7h1129!19sChIJCZ8jJZPbMTARj1KaT-O37LQ?authuser=0&hl=id&rclk=1,2.6186837,98.6755199
tempat makan dekat Danau Toba,Pondok Azzahra,Rumah Makan,"
Jl. Sisingamangaraja, Parapat, Kec. Girsang Sipangan Bolon, Kabupaten Simalungun, Sumatera Utara 21174","4,4",152,Rp 1–25.000,https://www.google.com/maps/place/Pondok+Azzahra/data=!4m7!3m6!1s0x3031ee9fc81790cf:0xb4145466bc7cd684!8m2!3d2.6644846!4d98.9487708!16s%2Fg%2F11f4lb29lg!19sChIJz5AXyJ_uMTARhNZ8vGZUFLQ?authuser=0&hl=id&rclk=1,2.6644846,98.9487708
tempat makan dekat Danau Toba,BPK & Tombur Orangta,Restoran,"
Cinta Dame, Simanindo, Kabupaten Samosir, Sumatera Utara 22395","4,5",156,Rp 25–50 rb,https://www.google.com/maps/place/BPK+%26+Tombur+Orangta/data=!4m7!3m6!1s0x3031c3fb167ed5f3:0x769e423965039097!8m2!3d2.7559479!4d98.7336905!16s%2Fg%2F11t30xwpt4!19sChIJ89V-FvvDMTARl5ADZTlCnnY?authuser=0&hl=id&rclk=1,2.7559479,98.7336905
tempat makan dekat Danau Toba,Latosu cafe,Restoran cepat saji,"
Parapat, Kec. Girsang Sipangan Bolon, Kabupaten Simalungun, Sumatera Utara 21174","4,0",5,,https://www.google.com/maps/place/Latosu+cafe/data=!4m7!3m6!1s0x3031ef810f70a255:0x6c19fec3aed48213!8m2!3d2.664411!4d98.948434!16s%2Fg%2F11g0g51lmm!19sChIJVaJwD4HvMTARE4LUrsP-GWw?authuser=0&hl=id&rclk=1,2.664411,98.948434
tempat makan dekat Danau Toba,Restaurant Istana Minang 2,Restoran Padang,"
Jl. Sisingamangaraja No.72, Naga Huta, Siantar Marihat, Kota Pematang Siantar, Sumatera Utara 21114","3,6",563,Rp 25–100 rb,https://www.google.com/maps/place/Restaurant+Istana+Minang+2/data=!4m7!3m6!1s0x3031ec1dbf969eff:0x3d994f77fc80f0f7!8m2!3d2.6668504!4d98.9399626!16s%2Fg%2F11gf96zbwv!19sChIJ_56Wvx3sMTAR9_CA_HdPmT0?authuser=0&hl=id&rclk=1,2.6668504,98.9399626
tempat makan dekat Danau Toba,Wisata Panatapan Dolok Nagugun Sipira/Bukit Sipira,Tujuan Wisata,"
Sipira, Kec. Onan Runggu, Kabupaten Samosir, Sumatera Utara 22397","4,8",228,,https://www.google.com/maps/place/Wisata+Panatapan+Dolok+Nagugun+Sipira%2FBukit+Sipira/data=!4m7!3m6!1s0x3031e7a41c5f5de7:0x58ef715deecf5ddd!8m2!3d2.5502248!4d98.9053239!16s%2Fg%2F11mvnk8bhv!19sChIJ511fHKTnMTAR3V3P7l1x71g?authuser=0&hl=id&rclk=1,2.5502248,98.9053239
tempat makan dekat Danau Toba,"Marianna Resort & Convention Tuktuk - Samosir, Marclan Collection",,"
MV92+7JW, JL. PUD, Tuktuk Siadong, Simanindo, Kabupaten Samosir, Sumatera Utara 22395","4,9",9133,Rp 1.597.968,"https://www.google.com/maps/place/Marianna+Resort+%26+Convention+Tuktuk+-+Samosir,+Marclan+Collection/data=!4m7!3m6!1s0x30313170eab867ad:0x6d78bf0230021538!8m2!3d2.6676358!4d98.8514378!16s%2Fg%2F11sd3c93rv!19sChIJrWe46nAxMTAROBUCMAK_eG0?authuser=0&hl=id&rclk=1",2.6676358,98.8514378
tempat makan dekat Danau Toba,Restaurant DUGUL,Restoran Makanan Sehat,"
Pinda raya desa siallagan pinda raya, Kabupaten Samosir, Sumatera Utara 22395","4,6",12,Rp 25–50 rb,https://www.google.com/maps/place/Restaurant+DUGUL/data=!4m7!3m6!1s0x3031ebd6a3c42e37:0xead0a098d8987711!8m2!3d2.679295!4d98.8410765!16s%2Fg%2F11nxc83w07!19sChIJNy7Eo9brMTAREXeY2Jig0Oo?authuser=0&hl=id&rclk=1,2.679295,98.8410765
tempat makan dekat Danau Toba,Poppy's Restaurant & Guest House,Restoran,"
Jl. Lkr. Tuktuk No.Kelurahan, Tuktuk Siadong, Simanindo, Kabupaten Samosir, Sumatera Utara 22395","4,7",84,Rp 25–50 rb,https://www.google.com/maps/place/Poppy%27s+Restaurant+%26+Guest+House/data=!4m7!3m6!1s0x3031ea176e068be9:0x7421a0a1df19e652!8m2!3d2.6769942!4d98.8549611!16s%2Fg%2F11ck5t8h37!19sChIJ6YsGbhfqMTARUuYZ36GgIXQ?authuser=0&hl=id&rclk=1,2.6769942,98.8549611
tempat makan dekat Danau Toba,"Rumah makan MUSLIM "" Y U S R A "" Tuk tuk Siadong",Restoran,"
Jl. Lingkar Tuk tuk Siadong, Samosir, Tuktuk Siadong, Simanindo, Pulau Samosir, Sumatera Utara","4,9",650,Rp 25–50 rb,https://www.google.com/maps/place/Rumah+makan+MUSLIM+%22+Y+U+S+R+A+%22+Tuk+tuk+Siadong/data=!4m7!3m6!1s0x3031eb0079ab3757:0xd1522f2466d0ed94!8m2!3d2.6626573!4d98.8490528!16s%2Fg%2F11vzz3ywz7!19sChIJVzereQDrMTARlO3QZiQvUtE?authuser=0&hl=id&rclk=1,2.6626573,98.8490528
tempat makan dekat Danau Toba,Restoran Tabo Toko Roti dan Sangrai Kopi,Restoran,"
Jl. Lkr. Tuktuk No.115 Toba, Tuktuk Siadong, Simanindo, Kabupaten Samosir, Sumatera Utara 22395","4,4",42,Rp 50–75 rb,https://www.google.com/maps/place/Restoran+Tabo+Toko+Roti+dan+Sangrai+Kopi/data=!4m7!3m6!1s0x3031ebc78a18ba61:0xb60a30c8e5caf634!8m2!3d2.6706936!4d98.8555629!16s%2Fg%2F11t7f6mykl!19sChIJYboYisfrMTARNPbK5cgwCrY?authuser=0&hl=id&rclk=1,2.6706936,98.8555629
tempat makan dekat Danau Toba,Tabo Cottages,,"
Jl. Lkr. Tuktuk, Tuktuk Siadong, Simanindo, Kabupaten Samosir, Sumatera Utara 22395","4,6",1437,Rp 790.909,https://www.google.com/maps/place/Tabo+Cottages/data=!4m10!3m9!1s0x3031eea4c4893d8d:0xddac01e076ea3756!5m2!4m1!1i2!8m2!3d2.6703569!4d98.8559241!16s%2Fg%2F1pzrvhytx!19sChIJjT2JxKTuMTARVjfqduABrN0?authuser=0&hl=id&rclk=1,2.6703569,98.8559241
tempat makan dekat Danau Toba,Joe's Restaurant,Restoran,"
Kabupaten Samosir, Sumatera Utara 22395","4,8",109,Rp 25–50 rb,https://www.google.com/maps/place/Joe%27s+Restaurant/data=!4m7!3m6!1s0x3031ea0f6df044f1:0x41d99c48b2856628!8m2!3d2.6772688!4d98.8440409!16s%2Fg%2F11bwn6n076!19sChIJ8UTwbQ_qMTARKGaFskic2UE?authuser=0&hl=id&rclk=1,2.6772688,98.8440409
tempat makan dekat Danau Toba,Rumah Makan Rahmat,Rumah Makan,"
MVG2+W7H, Jalan Lingkar Tuktuk Tuktuk Siadong, Kabupaten, Simanindo, Sumatera Utara 22395","4,8",43,Rp 25–50 rb,https://www.google.com/maps/place/Rumah+Makan+Rahmat/data=!4m7!3m6!1s0x3031eb72caa1f2a7:0x137109ce1367b988!8m2!3d2.6773027!4d98.8507484!16s%2Fg%2F11fdx4lxz1!19sChIJp_KhynLrMTARiLlnE84JcRM?authuser=0&hl=id&rclk=1,2.6773027,98.8507484
tempat makan dekat Danau Toba,River Side Samosir,Restoran,"
Jln, Turpuk Malau, Kec. Harian, Kabupaten Samosir, Sumatera Utara 22391","4,7",152,Rp 25–50 rb,https://www.google.com/maps/place/River+Side+Samosir/data=!4m7!3m6!1s0x302e29a1e1f26f6d:0xa5fc607cced0c3bb!8m2!3d2.5565017!4d98.6617484!16s%2Fg%2F11ty709_t5!19sChIJbW_y4aEpLjARu8PQznxg_KU?authuser=0&hl=id&rclk=1,2.5565017,98.6617484
tempat makan dekat Danau Toba,Warung Makan Padana,Restoran Padang,"
MV36+5JV Parsaoran, Jl. Horas, Tomok, Simanindo, Kabupaten Samosir, Sumatera Utara 22395","4,7",10,,https://www.google.com/maps/place/Warung+Makan+Padana/data=!4m7!3m6!1s0x3031e993a181d509:0x295b5f1e8ddf01d5!8m2!3d2.6529914!4d98.8615611!16s%2Fg%2F11csp_sx8r!19sChIJCdWBoZPpMTAR1QHfjR5fWyk?authuser=0&hl=id&rclk=1,2.6529914,98.8615611
tempat makan dekat Danau Toba,HuB Tata - Cafe & Guesthouse,,"
Jl. Lkr. Tuktuk, Tuktuk Siadong, Sumatera Utara 22395","4,7",215,Rp 401.591,https://www.google.com/maps/place/HuB+Tata+-+Cafe+%26+Guesthouse/data=!4m7!3m6!1s0x3031eb28048d3327:0xfd7cd70198bd3a94!8m2!3d2.6772653!4d98.8507506!16s%2Fg%2F11kjcs1h23!19sChIJJzONBCjrMTARlDq9mAHXfP0?authuser=0&hl=id&rclk=1,2.6772653,98.8507506
tempat makan dekat Danau Toba,Kafe Pak Pos,Restoran Indonesia,"
Jl. Sisingamangaraja, Tiga Raja, Kec. Girsang Sipangan Bolon, Kabupaten Simalungun, Sumatera Utara 21174","4,1",1080,Rp 25–50 rb,https://www.google.com/maps/place/Kafe+Pak+Pos/data=!4m7!3m6!1s0x3031ec1daeaf8fdd:0x999dcd3e91674762!8m2!3d2.6676318!4d98.9387167!16s%2Fg%2F11cjj3pnpk!19sChIJ3Y-vrh3sMTARYkdnkT7NnZk?authuser=0&hl=id&rclk=1,2.6676318,98.9387167
tempat makan dekat Danau Toba,WinTie CoffeeShop-Parapat,Kafe,"
WinTie CoffeeShop, Simpang Sitahoan, Sipangan Bolon, Kec. Girsang Sipangan Bolon, Kabupaten Simalungun, Sumatera Utara 21174","4,5",240,Rp 25–50 rb,https://www.google.com/maps/place/WinTie+CoffeeShop-Parapat/data=!4m7!3m6!1s0x3031ec1ce4bb246b:0x6e9c27ac5956a28c!8m2!3d2.6309669!4d98.9869412!16s%2Fg%2F11dxkdbdzn!19sChIJayS75BzsMTARjKJWWawnnG4?authuser=0&hl=id&rclk=1,2.6309669,98.9869412
tempat makan dekat Danau Toba,LA PINUS DAMASUS BISTRO & RESTO,Restoran,"
Dekat Simpang Hotel Patra Jasa, Jl Siborong borong Panatapan Sibaganding Parapat Danau Toba, Sipangan Bolon, Sipanganbolon, Sibaganding, Girsang Sipangan Bolon, Simalungun Regency, North Sumatra 21174","4,1",1253,Rp 25–50 rb,https://www.google.com/maps/place/LA+PINUS+DAMASUS+BISTRO+%26+RESTO/data=!4m7!3m6!1s0x3031eb870d554f39:0xdf2624bf6fa6316b!8m2!3d2.6975139!4d98.9226362!16s%2Fg%2F11f11nlkxy!19sChIJOU9VDYfrMTARazGmb78kJt8?authuser=0&hl=id&rclk=1,2.6975139,98.9226362
tempat makan dekat Danau Toba,RM KHAS BATAK DAINANG,Restoran Batak,"
Lumban Sitorus, Kec. Parmaksian, Toba, Sumatera Utara 22384","4,6",38,Rp 25–50 rb,https://www.google.com/maps/place/RM+KHAS+BATAK+DAINANG/data=!4m7!3m6!1s0x3031ff4d4f5b240b:0xabf1433dd36b1d20!8m2!3d2.4618311!4d99.1707336!16s%2Fg%2F11gwm9r3mw!19sChIJCyRbT03_MTARIB1r0z1D8as?authuser=0&hl=id&rclk=1,2.4618311,99.1707336
tempat makan dekat Danau Toba,THE MARIO'S Eatery & Cafe,Restoran Masakan Barat,"
H2RP+G3F, Jl. Siborongborong - Parapat, Sionggang Utara, Kec. Lumban Julu, Toba, Sumatera Utara 22386","4,3",929,Rp 50–75 rb,https://www.google.com/maps/place/THE+MARIO%27S+Eatery+%26+Cafe/data=!4m7!3m6!1s0x3031f1005bcaade1:0x5b2d693d0200445!8m2!3d2.5902919!4d99.0363405!16s%2Fg%2F11vrh6v8pm!19sChIJ4a3KWwDxMTARRQQg0JPWsgU?authuser=0&hl=id&rclk=1,2.5902919,99.0363405
tempat makan dekat Danau Toba,Rumah Makan Khas Batak Moranta Simbolon,Restoran Batak,"
Jl. Gereja, Kabupaten Samosir, Sumatera Utara 22392","4,5",46,Rp 25–50 rb,https://www.google.com/maps/place/Rumah+Makan+Khas+Batak+Moranta+Simbolon/data=!4m7!3m6!1s0x3031c519bd6d5501:0x691e1d5ddbcafe92!8m2!3d2.6122783!4d98.6951979!16s%2Fg%2F11j30ysws3!19sChIJAVVtvRnFMTARkv7K210dHmk?authuser=0&hl=id&rclk=1,2.6122783,98.6951979
tempat makan dekat Danau Toba,Valencia Homestay Mitra RedDoorz,,"
Jl. Josep Sinaga, Tiga Raja, Kec. Girsang Sipangan Bolon, Kabupaten Simalungun, Sumatera Utara 21174","4,4",51,Rp 100.419,https://www.google.com/maps/place/Valencia+Homestay+Mitra+RedDoorz/data=!4m10!3m9!1s0x3031ef0183f6acad:0x99b660c3782c8cb7!5m2!4m1!1i2!8m2!3d2.6626402!4d98.9376716!16s%2Fg%2F11rptdw6rz!19sChIJraz2gwHvMTARt4wseMNgtpk?authuser=0&hl=id&rclk=1,2.6626402,98.9376716
tempat makan dekat Danau Toba,Tepi Coffee,Kafe,"
Jl. Danau Toba No.13, Ps. Pangururan, Kec. Pangururan, Kabupaten Samosir, Sumatera Utara 22392","4,0",782,Rp 25–50 rb,https://www.google.com/maps/place/Tepi+Coffee/data=!4m7!3m6!1s0x3031c5b0b1049a87:0xab8a737d9fb5c7f6!8m2!3d2.6070291!4d98.6968593!16s%2Fg%2F11ft622b91!19sChIJh5oEsbDFMTAR9se1n31ziqs?authuser=0&hl=id&rclk=1,2.6070291,98.6968593
tempat makan dekat Danau Toba,RM BERKAH Nasional Muslim,Rumah Makan,"
MWRF+37X, Jl. Siborongborong - Parapat, Sibaganding, Kec. Girsang Sipangan Bolon, Kabupaten Simalungun, Sumatera Utara 21174","4,3",263,Rp 25–50 rb,https://www.google.com/maps/place/RM+BERKAH+Nasional+Muslim/data=!4m7!3m6!1s0x3031ebd97aa9f99b:0x7ddb00df84623ece!8m2!3d2.6902406!4d98.9232366!16s%2Fg%2F11f650b_k0!19sChIJm_mpetnrMTARzj5ihN8A230?authuser=0&hl=id&rclk=1,2.6902406,98.9232366
tempat makan dekat Danau Toba,PALITO COFFEE AND RESTO,Restoran,"
JP52+655, Ps. Pangururan, Kec. Pangururan, Kabupaten Samosir, Sumatera Utara 22392","4,1",545,Rp 25–50 rb,https://www.google.com/maps/place/PALITO+COFFEE+AND+RESTO/data=!4m7!3m6!1s0x3031c521d9939ddd:0x10dcdd72bdd5768!8m2!3d2.6082031!4d98.7005382!16s%2Fg%2F11bzyxqd_r!19sChIJ3Z2T2SHFMTARaFfdK9fNDQE?authuser=0&hl=id&rclk=1,2.6082031,98.7005382
tempat makan dekat Danau Toba,rumah makan alin,Restoran Asia,"
MR8V+246, Garoga, Simanindo, Kabupaten Samosir, Sumatera Utara","4,7",40,Rp 75–100 rb,https://www.google.com/maps/place/rumah+makan+alin/data=!4m7!3m6!1s0x3031e9005bbd822f:0x2e1e9df00fb9627f!8m2!3d2.6656887!4d98.8424002!16s%2Fg%2F11x366czjq!19sChIJL4K9WwDpMTARf2K5D_CdHi4?authuser=0&hl=id&rclk=1,2.6656887,98.8424002
tempat makan dekat Danau Toba,Rumah Makan Islam Pondok Akbar,Restoran,"
Tuktuk Siadong, Simanindo, Kabupaten Samosir, Sumatera Utara","4,5",17,,https://www.google.com/maps/place/Rumah+Makan+Islam+Pondok+Akbar/data=!4m7!3m6!1s0x3031e9fc3b6811cf:0x16f74c3cb79a3a27!8m2!3d2.6593875!4d98.8471478!16s%2Fg%2F11gr1z_89_!19sChIJzxFoO_zpMTARJzqatzxM9xY?authuser=0&hl=id&rclk=1,2.6593875,98.8471478
tempat makan dekat Danau Toba,Sekapur Sirih,Restoran,"
Jl. Lkr. Tuktuk, Tuktuk Siadong, Simanindo, Kabupaten Samosir, Sumatera Utara 22395","4,3",208,Rp 50–200 rb,https://www.google.com/maps/place/Sekapur+Sirih/data=!4m7!3m6!1s0x3031ea21d5b2e243:0x6c79b467fa6a9ff6!8m2!3d2.6689631!4d98.8584694!16s%2Fg%2F11cpkyk89p!19sChIJQ-Ky1SHqMTAR9p9q-me0eWw?authuser=0&hl=id&rclk=1,2.6689631,98.8584694
tempat makan dekat Danau Toba,Hotel and Restaurant Singgalang,,"
Jl. Sisingamangaraja No.52, Tiga Raja, Kec. Girsang Sipangan Bolon, Kabupaten Simalungun, Sumatera Utara 21174","4,0",276,,https://www.google.com/maps/place/Hotel+and+Restaurant+Singgalang/data=!4m10!3m9!1s0x3031ec1f0afb2fa3:0xf7576c0acffc3538!5m2!4m1!1i2!8m2!3d2.6669509!4d98.9393185!16s%2Fg%2F1pzpsvhz4!19sChIJoy_7Ch_sMTARODX8zwpsV_c?authuser=0&hl=id&rclk=1,2.6669509,98.9393185
tempat makan dekat Danau Toba,Sigurgur Beach & Restaurant,Tujuan Wisata,"
Unnamed Road, Simarmata, Simanindo, Samosir Regency, North Sumatra 22395","4,4",363,,https://www.google.com/maps/place/Sigurgur+Beach+%26+Restaurant/data=!4m7!3m6!1s0x3031b932bf2efe37:0xb90006530436cee4!8m2!3d2.7484627!4d98.7142621!16s%2Fg%2F11fm_2lp9n!19sChIJN_4uvzK5MTAR5M42BFMGALk?authuser=0&hl=id&rclk=1,2.7484627,98.7142621
tempat makan dekat Danau Toba,Restaurant Asia,Restoran China,"
Jl. Sisingamangaraja No.65, Parapat, Kec. Girsang Sipangan Bolon, Kabupaten Simalungun, Sumatera Utara 21174","4,2",397,Rp 25–125 rb,https://www.google.com/maps/place/Restaurant+Asia/data=!4m7!3m6!1s0x3031ec1da9fdc08f:0x8aba2643358ecc7f!8m2!3d2.6678795!4d98.9382985!16s%2Fg%2F1hf47jtd8!19sChIJj8D9qR3sMTARf8yONUMmuoo?authuser=0&hl=id&rclk=1,2.6678795,98.9382985
tempat makan dekat Danau Toba,Menara Pandang Tele,Titik Pemandangan,"
Tele Desa Partungkotnaginjang, Turpuk Limbong, Kec. Harian, Kabupaten Samosir, Sumatera Utara 22396","4,5",4753,,https://www.google.com/maps/place/Menara+Pandang+Tele/data=!4m7!3m6!1s0x3031d060f0e3180b:0xb561ba45f008aa18!8m2!3d2.5520625!4d98.6398125!16s%2Fg%2F11c55sb9rm!19sChIJCxjj8GDQMTARGKoI8EW6YbU?authuser=0&hl=id&rclk=1,2.5520625,98.6398125
tempat makan dekat Danau Toba,Rumah Makan Rosa Khas Batak,Restoran Batak,"
Parsaoran, Jl. Pulau Samosir, Tomok, Simanindo, Toba, Sumatera Utara 22395","5,0",14,,https://www.google.com/maps/place/Rumah+Makan+Rosa+Khas+Batak/data=!4m7!3m6!1s0x3031e91fce57f26b:0x4bc52bbec7071668!8m2!3d2.6540309!4d98.8605922!16s%2Fg%2F11fd6mfych!19sChIJa_JXzh_pMTARaBYHx74rxUs?authuser=0&hl=id&rclk=1,2.6540309,98.8605922
tempat makan dekat Danau Toba,RM. NAPINADAR,Restoran Masakan Ayam,"
Cinta Dame, Simanindo, Kabupaten Samosir, Sumatera Utara","4,7",15,Rp 50–75 rb,https://www.google.com/maps/place/RM.+NAPINADAR/data=!4m7!3m6!1s0x3031b90001241b9d:0x665efb295a38b572!8m2!3d2.7539541!4d98.7223846!16s%2Fg%2F11w8tk7md2!19sChIJnRskAQC5MTARcrU4Win7XmY?authuser=0&hl=id&rclk=1,2.7539541,98.7223846
tempat makan dekat Danau Toba,Rumah Makan Lomak,Restoran Indonesia,"
Jalan Lingkaran No.Kelurahan, Tuktuk Siadong, Simanindo, Kabupaten Samosir, Sumatera Utara 22395","4,4",409,Rp 25–150 rb,https://www.google.com/maps/place/Rumah+Makan+Lomak/data=!4m7!3m6!1s0x3031e9f7c0000001:0xdda5940cb54df566!8m2!3d2.671061!4d98.8613742!16s%2Fg%2F11ddwhvmm4!19sChIJAQAAwPfpMTARZvVNtQyUpd0?authuser=0&hl=id&rclk=1,2.671061,98.8613742
tempat makan dekat Danau Toba,Pagar Batu Resto & PENGINAPAN,Restoran Indonesia,"
Jalan sibea bea ujung, Turpuk Sihotang, Kec. Harian, Kabupaten Samosir, Sumatera Utara","4,0",42,Rp 25–50 rb,https://www.google.com/maps/place/Pagar+Batu+Resto+%26+PENGINAPAN/data=!4m7!3m6!1s0x3031db3f99317173:0x7817d6c5eef8dc4a!8m2!3d2.5469585!4d98.6698967!16s%2Fg%2F11rf94hr12!19sChIJc3ExmT_bMTARStz47sXWF3g?authuser=0&hl=id&rclk=1,2.5469585,98.6698967
tempat makan dekat Danau Toba,TOPI TAO COFFEE SHOP & RESTO,Kafe,"
Jl. Putri Lopian, Ps. Pangururan, Kec. Pangururan, Kabupaten Samosir, Sumatera Utara 22392","4,5",84,Rp 25–50 rb,https://www.google.com/maps/place/TOPI+TAO+COFFEE+SHOP+%26+RESTO/data=!4m7!3m6!1s0x3031c5ebfa78bfeb:0x9071721e204221e6!8m2!3d2.6064026!4d98.6979663!16s%2Fg%2F11l5jv_mh6!19sChIJ6794-uvFMTAR5iFCIB5ycZA?authuser=0&hl=id&rclk=1,2.6064026,98.6979663
tempat makan dekat Danau Toba,Biwa Cafe & Resto,Restoran,"
Jl. Parapat, Sibaganding, Kec. Girsang Sipangan Bolon, Kabupaten Simalungun, Sumatera Utara 21174","4,3",565,Rp 25–50 rb,https://www.google.com/maps/place/Biwa+Cafe+%26+Resto/data=!4m7!3m6!1s0x3031eb4e62d2396d:0x20f325063084a697!8m2!3d2.6954487!4d98.922933!16s%2Fg%2F11h53pd07y!19sChIJbTnSYk7rMTARl6aEMAYl8yA?authuser=0&hl=id&rclk=1,2.6954487,98.922933
tempat makan dekat Danau Toba,Elios - Rumah Makan Khas Batak,Rumah Makan,"
Jl. Lkr. Tuktuk No.Desa, Tuktuk Siadong, Simanindo, Kabupaten Samosir, Sumatera Utara 22395","3,8",379,Rp 25–75 rb,https://www.google.com/maps/place/Elios+-+Rumah+Makan+Khas+Batak/data=!4m7!3m6!1s0x3031ea217c070b19:0x15a34153cf95b6c8!8m2!3d2.6708396!4d98.8614382!16s%2Fg%2F11cr_fsm_f!19sChIJGQsHfCHqMTARyLaVz1NBoxU?authuser=0&hl=id&rclk=1,2.6708396,98.8614382
tempat makan dekat Danau Toba,RUMAH MAKAN Nasional Sinurat,Rumah Makan,"
Jalan Lingkar Simbolon Air Panas No.Desa, Sigaol Simbolon, Kec. Palipi, Kabupaten Samosir, Sumatera Utara 22393","4,5",106,Rp 25–175 rb,https://www.google.com/maps/place/RUMAH+MAKAN+Nasional+Sinurat/data=!4m7!3m6!1s0x3031db705be913df:0x798aacdc37678777!8m2!3d2.523501!4d98.7420305!16s%2Fg%2F11dfh_9syf!19sChIJ3xPpW3DbMTARd4dnN9ysink?authuser=0&hl=id&rclk=1,2.523501,98.7420305
tempat makan dekat Danau Toba,RM. Muslim Aceh Jumpa,Rumah Makan,"
MWMG+4FX, Jl. Siborongborong - Parapat, Sibaganding, Kec. Girsang Sipangan Bolon, Kabupaten Simalungun, Sumatera Utara 21174","4,9",20,Rp 1–25.000,https://www.google.com/maps/place/RM.+Muslim+Aceh+Jumpa/data=!4m7!3m6!1s0x3031edd9de65db3b:0xc4dbb8901e853ee6!8m2!3d2.6828533!4d98.9262468!16s%2Fg%2F11fctdntg9!19sChIJO9tl3tntMTAR5j6FHpC428Q?authuser=0&hl=id&rclk=1,2.6828533,98.9262468
tempat makan dekat Danau Toba,Rumah Makan Muslim Penginapan,Restoran Indonesia,"
JM6W+65X, Jl. Sisingamangaraja, Pardomuan I, Kec. Pangururan, Kabupaten Samosir, Sumatera Utara 22392","4,4",98,Rp 1–25.000,https://www.google.com/maps/place/Rumah+Makan+Muslim+Penginapan/data=!4m7!3m6!1s0x3031c57345c1ec59:0x185b5bf0e43bbcc8!8m2!3d2.610601!4d98.6954911!16s%2Fg%2F11fmp9vpkv!19sChIJWezBRXPFMTARyLw75PBbWxg?authuser=0&hl=id&rclk=1,2.610601,98.6954911
tempat makan dekat Danau Toba,Pizza Andaliman,Restoran Pizza,"
Jl. Patuan Nagari No.Kelurahan, Pardede Onan, Kec. Balige, Toba, Sumatera Utara 22313","4,2",1237,Rp 25–75 rb,https://www.google.com/maps/place/Pizza+Andaliman/data=!4m7!3m6!1s0x302e04f44b73e473:0x9e2d12331e4e904e!8m2!3d2.3292255!4d99.0544112!16s%2Fg%2F11cmzzxzfp!19sChIJc-RzS_QELjARTpBOHjMSLZ4?authuser=0&hl=id&rclk=1,2.3292255,99.0544112
tempat makan dekat Danau Toba,Ecovillage Silimalombu homestay/farmstay,,"
Jl. Desa Silimalombu, Silima Lombu, Kec. Onan Runggu, Kabupaten Samosir, Sumatera Utara","4,6",183,,https://www.google.com/maps/place/Ecovillage+Silimalombu+homestay%2Ffarmstay/data=!4m7!3m6!1s0x3031e6654dd02ae7:0x49f4adeb2462a8c4!8m2!3d2.5572049!4d98.9131794!16s%2Fg%2F11g7z9j7cp!19sChIJ5yrQTWXmMTARxKhiJOut9Ek?authuser=0&hl=id&rclk=1,2.5572049,98.9131794
tempat makan dekat Danau Toba,Warung Bikers Parapat,Rumah Makan,"
MW8V+WWF, Jalan Lintas, Jl. Sisingamangaraja, Parapat, Kec. Girsang Sipangan Bolon, Kabupaten Simalungun, Sumatera Utara 21171","4,6",288,Rp 25–50 rb,https://www.google.com/maps/place/Warung+Bikers+Parapat/data=!4m7!3m6!1s0x3031ef28b295bd51:0x94b5600ba1da67c5!8m2!3d2.6673123!4d98.9447879!16s%2Fg%2F11gr35cdcl!19sChIJUb2VsijvMTARxWfaoQtgtZQ?authuser=0&hl=id&rclk=1,2.6673123,98.9447879
tempat makan dekat Danau Toba,RM. Nasional Sampean Uli,Rumah Makan,"
Jalan Lingkar Simbolon Air Panas No.Desa, Sigaol Simbolon, Kec. Palipi, Kabupaten Samosir, Sumatera Utara 22393","4,6",87,Rp 25–50 rb,https://www.google.com/maps/place/RM.+Nasional+Sampean+Uli/data=!4m7!3m6!1s0x3031dbada005883d:0xd1150b151a299fe8!8m2!3d2.5298749!4d98.7346616!16s%2Fg%2F11cr_2b8jd!19sChIJPYgFoK3bMTAR6J8pGhULFdE?authuser=0&hl=id&rclk=1,2.5298749,98.7346616
tempat makan dekat Danau Toba,Yolanda Restaurant,Restoran,"
Jl. Lkr. Tuktuk, Tuktuk Siadong, Simanindo, Kabupaten Samosir, Sumatera Utara 22395","4,9",63,,https://www.google.com/maps/place/Yolanda+Restaurant/data=!4m7!3m6!1s0x3031ea0ed639cfff:0xd3404380d2ce8887!8m2!3d2.6787019!4d98.8422546!16s%2Fg%2F11c709zdpt!19sChIJ_8851g7qMTARh4jO0oBDQNM?authuser=0&hl=id&rclk=1,2.6787019,98.8422546
tempat makan dekat Danau Toba,Rumah Makan Islam Murni,Restoran Halal,"
Jl. Haranggaol No.15, Tiga Raja, Kec. Girsang Sipangan Bolon, Kabupaten Simalungun, Sumatera Utara 21174","4,4",157,Rp 25–50 rb,https://www.google.com/maps/place/Rumah+Makan+Islam+Murni/data=!4m7!3m6!1s0x3031eea9eaddbb8f:0x2243e7d506c0d913!8m2!3d2.664409!4d98.9312533!16s%2Fg%2F1hm32rtft!19sChIJj7vd6qnuMTARE9nABtXnQyI?authuser=0&hl=id&rclk=1,2.664409,98.9312533
tempat makan dekat Danau Toba,Kedai Teras Cafe,Kafetaria,"
Lake Toba, Jl. Marihat No.1, Tiga Raja, Kec. Girsang Sipangan Bolon, Kabupaten Simalungun, Sumatera Utara 21174","4,6",19,,https://www.google.com/maps/place/Kedai+Teras+Cafe/data=!4m7!3m6!1s0x3031ef03a3fd85a1:0x1d2307ea4d2391f1!8m2!3d2.6653559!4d98.9310669!16s%2Fg%2F11fjz27v0h!19sChIJoYX9owPvMTAR8ZEjTeoHIx0?authuser=0&hl=id&rclk=1,2.6653559,98.9310669
tempat makan dekat Danau Toba,"D'Cozy Cafe & Resto, Ajibata, Parapat",Kafe,"
Jl. Justin Sirait, Pardamean Ajibata, Kec. Ajibata, Toba, Sumatera Utara 21174","4,9",121,Rp 25–50 rb,"https://www.google.com/maps/place/D%27Cozy+Cafe+%26+Resto,+Ajibata,+Parapat/data=!4m7!3m6!1s0x3031ef589c4f1f83:0x59884724d511c056!8m2!3d2.6586165!4d98.9348414!16s%2Fg%2F11qrhmjwm6!19sChIJgx9PnFjvMTARVsAR1SRHiFk?authuser=0&hl=id&rclk=1",2.6586165,98.9348414
tempat makan dekat Danau Toba,FAMILY RESTO (WAROENG FAMILY),Restoran,"
Jl. Gereja, Sait Nihuta, Kec. Pangururan, Kabupaten Samosir, Sumatera Utara 22390","4,8",79,Rp 25–50 rb,https://www.google.com/maps/place/FAMILY+RESTO+%28WAROENG+FAMILY%29/data=!4m7!3m6!1s0x3031c5c01b1c821f:0xa98031bb84375b17!8m2!3d2.6281954!4d98.6939877!16s%2Fg%2F11y3jn0d_8!19sChIJH4IcG8DFMTARF1s3hLsxgKk?authuser=0&hl=id&rclk=1,2.6281954,98.6939877
tempat makan dekat Danau Toba,Pakkodian Toba,Tujuan Wisata,"
Danau Toba, Lintong Nihuta, Kec. Tampahan, Toba, Sumatera Utara 22312","4,5",629,,https://www.google.com/maps/place/Pakkodian+Toba/data=!4m7!3m6!1s0x302e04b328f0563f:0x290b460f48d5dd52!8m2!3d2.3396203!4d99.0134629!16s%2Fg%2F11c3k4_chx!19sChIJP1bwKLMELjARUt3VSA9GCyk?authuser=0&hl=id&rclk=1,2.3396203,99.0134629
tempat makan dekat Danau Toba,RM BPK MAN KENA (bang gurning),Kedai Sarapan & Makan Siang,"
PM4R+MR6, Sialanguan, Kec. Pangururan, Kabupaten Samosir, Sumatera Utara","4,2",68,Rp 25–50 rb,https://www.google.com/maps/place/RM+BPK+MAN+KENA+%28bang+gurning%29/data=!4m7!3m6!1s0x3031c7498ec90593:0xa273f379e498808a!8m2!3d2.7066653!4d98.6920071!16s%2Fg%2F11txm3sq6c!19sChIJkwXJjknHMTARioCY5Hnzc6I?authuser=0&hl=id&rclk=1,2.7066653,98.6920071
tempat makan dekat Danau Toba,Rumah Makan Islam Kak Nona,Rumah Makan,"
Jl. Pulau Samosir, Tomok, Simanindo, Kabupaten Samosir, Sumatera Utara 22395","4,5",12,,https://www.google.com/maps/place/Rumah+Makan+Islam+Kak+Nona/data=!4m7!3m6!1s0x3031e993a75da733:0x2c36056ef72768a2!8m2!3d2.6531215!4d98.8612997!16s%2Fg%2F11c1s_br51!19sChIJM6ddp5PpMTARomgn924FNiw?authuser=0&hl=id&rclk=1,2.6531215,98.8612997
tempat makan dekat Danau Toba,Rumah Makan Samosir,Restoran,"
MRMG+55F, Desa Unjur,, Ambarita, Simanindo, Kabupaten Samosir, Sumatera Utara","4,8",5,,https://www.google.com/maps/place/Rumah+Makan+Samosir/data=!4m7!3m6!1s0x3031c1e627ab5bfb:0x7ff6b8540434c47!8m2!3d2.6829302!4d98.8254185!16s%2Fg%2F11c604n10x!19sChIJ-1urJ-bBMTARR0xDQIVr_wc?authuser=0&hl=id&rclk=1,2.6829302,98.8254185
tempat makan dekat Danau Toba,Bukit Doa,Tujuan Wisata,"
8X7J+W4F, Huta Ginjang, Kec. Muara, Kabupaten Tapanuli Utara, Sumatera Utara 22476","4,5",651,,https://www.google.com/maps/place/Bukit+Doa/data=!4m7!3m6!1s0x302e1b1d30e7e2e3:0x989e1dae7c4ee8dd!8m2!3d2.3148131!4d98.980307!16s%2Fg%2F11g6mbcqm0!19sChIJ4-LnMB0bLjAR3ehOfK4dnpg?authuser=0&hl=id&rclk=1,2.3148131,98.980307
tempat makan dekat Danau Toba,Rumah Makan Marina,Restoran Indonesia,"
Jl. Haranggaol No.48, Tiga Raja, Kec. Girsang Sipangan Bolon, Kabupaten Simalungun, Sumatera Utara 21174","4,4",351,Rp 25–50 rb,https://www.google.com/maps/place/Rumah+Makan+Marina/data=!4m7!3m6!1s0x3031eea990b9f4a7:0x902e9a400b9fc3de!8m2!3d2.6637726!4d98.9310644!16s%2Fg%2F11csqxx3c0!19sChIJp_S5kKnuMTAR3sOfC0CaLpA?authuser=0&hl=id&rclk=1,2.6637726,98.9310644
tempat makan dekat Danau Toba,Tobay,Restoran,"
Jl. Lkr. Tuktuk No.26, Tuktuk Siadong, Simanindo, Kabupaten Samosir, Sumatera Utara 22395","4,8",41,Rp 25–50 rb,https://www.google.com/maps/place/Tobay/data=!4m7!3m6!1s0x3031eb36084042e5:0xdbb94df8fe87a34!8m2!3d2.6714903!4d98.8609838!16s%2Fg%2F11f8fxs70g!19sChIJ5UJACDbrMTARNHroj9-Uuw0?authuser=0&hl=id&rclk=1,2.6714903,98.8609838
tempat makan dekat Danau Toba,Wanny Cavari Cafe (Binanga),Kedai Kopi,"
Ps. Lumban Julu, Kec. Lumban Julu, Toba, Sumatera Utara 22386","4,1",226,Rp 25–50 rb,https://www.google.com/maps/place/Wanny+Cavari+Cafe+%28Binanga%29/data=!4m7!3m6!1s0x3031f1b2886dcb25:0x2515912970776170!8m2!3d2.5916241!4d99.0351537!16s%2Fg%2F11rx38zc_5!19sChIJJcttiLLxMTARcGF3cCmRFSU?authuser=0&hl=id&rclk=1,2.5916241,99.0351537
tempat makan dekat Danau Toba,Warung Makan Muslim Angra,Restoran,"
MMVR+4JR, Jl. Raya Simanindo, Situngkir, Kec. Pangururan, Kabupaten Samosir, Sumatera Utara","4,4",38,Rp 25–50 rb,https://www.google.com/maps/place/Warung+Makan+Muslim+Angra/data=!4m7!3m6!1s0x3031c755605f93bb:0x86a74037599428e2!8m2!3d2.6928639!4d98.691529!16s%2Fg%2F11hzjvpqfh!19sChIJu5NfYFXHMTAR4iiUWTdAp4Y?authuser=0&hl=id&rclk=1,2.6928639,98.691529
tempat makan dekat Danau Toba,Rumah Makan Padang dan Penginapan Muslim Ajo,Restoran,"
HM28+8Q2, Turpuk Sihotang, Kec. Harian, Kabupaten Samosir, Sumatera Utara 22396","3,8",13,Rp 25–50 rb,https://www.google.com/maps/place/Rumah+Makan+Padang+dan+Penginapan+Muslim+Ajo/data=!4m7!3m6!1s0x3031db8e9a70d39d:0x137a887ab301528c!8m2!3d2.5507418!4d98.6667082!16s%2Fg%2F11qbfkvvvt!19sChIJndNwmo7bMTARjFIBs3qIehM?authuser=0&hl=id&rclk=1,2.5507418,98.6667082
tempat makan dekat Danau Toba,Rumah Makan Holong Ni Dainang,Rumah Makan,"
Jl. Lkr. Tuktuk, Tuktuk Siadong, Simanindo, Kabupaten Samosir, Sumatera Utara 22395","4,7",36,Rp 25–100 rb,https://www.google.com/maps/place/Rumah+Makan+Holong+Ni+Dainang/data=!4m7!3m6!1s0x3031eb0c41e3d491:0x24b4c918130ebf72!8m2!3d2.6704104!4d98.8567258!16s%2Fg%2F11swppk06h!19sChIJkdTjQQzrMTARcr8OExjJtCQ?authuser=0&hl=id&rclk=1,2.6704104,98.8567258
tempat makan dekat Danau Toba,Rumah Makan Islam Mami Tempo,Restoran Halal,"
MVG3+H7F, Jl. Lkr. Tuktuk, Tuktuk Siadong, Simanindo, Kabupaten Samosir, Sumatera Utara 22395","4,3",115,Rp 25–50 rb,https://www.google.com/maps/place/Rumah+Makan+Islam+Mami+Tempo/data=!4m7!3m6!1s0x3031ea17513ea015:0xd162f9e16725a881!8m2!3d2.6764773!4d98.8532684!16s%2Fg%2F11cs26mv9f!19sChIJFaA-URfqMTARgaglZ-H5YtE?authuser=0&hl=id&rclk=1,2.6764773,98.8532684
tempat makan dekat Danau Toba,Warung Mbak Siti Kdi 1,Rumah Makan,"
MWMG+89Q, Jalan Panatapan, Sibaganding, Kec. Girsang Sipangan Bolon, Kabupaten Simalungun, Sumatera Utara 21174","4,3",143,Rp 25–50 rb,https://www.google.com/maps/place/Warung+Mbak+Siti+Kdi+1/data=!4m7!3m6!1s0x3031ed672d11101f:0x93f2f203704939d8!8m2!3d2.6833472!4d98.9259726!16s%2Fg%2F11gr6jntqq!19sChIJHxARLWftMTAR2DlJcAPy8pM?authuser=0&hl=id&rclk=1,2.6833472,98.9259726
tempat makan dekat Danau Toba,Putra Kembar Coffee Shop & Resto,Rumah Makan,"
Warkop Panorama I Panatapan PARAPAT, Jl. Lintas Sumatera, Sibaganding, Pahae Julu, Kabupaten Tapanuli Utara, Sumatera Utara 22463","4,2",939,Rp 25–50 rb,https://www.google.com/maps/place/Putra+Kembar+Coffee+Shop+%26+Resto/data=!4m7!3m6!1s0x3031eb89eccbdaf5:0x8d492ffab6598099!8m2!3d2.6912055!4d98.9229049!16s%2Fg%2F11g6qdm_35!19sChIJ9drL7InrMTARmYBZtvovSY0?authuser=0&hl=id&rclk=1,2.6912055,98.9229049
tempat makan dekat Danau Toba,"Labersa Hotel & Convention Center Samosir, Simarmata",,"
Simarmata, Simanindo, Kabupaten Samosir, Sumatera Utara 22395","4,8",1526,Rp 954.830,"https://www.google.com/maps/place/Labersa+Hotel+%26+Convention+Center+Samosir,+Simarmata/data=!4m10!3m9!1s0x3031c70074a74af3:0x6fd34e6bdf43b7af!5m2!4m1!1i2!8m2!3d2.7416459!4d98.7095258!16s%2Fg%2F11y5sk_61h!19sChIJ80qndADHMTARr7dD32tO028?authuser=0&hl=id&rclk=1",2.7416459,98.7095258
tempat makan dekat Danau Toba,El Tona Coffeehouse,Restoran,"
Jl. Pulau Samosir, Ambarita, Simanindo, Kabupaten Samosir, Sumatera Utara 22395","4,4",219,Rp 25–50 rb,https://www.google.com/maps/place/El+Tona+Coffeehouse/data=!4m7!3m6!1s0x3031e9ccf050b537:0x23a6f63611fcb8b4!8m2!3d2.6678344!4d98.8514906!16s%2Fg%2F11ght89p8z!19sChIJN7VQ8MzpMTARtLj8ETb2piM?authuser=0&hl=id&rclk=1,2.6678344,98.8514906
tempat makan dekat Danau Toba,Restaurant Sehat,Restoran China,"
Jl. Sisingamangaraja Jl. Parapat No.43, Tiga Raja, Kec. Girsang Sipangan Bolon, Kabupaten Simalungun, Sumatera Utara 21174","4,4",173,Rp 50–75 rb,https://www.google.com/maps/place/Restaurant+Sehat/data=!4m7!3m6!1s0x3031ec1cfc1bbb33:0x5f6388795b2fe631!8m2!3d2.6683531!4d98.9380389!16s%2Fg%2F1hm2dmhg9!19sChIJM7sb_BzsMTARMeYvW3mIY18?authuser=0&hl=id&rclk=1,2.6683531,98.9380389
tempat makan dekat Danau Toba,Bukit Sibeabea,Tujuan Wisata,"
Turpuk Sihotang, Kec. Harian, Kabupaten Samosir, Sumatera Utara 22396","4,6",3488,,https://www.google.com/maps/place/Bukit+Sibeabea/data=!4m7!3m6!1s0x3031db06803ec9f5:0xc95cb1fb76492ad6!8m2!3d2.5506701!4d98.6735887!16s%2Fg%2F11rgg_wcd1!19sChIJ9ck-gAbbMTAR1ipJdvuxXMk?authuser=0&hl=id&rclk=1,2.5506701,98.6735887
tempat makan dekat Danau Toba,Maruba Restaurant,Restoran,"
Tuktuk Siadong, Simanindo, Kabupaten Samosir, Sumatera Utara 22395","4,6",179,Rp 50–75 rb,https://www.google.com/maps/place/Maruba+Restaurant/data=!4m7!3m6!1s0x3031ea180cf5d023:0x6ce91362f8d09389!8m2!3d2.6749925!4d98.857881!16s%2Fg%2F11bzrpb87z!19sChIJI9D1DBjqMTARiZPQ-GIT6Ww?authuser=0&hl=id&rclk=1,2.6749925,98.857881
tempat makan dekat Danau Toba,Marbun Restaurant,Restoran,"
MVC4+87W, Jl. Lkr. Tuktuk, Tuktuk Siadong, Simanindo, Kabupaten Samosir, Sumatera Utara 22395","4,7",78,Rp 50–75 rb,https://www.google.com/maps/place/Marbun+Restaurant/data=!4m7!3m6!1s0x3031ebf8d285c51d:0xdb3315623477b5c4!8m2!3d2.6708017!4d98.8556067!16s%2Fg%2F11scp8tcq5!19sChIJHcWF0vjrMTARxLV3NGIVM9s?authuser=0&hl=id&rclk=1,2.6708017,98.8556067
tempat makan dekat Danau Toba,RM. SEDERHANA,Restoran,"
MX25+9P8, Jl. Siborongborong - Parapat, Girsang, Kec. Girsang Sipangan Bolon, Kabupaten Simalungun, Sumatera Utara 21174","4,1",324,Rp 1–50.000,https://www.google.com/maps/place/RM.+SEDERHANA/data=!4m7!3m6!1s0x3031ee9945a1ec5b:0x52038aa8968cde08!8m2!3d2.6509028!4d98.9593358!16s%2Fg%2F11clss2g_j!19sChIJW-yhRZnuMTARCN6MlqiKA1I?authuser=0&hl=id&rclk=1,2.6509028,98.9593358
tempat makan dekat Danau Toba,Jenny's Restaurant,Restoran Indonesia,"
MVG3+RQG, Jl. Lkr. Tuktuk, Tuktuk Siadong, Simanindo, Kabupaten Samosir, Sumatera Utara 22395","4,3",515,Rp 50–125 rb,https://www.google.com/maps/place/Jenny%27s+Restaurant/data=!4m7!3m6!1s0x3031ea176c7408fd:0xca6dbcd7659dc27b!8m2!3d2.6770733!4d98.8544447!16s%2Fg%2F11cjnllm92!19sChIJ_Qh0bBfqMTARe8KdZde8bco?authuser=0&hl=id&rclk=1,2.6770733,98.8544447
tempat makan dekat Danau Toba,,,,,,,https://www.google.com/maps/place/Rumba+Restaurant/data=!4m7!3m6!1s0x3031ea23d673ae05:0xe7ec39621a329616!8m2!3d2.6712646!4d98.8614473!16s%2Fg%2F11cpm0tml_!19sChIJBa5z1iPqMTARFpYyGmI57Oc?authuser=0&hl=id&rclk=1,2.6712646,98.8614473
tempat makan dekat Danau Toba,Caldera Resto and Coffee,Restoran Keluarga,"
Jl. Patuan Nagari, Sangkar Nihuta, Kec. Balige, Toba, Sumatera Utara 22312","4,4",1063,Rp 25–50 rb,https://www.google.com/maps/place/Caldera+Resto+and+Coffee/data=!4m7!3m6!1s0x302e05d0518b6c93:0xa704d25efebb8e08!8m2!3d2.3310672!4d99.0570638!16s%2Fg%2F11n0mypcnx!19sChIJk2yLUdAFLjARCI67_l7SBKc?authuser=0&hl=id&rclk=1,2.3310672,99.0570638
tempat makan dekat Danau Toba,PANATAPAN LAMHOT TUA,Kafe,"
MWQF+WJM, Sibaganding, Kec. Girsang Sipangan Bolon, Kabupaten Simalungun, Sumatera Utara 21174","4,0",246,Rp 1–25.000,https://www.google.com/maps/place/PANATAPAN+LAMHOT+TUA/data=!4m7!3m6!1s0x3031ec761af723af:0x9637488431224cdd!8m2!3d2.6898294!4d98.9240436!16s%2Fg%2F11g69ztc89!19sChIJryP3GnbsMTAR3UwiMYRIN5Y?authuser=0&hl=id&rclk=1,2.6898294,98.9240436
tempat makan dekat Danau Toba,Rumah Makan Muslim Tenda Biru,Restoran,"
PM3R+8R3, Jl. Raya Simanindo, Parlondut, Kec. Pangururan, Kabupaten Samosir, Sumatera Utara","4,8",9,,https://www.google.com/maps/place/Rumah+Makan+Muslim+Tenda+Biru/data=!4m7!3m6!1s0x3031c759ef69acc7:0xa534fb056e01759d!8m2!3d2.7032575!4d98.692041!16s%2Fg%2F11fmlx6xfy!19sChIJx6xp71nHMTARnXUBbgX7NKU?authuser=0&hl=id&rclk=1,2.7032575,98.692041
tempat makan dekat Danau Toba,Pondok Makan & Home Stay H. Karsim,Restoran Indonesia,"
Jl. Josep Sinaga No.20, Danau Toba, Kec. Girsang Sipangan Bolon, Kabupaten Simalungun, Sumatera Utara 21174","4,9",50,Rp 25–50 rb,https://www.google.com/maps/place/Pondok+Makan+%26+Home+Stay+H.+Karsim/data=!4m7!3m6!1s0x3031efba46cdd66b:0xe67757823dd9f9f3!8m2!3d2.6621096!4d98.9367381!16s%2Fg%2F11sg32f6ld!19sChIJa9bNRrrvMTAR8_nZPYJXd-Y?authuser=0&hl=id&rclk=1,2.6621096,98.9367381
tempat makan dekat Danau Toba,LEO'S Restaurant,Restoran Asia,"
Jl. Lkr. Tuktuk No.Kelurahan, Tuktuk Siadong, Simanindo, Kabupaten Samosir, Sumatera Utara 22395","4,7",657,Rp 25–125 rb,https://www.google.com/maps/place/LEO%27S+Restaurant/data=!4m7!3m6!1s0x3031ea174d1822f1:0x7102dea2d7f8556!8m2!3d2.6766427!4d98.8531013!16s%2Fg%2F11c6168kh0!19sChIJ8SIYTRfqMTARVoV_LeotEAc?authuser=0&hl=id&rclk=1,2.6766427,98.8531013
tempat makan dekat Danau Toba,RM ASIDO DAN KEDAI KOPI,Rumah Makan,"
CRXW+XW9 si jurjur, Jalan. Ringroad samosir desa, Kecamatan Nainggolan, Sumatera Utara 22394","4,6",62,Rp 25–50 rb,https://www.google.com/maps/place/RM+ASIDO+DAN+KEDAI+KOPI/data=!4m7!3m6!1s0x3031e1dedb609997:0xd6616887cf808207!8m2!3d2.4499067!4d98.8473577!16s%2Fg%2F11ny1zpcmy!19sChIJl5lg297hMTARB4KAz4doYdY?authuser=0&hl=id&rclk=1,2.4499067,98.8473577
tempat makan dekat Danau Toba,Kedai Azarya,Restoran,"
MWHJ+WJV, Tiga Raja, Kec. Girsang Sipangan Bolon, Kabupaten Simalungun, Sumatera Utara 21174","4,4",298,Rp 25–50 rb,https://www.google.com/maps/place/Kedai+Azarya/data=!4m7!3m6!1s0x3031ec0e985027a9:0xde5a846b25a4eba6!8m2!3d2.6798647!4d98.9315355!16s%2Fg%2F11dxq48zfz!19sChIJqSdQmA7sMTARpuukJWuEWt4?authuser=0&hl=id&rclk=1,2.6798647,98.9315355
tempat makan dekat Danau Toba,Horas Vegetarian Restaurant,Restoran Vegetarian,"
Tuktuk Siadong, Kabupaten Samosir, Sumatera Utara","4,8",195,Rp 50–75 rb,https://www.google.com/maps/place/Horas+Vegetarian+Restaurant/data=!4m7!3m6!1s0x3031eb49a63c00d5:0x49220d5b8e17c362!8m2!3d2.6687581!4d98.8583812!16s%2Fg%2F11sbdncbj0!19sChIJ1QA8pknrMTARYsMXjlsNIkk?authuser=0&hl=id&rclk=1,2.6687581,98.8583812
tempat makan dekat Danau Toba,Ransel Koffie Parapat,Kedai Kopi,"
Jl. Haranggaol No.11, Tiga Raja, Kec. Girsang Sipangan Bolon, Kabupaten Simalungun, Sumatera Utara 21174","4,9",93,Rp 1–25.000,https://www.google.com/maps/place/Ransel+Koffie+Parapat/data=!4m7!3m6!1s0x3031eeaeb096a343:0xd633b9ce4d5676cf!8m2!3d2.6603188!4d98.9309731!16s%2Fg%2F11g7_ftd0v!19sChIJQ6OWsK7uMTARz3ZWTc65M9Y?authuser=0&hl=id&rclk=1,2.6603188,98.9309731
tempat makan dekat Danau Toba,Tepi Danau Bistro,Restoran,"
Jl. Pemandian No.1, Sangkar Nihuta, Kec. Balige, Toba, Sumatera Utara 22312","4,2",966,Rp 25–75 rb,https://www.google.com/maps/place/Tepi+Danau+Bistro/data=!4m7!3m6!1s0x302e051111b888f7:0x7b92db9623ce4f01!8m2!3d2.3343426!4d99.0561066!16s%2Fg%2F11qq061hqg!19sChIJ94i4EREFLjARAU_OI5bbkns?authuser=0&hl=id&rclk=1,2.3343426,99.0561066
tempat makan dekat Danau Toba,RM. Pondok keyra muslim,Restoran Indonesia,"
MRHJ+RWC, Jl. Pelabuhan Ambarita, Ambarita, Simanindo, Kabupaten Samosir, Sumatera Utara 22395","5,0",6,,https://www.google.com/maps/place/RM.+Pondok+keyra+muslim/data=!4m7!3m6!1s0x3031c1005b709d8f:0x46b64d563c27baaa!8m2!3d2.6796958!4d98.8321923!16s%2Fg%2F11yx2kbg03!19sChIJj51wWwDBMTARqronPFZNtkY?authuser=0&hl=id&rclk=1,2.6796958,98.8321923
tempat makan dekat Danau Toba,Siny Siny Samosir,Restoran,"
Jl.Putri Lopian, Ps.Pangururan Taman Batu Waterfront City Pangururan Segmen 2, Ps. Pangururan, Kec. Pangururan, Kabupaten Samosir, Sumatera Utara 22392","4,6",131,Rp 1–100.000,https://www.google.com/maps/place/Siny+Siny+Samosir/data=!4m7!3m6!1s0x3031c5e3513a3d21:0xbd3c16cf45fb3db4!8m2!3d2.6054124!4d98.6987928!16s%2Fg%2F11x72rpd58!19sChIJIT06UePFMTARtD37Rc8WPL0?authuser=0&hl=id&rclk=1,2.6054124,98.6987928
tempat makan dekat Danau Toba,BPK TORANG dan IKAN BAKAR,Restoran Batak,"
Jalan lurus garoga, Tuktuk Siadong, Simanindo, Kabupaten Samosir, Sumatera Utara 22349","4,7",47,Rp 25–50 rb,https://www.google.com/maps/place/BPK+TORANG+dan+IKAN+BAKAR/data=!4m7!3m6!1s0x3031e9000344c4f5:0x9a63d2f08caab2de!8m2!3d2.6597097!4d98.846061!16s%2Fg%2F11ltbm7829!19sChIJ9cREAwDpMTAR3rKqjPDSY5o?authuser=0&hl=id&rclk=1,2.6597097,98.846061
tempat makan dekat Danau Toba,Rumah Makan Islam Murni TukTuk Siadong,Rumah Makan,"
Tuktuk Siadong, Simanindo, Kabupaten Samosir, Sumatera Utara 22395","4,2",142,Rp 25–50 rb,https://www.google.com/maps/place/Rumah+Makan+Islam+Murni+TukTuk+Siadong/data=!4m7!3m6!1s0x3031ea21a22b7e25:0x944db1948dde98b0!8m2!3d2.6698574!4d98.8606965!16s%2Fg%2F11c601z9sk!19sChIJJX4roiHqMTARsJjejZSxTZQ?authuser=0&hl=id&rclk=1,2.6698574,98.8606965
tempat makan dekat Danau Toba,Orari Restaurant,,"
Jl. Lkr. Tuktuk, Tuktuk Siadong, Simanindo, Kabupaten Samosir, Sumatera Utara 22395","4,1",213,,https://www.google.com/maps/place/Orari+Restaurant/data=!4m10!3m9!1s0x3031ea1ee94293a9:0xae86bd89123816c5!5m2!4m1!1i2!8m2!3d2.6771018!4d98.8546685!16s%2Fg%2F11c6dlyj3t!19sChIJqZNC6R7qMTARxRY4Eom9hq4?authuser=0&hl=id&rclk=1,2.6771018,98.8546685
tempat makan dekat Danau Toba,PENATAPAN PARHALLOW SIGARANTUNG,Tujuan Wisata,"
JV8C+WWW, Tomok, Simanindo, Kabupaten Samosir, Sumatera Utara 22395","4,6",560,,https://www.google.com/maps/place/PENATAPAN+PARHALLOW+SIGARANTUNG/data=!4m7!3m6!1s0x3031e85086d2f2a5:0x67afd042ec7e3e80!8m2!3d2.6173738!4d98.8723285!16s%2Fg%2F11c1r7m3y7!19sChIJpfLShlDoMTARgD5-7ELQr2c?authuser=0&hl=id&rclk=1,2.6173738,98.8723285
tempat makan dekat Danau Toba,RUMAH MAKAN SINURAT ISTANA RASA,Restoran,"
GPJM+5QV, Jl. Simbolon Purba, Rianiate, Kec. Pangururan, Kabupaten Samosir, Sumatera Utara 22393","4,7",30,Rp 25–50 rb,https://www.google.com/maps/place/RUMAH+MAKAN+SINURAT+ISTANA+RASA/data=!4m7!3m6!1s0x3031db84bc5ac73d:0xd1ec1887e946b0c2!8m2!3d2.5304934!4d98.7344238!16s%2Fg%2F11cr_1wsp0!19sChIJPcdavITbMTARwrBG6YcY7NE?authuser=0&hl=id&rclk=1,2.5304934,98.7344238
tempat makan dekat Borobudur,Haluhai Garden Kitchen,Restoran Masakan Barat,"
Jl. Borobudur - Ngadiharjo Ngaran Lor No.2, Dusun XVIII, Borobudur, Kec. Borobudur, Kabupaten Magelang, Jawa Tengah 56553","4,7",130,Rp 50–125 rb,https://www.google.com/maps/place/Haluhai+Garden+Kitchen/data=!4m7!3m6!1s0x2e7a8d2ea43f7f7b:0x7085ce8ffc4736aa!8m2!3d-7.6131875!4d110.2056875!16s%2Fg%2F11sqpbhbpv!19sChIJe38_pC6Nei4RqjZH_I_OhXA?authuser=0&hl=id&rclk=1,-7.6131875,110.2056875
tempat makan dekat Borobudur,Sekar Kedhaton Restaurant,Restoran Jawa,"
Jl. Raya Borobudur No.Km. 2, RW.5, Pabelan Satu, Pabelan, Kec. Mungkid, Kabupaten Magelang, Jawa Tengah 56512","4,2",1164,Rp 50–175 rb,https://www.google.com/maps/place/Sekar+Kedhaton+Restaurant/data=!4m7!3m6!1s0x2e7a8b8e40b32b6f:0x8098b05601159e14!8m2!3d-7.5819363!4d110.2455978!16s%2Fg%2F11b6d5kzjf!19sChIJbyuzQI6Lei4RFJ4VAVawmIA?authuser=0&hl=id&rclk=1,-7.5819363,110.2455978
tempat makan dekat Borobudur,Sate Klatak & Hotplate Dua Papa Muda,Restoran Sate,"
Keprekan-Borobudur, Sawitan I, Sawitan, Kec. Mungkid, Kabupaten Magelang, Jawa Tengah 56511","4,7",330,Rp 25–50 rb,https://www.google.com/maps/place/Sate+Klatak+%26+Hotplate+Dua+Papa+Muda/data=!4m7!3m6!1s0x2e7a8dee26a81c47:0x13ac932c976132d5!8m2!3d-7.6014943!4d110.2225867!16s%2Fg%2F11w98182t4!19sChIJRxyoJu6Nei4R1TJhlyyTrBM?authuser=0&hl=id&rclk=1,-7.6014943,110.2225867
tempat makan dekat Borobudur,Wedangan Patehan Borobudur,Restoran Indonesia,"
Jl. Balaputradewa No.7, Dusun 1, Wanurejo, Kec. Borobudur, Kabupaten Magelang, Jawa Tengah 56553","4,6",144,Rp 1–50.000,https://www.google.com/maps/place/Wedangan+Patehan+Borobudur/data=!4m7!3m6!1s0x2e7a8d001fc62e2d:0x86c46c04bfc315a7!8m2!3d-7.6053399!4d110.2183254!16s%2Fg%2F11xzvwnfc9!19sChIJLS7GHwCNei4RpxXDvwRsxIY?authuser=0&hl=id&rclk=1,-7.6053399,110.2183254
tempat makan dekat Borobudur,Dapur Limasan Borobudur,Kedai Sup,"
96W9+2HV, Jl. Balaputradewa, Dusun 1, Wanurejo, Kec. Borobudur, Kabupaten Magelang, Jawa Tengah 56553","4,4",139,,https://www.google.com/maps/place/Dapur+Limasan+Borobudur/data=!4m7!3m6!1s0x2e7a8d1969603327:0x1e74fd8c3321bf98!8m2!3d-7.6048768!4d110.2189065!16s%2Fg%2F11ghnpbl30!19sChIJJzNgaRmNei4RmL8hM4z9dB4?authuser=0&hl=id&rclk=1,-7.6048768,110.2189065
tempat makan dekat Borobudur,Siomay Borobudur,Restoran,"
Jl. Pramudyawardhani No.12, Dusun XV, Borobudur, Kec. Borobudur, Kabupaten Magelang, Jawa Tengah 56553","4,6",59,Rp 1–25.000,https://www.google.com/maps/place/Siomay+Borobudur/data=!4m7!3m6!1s0x2e7a8cf34de49be5:0x5c2973551898e9c9!8m2!3d-7.6034019!4d110.2112016!16s%2Fg%2F1pzpp1qfk!19sChIJ5ZvkTfOMei4RyemYGFVzKVw?authuser=0&hl=id&rclk=1,-7.6034019,110.2112016
tempat makan dekat Borobudur,Tempat Parkir Luas Borobudur The Joglo Panglipuran,Restoran,"
Jl. Sudirman, Dusun 1, Wanurejo, Kec. Borobudur, Kabupaten Magelang, Jawa Tengah 56553","4,5",15,,https://www.google.com/maps/place/Tempat+Parkir+Luas+Borobudur+The+Joglo+Panglipuran/data=!4m7!3m6!1s0x2e7a8d145f224a39:0xef0de78cce1b3e58!8m2!3d-7.6039063!4d110.217406!16s%2Fg%2F11h0b977_4!19sChIJOUoiXxSNei4RWD4bzoznDe8?authuser=0&hl=id&rclk=1,-7.6039063,110.217406
tempat makan dekat Borobudur,JAVA CAFE RESTO BOROBUDUR,Restoran,"
95XV+JM7, Dusun XXII, Borobudur, Kec. Borobudur, Kabupaten Magelang, Jawa Tengah 56553","5,0",190,Rp 25–50 rb,https://www.google.com/maps/place/JAVA+CAFE+RESTO+BOROBUDUR/data=!4m7!3m6!1s0x2e7a8d004cad61c1:0xfa048aa2c9081d99!8m2!3d-7.6008167!4d110.1941978!16s%2Fg%2F11wwdq29y1!19sChIJwWGtTACNei4RmR0IyaKKBPo?authuser=0&hl=id&rclk=1,-7.6008167,110.1941978
tempat makan dekat Borobudur,"Bebek Hitam Favorite Asli Madura, Borobudur",Restoran Indonesia,"
Jl. Mayor Kusen, Ngrajek I, Ngrajek, Kec. Mungkid, Kabupaten Magelang, Jawa Tengah 56512","4,7",253,Rp 25–50 rb,"https://www.google.com/maps/place/Bebek+Hitam+Favorite+Asli+Madura,+Borobudur/data=!4m7!3m6!1s0x2e7a8bc242854d89:0x6a9b8b2d52571b2e!8m2!3d-7.5931357!4d110.2372924!16s%2Fg%2F11mqvccs25!19sChIJiU2FQsKLei4RLhtXUi2Lm2o?authuser=0&hl=id&rclk=1",-7.5931357,110.2372924
tempat makan dekat Borobudur,Pasta Kangen Borobudur,Kafe,"
Jl. Pramudyawardhani No.34, Dusun XIII, Borobudur, Kec. Borobudur, Kabupaten Magelang, Jawa Tengah 56553","4,6",106,Rp 25–50 rb,https://www.google.com/maps/place/Pasta+Kangen+Borobudur/data=!4m7!3m6!1s0x2e7a8d649bf90cb3:0x73438a6005a08e86!8m2!3d-7.604926!4d110.2106508!16s%2Fg%2F11q3nrbm73!19sChIJswz5m2SNei4Rho6gBWCKQ3M?authuser=0&hl=id&rclk=1,-7.604926,110.2106508
tempat makan dekat Borobudur,DWANU Resto Borobudur | DWANU eatery & artisan steak,Restoran,"
Dusun 1, Wanurejo, Kec. Borobudur, Kabupaten Magelang, Jawa Tengah 56553","4,9",2138,Rp 50–175 rb,https://www.google.com/maps/place/DWANU+Resto+Borobudur+%7C+DWANU+eatery+%26+artisan+steak/data=!4m7!3m6!1s0x2e7a8dd45dc4c2eb:0xb87a7053a1d60001!8m2!3d-7.6161838!4d110.2184006!16s%2Fg%2F11ss53pw8q!19sChIJ68LEXdSNei4RAQDWoVNwerg?authuser=0&hl=id&rclk=1,-7.6161838,110.2184006
tempat makan dekat Borobudur,Seafood Borobudur,Restoran Seafood,"
Jl. Balaputradewa No.22-30, Dusun XVII, Borobudur, Kec. Borobudur, Kabupaten Magelang, Jawa Tengah 56553","4,8",127,Rp 25–50 rb,https://www.google.com/maps/place/Seafood+Borobudur/data=!4m7!3m6!1s0x2e7a8d241e653f81:0xe042e1cbc5beb481!8m2!3d-7.6067927!4d110.2123262!16s%2Fg%2F11n0p6rr4k!19sChIJgT9lHiSNei4RgbS-xcvhQuA?authuser=0&hl=id&rclk=1,-7.6067927,110.2123262
tempat makan dekat Borobudur,D'Cikalan Borobudur,Kafe,"
Sabrangrowo, RT./RW/RW.002/009, Sawah, Borobudur, Kec. Borobudur, Kabupaten Magelang, Jawa Tengah 56553","4,7",156,Rp 25–50 rb,https://www.google.com/maps/place/D%27Cikalan+Borobudur/data=!4m7!3m6!1s0x2e7a8d178a6e7a5b:0xee87ed1d65d99039!8m2!3d-7.6082695!4d110.1966462!16s%2Fg%2F11ssj05dct!19sChIJW3puiheNei4ROZDZZR3th-4?authuser=0&hl=id&rclk=1,-7.6082695,110.1966462
tempat makan dekat Borobudur,Prana Borobudur Restaurant By Madam Tan,Restoran,"
Komplek Taman Wisata Candi, Kw. Candi Borobudur, Borobudur, Kec. Borobudur, Kabupaten Magelang, Jawa Tengah 56553","4,8",302,Rp 75–100 rb,https://www.google.com/maps/place/Prana+Borobudur+Restaurant+By+Madam+Tan/data=!4m7!3m6!1s0x2e7a8d268592a7c5:0xa3c97eed5c0ff682!8m2!3d-7.6048731!4d110.2015167!16s%2Fg%2F11wnj412t4!19sChIJxaeShSaNei4RgvYPXO1-yaM?authuser=0&hl=id&rclk=1,-7.6048731,110.2015167
tempat makan dekat Borobudur,RM. Bale Kambang,Restoran Ikan Bakar,"
Jl. Raya Borobudur No.Km. 2, 8, Slak, Pabelan, Kec. Mungkid, Kabupaten Magelang, Jawa Tengah 56512","4,2",1154,Rp 25–50 rb,https://www.google.com/maps/place/RM.+Bale+Kambang/data=!4m7!3m6!1s0x2e7a8b8f0762732b:0xd968537fb0c4e80d!8m2!3d-7.5839726!4d110.2444918!16s%2Fg%2F11cffzvg8!19sChIJK3NiB4-Lei4RDejEsH9TaNk?authuser=0&hl=id&rclk=1,-7.5839726,110.2444918
tempat makan dekat Borobudur,Patio Colonial,Restoran,"
Dusun II, Tanjungan, Kec. Borobudur, Kabupaten Magelang, Jawa Tengah 56553","4,8",138,Rp 250.000+,https://www.google.com/maps/place/Patio+Colonial/data=!4m7!3m6!1s0x2e7a8d831203137d:0x5c182d111fb7285d!8m2!3d-7.606291!4d110.1909698!16s%2Fg%2F11h_c9r4rr!19sChIJfRMDEoONei4RXSi3HxEtGFw?authuser=0&hl=id&rclk=1,-7.606291,110.1909698
tempat makan dekat Borobudur,Bakmie Mbah Dono (tingal),Restoran Mie,"
Jl. Raya Candirejo, Dusun 1, Wanurejo, Kec. Borobudur, Kabupaten Magelang, Jawa Tengah 56553","4,9",102,Rp 1–25.000,https://www.google.com/maps/place/Bakmie+Mbah+Dono+%28tingal%29/data=!4m7!3m6!1s0x2e7a8d8c951d374b:0xb04a05e597f3fc29!8m2!3d-7.6116564!4d110.2179437!16s%2Fg%2F11g_zz1cfg!19sChIJSzcdlYyNei4RKfzzl-UFSrA?authuser=0&hl=id&rclk=1,-7.6116564,110.2179437
tempat makan dekat Borobudur,Saung Makan Bu Empat,Restoran,"
Jl. Raya Borobudur No.4, Ngrajek II, Ngrajek, Kec. Mungkid, Kabupaten Magelang, Jawa Tengah 56512","4,1",243,Rp 25–125 rb,https://www.google.com/maps/place/Saung+Makan+Bu+Empat/data=!4m7!3m6!1s0x2e7a8b85e05e04a7:0xeb9e9c7bcdde5ee3!8m2!3d-7.5867858!4d110.2405507!16s%2Fg%2F1pzrn4rtc!19sChIJpwRe4IWLei4R417ezXucnus?authuser=0&hl=id&rclk=1,-7.5867858,110.2405507
tempat makan dekat Borobudur,Semolina Pizza,Restoran Pizza,"
Jl. Balaputradewa, Dusun XVII, Borobudur, Kec. Borobudur, Kabupaten Magelang, Jawa Tengah 56553","4,8",329,Rp 25–50 rb,https://www.google.com/maps/place/Semolina+Pizza/data=!4m7!3m6!1s0x2e7a8d9660b460df:0x882aa2da05cf9399!8m2!3d-7.6062459!4d110.2154134!16s%2Fg%2F11rls4fz29!19sChIJ32C0YJaNei4RmZPPBdqiKog?authuser=0&hl=id&rclk=1,-7.6062459,110.2154134
tempat makan dekat Borobudur,Tempe Mendoan Jumbo Borobudur / Vegan Food Borobudur,Restoran Pesan-Bawa,"
Ngaran I, RT.:003/RW.:005, Dusun XVIII, Borobudur, Kec. Borobudur, Kabupaten Magelang, Jawa Tengah 56553","4,7",141,Rp 1–25.000,https://www.google.com/maps/place/Tempe+Mendoan+Jumbo+Borobudur+%2F+Vegan+Food+Borobudur/data=!4m7!3m6!1s0x2e7a8ced4dd18211:0xbf40935dea483faf!8m2!3d-7.6090268!4d110.2114765!16s%2Fg%2F11c2pv7mq5!19sChIJEYLRTe2Mei4Rrz9I6l2TQL8?authuser=0&hl=id&rclk=1,-7.6090268,110.2114765
tempat makan dekat Borobudur,Kawan Lamo Borobudur,Restoran Padang,"
Jl. Pramudyawardhani, RT.001/RW.004, Dusun XVI, Borobudur, Kec. Borobudur, Kabupaten Magelang, Jawa Tengah 56553","4,2",54,Rp 1–25.000,https://www.google.com/maps/place/Kawan+Lamo+Borobudur/data=!4m7!3m6!1s0x2e7a8d01e5d37235:0x67d22cc81416be1!8m2!3d-7.6039636!4d110.2109212!16s%2Fg%2F11shcvj9jq!19sChIJNXLT5QGNei4R4WtBgcwifQY?authuser=0&hl=id&rclk=1,-7.6039636,110.2109212
tempat makan dekat Borobudur,Stupa Restaurant,Restoran,"
Dusun Kretek - adjacent to Plataran Heritage Borobudur Karangrejo, Dusun II, Borobudur, Magelang Regency, Central Java 56553","4,5",703,Rp 100–250 rb,https://www.google.com/maps/place/Stupa+Restaurant/data=!4m7!3m6!1s0x2e7a8cfd03617c35:0x6390fb4b5e55a55b!8m2!3d-7.6070575!4d110.1904022!16s%2Fg%2F11bwh4mkr6!19sChIJNXxhA_2Mei4RW6VVXkv7kGM?authuser=0&hl=id&rclk=1,-7.6070575,110.1904022
tempat makan dekat Borobudur,Teras Borobudur,Restoran,"
Jl. Balaputradewa Gg. Ngaran I No.003/005, Dusun XVII, Borobudur, Kec. Borobudur, Kabupaten Magelang, Jawa Tengah 56553","4,6",69,Rp 25–50 rb,https://www.google.com/maps/place/Teras+Borobudur/data=!4m7!3m6!1s0x2e7a8d00169eb683:0xd9b810a9910ddb7c!8m2!3d-7.6073616!4d110.2100862!16s%2Fg%2F11vssfr77v!19sChIJg7aeFgCNei4RfNsNkakQuNk?authuser=0&hl=id&rclk=1,-7.6073616,110.2100862
tempat makan dekat Borobudur,BS Resto,Restoran Indonesia,"
Jl. Mayor Kusen No.KM. 2,4, Pabelan Satu, Pabelan, Kec. Mungkid, Kabupaten Magelang, Jawa Tengah 56512","4,4",1546,Rp 50–150 rb,https://www.google.com/maps/place/BS+Resto/data=!4m7!3m6!1s0x2e7a8b8e47a47c0d:0xb83c4d3e045ab4d1!8m2!3d-7.5811048!4d110.2462699!16s%2Fg%2F1pzw_mjc6!19sChIJDXykR46Lei4R0bRaBD5NPLg?authuser=0&hl=id&rclk=1,-7.5811048,110.2462699
tempat makan dekat Borobudur,PONDOK SELERA KANG AMIN (Special Tongseng Jamur),Restoran Nasi Goreng,"
Jl. Balaputradewa, Dusun XVI, Wanurejo, Kec. Borobudur, Kabupaten Magelang, Jawa Tengah 56553","4,4",230,Rp 1–50.000,https://www.google.com/maps/place/PONDOK+SELERA+KANG+AMIN+%28Special+Tongseng+Jamur%29/data=!4m7!3m6!1s0x2e7a8c8da4f0227d:0x71c78987c9ffd5b6!8m2!3d-7.606388!4d110.2135017!16s%2Fg%2F11bzykj30v!19sChIJfSLwpI2Mei4RttX_yYeJx3E?authuser=0&hl=id&rclk=1,-7.606388,110.2135017
tempat makan dekat Borobudur,Wisata Kuliner Angkringan Borobudur Gastronomysite,Restoran Indonesia,"
96W3+QP5, Jl. Medang Kamulan, Kw. Candi Borobudur, Borobudur, Kec. Borobudur, Kabupaten Magelang, Jawa Tengah 56553","4,1",13,,https://www.google.com/maps/place/Wisata+Kuliner+Angkringan+Borobudur+Gastronomysite/data=!4m7!3m6!1s0x2e7a8d35e1189355:0x5b20830e3b50f4b1!8m2!3d-7.6031132!4d110.2043718!16s%2Fg%2F11rg5pnt2r!19sChIJVZMY4TWNei4RsfRQOw6DIFs?authuser=0&hl=id&rclk=1,-7.6031132,110.2043718
tempat makan dekat Borobudur,Legok Cafe & Eatery,Kafe,"
Brojonalan, Dusun 1, Wanurejo, Kec. Borobudur, Kabupaten Magelang, Jawa Tengah 56553","4,3",77,Rp 1–25.000,https://www.google.com/maps/place/Legok+Cafe+%26+Eatery/data=!4m7!3m6!1s0x2e7a8d3a6ca8089d:0x997221d557267322!8m2!3d-7.6033172!4d110.2215914!16s%2Fg%2F11qg15d8nn!19sChIJnQiobDqNei4RInMmV9Uhcpk?authuser=0&hl=id&rclk=1,-7.6033172,110.2215914
tempat makan dekat Borobudur,Umayumcha Borobudur,Kedai Sarapan & Makan Siang,"
96W5+748, Jl. Medang Kamulan, Kw. Candi Borobudur, Borobudur, Kec. Borobudur, Kabupaten Magelang, Jawa Tengah 56553","4,4",45,Rp 1–25.000,https://www.google.com/maps/place/Umayumcha+Borobudur/data=!4m7!3m6!1s0x2e7a8d1b3e3397e5:0x9c4475f55b05e76c!8m2!3d-7.6043337!4d110.2078213!16s%2Fg%2F11v18wjs9x!19sChIJ5ZczPhuNei4RbOcFW_V1RJw?authuser=0&hl=id&rclk=1,-7.6043337,110.2078213
tempat makan dekat Borobudur,YAMA RAMEN Borobudur,Restoran Ramen,"
Dusun Tingal, Wanurejo, Kec. Borobudur, Kabupaten Magelang, Jawa Tengah 56553","4,9",13,Rp 25–50 rb,https://www.google.com/maps/place/YAMA+RAMEN+Borobudur/data=!4m7!3m6!1s0x2e7a8da7db785ce5:0xaa0c49ca7e355385!8m2!3d-7.6157446!4d110.2188003!16s%2Fg%2F11yp3ys0tq!19sChIJ5Vx426eNei4RhVM1fspJDKo?authuser=0&hl=id&rclk=1,-7.6157446,110.2188003
tempat makan dekat Borobudur,Waroeng Kopi Borobudur,,"
Jalan Borobudur - Ngadiharjo Dusun, Ngaran Lor No.2, RT.001/RW.006, Sawah, Borobudur, Kec. Borobudur, Kabupaten Magelang, Jawa Tengah 56553","4,4",1592,Rp 340.540,https://www.google.com/maps/place/Waroeng+Kopi+Borobudur/data=!4m10!3m9!1s0x2e7a8ceeac9080fd:0xdaad545b16f35099!5m2!4m1!1i2!8m2!3d-7.6135926!4d110.205214!16s%2Fg%2F11fy92_svm!19sChIJ_YCQrO6Mei4RmVDzFltUrdo?authuser=0&hl=id&rclk=1,-7.6135926,110.205214
tempat makan dekat Borobudur,Janji Hati Coffee & Kitchen,Kedai Kopi,"
Jl. Candi Pawon, Dusun 1, Wanurejo, Kec. Borobudur, Kabupaten Magelang, Jawa Tengah 56553","4,5",1221,Rp 25–50 rb,https://www.google.com/maps/place/Janji+Hati+Coffee+%26+Kitchen/data=!4m7!3m6!1s0x2e7a8deb07e4e425:0xa0c58d6d8a3102fb!8m2!3d-7.6062238!4d110.2173121!16s%2Fg%2F11p74qrbkq!19sChIJJeTkB-uNei4R-wIxim2NxaA?authuser=0&hl=id&rclk=1,-7.6062238,110.2173121
tempat makan dekat Borobudur,Rerempah - Tempat Makan Cafe Di Borobudur,Restoran,"
Kurahan, Karangrejo, Kec. Borobudur, Kabupaten Magelang, Jawa Tengah 56553","4,3",9,,https://www.google.com/maps/place/Rerempah+-+Tempat+Makan+Cafe+Di+Borobudur/data=!4m7!3m6!1s0x2e7a8d59d64991b5:0xfd4dfa70bf97d91d!8m2!3d-7.6056699!4d110.1804139!16s%2Fg%2F11qnm6zwg1!19sChIJtZFJ1lmNei4RHdmXv3D6Tf0?authuser=0&hl=id&rclk=1,-7.6056699,110.1804139
tempat makan dekat Borobudur,Enam Langit by Plataran,Restoran,"
Butuh, Candirejo, Kec. Borobudur, Kabupaten Magelang, Jawa Tengah 56553","4,6",2257,Rp 250.000+,https://www.google.com/maps/place/Enam+Langit+by+Plataran/data=!4m7!3m6!1s0x2e7a8d5cd7c9f0a9:0xffa1500cf1249ad0!8m2!3d-7.6350116!4d110.2187796!16s%2Fg%2F11fm_m1_2s!19sChIJqfDJ11yNei4R0Jok8QxQof8?authuser=0&hl=id&rclk=1,-7.6350116,110.2187796
tempat makan dekat Borobudur,Caping Resto Borobudur,Restoran,"
Banjaran 2, Karanganyar, Kec. Borobudur, Kabupaten Magelang, Jawa Tengah 56553","4,8",1249,Rp 25–75 rb,https://www.google.com/maps/place/Caping+Resto+Borobudur/data=!4m7!3m6!1s0x2e7a8db00372f811:0x80bf4f362a85f48f!8m2!3d-7.6147887!4d110.1915923!16s%2Fg%2F11lclz6f3k!19sChIJEfhyA7CNei4Rj_SFKjZPv4A?authuser=0&hl=id&rclk=1,-7.6147887,110.1915923
tempat makan dekat Borobudur,"Ayam Panggang ""Mbah Mo"" Borobudur",Restoran,"
Jl. Sudirman No.11, Dusun 1, Wanurejo, Kec. Borobudur, Kabupaten Magelang, Jawa Tengah 56553","4,9",2885,Rp 25–50 rb,https://www.google.com/maps/place/Ayam+Panggang+%22Mbah+Mo%22+Borobudur/data=!4m7!3m6!1s0x2e7a8d6e4605b70f:0xc5c81dd48368ad5!8m2!3d-7.6042297!4d110.2172617!16s%2Fg%2F11y1xrk841!19sChIJD7cFRm6Nei4R1Yo2SN2BXAw?authuser=0&hl=id&rclk=1,-7.6042297,110.2172617
tempat makan dekat Borobudur,Restaurant La Table by Le Temple Borobudur,Restoran,"
jalan sawah, dusun bumisegoro, Borobudur, Magelang Regency, Central Java 56553","4,7",197,,https://www.google.com/maps/place/Restaurant+La+Table+by+Le+Temple+Borobudur/data=!4m7!3m6!1s0x2e7a8d3d5f4c739b:0xb912843c74544100!8m2!3d-7.6088075!4d110.1965658!16s%2Fg%2F11jrw__q_h!19sChIJm3NMXz2Nei4RAEFUdDyEErk?authuser=0&hl=id&rclk=1,-7.6088075,110.1965658
tempat makan dekat Borobudur,Kedai Bukit Rhema,Restoran,"
Kurahan, Karangrejo, Kec. Borobudur, Kabupaten Magelang, Jawa Tengah 56553","4,9",11107,Rp 25–50 rb,https://www.google.com/maps/place/Kedai+Bukit+Rhema/data=!4m7!3m6!1s0x2e7a8d043ee88385:0xca01a8a7bc84d8f!8m2!3d-7.6056792!4d110.1803617!16s%2Fg%2F11gf96yb0f!19sChIJhYPoPgSNei4Rj03Ie4oaoAw?authuser=0&hl=id&rclk=1,-7.6056792,110.1803617
tempat makan dekat Borobudur,The Nalaya Hotel & Resto,,"
Jl. Balaputradewa No.22, Dusun XVII, Borobudur, Kec. Borobudur, Kabupaten Magelang, Jawa Tengah 56553","4,5",553,Rp 612.360,https://www.google.com/maps/place/The+Nalaya+Hotel+%26+Resto/data=!4m10!3m9!1s0x2e7a8c8d36bfe67d:0x393c06604057a109!5m2!4m1!1i2!8m2!3d-7.6068318!4d110.2133665!16s%2Fg%2F11cny17rc7!19sChIJfea_No2Mei4RCaFXQGAGPDk?authuser=0&hl=id&rclk=1,-7.6068318,110.2133665
tempat makan dekat Borobudur,Restoran Pringgondani,Restoran Prasmanan,"
Hotel Puri Asri Magelang, Jl. Cemp. No.9, Jurangombo Utara, Kec. Magelang Sel., Kota Magelang, Jawa Tengah 56122","4,6",973,Rp 75–150 rb,https://www.google.com/maps/place/Restoran+Pringgondani/data=!4m7!3m6!1s0x2e7a8f5db8614235:0xd26caaaf92efbbca!8m2!3d-7.4846844!4d110.2077765!16s%2Fg%2F1pzwkh_69!19sChIJNUJhuF2Pei4Ryrvvkq-qbNI?authuser=0&hl=id&rclk=1,-7.4846844,110.2077765
tempat makan dekat Borobudur,Balana Kitchen & Coffee Borobudur,Restoran,"
Tingal Kulon, RT.2/RW.2, Dusun 7, Wanurejo, Borobudur, Magelang Regency, Central Java 56553","4,9",115,Rp 50–125 rb,https://www.google.com/maps/place/Balana+Kitchen+%26+Coffee+Borobudur/data=!4m7!3m6!1s0x2e7a8d857305348d:0x87b54578540da5a4!8m2!3d-7.610615!4d110.2206981!16s%2Fg%2F11l2_7h5jx!19sChIJjTQFc4WNei4RpKUNVHhFtYc?authuser=0&hl=id&rclk=1,-7.610615,110.2206981
tempat makan dekat Borobudur,Truntum Gasblock Borobudur,Restoran,"
Bumen Djelapan, Karangrejo, Kec. Borobudur, Kabupaten Magelang, Jawa Tengah 56553","4,6",1150,Rp 50–150 rb,https://www.google.com/maps/place/Truntum+Gasblock+Borobudur/data=!4m7!3m6!1s0x2e7a8de4457ca54b:0x22e36ec10cdc6808!8m2!3d-7.6132978!4d110.1861402!16s%2Fg%2F11qb3r797n!19sChIJS6V8ReSNei4RCGjcDMFu4yI?authuser=0&hl=id&rclk=1,-7.6132978,110.1861402
tempat makan dekat Borobudur,Waroeng Kopi Kopi Borobudur,Restoran Indonesia,"
Dusun Sabrangrowo, RT.01/RW.16, Dusun XXII, Borobudur, Kec. Borobudur, Kabupaten Magelang, Jawa Tengah 56553","4,9",52,Rp 1–25.000,https://www.google.com/maps/place/Waroeng+Kopi+Kopi+Borobudur/data=!4m7!3m6!1s0x2e7a8d2907f27bc1:0xf8789d6c5162e581!8m2!3d-7.6083602!4d110.2005188!16s%2Fg%2F11scb60l_z!19sChIJwXvyBymNei4RgeViUWydePg?authuser=0&hl=id&rclk=1,-7.6083602,110.2005188
tempat makan dekat Borobudur,Pawon Ghanim D'Tjariks,Restoran,"
Jl. Candi Pawon Brojonalan No.1, Dusun 1, Wanurejo, Kec. Borobudur, Kabupaten Magelang, Jawa Tengah 56553","4,8",39,,https://www.google.com/maps/place/Pawon+Ghanim+D%27Tjariks/data=!4m7!3m6!1s0x2e7a8d5f6c688669:0x16e048fc86d6320d!8m2!3d-7.6056193!4d110.2174254!16s%2Fg%2F11q2r0g1_6!19sChIJaYZobF-Nei4RDTLWhvxI4BY?authuser=0&hl=id&rclk=1,-7.6056193,110.2174254
tempat makan dekat Borobudur,Geprek mantul 2020 borobudur,Restoran,"
Jl. Sudirman No.14, Dusun XIV, Borobudur, Kec. Borobudur, Kabupaten Magelang, Jawa Tengah 56553","4,3",522,Rp 1–25.000,https://www.google.com/maps/place/Geprek+mantul+2020+borobudur/data=!4m7!3m6!1s0x2e7a8d47d83c25f1:0x801cfe13e59af3c0!8m2!3d-7.6017461!4d110.2126272!16s%2Fg%2F11rq3t50dv!19sChIJ8SU82EeNei4RwPOa5RP-HIA?authuser=0&hl=id&rclk=1,-7.6017461,110.2126272
tempat makan dekat Borobudur,Rumah Makan Padang Uni Yani,Restoran Padang,"
No Jl. Balaputradewa No.3, Dusun 1, Wanurejo, Kec. Borobudur, Kabupaten Magelang, Jawa Tengah 56553","4,3",1309,Rp 25–50 rb,https://www.google.com/maps/place/Rumah+Makan+Padang+Uni+Yani/data=!4m7!3m6!1s0x2e7a8c8ef4ad7231:0x66493e92a9af2941!8m2!3d-7.6050886!4d110.2191252!16s%2Fg%2F11bxjjb2_p!19sChIJMXKt9I6Mei4RQSmvqZI-SWY?authuser=0&hl=id&rclk=1,-7.6050886,110.2191252
tempat makan dekat Borobudur,Balkondes Borobudur,,"
Jl Borobudur Ngadiharjo, Dusun Ngaran 2, RT.001/RW.006, Sawah, Borobudur, Kec. Borobudur, Kabupaten Magelang, Jawa Tengah 56553","4,4",200,,https://www.google.com/maps/place/Balkondes+Borobudur/data=!4m10!3m9!1s0x2e7a8de637eae4e3:0x6b48a1063ac59a40!5m2!4m1!1i2!8m2!3d-7.6134149!4d110.2052086!16s%2Fg%2F11rpl_n2jy!19sChIJ4-TqN-aNei4RQJrFOgahSGs?authuser=0&hl=id&rclk=1,-7.6134149,110.2052086
tempat makan dekat Borobudur,Terracotta Resto Borobudur,Restoran Indonesia,"
Jl. Mayor Kusen No.8, Citran, Paremono, Kec. Mungkid, Kabupaten Magelang, Jawa Tengah 56512","4,5",751,Rp 25–50 rb,https://www.google.com/maps/place/Terracotta+Resto+Borobudur/data=!4m7!3m6!1s0x2e7a8be9818a96cf:0x626f4f608e348006!8m2!3d-7.5697989!4d110.2564888!16s%2Fg%2F11bwfjljwc!19sChIJz5aKgemLei4RBoA0jmBPb2I?authuser=0&hl=id&rclk=1,-7.5697989,110.2564888
tempat makan dekat Borobudur,Warung Bakmi Pak Muri,Restoran Mie,"
Jl. Balaputradewa No.30, Dusun XVII, Borobudur, Kec. Borobudur, Kabupaten Magelang, Jawa Tengah 56553","4,5",965,Rp 1–25.000,https://www.google.com/maps/place/Warung+Bakmi+Pak+Muri/data=!4m7!3m6!1s0x2e7a8c8d377a2d37:0xb9e769469d33f2ba!8m2!3d-7.6067889!4d110.212447!16s%2Fg%2F11cj_4w196!19sChIJNy16N42Mei4RuvIznUZp57k?authuser=0&hl=id&rclk=1,-7.6067889,110.212447
tempat makan dekat Borobudur,Omah Mbudur,Restoran,"
Dusun jowahan, Dusun 3, Wanurejo, Kec. Borobudur, Kabupaten Magelang, Jawa Tengah 56553","4,6",951,Rp 25–50 rb,https://www.google.com/maps/place/Omah+Mbudur/data=!4m7!3m6!1s0x2e7a8c950fa76ea5:0x816b44306d5c02c!8m2!3d-7.616503!4d110.2147419!16s%2Fg%2F11f1t68qbz!19sChIJpW6nD5WMei4RLMDVBkO0Fgg?authuser=0&hl=id&rclk=1,-7.616503,110.2147419
tempat makan dekat Borobudur,Rumah Ketela,Restoran,"
96P4+JFX, Jl. Badrawati Dusun Ngaran II, RT.01/RW.06, Dusun XIX, Borobudur, Kec. Borobudur, Kabupaten Magelang, Jawa Tengah 56553","4,4",110,Rp 25–50 rb,https://www.google.com/maps/place/Rumah+Ketela/data=!4m7!3m6!1s0x2e7a8ced9d3dff97:0xaf604d85c352e53!8m2!3d-7.6133781!4d110.2062418!16s%2Fg%2F1pzx7_csq!19sChIJl_89ne2Mei4RUy41XNgE9go?authuser=0&hl=id&rclk=1,-7.6133781,110.2062418
tempat makan dekat Borobudur,Nasi Goreng OKLEK,Restoran Nasi Goreng,"
Jl. Sudirman, RT.01/RW.01, Dusun IX, Borobudur, Kec. Borobudur, Kabupaten Magelang, Jawa Tengah 56553","4,9",165,Rp 1–25.000,https://www.google.com/maps/place/Nasi+Goreng+OKLEK/data=!4m7!3m6!1s0x2e7a8d9b718d19c9:0x4cb92d531328a81a!8m2!3d-7.5983695!4d110.2076323!16s%2Fg%2F11nn2mcg5m!19sChIJyRmNcZuNei4RGqgoE1MtuUw?authuser=0&hl=id&rclk=1,-7.5983695,110.2076323
tempat makan dekat Borobudur,Kampung Ulam Ngrajek,Restoran Indonesia,"
Ngrajek I, Ngrajek, Kec. Mungkid, Kabupaten Magelang, Jawa Tengah 56512","4,5",3403,Rp 25–50 rb,https://www.google.com/maps/place/Kampung+Ulam+Ngrajek/data=!4m7!3m6!1s0x2e7a8bf8e2c5da03:0xc7dd96b193090215!8m2!3d-7.59387!4d110.2367634!16s%2Fg%2F11jbb6rv_m!19sChIJA9rF4viLei4RFQIJk7GW3cc?authuser=0&hl=id&rclk=1,-7.59387,110.2367634
tempat makan dekat Borobudur,Nemu Bakso Borobudur,Restoran,"
Sendaren 1, Karangrejo, Kec. Borobudur, Kabupaten Magelang, Jawa Tengah 56553","4,7",312,Rp 1–25.000,https://www.google.com/maps/place/Nemu+Bakso+Borobudur/data=!4m7!3m6!1s0x2e7a8d82811604a3:0x749dbc700c4d0aa7!8m2!3d-7.6011563!4d110.1883398!16s%2Fg%2F11sjjw8m05!19sChIJowQWgYKNei4RpwpNDHC8nXQ?authuser=0&hl=id&rclk=1,-7.6011563,110.1883398
tempat makan dekat Borobudur,Witarka Resto Hotel Manohara Borobudur,,"
Jl. Manohara Hotel, Kw. Candi Borobudur, Borobudur, Kec. Borobudur, Kabupaten Magelang, Jawa Tengah 56553","4,6",53,,https://www.google.com/maps/place/Witarka+Resto+Hotel+Manohara+Borobudur/data=!4m10!3m9!1s0x2e7a8cede62d492d:0x24fddf35fe1f2c9c!5m2!4m1!1i2!8m2!3d-7.6092791!4d110.2064016!16s%2Fg%2F11hcw5zvhq!19sChIJLUkt5u2Mei4RnCwf_jXf_SQ?authuser=0&hl=id&rclk=1,-7.6092791,110.2064016
tempat makan dekat Borobudur,Waroeng Oemat,Restoran,"
96X2+7M9, Jl. Medang Kamulan, Dusun VIII, Borobudur, Kec. Borobudur, Kabupaten Magelang, Jawa Tengah 56553","4,9",14,,https://www.google.com/maps/place/Waroeng+Oemat/data=!4m7!3m6!1s0x2e7a8dfd4ed93cdf:0xefebe9e429a27d6e!8m2!3d-7.6018433!4d110.2017217!16s%2Fg%2F11rkgl801q!19sChIJ3zzZTv2Nei4Rbn2iKeTp6-8?authuser=0&hl=id&rclk=1,-7.6018433,110.2017217
tempat makan dekat Borobudur,Joglo Panglipuran Borobudur,Restoran,"
Jl. Sudirman, Dusun 1, Wanurejo, Kec. Borobudur, Kabupaten Magelang, Jawa Tengah 56553","4,5",814,Rp 25–50 rb,https://www.google.com/maps/place/Joglo+Panglipuran+Borobudur/data=!4m7!3m6!1s0x2e7a8d07c89aa659:0x8dd2e8006014ad16!8m2!3d-7.6035276!4d110.217735!16s%2Fg%2F11fj1mnt9x!19sChIJWaaayAeNei4RFq0UYADo0o0?authuser=0&hl=id&rclk=1,-7.6035276,110.217735
tempat makan dekat Borobudur,Warung De'menake,Restoran Indonesia,"
96FH+PX6, Margonodadi, Candirejo, Kec. Borobudur, Kabupaten Magelang, Jawa Tengah 56553","4,6",1022,Rp 25–50 rb,https://www.google.com/maps/place/Warung+De%27menake/data=!4m7!3m6!1s0x2e7a8d4f8c80a151:0x8dba5890bfdbe473!8m2!3d-7.625426!4d110.229913!16s%2Fg%2F11s8b8rkr1!19sChIJUaGAjE-Nei4Rc-Tbv5BYuo0?authuser=0&hl=id&rclk=1,-7.625426,110.229913
tempat makan dekat Borobudur,D'Brajan Cafe Dan Resto,Kafe,"
Jl. Japunan - Sraten, Brajan, Danurejo, Kec. Mertoyudan, Kabupaten Magelang, Jawa Tengah 56172","4,6",770,Rp 25–50 rb,https://www.google.com/maps/place/D%27Brajan+Cafe+Dan+Resto/data=!4m7!3m6!1s0x2e7a8f0ebf2f3e0f:0x73514685d3b77a9b!8m2!3d-7.5472235!4d110.2193895!16s%2Fg%2F11qg90yxz0!19sChIJDz4vvw6Pei4Rm3q304VGUXM?authuser=0&hl=id&rclk=1,-7.5472235,110.2193895
tempat makan dekat Borobudur,Benoa Borobudur Resto & Gallery,Restoran China,"
Jl. Balaputradewa No.57 B, Dusun XVI, Borobudur, Kec. Borobudur, Kabupaten Magelang, Jawa Tengah 56553","4,2",334,Rp 50–75 rb,https://www.google.com/maps/place/Benoa+Borobudur+Resto+%26+Gallery/data=!4m7!3m6!1s0x2e7a8c8d17d0ebd9:0x2a6cb2851fc103ac!8m2!3d-7.6064065!4d110.2132601!16s%2Fg%2F11gbk4s62t!19sChIJ2evQF42Mei4RrAPBH4WybCo?authuser=0&hl=id&rclk=1,-7.6064065,110.2132601
tempat makan dekat Borobudur,Endah Cake & Bakery Resto,Restoran,"
Jl. Balaputradewa, Dusun XVI, Borobudur, Kec. Borobudur, Kabupaten Magelang, Jawa Tengah 56553","4,8",94,Rp 25–50 rb,https://www.google.com/maps/place/Endah+Cake+%26+Bakery+Resto/data=!4m7!3m6!1s0x2e7a8ddc8d0cb507:0xd7c3fec84987be83!8m2!3d-7.6064091!4d110.213182!16s%2Fg%2F11l6zfjkyb!19sChIJB7UMjdyNei4Rg76HScj-w9c?authuser=0&hl=id&rclk=1,-7.6064091,110.213182
tempat makan dekat Borobudur,Nalendro Cafe Borobudur,,"
Jl. Borobudur - Ngadiharjo, Dusun XX, Borobudur, Kec. Borobudur, Kabupaten Magelang, Jawa Tengah 56553","4,3",617,Rp 1.118.105,https://www.google.com/maps/place/Nalendro+Cafe+Borobudur/data=!4m10!3m9!1s0x2e7a8dec83def7cd:0xc7c9dba6d1c9f0b6!5m2!4m1!1i2!8m2!3d-7.6115331!4d110.1950012!16s%2Fg%2F11lk0gjbs9!19sChIJzffeg-yNei4RtvDJ0abbycc?authuser=0&hl=id&rclk=1,-7.6115331,110.1950012
tempat makan dekat Borobudur,Lamen Restaurant,Restoran,"
Jl. Badrawati No.30, Dusun XVIII, Borobudur, Kec. Borobudur, Kabupaten Magelang, Jawa Tengah 56553","4,7",240,Rp 50–125 rb,https://www.google.com/maps/place/Lamen+Restaurant/data=!4m7!3m6!1s0x2e7a8df5c7215d2f:0x494c1c6202fa289c!8m2!3d-7.6121128!4d110.2085319!16s%2Fg%2F11vy0qp0b3!19sChIJL10hx_WNei4RnCj6AmIcTEk?authuser=0&hl=id&rclk=1,-7.6121128,110.2085319
tempat makan dekat Borobudur,Menoreh Restaurant,Restoran,"
Dusun Kretek, Karangrejo, Dusun II, Borobudur, Kec. Borobudur, Kabupaten Magelang, Jawa Tengah 56553","4,7",162,Rp 125–225 rb,https://www.google.com/maps/place/Menoreh+Restaurant/data=!4m7!3m6!1s0x2e7a8cfd0ec52753:0x3f1fd0eb56d99b9d!8m2!3d-7.6070946!4d110.1899722!16s%2Fg%2F11df0ghwy2!19sChIJUyfFDv2Mei4RnZvZVuvQHz8?authuser=0&hl=id&rclk=1,-7.6070946,110.1899722
tempat makan dekat Borobudur,Mangut Beong Asli Borobudur 2,Restoran,"
Kanggan Jl. Sudirman, Sorotanan, Wringinputih, Kec. Borobudur, Kabupaten Magelang, Jawa Tengah 56553","4,5",879,Rp 25–50 rb,https://www.google.com/maps/place/Mangut+Beong+Asli+Borobudur+2/data=!4m7!3m6!1s0x2e7a8d05fa92548b:0x33ac8081d7a4d61a!8m2!3d-7.5997231!4d110.1944097!16s%2Fg%2F11c2ld_gw5!19sChIJi1SS-gWNei4RGtak14GArDM?authuser=0&hl=id&rclk=1,-7.5997231,110.1944097
tempat makan dekat Borobudur,Rumah MAKAN LOMBOK COKRO,Restoran,"
Jl. Daranindra No.2, Sriyasan, Wringinputih, Kec. Borobudur, Kabupaten Magelang, Jawa Tengah 56553","4,8",30,Rp 1–25.000,https://www.google.com/maps/place/Rumah+MAKAN+LOMBOK+COKRO/data=!4m7!3m6!1s0x2e7a8d1e7ccdb955:0x91e927a1db8b9fa5!8m2!3d-7.6005496!4d110.1965087!16s%2Fg%2F11gtxdjjsz!19sChIJVbnNfB6Nei4RpZ-L26En6ZE?authuser=0&hl=id&rclk=1,-7.6005496,110.1965087
tempat makan dekat Borobudur,Pasta Kopi Niti,Restoran,"
Dusun Djowahan No.Desa, Dusun XVIII, Wanurejo, Kec. Borobudur, Kabupaten Magelang, Jawa Tengah 56553","4,4",427,Rp 50–75 rb,https://www.google.com/maps/place/Pasta+Kopi+Niti/data=!4m7!3m6!1s0x2e7a8ceb4797d22b:0xd3e280554b443ed2!8m2!3d-7.6141882!4d110.2107154!16s%2Fg%2F11c2md243w!19sChIJK9KXR-uMei4R0j5ES1WA4tM?authuser=0&hl=id&rclk=1,-7.6141882,110.2107154
tempat makan dekat Borobudur,Dagi Abhinaya,,"
Jl. Badrawati, Kw. Candi Borobudur, Borobudur, Kec. Borobudur, Kabupaten Magelang, Jawa Tengah 56553","4,4",24,,https://www.google.com/maps/place/Dagi+Abhinaya/data=!4m10!3m9!1s0x2e7a8d053aae222d:0xfc43e3f705a5cdb1!5m2!4m1!1i2!8m2!3d-7.6034915!4d110.2001173!16s%2Fg%2F11fj6q2ynz!19sChIJLSKuOgWNei4Rsc2lBffjQ_w?authuser=0&hl=id&rclk=1,-7.6034915,110.2001173
tempat makan dekat Bangka Belitung,RM. Pagi Sore Kantor Gubernur,Restoran Padang,"
Bacang, Kec. Bukitintan, Kota Pangkal Pinang, Kepulauan Bangka Belitung 33684","4,4",798,Rp 50–75 rb,https://www.google.com/maps/place/RM.+Pagi+Sore+Kantor+Gubernur/data=!4m7!3m6!1s0x2e22c75c6f1dd499:0xf3751d62b42c56d6!8m2!3d-2.1503045!4d106.1500455!16s%2Fg%2F11g659xbkc!19sChIJmdQdb1zHIi4R1lYstGIddfM?authuser=0&hl=id&rclk=1,-2.1503045,106.1500455
tempat makan dekat Bangka Belitung,Warung Lempah kuning Bang Hanif - Ikan Bakar ( Khas Bangka ),Restoran Ikan Bakar,"
Jl. A. Yani No.91, Pintu Air, Kec. Taman Sari, Kota Pangkal Pinang, Kepulauan Bangka Belitung 33684","4,2",53,Rp 25–50 rb,https://www.google.com/maps/place/Warung+Lempah+kuning+Bang+Hanif+-+Ikan+Bakar+%28+Khas+Bangka+%29/data=!4m7!3m6!1s0x2e22c111fa3be213:0x7150dc716e63566c!8m2!3d-2.1242762!4d106.1078339!16s%2Fg%2F11k8cd758m!19sChIJE-I7-hHBIi4RbFZjbnHcUHE?authuser=0&hl=id&rclk=1,-2.1242762,106.1078339
tempat makan dekat Bangka Belitung,Masakan Padang BAGI RASO,Rumah Makan,"
Depan Indomaret, Jl. Namang - Koba, Kurau, Kec. Koba, Kabupaten Bangka Tengah, Kepulauan Bangka Belitung 33681","4,9",10,Rp 1–25.000,https://www.google.com/maps/place/Masakan+Padang+BAGI+RASO/data=!4m7!3m6!1s0x2e22b576a695084b:0x77ee80563f4c48e4!8m2!3d-2.3339906!4d106.2354152!16s%2Fg%2F11z9sy315w!19sChIJSwiVpna1Ii4R5EhMP1aA7nc?authuser=0&hl=id&rclk=1,-2.3339906,106.2354152
tempat makan dekat Bangka Belitung,Metro Family Restaurant,Restoran Keluarga,"
Arung Dalam, Kec. Koba, Kabupaten Bangka Tengah, Kepulauan Bangka Belitung 33681","4,6",103,Rp 25–50 rb,https://www.google.com/maps/place/Metro+Family+Restaurant/data=!4m7!3m6!1s0x2e3d51f201228feb:0x40d2ac76a35ec3aa!8m2!3d-2.4817309!4d106.3955318!16s%2Fg%2F11tnhzkjfs!19sChIJ648iAfJRPS4RqsNeo3as0kA?authuser=0&hl=id&rclk=1,-2.4817309,106.3955318
tempat makan dekat Bangka Belitung,Pandan House Restaurant,Restoran Seafood,"
Jalan Sijuk Km. 4,5 No. 18A, Air Merbau, Kec. Tj. Pandan, Kabupaten Belitung, Kepulauan Bangka Belitung 33417","4,3",877,Rp 25–125 rb,https://www.google.com/maps/place/Pandan+House+Restaurant/data=!4m7!3m6!1s0x2e173e01eb87033b:0x4b4d5c2ae692612d!8m2!3d-2.720007!4d107.6711514!16s%2Fg%2F11c0vxvls_!19sChIJOwOH6wE-Fy4RLWGS5ipcTUs?authuser=0&hl=id&rclk=1,-2.720007,107.6711514
tempat makan dekat Bangka Belitung,Tan Kasteel Restaurant & Lounge,Restoran Fusion Asia,"
Jl. A. Yani No.187, Batin Tikal, Kec. Taman Sari, Kota Pangkal Pinang, Kepulauan Bangka Belitung 33126","4,2",803,,https://www.google.com/maps/place/Tan+Kasteel+Restaurant+%26+Lounge/data=!4m7!3m6!1s0x2e22c120e9365b3b:0xff44de9dbbfcb276!8m2!3d-2.120807!4d106.109112!16s%2Fg%2F11bx4cj6s0!19sChIJO1s26SDBIi4RdrL8u53eRP8?authuser=0&hl=id&rclk=1,-2.120807,106.109112
tempat makan dekat Bangka Belitung,Pantai Batu Kapur Bangka Selatan,Tujuan Wisata,"
XCRR+CVF, jl alising kampung baru, Tj. Ketapang, Kec. Toboali, Kabupaten Bangka Selatan, Kepulauan Bangka Belitung 33783","4,3",529,,https://www.google.com/maps/place/Pantai+Batu+Kapur+Bangka+Selatan/data=!4m7!3m6!1s0x2e3d81803dbe0b83:0xd8282fd92e0c289f!8m2!3d-3.0089309!4d106.4421565!16s%2Fg%2F11bxg8db4b!19sChIJgwu-PYCBPS4RnygMLtkvKNg?authuser=0&hl=id&rclk=1,-3.0089309,106.4421565
tempat makan dekat Bangka Belitung,IGA MABES (MARKAS IGA BAKAR),Tempat barbekyu,"
ex cafe TNT dan sumpit bambu, Jl. Kampung Melayu, Bukit Sari, Kec. Gerunggang, Kota Pangkal Pinang, Kepulauan Bangka Belitung 33684","4,7",22,,https://www.google.com/maps/place/IGA+MABES+%28MARKAS+IGA+BAKAR%29/data=!4m7!3m6!1s0x2e22c15f1b1e3f91:0x27dee44e56963971!8m2!3d-2.1173371!4d106.1050814!16s%2Fg%2F11z6767h_d!19sChIJkT8eG1_BIi4RcTmWVk7k3ic?authuser=0&hl=id&rclk=1,-2.1173371,106.1050814
tempat makan dekat Bangka Belitung,Mama Resto,Restoran Betawi,"
XFW2+37G, Teladan, Kec. Toboali, Kabupaten Bangka Selatan, Kepulauan Bangka Belitung 33783","4,2",98,,https://www.google.com/maps/place/Mama+Resto/data=!4m7!3m6!1s0x2e3d8183602b2e63:0xeecb4f05beba6295!8m2!3d-3.004807!4d106.4507114!16s%2Fg%2F11bzyxhn8h!19sChIJYy4rYIOBPS4RlWK6vgVPy-4?authuser=0&hl=id&rclk=1,-3.004807,106.4507114
tempat makan dekat Bangka Belitung,Warjo Koba,Restoran Asia,"
Jl.sukarno hata 2, no.005, rt 14 koba, bangka (depan kantor kecamatan koba), Koba, Kec. Koba, Kabupaten Bangka Tengah, Kepulauan Bangka Belitung 33681","4,2",546,Rp 25–50 rb,https://www.google.com/maps/place/Warjo+Koba/data=!4m7!3m6!1s0x2e3d5091b4fdfe55:0x78728b9919b6b409!8m2!3d-2.4818617!4d106.395807!16s%2Fg%2F11b8_rt1h0!19sChIJVf79tJFQPS4RCbS2GZmLcng?authuser=0&hl=id&rclk=1,-2.4818617,106.395807
tempat makan dekat Bangka Belitung,Rumah Makan Mak Weng,Restoran Indonesia,"
Jl. Kemuning, Parit, Kec. Tj. Pandan, Kabupaten Belitung, Kepulauan Bangka Belitung 33411","4,4",389,Rp 50–75 rb,https://www.google.com/maps/place/Rumah+Makan+Mak+Weng/data=!4m7!3m6!1s0x2e1716611bef0ea9:0xfc20aef469dad856!8m2!3d-2.7400623!4d107.6255478!16s%2Fg%2F11f_1wgrc4!19sChIJqQ7vG2EWFy4RVtjaafSuIPw?authuser=0&hl=id&rclk=1,-2.7400623,107.6255478
tempat makan dekat Bangka Belitung,Alun-Alun Taman Merdeka Kota Pangkal Pinang,Taman Kota,"
33127, Batin Tikal, Kec. Taman Sari, Kota Pangkal Pinang, Kepulauan Bangka Belitung 33684","4,4",10606,,https://www.google.com/maps/place/Alun-Alun+Taman+Merdeka+Kota+Pangkal+Pinang/data=!4m7!3m6!1s0x2e22c0df150fcbd9:0xb86b04688320caeb!8m2!3d-2.1211299!4d106.1127796!16s%2Fg%2F1hm3k2g6p!19sChIJ2csPFd_AIi4R68ogg2gEa7g?authuser=0&hl=id&rclk=1,-2.1211299,106.1127796
tempat makan dekat Bangka Belitung,"Restoran ""Jabrik""",Restoran Masakan Ayam,"
Jl. Raya Koba KM. 55 Gang. Polwan No. 123, Kampung Dul, Dul, Pangkalan Baru, Dul, Kec. Pangkalan Baru, Kabupaten Bangka Tengah, Kepulauan Bangka Belitung 33684","4,4",1630,Rp 50–75 rb,https://www.google.com/maps/place/Restoran+%22Jabrik%22/data=!4m7!3m6!1s0x2e22c0d42ccfb281:0xad83674071b79686!8m2!3d-2.1612825!4d106.1327051!16s%2Fg%2F1pzv404vf!19sChIJgbLPLNTAIi4Rhpa3cUBng60?authuser=0&hl=id&rclk=1,-2.1612825,106.1327051
tempat makan dekat Bangka Belitung,Warung 118,Restoran,"
Jl. Sriwijaya No.123A, Parit, Kec. Tj. Pandan, Kabupaten Belitung, Kepulauan Bangka Belitung 33411","4,4",72,Rp 1–25.000,https://www.google.com/maps/place/Warung+118/data=!4m7!3m6!1s0x2e171668de193999:0x1d94586adae68818!8m2!3d-2.7389318!4d107.6360926!16s%2Fg%2F11c2lb09v0!19sChIJmTkZ3mgWFy4RGIjm2mpYlB0?authuser=0&hl=id&rclk=1,-2.7389318,107.6360926
tempat makan dekat Bangka Belitung,Rumah Makan Pondok Nelayan,Restoran Ikan Bakar,"
7J6G+88Q, Jl. Kemuning, Parit, Kec. Tj. Pandan, Kabupaten Belitung, Kepulauan Bangka Belitung 33411","4,3",148,Rp 25–175 rb,https://www.google.com/maps/place/Rumah+Makan+Pondok+Nelayan/data=!4m7!3m6!1s0x2e1716616ac6e95b:0x5bc9a07f47781639!8m2!3d-2.7391634!4d107.625863!16s%2Fg%2F11h9zytdlh!19sChIJW-nGamEWFy4RORZ4R3-gyVs?authuser=0&hl=id&rclk=1,-2.7391634,107.625863
tempat makan dekat Bangka Belitung,Kedai Makmoer,Kafe,"
Tj. Pendam, Kec. Tj. Pandan, Kabupaten Belitung, Kepulauan Bangka Belitung 33411","4,3",184,,https://www.google.com/maps/place/Kedai+Makmoer/data=!4m7!3m6!1s0x2e1716795f6a638f:0xa89168fe4f5950ed!8m2!3d-2.7305479!4d107.6281797!16s%2Fg%2F11cmzz7btv!19sChIJj2NqX3kWFy4R7VBZT_5okag?authuser=0&hl=id&rclk=1,-2.7305479,107.6281797
tempat makan dekat Bangka Belitung,Rumah Makan 1998,Restoran,"
Jl. Raya Rias, Rias, Kec. Toboali, Kabupaten Bangka Selatan, Kepulauan Bangka Belitung 33783","5,0",3,,https://www.google.com/maps/place/Rumah+Makan+1998/data=!4m7!3m6!1s0x2e3d7978d4e4b2cf:0x8282c75932fb5941!8m2!3d-2.9439493!4d106.4242481!16s%2Fg%2F11nnrqcs6_!19sChIJz7Lk1Hh5PS4RQVn7MlnHgoI?authuser=0&hl=id&rclk=1,-2.9439493,106.4242481
tempat makan dekat Bangka Belitung,Rumah makan Ali Ani,Rumah Makan,"
G9GC+Q74, Depan pantai, Arung Dalam, Kec. Koba, Kabupaten Bangka Tengah, Kepulauan Bangka Belitung 33681","4,6",9,Rp 25–50 rb,https://www.google.com/maps/place/Rumah+makan+Ali+Ani/data=!4m7!3m6!1s0x2e3d510f22e2fd87:0xebba5a9151f84695!8m2!3d-2.4731132!4d106.3707065!16s%2Fg%2F11p64zxzf8!19sChIJh_3iIg9RPS4RlUb4UZFauus?authuser=0&hl=id&rclk=1,-2.4731132,106.3707065
tempat makan dekat Bangka Belitung,Kaur,Restoran Steak,"
V4G5+42M, Batin Tikal, Kec. Taman Sari, Kota Pangkal Pinang, Kepulauan Bangka Belitung 33684","4,4",240,Rp 25–50 rb,https://www.google.com/maps/place/Kaur/data=!4m7!3m6!1s0x2e22c126f9298ca3:0xb27d9f0bb69538da!8m2!3d-2.124664!4d106.1075468!16s%2Fg%2F11c0w3qnm3!19sChIJo4wp-SbBIi4R2jiVtguffbI?authuser=0&hl=id&rclk=1,-2.124664,106.1075468
tempat makan dekat Bangka Belitung,Restoran Dynasty,Restoran,"
Jl. Dokter Susilo No.39, Paal Satu, Kec. Tj. Pandan, Kabupaten Belitung, Kepulauan Bangka Belitung 33414","4,7",223,Rp 75–100 rb,https://www.google.com/maps/place/Restoran+Dynasty/data=!4m7!3m6!1s0x2e17179b9ee31851:0x202d865bc8b07b13!8m2!3d-2.732581!4d107.6408699!16s%2Fg%2F11nnf4jj9r!19sChIJURjjnpsXFy4RE3uwyFuGLSA?authuser=0&hl=id&rclk=1,-2.732581,107.6408699
tempat makan dekat Bangka Belitung,Doyan Makan Resto ID,Restoran,"
Jl. Letnan Saleh Ode No.299, Kacang Pedang, Kec. Gerunggang, Kota Pangkal Pinang, Kepulauan Bangka Belitung 33125","4,8",53,Rp 25–50 rb,https://www.google.com/maps/place/Doyan+Makan+Resto+ID/data=!4m7!3m6!1s0x2e22c1721edf95f1:0xc668891440ed42a0!8m2!3d-2.1224684!4d106.0968742!16s%2Fg%2F11v451qz9k!19sChIJ8ZXfHnLBIi4RoELtQBSJaMY?authuser=0&hl=id&rclk=1,-2.1224684,106.0968742
tempat makan dekat Bangka Belitung,Dapoer Belitong,Restoran Seafood,"
Jl. Jend. Sudirman No.44, Buluh Tumbang, Kec. Tj. Pandan, Kabupaten Belitung, Kepulauan Bangka Belitung 33411","4,3",1038,Rp 25–75 rb,https://www.google.com/maps/place/Dapoer+Belitong/data=!4m7!3m6!1s0x2e171669ad684271:0xa3bb66a634452443!8m2!3d-2.7588778!4d107.746877!16s%2Fg%2F11bxgm516n!19sChIJcUJorWkWFy4RQyRFNKZmu6M?authuser=0&hl=id&rclk=1,-2.7588778,107.746877
tempat makan dekat Bangka Belitung,"""Warung Makan Bang Jalal"" masakan Khas Bangka Lempah kuning ToBoali - Bangka Selatan",Kedai Sarapan & Makan Siang,"
XFQ2+4QH, Jl. Jend. Sudirman, Toboali, Kec. Toboali, Kabupaten Bangka Selatan, Kepulauan Bangka Belitung 33783","4,3",78,Rp 1–25.000,https://www.google.com/maps/place/%22Warung+Makan+Bang+Jalal%22+masakan+Khas+Bangka+Lempah+kuning+ToBoali+-+Bangka+Selatan/data=!4m7!3m6!1s0x2e3d8179d478d761:0x4c6dcfdbeec4c6c5!8m2!3d-3.0121924!4d106.4519696!16s%2Fg%2F11hbsn4ll5!19sChIJYdd41HmBPS4RxcbE7tvPbUw?authuser=0&hl=id&rclk=1,-3.0121924,106.4519696
tempat makan dekat Bangka Belitung,CAFE & RESTO KUPIKITE,Kedai Kopi,"
XFW7+33, Teladan, Kec. Toboali, Kabupaten Bangka Selatan, Kepulauan Bangka Belitung 33783","4,5",97,Rp 25–50 rb,https://www.google.com/maps/place/CAFE+%26+RESTO+KUPIKITE/data=!4m7!3m6!1s0x2e3d81a606d9c805:0x6c5c9d79e31b6d49!8m2!3d-3.0047933!4d106.4627451!16s%2Fg%2F11rhhynwc1!19sChIJBcjZBqaBPS4RSW0b43mdXGw?authuser=0&hl=id&rclk=1,-3.0047933,106.4627451
tempat makan dekat Bangka Belitung,RM Simpang Ampek,Restoran Padang,"
Simpang Perlang, Kec. Koba, Kabupaten Bangka Tengah, Kepulauan Bangka Belitung 33681","4,5",135,Rp 25–50 rb,https://www.google.com/maps/place/RM+Simpang+Ampek/data=!4m7!3m6!1s0x2e3d51a54368a51b:0x3183cd6d9ed64e13!8m2!3d-2.5052003!4d106.4031604!16s%2Fg%2F11s17tkxgm!19sChIJG6VoQ6VRPS4RE07Wnm3NgzE?authuser=0&hl=id&rclk=1,-2.5052003,106.4031604
tempat makan dekat Bangka Belitung,Pindang Patin Bu Malik,Restoran,"
Jalan Soekarno Hatta 2 No.18, Berok, Kec. Koba, Kabupaten Bangka Tengah, Kepulauan Bangka Belitung 33681","4,4",203,Rp 25–50 rb,https://www.google.com/maps/place/Pindang+Patin+Bu+Malik/data=!4m7!3m6!1s0x2e3d50f041053d81:0x9ad74739cacd37b6!8m2!3d-2.4854015!4d106.4035974!16s%2Fg%2F11c58r9m32!19sChIJgT0FQfBQPS4RtjfNyjlH15o?authuser=0&hl=id&rclk=1,-2.4854015,106.4035974
tempat makan dekat Bangka Belitung,Kedai 46,Restoran,"
Unnamed Road, Lesung Batang, Kec. Tj. Pandan, Kabupaten Belitung, Kepulauan Bangka Belitung 33412","4,1",505,Rp 25–50 rb,https://www.google.com/maps/place/Kedai+46/data=!4m7!3m6!1s0x2e1717b8fdbdd2b7:0x11f9f840d8a7f004!8m2!3d-2.7478505!4d107.6571208!16s%2Fg%2F11grpwn0ds!19sChIJt9K9_bgXFy4RBPCn2ED4-RE?authuser=0&hl=id&rclk=1,-2.7478505,107.6571208
tempat makan dekat Bangka Belitung,Aroma Laut Restaurant (Neptune Club),Restoran Seafood,"
Jl. Raya Pantai Pasir Padi, Kel. Temberan, Kec. Bukitintan, Kota Pangkal Pinang, Kepulauan Bangka Belitung 33147","4,4",1932,Rp 50–175 rb,https://www.google.com/maps/place/Aroma+Laut+Restaurant+%28Neptune+Club%29/data=!4m7!3m6!1s0x2e22c12835569e9f:0x24ec5d0559b0c23!8m2!3d-2.1181322!4d106.173813!16s%2Fg%2F1pzxdzkqn!19sChIJn55WNSjBIi4RIwybVdDFTgI?authuser=0&hl=id&rclk=1,-2.1181322,106.173813
tempat makan dekat Bangka Belitung,Martabak Bangka Acau,Restoran Martabak,"
Jl. Soekarno Hatta No.9, Semabung Baru, Kec. Girimaya, Kota Pangkal Pinang, Kepulauan Bangka Belitung 33684","4,6",1165,Rp 25–50 rb,https://www.google.com/maps/place/Martabak+Bangka+Acau/data=!4m7!3m6!1s0x2e22c0d340ed7ec5:0x25fa7a15e4d45b56!8m2!3d-2.1352457!4d106.1186399!16s%2Fg%2F1pzs5zn5d!19sChIJxX7tQNPAIi4RVlvU5BV6-iU?authuser=0&hl=id&rclk=1,-2.1352457,106.1186399
tempat makan dekat Bangka Belitung,Rumah Makan Ote,Restoran China,"
Jl. Sriwijaya No.36, Tj. Pandan, Kec. Tj. Pandan, Kabupaten Belitung, Kepulauan Bangka Belitung 33411","4,5",233,Rp 25–50 rb,https://www.google.com/maps/place/Rumah+Makan+Ote/data=!4m7!3m6!1s0x2e171668e660294f:0x17956060489db725!8m2!3d-2.739294!4d107.6357734!16s%2Fg%2F11bwp1jb6n!19sChIJTylg5mgWFy4RJbedSGBglRc?authuser=0&hl=id&rclk=1,-2.739294,107.6357734
tempat makan dekat Bangka Belitung,RM Gangan Sari,Restoran Seafood,"
7J5J+WWG, Jl. Irian II, Parit, Kec. Tj. Pandan, Kabupaten Belitung, Kepulauan Bangka Belitung 33411","4,6",691,Rp 50–75 rb,https://www.google.com/maps/place/RM+Gangan+Sari/data=!4m7!3m6!1s0x2e1716426b56931d:0x10e37b7a28f22cf0!8m2!3d-2.7401902!4d107.6323361!16s%2Fg%2F11c0qgl5tf!19sChIJHZNWa0IWFy4R8CzyKHp74xA?authuser=0&hl=id&rclk=1,-2.7401902,107.6323361
tempat makan dekat Bangka Belitung,Ayam Lunak Panglima Gegedek,Restoran,"
Jl. Gegedek No.29, Tj. Pandan, Kec. Tj. Pandan, Kabupaten Belitung, Kepulauan Bangka Belitung 33411","4,6",503,Rp 25–50 rb,https://www.google.com/maps/place/Ayam+Lunak+Panglima+Gegedek/data=!4m7!3m6!1s0x2e17166773468393:0xca001e21a01c957!8m2!3d-2.7415713!4d107.6299789!16s%2Fg%2F1pp2x711j!19sChIJk4NGc2cWFy4RV8kBGuIBoAw?authuser=0&hl=id&rclk=1,-2.7415713,107.6299789
tempat makan dekat Bangka Belitung,Mie Koba Iskandar,Restoran Mie,"
Jl. K.H. Hassan Basri No.83, RT.02/RW.01, Batin Tikal, Kec. Taman Sari, Kota Pangkal Pinang, Kepulauan Bangka Belitung 33684","4,5",3018,Rp 1–25.000,https://www.google.com/maps/place/Mie+Koba+Iskandar/data=!4m7!3m6!1s0x2e22c0d887943fed:0x9c8db30c6349dabb!8m2!3d-2.124337!4d106.111697!16s%2Fg%2F11b764pwwg!19sChIJ7T-Uh9jAIi4Ru9pJYwyzjZw?authuser=0&hl=id&rclk=1,-2.124337,106.111697
tempat makan dekat Bangka Belitung,Rumah Makan Pagi Sore Soekarno Hatta,Restoran Padang,"
Jl. Soekarno Hatta, Bukitbesar, Kec. Girimaya, Kota Pangkal Pinang, Kepulauan Bangka Belitung 33684","4,4",1024,Rp 25–125 rb,https://www.google.com/maps/place/Rumah+Makan+Pagi+Sore+Soekarno+Hatta/data=!4m7!3m6!1s0x2e22c72e2a4ad0a3:0xa81fb18ca7848377!8m2!3d-2.1357275!4d106.1190365!16s%2Fg%2F11c524pyqr!19sChIJo9BKKi7HIi4Rd4OEp4yxH6g?authuser=0&hl=id&rclk=1,-2.1357275,106.1190365
tempat makan dekat Bangka Belitung,Otak-Otak Ase,Restoran,"
Jl. Toniwen No.89, Masjid Jamik, Kec. Rangkui, Kota Pangkal Pinang, Kepulauan Bangka Belitung 33132","4,4",3938,Rp 25–50 rb,https://www.google.com/maps/place/Otak-Otak+Ase/data=!4m7!3m6!1s0x2e22c0d453fd4aa5:0x94ca055750d8729e!8m2!3d-2.1327476!4d106.1115253!16s%2Fg%2F11g9fq5m4j!19sChIJpUr9U9TAIi4RnnLYUFcFypQ?authuser=0&hl=id&rclk=1,-2.1327476,106.1115253
tempat makan dekat Bangka Belitung,Koffie Boon,Kedai Kopi,"
7J5J+WXH, Parit, Kec. Tj. Pandan, Kabupaten Belitung, Kepulauan Bangka Belitung 33411","4,6",123,Rp 25–50 rb,https://www.google.com/maps/place/Koffie+Boon/data=!4m7!3m6!1s0x2e1717e510a5ea95:0xe097be7589b4b448!8m2!3d-2.740185!4d107.6325!16s%2Fg%2F11tx5h57xx!19sChIJleqlEOUXFy4RSLS0iXW-l-A?authuser=0&hl=id&rclk=1,-2.740185,107.6325
tempat makan dekat Bangka Belitung,Rumah Makan ERTAN,Restoran,"
Jalan Pantai Serdang,Baru, Manggar, Kabupaten Belitung Timur, Kepulauan, Bangka B, Baru, Kec. Manggar, Kabupaten Belitung Timur, Kepulauan Bangka Belitung 33472","4,3",65,,https://www.google.com/maps/place/Rumah+Makan+ERTAN/data=!4m7!3m6!1s0x2e10dbce665ab125:0x719141f87c0f2859!8m2!3d-2.8539282!4d108.2923217!16s%2Fg%2F11cs230xcs!19sChIJJbFaZs7bEC4RWSgPfPhBkXE?authuser=0&hl=id&rclk=1,-2.8539282,108.2923217
tempat makan dekat Bangka Belitung,Pantai Tanjung Kerasak Bangka Selatan,Pantai,"
Pasir Putih, Kec. Tukak Sadai, Kabupaten Bangka Selatan, Kepulauan Bangka Belitung 33783","4,4",569,,https://www.google.com/maps/place/Pantai+Tanjung+Kerasak+Bangka+Selatan/data=!4m7!3m6!1s0x2e1631ec46d5a99f:0xa5d5a961475545e3!8m2!3d-3.0564189!4d106.7428244!16s%2Fg%2F11cs6b7hqy!19sChIJn6nVRuwxFi4R40VVR2Gp1aU?authuser=0&hl=id&rclk=1,-3.0564189,106.7428244
tempat makan dekat Bangka Belitung,Saung Kaisar,Restoran Indonesia,"
Air Saga, Kec. Tj. Pandan, Kabupaten Belitung, Kepulauan Bangka Belitung 33411","4,3",79,Rp 25–50 rb,https://www.google.com/maps/place/Saung+Kaisar/data=!4m7!3m6!1s0x2e1715c620f9711d:0x57205c92745d74f5!8m2!3d-2.7106449!4d107.6393799!16s%2Fg%2F11l346_rln!19sChIJHXH5IMYVFy4R9XRddJJcIFc?authuser=0&hl=id&rclk=1,-2.7106449,107.6393799
tempat makan dekat Bangka Belitung,Basingla Belitung,Restoran,"
Padang, Kec. Manggar, Kabupaten Belitung Timur, Kepulauan Bangka Belitung 33512","4,6",76,Rp 25–50 rb,https://www.google.com/maps/place/Basingla+Belitung/data=!4m7!3m6!1s0x2e10d9f33f452b25:0xc2ff79cf184200ce!8m2!3d-2.8718902!4d108.2603356!16s%2Fg%2F11f3sbqw4w!19sChIJJStFP_PZEC4RzgBCGM95_8I?authuser=0&hl=id&rclk=1,-2.8718902,108.2603356
tempat makan dekat Bangka Belitung,Warung batu Kapur,Restoran,"
XCVR+4XG, jl.H.juanda, kp. lalang, Kec. Toboali, Kabupaten Bangka Selatan, Kepulauan Bangka Belitung 33783","4,7",39,Rp 25–50 rb,https://www.google.com/maps/place/Warung+batu+Kapur/data=!4m7!3m6!1s0x2e3d81fd96fc03c3:0xd5f15ce4346ab1c6!8m2!3d-3.0071872!4d106.442464!16s%2Fg%2F11f7149vs1!19sChIJwwP8lv2BPS4RxrFqNORc8dU?authuser=0&hl=id&rclk=1,-3.0071872,106.442464
tempat makan dekat Bangka Belitung,Rm Sian Lie Pohon Ketapang,Restoran Seafood,"
Keciput, Sijuk, Kabupaten Belitung, Kepulauan Bangka Belitung 33414","4,5",981,Rp 50–175 rb,https://www.google.com/maps/place/Rm+Sian+Lie+Pohon+Ketapang/data=!4m7!3m6!1s0x2e174204db874de9:0x4797727ba28cd23b!8m2!3d-2.5643023!4d107.6774645!16s%2Fg%2F11f3tw60k8!19sChIJ6U2H2wRCFy4RO9KMontyl0c?authuser=0&hl=id&rclk=1,-2.5643023,107.6774645
tempat makan dekat Bangka Belitung,Pecel Simpang Jongkong,Restoran Pecel Lele,"
Simpang Jongkong Padang Mulia Tengah 33181, Simpang Perlang, Kec. Koba, Kabupaten Bangka Tengah, Kepulauan Bangka Belitung 33681","4,0",86,Rp 1–25.000,https://www.google.com/maps/place/Pecel+Simpang+Jongkong/data=!4m7!3m6!1s0x2e3d5a6ba4336acf:0x73a36ddd8e03b106!8m2!3d-2.5282877!4d106.4136569!16s%2Fg%2F11f0kzy05h!19sChIJz2ozpGtaPS4RBrEDjt1to3M?authuser=0&hl=id&rclk=1,-2.5282877,106.4136569
tempat makan dekat Bangka Belitung,Rumah Makan Yuli,Restoran Seafood,"
R4MH+XWC, Jl. Raya Dul, Dul, Kec. Pangkalan Baru, Kabupaten Bangka Tengah, Kepulauan Bangka Belitung 33684","4,1",230,,https://www.google.com/maps/place/Rumah+Makan+Yuli/data=!4m7!3m6!1s0x2e22c70dc5413701:0x48bb4473765a0619!8m2!3d-2.1650722!4d106.1297702!16s%2Fg%2F11b8tx8dr7!19sChIJATdBxQ3HIi4RGQZadnNEu0g?authuser=0&hl=id&rclk=1,-2.1650722,106.1297702
tempat makan dekat Bangka Belitung,Cafe bhayangkara,Restoran Seafood,"
Jl. Yos Sudarso No.58, Tj. Ketapang, Kec. Toboali, Kabupaten Bangka Selatan, Kepulauan Bangka Belitung 33783","4,0",43,Rp 25–50 rb,https://www.google.com/maps/place/Cafe+bhayangkara/data=!4m7!3m6!1s0x2e3d81451a755d9f:0xbf8e9f951b05c803!8m2!3d-3.0147649!4d106.4496354!16s%2Fg%2F11qrn56s_3!19sChIJn111GkWBPS4RA8gFG5Wfjr8?authuser=0&hl=id&rclk=1,-3.0147649,106.4496354
tempat makan dekat Bangka Belitung,Danau Kaolin,Tujuan Wisata,"
Jl. Raya Toboali, Nibung, Kec. Koba, Kabupaten Bangka Tengah, Kepulauan Bangka Belitung 33782","4,6",3997,,https://www.google.com/maps/place/Danau+Kaolin/data=!4m7!3m6!1s0x2e3d4513bce66569:0xb60b7ec414d881df!8m2!3d-2.5478741!4d106.3528592!16s%2Fg%2F11bwc_w9b6!19sChIJaWXmvBNFPS4R34HYFMR-C7Y?authuser=0&hl=id&rclk=1,-2.5478741,106.3528592
tempat makan dekat Bangka Belitung,"Warung Sate ""MANG BUJANG""",Restoran Sate,"
Jl. Namang - Koba No.12, Berok, Kec. Koba, Kabupaten Bangka Tengah, Kepulauan Bangka Belitung 33681","4,3",223,Rp 25–50 rb,https://www.google.com/maps/place/Warung+Sate+%22MANG+BUJANG%22/data=!4m7!3m6!1s0x2e3d50f029b779e3:0xc0968d5d906ba6d7!8m2!3d-2.4858588!4d106.4051494!16s%2Fg%2F11c51xwzsy!19sChIJ43m3KfBQPS4R16ZrkF2NlsA?authuser=0&hl=id&rclk=1,-2.4858588,106.4051494
tempat makan dekat Bangka Belitung,Warung Makan Minum Bang Pasya,Restoran Seafood,"
Jl. Kemuning, Pantai, Tj. Pendam, Kec. Tj. Pandan, Kabupaten Belitung, Kepulauan Bangka Belitung 33411","4,4",205,Rp 25–100 rb,https://www.google.com/maps/place/Warung+Makan+Minum+Bang+Pasya/data=!4m7!3m6!1s0x2e17167bda82481f:0x16a5a7b068e2d71f!8m2!3d-2.7400124!4d107.6253513!16s%2Fg%2F11c5_6zb6f!19sChIJH0iC2nsWFy4RH9fiaLCnpRY?authuser=0&hl=id&rclk=1,-2.7400124,107.6253513
tempat makan dekat Bangka Belitung,Metro Toboali,Restoran Keluarga,"
Jl. Jend. Sudirman No.Ruko, Teladan, Kec. Toboali, Kabupaten Bangka Selatan, Kepulauan Bangka Belitung 33783","4,1",22,Rp 25–50 rb,https://www.google.com/maps/place/Metro+Toboali/data=!4m7!3m6!1s0x2e3d81000db700d9:0x5c4a3eacf8f6fef0!8m2!3d-3.0051473!4d106.4649934!16s%2Fg%2F11z10y98w8!19sChIJ2QC3DQCBPS4R8P72-Kw-Slw?authuser=0&hl=id&rclk=1,-3.0051473,106.4649934
tempat makan dekat Bangka Belitung,Dapor Sakato Belitong,Restoran Padang,"
Jl. Gegedek No.29, Tj. Pandan, Kec. Tj. Pandan, Kabupaten Belitung, Kepulauan Bangka Belitung 33411","4,2",373,Rp 25–50 rb,https://www.google.com/maps/place/Dapor+Sakato+Belitong/data=!4m7!3m6!1s0x2e1716670b101ff5:0x72d8d220cf7dccef!8m2!3d-2.7415713!4d107.6299789!16s%2Fg%2F11crzrxl4w!19sChIJ9R8QC2cWFy4R78x9zyDS2HI?authuser=0&hl=id&rclk=1,-2.7415713,107.6299789
tempat makan dekat Bangka Belitung,Lempah Kuning Muara,Restoran Indonesia,"
W42Q+C7G Pelabuhan Acun, Ketapang, Kec. Pangkal Balam, Kota Pangkal Pinang, Kepulauan Bangka Belitung 33172","4,5",516,Rp 50–150 rb,https://www.google.com/maps/place/Lempah+Kuning+Muara/data=!4m7!3m6!1s0x2e22c1937a3ef6b1:0xfe93cdc30b8f1b35!8m2!3d-2.0989425!4d106.1382164!16s%2Fg%2F11s39ngx5j!19sChIJsfY-epPBIi4RNRuPC8PNk_4?authuser=0&hl=id&rclk=1,-2.0989425,106.1382164
tempat makan dekat Bangka Belitung,Mie Belitung Atep,Restoran Mie,"
Jl. Sriwijaya No.27, Parit, Kec. Tj. Pandan, Kabupaten Belitung, Kepulauan Bangka Belitung 33416","4,6",1080,Rp 25–50 rb,https://www.google.com/maps/place/Mie+Belitung+Atep/data=!4m7!3m6!1s0x2e17171e3a646bb1:0x6d0edbbae7416e60!8m2!3d-2.7396677!4d107.6339836!16s%2Fg%2F11fps905h1!19sChIJsWtkOh4XFy4RYG5B57rbDm0?authuser=0&hl=id&rclk=1,-2.7396677,107.6339836
tempat makan dekat Bangka Belitung,SAMBEL GAMI MAS CREBO Toboali,Rumah Makan,"
2F2F+83V, Teladan, Kec. Toboali, Kabupaten Bangka Selatan, Kepulauan Bangka Belitung 33783","4,8",16,Rp 25–50 rb,https://www.google.com/maps/place/SAMBEL+GAMI+MAS+CREBO+Toboali/data=!4m7!3m6!1s0x2e3d81f24f3b78ef:0xb475e391a2f7347e!8m2!3d-2.999374!4d106.4727081!16s%2Fg%2F11sdmqmf67!19sChIJ73g7T_KBPS4RfjT3opHjdbQ?authuser=0&hl=id&rclk=1,-2.999374,106.4727081
tempat makan dekat Bangka Belitung,Pantai Koba,Kafe,"
G9HC+554, Arung Dalam, Kec. Koba, Kabupaten Bangka Tengah, Kepulauan Bangka Belitung","4,4",163,Rp 25–50 rb,https://www.google.com/maps/place/Pantai+Koba/data=!4m7!3m6!1s0x2e3d51b5847cdccb:0xc1632057e354a3bc!8m2!3d-2.4721073!4d106.3704647!16s%2Fg%2F11f4t5t5sc!19sChIJy9x8hLVRPS4RvKNU41cgY8E?authuser=0&hl=id&rclk=1,-2.4721073,106.3704647
tempat makan dekat Bangka Belitung,RM Amat,Restoran Seafood,"
CMPW+WCC, Jl. Tanjung Tinggi, RT.12/RW.07, Keciput, Sijuk, Kabupaten Belitung, Kepulauan Bangka Belitung 33414","4,5",590,Rp 50–75 rb,https://www.google.com/maps/place/RM+Amat/data=!4m7!3m6!1s0x2e173d9377be272d:0xc2bcdcada662e5dc!8m2!3d-2.5626865!4d107.6960071!16s%2Fg%2F1pztq3wpq!19sChIJLSe-d5M9Fy4R3OVipq3cvMI?authuser=0&hl=id&rclk=1,-2.5626865,107.6960071
tempat makan dekat Bangka Belitung,Pondok Kelapa Resto,Restoran Seafood,"
Jl. Air Saga No.89, Air Saga, Kec. Tj. Pandan, Kabupaten Belitung, Kepulauan Bangka Belitung 33415","4,3",710,Rp 25–125 rb,https://www.google.com/maps/place/Pondok+Kelapa+Resto/data=!4m7!3m6!1s0x2e1715ca55a1ebab:0x63b19690fd5440de!8m2!3d-2.7076426!4d107.624951!16s%2Fg%2F11cmhy9tqx!19sChIJq-uhVcoVFy4R3kBU_ZCWsWM?authuser=0&hl=id&rclk=1,-2.7076426,107.624951
tempat makan dekat Bangka Belitung,Kampong Dedaun,,"
Jalan Raya Sijuk, Tanjung Tinggi, Sijuk, Belitung Regency, Bangka Belitung Islands 33414","4,5",405,,https://www.google.com/maps/place/Kampong+Dedaun/data=!4m7!3m6!1s0x2e1743f00cf14803:0xfa20523f44ea03c5!8m2!3d-2.5571912!4d107.7434964!16s%2Fg%2F11cjp7wrkx!19sChIJA0jxDPBDFy4RxQPqRD9SIPo?authuser=0&hl=id&rclk=1,-2.5571912,107.7434964
tempat makan dekat Bangka Belitung,Rumah Makan Ameng,Restoran China,"
Jl. Belimbing I No.287, Bintang, Kec. Rangkui, Kota Pangkal Pinang, Kepulauan Bangka Belitung 33684","4,5",730,Rp 50–75 rb,https://www.google.com/maps/place/Rumah+Makan+Ameng/data=!4m7!3m6!1s0x2e22c0d48a87ebcf:0x154cd89da8f73408!8m2!3d-2.1340174!4d106.1156106!16s%2Fg%2F11bzx4hygv!19sChIJz-uHitTAIi4RCDT3qJ3YTBU?authuser=0&hl=id&rclk=1,-2.1340174,106.1156106
tempat makan dekat Bangka Belitung,Ketam ISI Adena,Restoran Indonesia,"
Jl. Pattimura, Tj. Pendam, Kec. Tj. Pandan, Kabupaten Belitung, Kepulauan Bangka Belitung 33411","4,5",868,Rp 25–150 rb,https://www.google.com/maps/place/Ketam+ISI+Adena/data=!4m7!3m6!1s0x2e17166cdd49d99f:0xd34c42de309843ba!8m2!3d-2.7261952!4d107.6297861!16s%2Fg%2F1hc1wkc9j!19sChIJn9lJ3WwWFy4RukOYMN5CTNM?authuser=0&hl=id&rclk=1,-2.7261952,107.6297861
tempat makan dekat Bangka Belitung,"Kopitia tanpa 'M', Just a Coffee Shop",Restoran,"
Koba, Kec. Koba, Kabupaten Bangka Tengah, Kepulauan Bangka Belitung 33681","4,2",58,,"https://www.google.com/maps/place/Kopitia+tanpa+%27M%27,+Just+a+Coffee+Shop/data=!4m7!3m6!1s0x2e3d50ec25059cf1:0xf5339c701ce29121!8m2!3d-2.489109!4d106.409093!16s%2Fg%2F11b6gpsrs1!19sChIJ8ZwFJexQPS4RIZHiHHCcM_U?authuser=0&hl=id&rclk=1",-2.489109,106.409093
tempat makan dekat Bangka Belitung,Restoran Afong,Restoran China,"
V488+R6H, Jl. Kp. Bintang, RT.09/RW.03, Bintang, Kec. Rangkui, Kota Pangkal Pinang, Kepulauan Bangka Belitung 33684","4,4",348,Rp 50–75 rb,https://www.google.com/maps/place/Restoran+Afong/data=!4m7!3m6!1s0x2e22c0d46a65452f:0xb399cb23c7174bf!8m2!3d-2.1329395!4d106.1156209!16s%2Fg%2F11bymvnf8y!19sChIJL0VlatTAIi4Rv3RxPLKcOQs?authuser=0&hl=id&rclk=1,-2.1329395,106.1156209
tempat makan dekat Bangka Belitung,Rumah Makan Bersama Masakan Bangka,Restoran Padang,"
R4QJ+5CX, Jl. Soekarno Hatta, Dul, Kec. Pangkalan Baru, Kabupaten Bangka Tengah, Kepulauan Bangka Belitung 33684","4,5",52,Rp 1–25.000,https://www.google.com/maps/place/Rumah+Makan+Bersama+Masakan+Bangka/data=!4m7!3m6!1s0x2e22c73d1df1a3f9:0x6aa4e9d870917037!8m2!3d-2.1620235!4d106.1310977!16s%2Fg%2F11g0l5_0l8!19sChIJ-aPxHT3HIi4RN3CRcNjppGo?authuser=0&hl=id&rclk=1,-2.1620235,106.1310977
tempat makan dekat Bangka Belitung,Warung Evi Mambo,Rumah Makan,"
Jl. Kapten Sulaiman Arief, Masjid Jamik, Kec. Rangkui, Kota Pangkal Pinang, Kepulauan Bangka Belitung 33684","4,2",420,Rp 25–50 rb,https://www.google.com/maps/place/Warung+Evi+Mambo/data=!4m7!3m6!1s0x2e22c0d6408f9025:0x71635b4864c41940!8m2!3d-2.1303955!4d106.1126196!16s%2Fg%2F11b6sqq06x!19sChIJJZCPQNbAIi4RQBnEZEhbY3E?authuser=0&hl=id&rclk=1,-2.1303955,106.1126196
tempat makan dekat Bangka Belitung,Rumah makan khas bangka cik Sop,Kedai Sarapan & Makan Siang,"
Jl. Jend. Sudirman, Teladan, Kec. Toboali, Kabupaten Bangka Selatan, Kepulauan Bangka Belitung 33783","5,0",1,,https://www.google.com/maps/place/Rumah+makan+khas+bangka+cik+Sop/data=!4m7!3m6!1s0x2e3d816142c90f2f:0xab4bafca73a3be4b!8m2!3d-3.0122251!4d106.4519451!16s%2Fg%2F11n0rh0xv_!19sChIJLw_JQmGBPS4RS76jc8qvS6s?authuser=0&hl=id&rclk=1,-3.0122251,106.4519451
tempat makan dekat Bangka Belitung,Asui Seafood,Restoran Seafood,"
Jl. Yang Zubaidah No.242, RW.002, Bintang, Kec. Rangkui, Kota Pangkal Pinang, Kepulauan Bangka Belitung 33137","4,3",1713,Rp 50–200 rb,https://www.google.com/maps/place/Asui+Seafood/data=!4m7!3m6!1s0x2e22c814cf1f5dbb:0x82365a9dc74126bd!8m2!3d-2.1339073!4d106.1134875!16s%2Fg%2F1pzsxs90d!19sChIJu10fzxTIIi4RvSZBx51aNoI?authuser=0&hl=id&rclk=1,-2.1339073,106.1134875
tempat makan dekat Bangka Belitung,Warung Makan Mak Nini Simpang Bandara,Warung nasi,"
Simpang Bandara HAS. Hanandjoeddin, Buluh Tumbang, Kec. Tj. Pandan, Kabupaten Belitung, Kepulauan Bangka Belitung 33413","4,8",21,Rp 1–25.000,https://www.google.com/maps/place/Warung+Makan+Mak+Nini+Simpang+Bandara/data=!4m7!3m6!1s0x2e173d45eb2da20d:0xecf9046f82c86a37!8m2!3d-2.7606936!4d107.7500354!16s%2Fg%2F11v5f12h8c!19sChIJDaIt60U9Fy4RN2rIgm8E-ew?authuser=0&hl=id&rclk=1,-2.7606936,107.7500354
tempat makan dekat Bangka Belitung,Yang Yang Coffe,Restoran,"
XFV6+J7X, Jl. Teladan Baru, Teladan, Kec. Toboali, Kabupaten Bangka Selatan, Kepulauan Bangka Belitung 33783","4,2",106,Rp 25–50 rb,https://www.google.com/maps/place/Yang+Yang+Coffe/data=!4m7!3m6!1s0x2e3d818dae1115d9:0x8b698b38e50a784!8m2!3d-3.0056437!4d106.4608726!16s%2Fg%2F11fmh823cs!19sChIJ2RURro2BPS4RhKdQjrOYtgg?authuser=0&hl=id&rclk=1,-3.0056437,106.4608726
tempat makan dekat Bangka Belitung,Dapoer Fezdaf_Gorong Gorong,Restoran,"
7J6G+MMH, Parit, Kec. Tj. Pandan, Kabupaten Belitung, Kepulauan Bangka Belitung 33411","4,5",1588,Rp 25–50 rb,https://www.google.com/maps/place/Dapoer+Fezdaf_Gorong+Gorong/data=!4m7!3m6!1s0x2e171661584337e1:0xf0387866d329695c!8m2!3d-2.7383014!4d107.6267246!16s%2Fg%2F11c3sqb4w6!19sChIJ4TdDWGEWFy4RXGkp02Z4OPA?authuser=0&hl=id&rclk=1,-2.7383014,107.6267246
tempat makan dekat Bangka Belitung,La Terrase Bistro,Restoran,"
Jl. Jendral Sudirman No.65, Gedung Nasional, Kec. Taman Sari, Kota Pangkal Pinang, Kepulauan Bangka Belitung 33127","4,3",308,Rp 50–75 rb,https://www.google.com/maps/place/La+Terrase+Bistro/data=!4m7!3m6!1s0x2e22c0e05d4e5545:0x3c694aa83e6ce958!8m2!3d-2.1263829!4d106.1144924!16s%2Fg%2F11c57d98q4!19sChIJRVVOXeDAIi4RWOlsPqhKaTw?authuser=0&hl=id&rclk=1,-2.1263829,106.1144924
tempat makan dekat Bangka Belitung,Resto Anggrek,Restoran Seafood,"
Bintang, Kec. Rangkui, Kota Pangkal Pinang, Kepulauan Bangka Belitung 33684","4,3",691,Rp 50–75 rb,https://www.google.com/maps/place/Resto+Anggrek/data=!4m7!3m6!1s0x2e22c0d6c0b2e577:0x5c9ab65900de1a66!8m2!3d-2.1305239!4d106.1157186!16s%2Fg%2F11bwny62lx!19sChIJd-WywNbAIi4RZhreAFm2mlw?authuser=0&hl=id&rclk=1,-2.1305239,106.1157186
tempat makan dekat Bangka Belitung,"rumah makan fulo ""non HALAL""",Restoran,"
Jl. Letjen MT Haryono, Tj. Pandan, Kec. Tj. Pandan, Kabupaten Belitung, Kepulauan Bangka Belitung 33411","4,6",24,Rp 25–50 rb,https://www.google.com/maps/place/rumah+makan+fulo+%22non+HALAL%22/data=!4m7!3m6!1s0x2e171795af2d7559:0x5f1176006084e3fe!8m2!3d-2.7418784!4d107.6344861!16s%2Fg%2F11f6cr50my!19sChIJWXUtr5UXFy4R_uOEYAB2EV8?authuser=0&hl=id&rclk=1,-2.7418784,107.6344861
tempat makan dekat Bangka Belitung,Rumah Makan Cumi Bambu,Restoran Seafood,"
Jalan Tanjung Kelayang, Tj. Binga, Sijuk, Kabupaten Belitung, Kepulauan Bangka Belitung 33414","4,9",120,Rp 50–75 rb,https://www.google.com/maps/place/Rumah+Makan+Cumi+Bambu/data=!4m7!3m6!1s0x2e176b003f80bbe3:0x22faef11c27a5cec!8m2!3d-2.6199058!4d107.646184!16s%2Fg%2F11wp7vs25b!19sChIJ47uAPwBrFy4R7Fx6whHv-iI?authuser=0&hl=id&rclk=1,-2.6199058,107.646184
tempat makan dekat Bangka Belitung,Belitung Bakery & Happy Resto,Restoran,"
Jl. Veteran No.18, Parit, Kec. Tj. Pandan, Kabupaten Belitung, Kepulauan Bangka Belitung 33416","4,4",784,Rp 25–50 rb,https://www.google.com/maps/place/Belitung+Bakery+%26+Happy+Resto/data=!4m7!3m6!1s0x2e171666243302b9:0x23c2ebfe8db84f71!8m2!3d-2.7392652!4d107.6325751!16s%2Fg%2F11b7q5r6fq!19sChIJuQIzJGYWFy4RcU-4jf7rwiM?authuser=0&hl=id&rclk=1,-2.7392652,107.6325751
tempat makan dekat Bangka Belitung,Warung Lempah Kuning Bang Agoes,Rumah Makan,"
Jalan Len listrik Jl. Lembawai, Gabek Satu, Kec. Gabek, Kota Pangkal Pinang, Kepulauan Bangka Belitung 33115","4,6",281,Rp 25–100 rb,https://www.google.com/maps/place/Warung+Lempah+Kuning+Bang+Agoes/data=!4m7!3m6!1s0x2e22c1276323f875:0xf11f963485193be9!8m2!3d-2.1060696!4d106.1102091!16s%2Fg%2F11rfb1gwq1!19sChIJdfgjYyfBIi4R6TsZhTSWH_E?authuser=0&hl=id&rclk=1,-2.1060696,106.1102091
tempat makan dekat Bangka Belitung,Restoran Thai Fa,Restoran China,"
Jl. Pattimura No.20, Tj. Pendam, Kec. Tj. Pandan, Kabupaten Belitung, Kepulauan Bangka Belitung 33411","4,0",280,Rp 50–125 rb,https://www.google.com/maps/place/Restoran+Thai+Fa/data=!4m7!3m6!1s0x2e171664abd2f61d:0xb6447655c245de79!8m2!3d-2.7334833!4d107.6275787!16s%2Fg%2F1pp2wzxxd!19sChIJHfbSq2QWFy4Red5FwlV2RLY?authuser=0&hl=id&rclk=1,-2.7334833,107.6275787
tempat makan dekat Bangka Belitung,Umah Mama Koba,Restoran,"
Jl.Pos Raya No.26, Koba, Kec. Koba, Kabupaten Bangka Tengah, Kepulauan Bangka Belitung 33181","4,7",103,Rp 25–50 rb,https://www.google.com/maps/place/Umah+Mama+Koba/data=!4m7!3m6!1s0x2e3d519412bda0d5:0xa894442c2bf4c07f!8m2!3d-2.4945404!4d106.4078043!16s%2Fg%2F11wvpncyg3!19sChIJ1aC9EpRRPS4Rf8D0KyxElKg?authuser=0&hl=id&rclk=1,-2.4945404,106.4078043
tempat makan dekat Bangka Belitung,RM BATU GARUDA.,Restoran Seafood,"
Jalan Tanjung Kelayang, Sijuk, Kabupaten Belitung, Kepulauan Bangka Belitung 33414","4,5",483,Rp 50–175 rb,https://www.google.com/maps/place/RM+BATU+GARUDA./data=!4m7!3m6!1s0x2e1742088cf48ee9:0x7fed5fdaf974e661!8m2!3d-2.560739!4d107.672322!16s%2Fg%2F11bztg9kgr!19sChIJ6Y70jAhCFy4RYeZ0-dpf7X8?authuser=0&hl=id&rclk=1,-2.560739,107.672322
tempat makan dekat Bangka Belitung,Dapoer Wieta 99,Restoran Seafood,"
Jl. Kenanga Atas No.047, Koba, Kec. Koba, Kabupaten Bangka Tengah, Kepulauan Bangka Belitung 33681","4,4",209,Rp 25–50 rb,https://www.google.com/maps/place/Dapoer+Wieta+99/data=!4m7!3m6!1s0x2e3d510e876e2c63:0xba461bc058c46077!8m2!3d-2.4994249!4d106.4061459!16s%2Fg%2F11hdy4fx09!19sChIJYyxuhw5RPS4Rd2DEWMAbRro?authuser=0&hl=id&rclk=1,-2.4994249,106.4061459
tempat makan dekat Bangka Belitung,Rm Defy 1,Restoran Indonesia,"
Jl. Puput, Toboali, Kec. Toboali, Kabupaten Bangka Selatan, Kepulauan Bangka Belitung 33783","4,2",52,Rp 25–50 rb,https://www.google.com/maps/place/Rm+Defy+1/data=!4m7!3m6!1s0x2e3d81006a5706ff:0xce5498477579785a!8m2!3d-3.0038183!4d106.483335!16s%2Fg%2F11lzghnmrf!19sChIJ_wZXagCBPS4RWnh5dUeYVM4?authuser=0&hl=id&rclk=1,-3.0038183,106.483335
tempat makan dekat Bangka Belitung,Pantai Arung Dalam,Tujuan Wisata,"
G9GF+W27, Arung Dalam, Kec. Koba, Kabupaten Bangka Tengah, Kepulauan Bangka Belitung 33681","4,2",542,,https://www.google.com/maps/place/Pantai+Arung+Dalam/data=!4m7!3m6!1s0x2e3d51b501584703:0x89f0e27ab1f28138!8m2!3d-2.4727025!4d106.3725552!16s%2Fg%2F11by_dpypz!19sChIJA0dYAbVRPS4ROIHysXri8Ik?authuser=0&hl=id&rclk=1,-2.4727025,106.3725552
tempat makan dekat Bangka Belitung,Warung Abah,Restoran,"
Jl. Abdullah Addari No.132, Rw. Bangun, Kec. Taman Sari, Kota Pangkal Pinang, Kepulauan Bangka Belitung 33684","4,3",388,Rp 25–50 rb,https://www.google.com/maps/place/Warung+Abah/data=!4m7!3m6!1s0x2e22c0d400000001:0xe97a26dc364d60b2!8m2!3d-2.1263106!4d106.1092245!16s%2Fg%2F11bttrnp0x!19sChIJAQAAANTAIi4RsmBNNtwmeuk?authuser=0&hl=id&rclk=1,-2.1263106,106.1092245
tempat makan dekat Bangka Belitung,Warung Makan MDR,Warung nasi,"
898Q+9HJ, Air Gegas, Kec. Air Gegas, Kabupaten Bangka Selatan, Kepulauan Bangka Belitung 33782","5,0",1,,https://www.google.com/maps/place/Warung+Makan+MDR/data=!4m7!3m6!1s0x2e3d67001e65a41b:0x695831095fe56bf4!8m2!3d-2.6840277!4d106.3889016!16s%2Fg%2F11zjl31m5v!19sChIJG6RlHgBnPS4R9GvlXwkxWGk?authuser=0&hl=id&rclk=1,-2.6840277,106.3889016
tempat makan dekat Bangka Belitung,The Well Restaurant & Cafe Tanjung Pandan Belitung,Restoran,"
Jl. Air Saga No.89, RT.015/RW.007, Air Saga, Kec. Tj. Pandan, Kabupaten Belitung, Kepulauan Bangka Belitung 33415","4,8",449,Rp 75–200 rb,https://www.google.com/maps/place/The+Well+Restaurant+%26+Cafe+Tanjung+Pandan+Belitung/data=!4m7!3m6!1s0x2e171518565d925d:0x90119f3cd908098b!8m2!3d-2.7076904!4d107.6248498!16s%2Fg%2F11px4xr690!19sChIJXZJdVhgVFy4RiwkI2TyfEZA?authuser=0&hl=id&rclk=1,-2.7076904,107.6248498
tempat makan dekat Bangka Belitung,Padepokan Puri Tri Agung,Vihara,"
452M+4MF Pantai Tikus, Parit Padang, Sungai Liat, Bangka Regency, Bangka Belitung Islands 33211","4,6",1801,,https://www.google.com/maps/place/Padepokan+Puri+Tri+Agung/data=!4m7!3m6!1s0x2e228d687ea9df91:0x4de25e33093ce685!8m2!3d-1.8995636!4d106.1839935!16s%2Fg%2F11b6tdqz14!19sChIJkd-pfmiNIi4RheY8CTNe4k0?authuser=0&hl=id&rclk=1,-1.8995636,106.1839935
tempat makan dekat Bangka Belitung,Wisata Alam Batu Belimbing Bangka Selatan,Tujuan Wisata,"
XCVW+P5W, Tj. Ketapang, Bang Toboali, Kabupaten Bangka Selatan, Kepulauan Bangka Belitung 33783","4,4",1169,,https://www.google.com/maps/place/Wisata+Alam+Batu+Belimbing+Bangka+Selatan/data=!4m7!3m6!1s0x2e3d818144341489:0x6f0369c2d3fc067c!8m2!3d-3.0056437!4d106.4454459!16s%2Fg%2F11bw47chv5!19sChIJiRQ0RIGBPS4RfAb808JpA28?authuser=0&hl=id&rclk=1,-3.0056437,106.4454459
tempat makan dekat Bangka Belitung,Kedai Mak Jannah,Restoran,"
7J6M+29P, Parit, Kec. Tj. Pandan, Kabupaten Belitung, Kepulauan Bangka Belitung 33411","4,4",311,Rp 25–50 rb,https://www.google.com/maps/place/Kedai+Mak+Jannah/data=!4m7!3m6!1s0x2e1716687f773ccf:0x512be65613217636!8m2!3d-2.7396751!4d107.6333587!16s%2Fg%2F11cjnj72d9!19sChIJzzx3f2gWFy4RNnYhE1bmK1E?authuser=0&hl=id&rclk=1,-2.7396751,107.6333587
tempat makan dekat Bangka Belitung,Rumah Makan Man Lie,Restoran Mie,"
Jl. Bandara - Manggar, Pembaharuan, Kec. Klp. Kampit, Kabupaten Belitung Timur, Kepulauan Bangka Belitung 33571","4,3",211,Rp 25–50 rb,https://www.google.com/maps/place/Rumah+Makan+Man+Lie/data=!4m7!3m6!1s0x2e10cb1a79ab3d15:0x3fe06a789f34e26b!8m2!3d-2.6882729!4d108.0797195!16s%2Fg%2F11bzrnzqq7!19sChIJFT2reRrLEC4Ra-I0n3hq4D8?authuser=0&hl=id&rclk=1,-2.6882729,108.0797195
tempat makan dekat Bangka Belitung,Rumah Makan MOIFA,Restoran China,"
7J9V+H7F, Paal Satu, Kec. Tj. Pandan, Kabupaten Belitung, Kepulauan Bangka Belitung 33411","4,5",427,Rp 50–75 rb,https://www.google.com/maps/place/Rumah+Makan+MOIFA/data=!4m7!3m6!1s0x2e171672e45f5281:0xf16b0254e7b2630f!8m2!3d-2.7310655!4d107.6431693!16s%2Fg%2F11b_1ygfyj!19sChIJgVJf5HIWFy4RD2Oy51QCa_E?authuser=0&hl=id&rclk=1,-2.7310655,107.6431693
tempat makan dekat Bangka Belitung,RM Selera Kite,Restoran Seafood,"
Sijuk, Kabupaten Belitung, Kepulauan Bangka Belitung 33414","4,5",270,Rp 50–150 rb,https://www.google.com/maps/place/RM+Selera+Kite/data=!4m7!3m6!1s0x2e1743cf364b7199:0x3434c020269616f8!8m2!3d-2.5564737!4d107.7261891!16s%2Fg%2F11cn8y53h7!19sChIJmXFLNs9DFy4R-BaWJiDANDQ?authuser=0&hl=id&rclk=1,-2.5564737,107.7261891
tempat makan dekat Bangka Belitung,"""Warung Sepradik Kite"" Makanan Khas Bangka",Rumah Makan,"
Keramat, Kec. Rangkui, Kota Pangkal Pinang, Kepulauan Bangka Belitung 33684","4,8",37,,https://www.google.com/maps/place/%22Warung+Sepradik+Kite%22+Makanan+Khas+Bangka/data=!4m7!3m6!1s0x2e22c6cd1045cd1b:0x2dcbf0cd35d44015!8m2!3d-2.1382426!4d106.097213!16s%2Fg%2F11c1q7p46d!19sChIJG81FEM3GIi4RFUDUNc3wyy0?authuser=0&hl=id&rclk=1,-2.1382426,106.097213
tempat makan dekat Bangka Belitung,Warung juhi /sotong pangkong kampung damai,Restoran Mie,"
Jl. Mat Yasin No.32, Kampoeng damai, Kec. Tj. Pandan, Kabupaten Belitung, Kepulauan Bangka Belitung 33416","4,4",180,Rp 25–50 rb,https://www.google.com/maps/place/Warung+juhi+%2Fsotong+pangkong+kampung+damai/data=!4m7!3m6!1s0x2e171670e632686f:0xa5434f91cc754b6b!8m2!3d-2.7297154!4d107.6356413!16s%2Fg%2F11cpq25qx2!19sChIJb2gy5nAWFy4Ra0t1zJFPQ6U?authuser=0&hl=id&rclk=1,-2.7297154,107.6356413
tempat makan dekat Bangka Belitung,Bakmi Achoi / Yamien Achoi,Restoran Mie,"
Jl. Madura, Parit, Kec. Tj. Pandan, Kabupaten Belitung, Kepulauan Bangka Belitung 33411","4,5",568,Rp 25–50 rb,https://www.google.com/maps/place/Bakmi+Achoi+%2F+Yamien+Achoi/data=!4m7!3m6!1s0x2e17166928b8d189:0x3f942293692a6e0!8m2!3d-2.7383005!4d107.6367423!16s%2Fg%2F11cn3q5pcj!19sChIJidG4KGkWFy4R4KaSNilC-QM?authuser=0&hl=id&rclk=1,-2.7383005,107.6367423
tempat makan dekat Bangka Belitung,Warung Kopi Ake,Kedai Kopi,"
KV.Senang 17 Jl Sriwijaya Tanjung pandan Belitung 33416, Jl. Sriwijaya No.123A, Parit, Kec. Tj. Pandan, Kabupaten Belitung, Kepulauan Bangka Belitung 33411","4,5",759,Rp 25–50 rb,https://www.google.com/maps/place/Warung+Kopi+Ake/data=!4m7!3m6!1s0x2e17166881805dad:0xbb08e66d008f5eaf!8m2!3d-2.7396968!4d107.633381!16s%2Fg%2F11btvb6mcn!19sChIJrV2AgWgWFy4Rr16PAG3mCLs?authuser=0&hl=id&rclk=1,-2.7396968,107.633381
tempat makan dekat Bangka Belitung,Wisata Kuliner Belitong,Restoran Seafood,"
7J5J+C3M, Tj. Pandan, Kec. Tj. Pandan, Kabupaten Belitung, Kepulauan Bangka Belitung 33411","4,6",325,Rp 25–50 rb,https://www.google.com/maps/place/Wisata+Kuliner+Belitong/data=!4m7!3m6!1s0x2e1716670b0a03f7:0xc13f9d4ff0603804!8m2!3d-2.7414018!4d107.6301593!16s%2Fg%2F11ddwxbljk!19sChIJ9wMKC2cWFy4RBDhg8E-dP8E?authuser=0&hl=id&rclk=1,-2.7414018,107.6301593
tempat makan dekat Bangka Belitung,Warjo Toboali,Restoran Jawa,"
Jl. Jend. Sudirman No.1184, Teladan, Kec. Toboali, Kabupaten Bangka Selatan, Kepulauan Bangka Belitung 33783","4,2",527,Rp 25–50 rb,https://www.google.com/maps/place/Warjo+Toboali/data=!4m7!3m6!1s0x2e3d81a3e4378b87:0x52927b49e9cda930!8m2!3d-3.0042371!4d106.4690775!16s%2Fg%2F11cp841jpb!19sChIJh4s35KOBPS4RMKnN6Ul7klI?authuser=0&hl=id&rclk=1,-3.0042371,106.4690775
tempat makan dekat Bangka Belitung,La Cafe Bangka,Kedai Kopi,"
Karya Makmur, Kec. Pemali, Kabupaten Bangka, Kepulauan Bangka Belitung","4,9",412,Rp 25–50 rb,https://www.google.com/maps/place/La+Cafe+Bangka/data=!4m7!3m6!1s0x2e22f30029d526c7:0xc8c3c1818572e9d2!8m2!3d-1.8788501!4d106.0920885!16s%2Fg%2F11wmzyrqgz!19sChIJxybVKQDzIi4R0ulyhYHBw8g?authuser=0&hl=id&rclk=1,-1.8788501,106.0920885
tempat makan dekat Bangka Belitung,Ruma Makan Belitong Timpo Duluk,Restoran,"
Jl. Lettu Mad Daud No.22, Parit, Kec. Tj. Pandan, Kabupaten Belitung, Kepulauan Bangka Belitung 33411","4,4",2373,Rp 50–75 rb,https://www.google.com/maps/place/Ruma+Makan+Belitong+Timpo+Duluk/data=!4m7!3m6!1s0x2e1716651a9719d3:0xc79dbbf8bbbaf6af!8m2!3d-2.7348855!4d107.6310953!16s%2Fg%2F11b6dff08x!19sChIJ0xmXGmUWFy4Rr_a6u_i7ncc?authuser=0&hl=id&rclk=1,-2.7348855,107.6310953
tempat makan dekat Bangka Belitung,Café Simpang Tepus,Restoran,"
7C47+3FR, Bencah, Kec. Air Gegas, Kabupaten Bangka Selatan, Kepulauan Bangka Belitung 33782","5,0",6,,https://www.google.com/maps/place/Caf%C3%A9+Simpang+Tepus/data=!4m7!3m6!1s0x2e3d65d1ed1128f3:0x2e6e2d24920ee452!8m2!3d-2.7447706!4d106.4136547!16s%2Fg%2F11s_lx66xw!19sChIJ8ygR7dFlPS4RUuQOkiQtbi4?authuser=0&hl=id&rclk=1,-2.7447706,106.4136547
tempat makan dekat Bangka Belitung,Pondok Makan Hanif,Warung nasi,"
Toboali, Kec. Toboali, Kabupaten Bangka Selatan, Kepulauan Bangka Belitung 33783","4,3",39,Rp 50–75 rb,https://www.google.com/maps/place/Pondok+Makan+Hanif/data=!4m7!3m6!1s0x2e3d81c7458d19a7:0x348f3acc75d0570c!8m2!3d-3.006571!4d106.467201!16s%2Fg%2F11g4ddtgwy!19sChIJpxmNRceBPS4RDFfQdcw6jzQ?authuser=0&hl=id&rclk=1,-3.006571,106.467201
tempat makan dekat Bangka Belitung,New Lesehan Green Toboali,Restoran,"
2F3G+883, Gadung, Kec. Toboali, Kabupaten Bangka Selatan, Kepulauan Bangka Belitung 33783","4,2",112,Rp 25–50 rb,https://www.google.com/maps/place/New+Lesehan+Green+Toboali/data=!4m7!3m6!1s0x2e3d810a88ceaaf3:0x60fd8973bb70bd80!8m2!3d-2.9967441!4d106.4757881!16s%2Fg%2F11j1skp93x!19sChIJ86rOiAqBPS4RgL1wu3OJ_WA?authuser=0&hl=id&rclk=1,-2.9967441,106.4757881
tempat makan dekat Bangka Belitung,Rumah Makan Pantai Batu Banyak,Restoran Seafood,"
CMPF+RQH, Unnamed Road, Keciput, Sijuk, Belitung Regency, Bangka Belitung Islands 33414","4,4",210,Rp 25–175 rb,https://www.google.com/maps/place/Rumah+Makan+Pantai+Batu+Banyak/data=!4m7!3m6!1s0x2e17420676e77623:0x60aa00ed66665f76!8m2!3d-2.5629259!4d107.6744753!16s%2Fg%2F11c2pjsxj9!19sChIJI3bndgZCFy4Rdl9mZu0AqmA?authuser=0&hl=id&rclk=1,-2.5629259,107.6744753
tempat makan dekat Bangka Belitung,Restaurant Seafood Mr. Adox,Restoran Seafood,"
Jl. Alexander Raya Simpang empat, Bacang, Kec. Bukitintan, Kota Pangkal Pinang, Kepulauan Bangka Belitung 33684","4,6",5027,,https://www.google.com/maps/place/Restaurant+Seafood+Mr.+Adox/data=!4m7!3m6!1s0x2e22c74d93b7b305:0x93b242ad018db5a8!8m2!3d-2.1392896!4d106.1453094!16s%2Fg%2F11bzpnfgnb!19sChIJBbO3k03HIi4RqLWNAa1CspM?authuser=0&hl=id&rclk=1,-2.1392896,106.1453094
tempat makan dekat Bangka Belitung,Pond'sap Resto,Rumah Makan,"
Jl. Lettu Mad Daud No.26, Parit, Kec. Tj. Pandan, Kabupaten Belitung, Kepulauan Bangka Belitung 33411","4,6",29,Rp 25–50 rb,https://www.google.com/maps/place/Pond%27sap+Resto/data=!4m7!3m6!1s0x2e171753d2d6389f:0x713d16fd5437569d!8m2!3d-2.7325838!4d107.6316867!16s%2Fg%2F11r9vxf17m!19sChIJnzjW0lMXFy4RnVY3VP0WPXE?authuser=0&hl=id&rclk=1,-2.7325838,107.6316867
tempat makan dekat Wakatobi,Raihana Cafetaria,Kafe,"
MGQM+HRM, Jl. Manugela, Wanci, Wangi-Wangi Sel., Kabupaten Wakatobi, Sulawesi Tenggara 93791","4,9",7,,https://www.google.com/maps/place/Raihana+Cafetaria/data=!4m7!3m6!1s0x2da133823c3ba62d:0xd1e1da7316f0209a!8m2!3d-5.3110397!4d123.5345578!16s%2Fg%2F11c2j9s55x!19sChIJLaY7PIIzoS0RmiDwFnPa4dE?authuser=0&hl=id&rclk=1,-5.3110397,123.5345578
tempat makan dekat Wakatobi,Coffee'Bro,Kedai Kopi,"
Jl. Jend. Ahmad Yani No.69. Kel, Mandati II, Wangi-Wangi Sel., Kabupaten Wakatobi, Sulawesi Tenggara 93791","4,3",10,,https://www.google.com/maps/place/Coffee%27Bro/data=!4m7!3m6!1s0x2da13367cfd03b0f:0x7e77c15b58047993!8m2!3d-5.3332301!4d123.538685!16s%2Fg%2F11cnbt2n55!19sChIJDzvQz2czoS0Rk3kEWFvBd34?authuser=0&hl=id&rclk=1,-5.3332301,123.538685
tempat makan dekat Wakatobi,Warung Iki Isoku Lamongan Cak Juket,Restoran Indonesia,"
MGCQ+655, South East, Mandati II, South Wangi-Wangi, Wakatobi Regency, South East Sulawesi 93795","5,0",4,Rp 25–50 rb,https://www.google.com/maps/place/Warung+Iki+Isoku+Lamongan+Cak+Juket/data=!4m7!3m6!1s0x2da133c7d3f5d9ff:0xe9e6cdce7d5180e9!8m2!3d-5.3294759!4d123.5379772!16s%2Fg%2F11vb1d6f1t!19sChIJ_9n108czoS0R6YBRfc7N5uk?authuser=0&hl=id&rclk=1,-5.3294759,123.5379772
tempat makan dekat Wakatobi,RM Yummy To manga,Restoran Indonesia,"
FQV5+JH, Ambeua, Kec. Kaledupa, Kabupaten Wakatobi, Sulawesi Tenggara 93792","4,0",2,,https://www.google.com/maps/place/RM+Yummy+To+manga/data=!4m7!3m6!1s0x2da6d926ac55dc77:0x6abdc895096be40f!8m2!3d-5.5059769!4d123.7589159!16s%2Fg%2F11l2l_jst3!19sChIJd9xVrCbZpi0RD-RrCZXIvWo?authuser=0&hl=id&rclk=1,-5.5059769,123.7589159
tempat makan dekat Wakatobi,Bakso Sahabat 07,Rumah Makan,"
MG7R+XQJ, Mandati II, Wangi-Wangi Sel., Kabupaten Wakatobi, Sulawesi Tenggara 93795","3,7",9,,https://www.google.com/maps/place/Bakso+Sahabat+07/data=!4m7!3m6!1s0x2da133d4f1967e8b:0xd8699f2e19dfd4bc!8m2!3d-5.3350332!4d123.5418822!16s%2Fg%2F11rf8xh1z5!19sChIJi36W8dQzoS0RvNTfGS6fadg?authuser=0&hl=id&rclk=1,-5.3350332,123.5418822
tempat makan dekat Wakatobi,Dafuama resort,,"
Wandoka Utara, Wangi-Wangi Sel., Kabupaten Wakatobi, Sulawesi Tenggara 93791","4,8",40,Rp 368.182,https://www.google.com/maps/place/Dafuama+resort/data=!4m10!3m9!1s0x2da133a4471ba391:0xb037ad35ab16122f!5m2!4m1!1i2!8m2!3d-5.2923805!4d123.5288265!16s%2Fg%2F11vc2yr6sx!19sChIJkaMbR6QzoS0RLxIWqzWtN7A?authuser=0&hl=id&rclk=1,-5.2923805,123.5288265
tempat makan dekat Wakatobi,Warung Coto Makassar,Restoran Sulawesi Selatan,"
MG8Q+8G3, Mandati I, Kec. Wangi-Wangi, Kabupaten Wakatobi, Sulawesi Tenggara 93795","3,6",23,,https://www.google.com/maps/place/Warung+Coto+Makassar/data=!4m7!3m6!1s0x2da1335ca99c44a9:0x19b692d8e30fed6d!8m2!3d-5.33423!4d123.5388005!16s%2Fg%2F11cjp6h4yn!19sChIJqUScqVwzoS0Rbe0P49iSthk?authuser=0&hl=id&rclk=1,-5.33423,123.5388005
tempat makan dekat Wakatobi,Cantika'S Kedai,Kedai Kopi,"
Depan SDN, Kollo Soha, Tomia, Kabupaten Wakatobi, Sulawesi Tenggara 93793","5,0",9,Rp 25–50 rb,https://www.google.com/maps/place/Cantika%27S+Kedai/data=!4m7!3m6!1s0x2da71be9f3ed07f7:0x6225991fd2c6fff0!8m2!3d-5.7384483!4d123.8958087!16s%2Fg%2F11yhmgz_9c!19sChIJ9wft8-kbpy0R8P_G0h-ZJWI?authuser=0&hl=id&rclk=1,-5.7384483,123.8958087
tempat makan dekat Wakatobi,TOLIAMBA CAFE,Kedai Kopi,"
TOLIAMBA JAYA, Waginopo, Kec. Wangi-Wangi, Kabupaten Wakatobi, Sulawesi Tenggara 93791","5,0",1,,https://www.google.com/maps/place/TOLIAMBA+CAFE/data=!4m7!3m6!1s0x2da13368bfe86c13:0xd0c9b5b019d4e278!8m2!3d-5.2950212!4d123.5445536!16s%2Fg%2F11vb7fgz2y!19sChIJE2zov2gzoS0ReOLUGbC1ydA?authuser=0&hl=id&rclk=1,-5.2950212,123.5445536
tempat makan dekat Wakatobi,Penginapan Jelly,Guest house,"
Wanci, Kec. Wangi-Wangi, Kabupaten Wakatobi, Sulawesi Tenggara 93795","4,2",94,,https://www.google.com/maps/place/Penginapan+Jelly/data=!4m7!3m6!1s0x2da13367e692546b:0x40deba0728571f0f!8m2!3d-5.3275786!4d123.5384258!16s%2Fg%2F11c3yrm99_!19sChIJa1SS5mczoS0RDx9XKAe63kA?authuser=0&hl=id&rclk=1,-5.3275786,123.5384258
tempat makan dekat Wakatobi,Planet Family Karaoke,Kafe,"
MG7Q+RHG, Mandati I, Kec. Wangi-Wangi, Kabupaten Wakatobi, Sulawesi Tenggara 93795","4,1",35,,https://www.google.com/maps/place/Planet+Family+Karaoke/data=!4m7!3m6!1s0x2da1335b4a843cdd:0xfd204d5067ef21ac!8m2!3d-5.3354301!4d123.538945!16s%2Fg%2F11bzt494xq!19sChIJ3TyESlszoS0RrCHvZ1BNIP0?authuser=0&hl=id&rclk=1,-5.3354301,123.538945
tempat makan dekat Wakatobi,Rumah makan Dapoer feby hasima,Rumah Makan,"
Kec. Kaledupa, Lau-Lua, Ling. Sampuawatu, Kabupaten Wakatobi, Sulawesi Tenggara 93792","5,0",2,,https://www.google.com/maps/place/Rumah+makan+Dapoer+feby+hasima/data=!4m7!3m6!1s0x2da6d97790b3aebd:0xfac5d468b2a11bf3!8m2!3d-5.4995216!4d123.7502457!16s%2Fg%2F11ssr9mc15!19sChIJva6zkHfZpi0R8xuhsmjUxfo?authuser=0&hl=id&rclk=1,-5.4995216,123.7502457
tempat makan dekat Wakatobi,terasa wakatobi,Restoran,"
Jl. Jend. Ahmad Yani, Pongo, Kec. Wangi-Wangi, Kabupaten Wakatobi, Sulawesi Tenggara 93791","5,0",10,,https://www.google.com/maps/place/terasa+wakatobi/data=!4m7!3m6!1s0x2da1331237546dcf:0x604fe491f326c48c!8m2!3d-5.3191566!4d123.5333842!16s%2Fg%2F11yxlqd466!19sChIJz21UNxIzoS0RjMQm85HkT2A?authuser=0&hl=id&rclk=1,-5.3191566,123.5333842
tempat makan dekat Wakatobi,Brianna Beach,Restoran,"
Link, Jl. Sultan Hasanudin, Wandoka Utara, Kec. Wangi-Wangi, Kabupaten Wakatobi, Sulawesi Tenggara 93791","4,7",28,Rp 50–75 rb,https://www.google.com/maps/place/Brianna+Beach/data=!4m7!3m6!1s0x2da133c991cb10a5:0x43a25316b52d4bc1!8m2!3d-5.2933837!4d123.5280781!16s%2Fg%2F11sy71k9sx!19sChIJpRDLkckzoS0RwUsttRZTokM?authuser=0&hl=id&rclk=1,-5.2933837,123.5280781
tempat makan dekat Wakatobi,Momoyo Wakatobi,Toko Es Krim,"
Jl. Jend. Ahmad Yani, Pongo, Wangi-Wangi Sel., Kabupaten Wakatobi, Sulawesi Tenggara 93791","4,9",84,,https://www.google.com/maps/place/Momoyo+Wakatobi/data=!4m7!3m6!1s0x216bc1e862a6674d:0x27e57f316917c44f!8m2!3d-5.3238185!4d123.5358928!16s%2Fg%2F11xmdq6q9m!19sChIJTWemYujBayERT8QXaTF_5Sc?authuser=0&hl=id&rclk=1,-5.3238185,123.5358928
tempat makan dekat Wakatobi,RM Manshurin Mie Pangsit dan Konro,Restoran Bakso,"
Pongo, Wangi-Wangi Sel., Kabupaten Wakatobi, Sulawesi Tenggara 93791","4,4",51,Rp 25–50 rb,https://www.google.com/maps/place/RM+Manshurin+Mie+Pangsit+dan+Konro/data=!4m7!3m6!1s0x2da133644e231e83:0xef91522647997a58!8m2!3d-5.3254665!4d123.5396089!16s%2Fg%2F11c47x_v99!19sChIJgx4jTmQzoS0RWHqZRyZSke8?authuser=0&hl=id&rclk=1,-5.3254665,123.5396089
tempat makan dekat Wakatobi,RM.NUR ZILZA,Kedai Sarapan & Makan Siang,"
MGCQ+WF3, Jl. Merdeka, Mandati II, Wangi-Wangi Sel., Kabupaten Wakatobi, Sulawesi Tenggara 93795","5,0",2,,https://www.google.com/maps/place/RM.NUR+ZILZA/data=!4m7!3m6!1s0x2da133db82149883:0x298f1d34b724ab6a!8m2!3d-5.3277287!4d123.5386691!16s%2Fg%2F11kq2lx_f6!19sChIJg5gUgtszoS0RaqsktzQdjyk?authuser=0&hl=id&rclk=1,-5.3277287,123.5386691
tempat makan dekat Wakatobi,Pantai Wambuliga,Tujuan Wisata,"
PGHC+48H, Sombu, Wangi-Wangi Sel., Kabupaten Wakatobi, Sulawesi Tenggara 93791","4,5",242,,https://www.google.com/maps/place/Pantai+Wambuliga/data=!4m7!3m6!1s0x2da1372bdb98c841:0xb164300952c0ad32!8m2!3d-5.2721852!4d123.5208487!16s%2Fg%2F11h6qnkmll!19sChIJQciY2ys3oS0RMq3AUgkwZLE?authuser=0&hl=id&rclk=1,-5.2721852,123.5208487
tempat makan dekat Wakatobi,Pantai Cemara,Pantai,"
Jl. Raya, Sombu, Wangi-Wangi Sel., Kabupaten Wakatobi, Sulawesi Tenggara 93791","4,4",472,,https://www.google.com/maps/place/Pantai+Cemara/data=!4m7!3m6!1s0x2da136b6534c90d5:0x3ed0e1de921750c7!8m2!3d-5.2614874!4d123.5199772!16s%2Fg%2F11cnnzymb4!19sChIJ1ZBMU7Y2oS0Rx1AXkt7h0D4?authuser=0&hl=id&rclk=1,-5.2614874,123.5199772
tempat makan dekat Wakatobi,Laroka Hotel & Resto,,"
6WW2+VX6, Waiti, Tomia, Kabupaten Wakatobi, Sulawesi Tenggara","4,5",22,,https://www.google.com/maps/place/Laroka+Hotel+%26+Resto/data=!4m10!3m9!1s0x2da71baf9092128d:0xb016756c31562dc9!5m2!4m1!1i2!8m2!3d-5.7528427!4d123.9024037!16s%2Fg%2F11h9mlr3b4!19sChIJjRKSkK8bpy0RyS1WMWx1FrA?authuser=0&hl=id&rclk=1,-5.7528427,123.9024037
tempat makan dekat Wakatobi,Warung Makan Mas Dhika Onemay,Restoran,"
7WH3+XMP, Waha, Tomia, Kabupaten Wakatobi, Sulawesi Tenggara","4,6",23,Rp 25–50 rb,https://www.google.com/maps/place/Warung+Makan+Mas+Dhika+Onemay/data=!4m7!3m6!1s0x2da71b61d53300db:0x4aeeae1814459e18!8m2!3d-5.7200258!4d123.9042178!16s%2Fg%2F11h0ynfl4b!19sChIJ2wAz1WEbpy0RGJ5FFBiu7ko?authuser=0&hl=id&rclk=1,-5.7200258,123.9042178
tempat makan dekat Wakatobi,Top Chicken Wakatobi/Wanci,Restoran Masakan Ayam,"
MGMJ+JP3, Jl. Jenderal Soedirman, Wanci, Kec. Wangi-Wangi, Kabupaten Wakatobi, Sulawesi Tenggara 93791","5,0",2,,https://www.google.com/maps/place/Top+Chicken+Wakatobi%2FWanci/data=!4m7!3m6!1s0x2da133c08f6e814f:0x9ab39c1b78952c51!8m2!3d-5.3159869!4d123.5317821!16s%2Fg%2F11rp372zhr!19sChIJT4Fuj8AzoS0RUSyVeBucs5o?authuser=0&hl=id&rclk=1,-5.3159869,123.5317821
tempat makan dekat Wakatobi,Wasabinua Hotel & Dive Resort,,"
Jl. A.H Nasution No.5, Wandoka Utara, Kec. Wangi-Wangi, Kabupaten Wakatobi, Sulawesi Tenggara 93791","4,4",244,,https://www.google.com/maps/place/Wasabinua+Hotel+%26+Dive+Resort/data=!4m10!3m9!1s0x2da136ae2af0bd2d:0xd2e98108ec835682!5m2!4m1!1i2!8m2!3d-5.2818363!4d123.5244352!16s%2Fg%2F11cmdf0h6m!19sChIJLb3wKq42oS0RglaD7AiB6dI?authuser=0&hl=id&rclk=1,-5.2818363,123.5244352
tempat makan dekat Wakatobi,Parame Cafe Wakatobi,Kafe,"
MGRH+RPX, Jl. Letnan Ijo Jalur 2, Wandoka Sel., Kec. Wangi-Wangi, Kabupaten Wakatobi, Sulawesi Tenggara 93791","5,0",4,,https://www.google.com/maps/place/Parame+Cafe+Wakatobi/data=!4m7!3m6!1s0x2da133319164e7d3:0xb29cccba6d010053!8m2!3d-5.3078872!4d123.5293662!16s%2Fg%2F11jydfqgls!19sChIJ0-dkkTEzoS0RUwABbbrMnLI?authuser=0&hl=id&rclk=1,-5.3078872,123.5293662
tempat makan dekat Wakatobi,Coffee Gatan,Kafe,"
MGWG+CQM, Jl. Poros Liya, Wandoka, Kabupaten Wakatobi, Sulawesi Tenggara 93795","4,3",6,,https://www.google.com/maps/place/Coffee+Gatan/data=!4m7!3m6!1s0x2da135a130b7357d:0xd8e3458956c5128d!8m2!3d-5.303909!4d123.5269146!16s%2Fg%2F11fqz2t3js!19sChIJfTW3MKE1oS0RjRLFVolF49g?authuser=0&hl=id&rclk=1,-5.303909,123.5269146
tempat makan dekat Wakatobi,Naya Matahora Island Resort,,"
Jl. Poros Bandara Matahora, Lingkungan Topa, Mandati I, Wangi-Wangi Sel., Kabupaten Wakatobi, Sulawesi Tenggara 93791","4,3",135,Rp 1.190.412,https://www.google.com/maps/place/Naya+Matahora+Island+Resort/data=!4m10!3m9!1s0x2da12db033732ee1:0xaac34496293bb5f7!5m2!4m1!1i2!8m2!3d-5.297877!4d123.6443638!16s%2Fg%2F11h7sglr1_!19sChIJ4S5zM7AtoS0R97U7KZZEw6o?authuser=0&hl=id&rclk=1,-5.297877,123.6443638
tempat makan dekat Wakatobi,Bukit Petani Berdasi,Restoran,"
PGJP+F3X, Sombu, Wangi-Wangi Sel., Kabupaten Wakatobi, Sulawesi Tenggara 93793","5,0",2,,https://www.google.com/maps/place/Bukit+Petani+Berdasi/data=!4m7!3m6!1s0x2da13151c10512e9:0x7dedb1c0029d824b!8m2!3d-5.2687609!4d123.535219!16s%2Fg%2F11dzdmtg1_!19sChIJ6RIFwVExoS0RS4KdAsCx7X0?authuser=0&hl=id&rclk=1,-5.2687609,123.535219
tempat makan dekat Wakatobi,Marind Dive Eco Resort,,"
Jl. Rabat, Kollo Soha, Tomia, Kabupaten Wakatobi, Sulawesi Tenggara 93793","4,7",65,Rp 1.620.000,https://www.google.com/maps/place/Marind+Dive+Eco+Resort/data=!4m10!3m9!1s0x2da71b4300000003:0x2afcb85ca1f28d63!5m2!4m1!1i2!8m2!3d-5.7346185!4d123.8945441!16s%2Fg%2F11ql8d5h89!19sChIJAwAAAEMbpy0RY43yoVy4_Co?authuser=0&hl=id&rclk=1,-5.7346185,123.8945441
tempat makan dekat Wakatobi,Restoran Aden,Restoran,"
Jl. Jend. Ahmad Yani No.115, Wanci, Kec. Wangi-Wangi, Kabupaten Wakatobi, Sulawesi Tenggara 93791","4,3",4,,https://www.google.com/maps/place/Restoran+Aden/data=!4m7!3m6!1s0x2da1337c6d8f49eb:0x8acf2647d57daeb9!8m2!3d-5.3181995!4d123.5328842!16s%2Fg%2F11cmdfkp1v!19sChIJ60mPbXwzoS0Rua591Ucmz4o?authuser=0&hl=id&rclk=1,-5.3181995,123.5328842
tempat makan dekat Wakatobi,Ayam Geprek Wanianse,Rumah Makan,"
Lingkungan topa II, Kel. Wanci Wanci, Pongo, Kec. Wangi-Wangi, Kabupaten Wakatobi, Sulawesi Tenggara 93791","5,0",3,Rp 1–25.000,https://www.google.com/maps/place/Ayam+Geprek+Wanianse/data=!4m7!3m6!1s0x2da133625e986c47:0x38084d7b73a260d9!8m2!3d-5.3239608!4d123.5362181!16s%2Fg%2F11s7zwxql9!19sChIJR2yYXmIzoS0R2WCic3tNCDg?authuser=0&hl=id&rclk=1,-5.3239608,123.5362181
tempat makan dekat Wakatobi,Restaurant WISATA,Restoran,"
MG9P+HPQ, Pulau Wangiwangi, Sulawesi Tenggara, Kabupaten Wakatobi, Sulawesi Tenggara 93795","4,2",134,Rp 50–75 rb,https://www.google.com/maps/place/Restaurant+WISATA/data=!4m7!3m6!1s0x2da1335d736d05fb:0xa863b550f3aab59!8m2!3d-5.3310337!4d123.5368516!16s%2Fg%2F11c437j7h6!19sChIJ-wVtc10zoS0RWas6D1U7hgo?authuser=0&hl=id&rclk=1,-5.3310337,123.5368516
tempat makan dekat Wakatobi,Rumah Makan Aiqzi,Restoran,"
Bosa No. 4, Jl. Jenderal Soedirman, Mandati II, Kec. Wangi-Wangi, Kabupaten Wakatobi, Sulawesi Tenggara 93791","4,3",22,Rp 25–50 rb,https://www.google.com/maps/place/Rumah+Makan+Aiqzi/data=!4m7!3m6!1s0x2da13367e55e2851:0x55a5e98883de5a3f!8m2!3d-5.3293025!4d123.5385005!16s%2Fg%2F11cjnntdgm!19sChIJUShe5WczoS0RP1reg4jppVU?authuser=0&hl=id&rclk=1,-5.3293025,123.5385005
tempat makan dekat Wakatobi,Dm'Food Wakatobi,Rumah Makan,"
Wanci, Wangi-Wangi Sel., Kabupaten Wakatobi, Sulawesi Tenggara 93791","5,0",2,Rp 25–50 rb,https://www.google.com/maps/place/Dm%27Food+Wakatobi/data=!4m7!3m6!1s0x2da133c465d4b457:0x9fd3d7c527eabc8a!8m2!3d-5.3159256!4d123.5316934!16s%2Fg%2F11mv4y5rh8!19sChIJV7TUZcQzoS0RirzqJ8XX058?authuser=0&hl=id&rclk=1,-5.3159256,123.5316934
tempat makan dekat Wakatobi,Wouana Villa,Hotel,"
Lingkungan woua. Kelurahan, wandoka selatan, Kec. Wangi-Wangi, Kabupaten Wakatobi, Sulawesi Tenggara 93791","4,9",106,,https://www.google.com/maps/place/Wouana+Villa/data=!4m7!3m6!1s0x2da133771580704b:0xc94054901bf3a32c!8m2!3d-5.3096277!4d123.528149!16s%2Fg%2F11kb3f1r0p!19sChIJS3CAFXczoS0RLKPzG5BUQMk?authuser=0&hl=id&rclk=1,-5.3096277,123.528149
tempat makan dekat Wakatobi,Martabak jakarta Ghiza,Restoran Martabak,"
Jl. Jenderal Sudirman, Kabupaten Wakatobi, Sulawesi Tenggara 93795","4,3",10,,https://www.google.com/maps/place/Martabak+jakarta+Ghiza/data=!4m7!3m6!1s0x2da1333331f60ac3:0xd15a73ab4f06d861!8m2!3d-5.327769!4d123.5374082!16s%2Fg%2F11h_w470p6!19sChIJwwr2MTMzoS0RYdgGT6tzWtE?authuser=0&hl=id&rclk=1,-5.327769,123.5374082
tempat makan dekat Wakatobi,D'Frens Cafe,Kafe,"
MG8Q+M9G, Selatan, Mandati I, Wangi-Wangi, Wakatobi Regency, South East Sulawesi 93795","4,0",23,,https://www.google.com/maps/place/D%27Frens+Cafe/data=!4m7!3m6!1s0x2da1335cb81aa599:0xf3e6ecaf8e43885f!8m2!3d-5.3333011!4d123.5384581!16s%2Fg%2F11cjpcv4nq!19sChIJmaUauFwzoS0RX4hDjq_s5vM?authuser=0&hl=id&rclk=1,-5.3333011,123.5384581
tempat makan dekat Wakatobi,Shelter Cafe & Mini Resto,Kafe,"
Jl. Jenderal Sudirman, Mandati I, Wangi-Wangi Sel., Kabupaten Wakatobi, Sulawesi Tenggara 93795","4,6",18,,https://www.google.com/maps/place/Shelter+Cafe+%26+Mini+Resto/data=!4m7!3m6!1s0x2da133008b688409:0xee21814f00ff2118!8m2!3d-5.338175!4d123.5395285!16s%2Fg%2F11hwx_mldk!19sChIJCYRoiwAzoS0RGCH_AE-BIe4?authuser=0&hl=id&rclk=1,-5.338175,123.5395285
tempat makan dekat Wakatobi,Cafe & Resto Ayim Cemara Beach,Restoran,"
PGQC+M2X Desa, Jl. Dr. Soetomo, Wapia-pia, Kec. Wangi-Wangi, Kabupaten Wakatobi, Sulawesi Tenggara 93791","4,6",16,,https://www.google.com/maps/place/Cafe+%26+Resto+Ayim+Cemara+Beach/data=!4m7!3m6!1s0x2da13719164612f1:0xd7c8dab7966b3547!8m2!3d-5.260763!4d123.5200993!16s%2Fg%2F11hd_kfd4l!19sChIJ8RJGFhk3oS0RRzVrlrfayNc?authuser=0&hl=id&rclk=1,-5.260763,123.5200993
tempat makan dekat Wakatobi,Nua Indah Coffee and Resto,Kafe,"
Jalan Ahmad Nasution No.5, Wandoka Utara, Kabupaten Wakatobi, Sulawesi Tenggara 93791","4,7",72,Rp 25–50 rb,https://www.google.com/maps/place/Nua+Indah+Coffee+and+Resto/data=!4m7!3m6!1s0x2da135694185f1f5:0x8bfb38493a4bfdc8!8m2!3d-5.2821048!4d123.5238133!16s%2Fg%2F11t7f6tkzs!19sChIJ9fGFQWk1oS0RyP1LOkk4-4s?authuser=0&hl=id&rclk=1,-5.2821048,123.5238133
tempat makan dekat Wakatobi,Taman Nasional Wakatobi,Taman Nasional,"
CWPJ+J57, Lentea, Sulawesi Tenggara","4,5",2146,,https://www.google.com/maps/place/Taman+Nasional+Wakatobi/data=!4m7!3m6!1s0x2da70432508addb7:0x5d26a2de09c86794!8m2!3d-5.5634736!4d123.9304254!16s%2Fm%2F0b7419q!19sChIJt92KUDIEpy0RlGfICd6iJl0?authuser=0&hl=id&rclk=1,-5.5634736,123.9304254
tempat makan dekat Wakatobi,NASI GORENG SORE MALAM,Restoran Nasi Goreng,"
MGFP+XPW, Jalan Kapten Saman Ramli, Mandati II, Kec. Wangi-Wangi, Kabupaten Wakatobi, Sulawesi Tenggara 93795","4,6",5,Rp 1–25.000,https://www.google.com/maps/place/NASI+GORENG+SORE+MALAM/data=!4m7!3m6!1s0x2da133006169a0d1:0x8043e1805596df2b!8m2!3d-5.3250126!4d123.5368246!16s%2Fg%2F11w58rr8b5!19sChIJ0aBpYQAzoS0RK9-WVYDhQ4A?authuser=0&hl=id&rclk=1,-5.3250126,123.5368246
tempat makan dekat Wakatobi,Restaurant Wisata,Restoran,"
MHFW+G7C, Jl. A. Yani, Mandati III, Wangi-Wangi Sel., Kabupaten Wakatobi, Sulawesi Tenggara 93795","3,0",2,,https://www.google.com/maps/place/Restaurant+Wisata/data=!4m7!3m6!1s0x2da1329556c60863:0x47b00e9a324be9c7!8m2!3d-5.326175!4d123.595651!16s%2Fg%2F1pzps85gl!19sChIJYwjGVpUyoS0Rx-lLMpoOsEc?authuser=0&hl=id&rclk=1,-5.326175,123.595651
tempat makan dekat Wakatobi,Sari Laut Br,Restoran Ikan Bakar,"
MGMP+6HJ, Jl. Jend. Sudirman, Pongo, Kec. Wangi-Wangi, Kabupaten Wakatobi, Sulawesi Tenggara 93791","4,2",13,,https://www.google.com/maps/place/Sari+Laut+Br/data=!4m7!3m6!1s0x2da1337a16506aef:0x1264bfea8ce4c5ea!8m2!3d-5.3169166!4d123.536397!16s%2Fg%2F11g6jtk008!19sChIJ72pQFnozoS0R6sXkjOq_ZBI?authuser=0&hl=id&rclk=1,-5.3169166,123.536397
tempat makan dekat Wakatobi,Warung ARTHO Moro,Warung Makanan Kecil,"
di depan pelabuhan rakyat, Bau Bau - Wanci, Pongo, Wangi-Wangi Sel., Kabupaten Wakatobi, Sulawesi Tenggara 93791","5,0",1,Rp 1–25.000,https://www.google.com/maps/place/Warung+ARTHO+Moro/data=!4m7!3m6!1s0x2da1332e62ebff9b:0xeba8b135ab9b7ed6!8m2!3d-5.3247448!4d123.5357178!16s%2Fg%2F11lz6763jx!19sChIJm__rYi4zoS0R1n6bqzWxqOs?authuser=0&hl=id&rclk=1,-5.3247448,123.5357178
tempat makan dekat Wakatobi,RM. Pisang Ijo,Kedai Sarapan & Makan Siang,"
MGMM+33H, Pongo, Wangi-Wangi Sel., Kabupaten Wakatobi, Sulawesi Tenggara 93791","5,0",2,,https://www.google.com/maps/place/RM.+Pisang+Ijo/data=!4m7!3m6!1s0x2da1337ec3ff4cf3:0xb60769211e4643d1!8m2!3d-5.3173209!4d123.5327352!16s%2Fg%2F11ls2m70yc!19sChIJ80z_w34zoS0R0UNGHiFpB7Y?authuser=0&hl=id&rclk=1,-5.3173209,123.5327352
tempat makan dekat Wakatobi,Dapoer Maritim Cafe & Resto,Restoran Indonesia,"
MGGM+8PR, Bau Bau - Wanci, Kabupaten Wakatobi, Sulawesi Tenggara 93791","4,3",29,Rp 25–100 rb,https://www.google.com/maps/place/Dapoer+Maritim+Cafe+%26+Resto/data=!4m7!3m6!1s0x2da1339171597a89:0xd8facac4af36c4ce!8m2!3d-5.324142!4d123.5342733!16s%2Fg%2F11vl4ks3mq!19sChIJiXpZcZEzoS0RzsQ2r8TK-tg?authuser=0&hl=id&rclk=1,-5.324142,123.5342733
tempat makan dekat Wakatobi,HOTEL MIRA WANCI,Hotel,"
Jl. Laode Lalangi Moh Saman Ramli, Pongo, Wangi-Wangi Sel., Kabupaten Wakatobi, Sulawesi Tenggara 93791","4,5",104,,https://www.google.com/maps/place/HOTEL+MIRA+WANCI/data=!4m7!3m6!1s0x2da133154acaef19:0x427459b3fd967b8a!8m2!3d-5.3249062!4d123.5364219!16s%2Fg%2F11h7q4y8s8!19sChIJGe_KShUzoS0RinuW_bNZdEI?authuser=0&hl=id&rclk=1,-5.3249062,123.5364219
tempat makan dekat Wakatobi,Rendezvous coffee wakatobi,Kedai Kopi,"
Rendezvous coffee, Kabupaten Wakatobi, Sulawesi Tenggara 93791","4,6",91,Rp 25–50 rb,https://www.google.com/maps/place/Rendezvous+coffee+wakatobi/data=!4m7!3m6!1s0x2da1336fa2ab9da3:0xeb84875bfb5acf24!8m2!3d-5.3199338!4d123.5311372!16s%2Fg%2F11t4dx_dqw!19sChIJo52rom8zoS0RJM9a-1uHhOs?authuser=0&hl=id&rclk=1,-5.3199338,123.5311372
tempat makan dekat Wakatobi,Warung Makan D'Bantea,Restoran,"
Mandati I, Wangi-Wangi Sel., Kabupaten Wakatobi, Sulawesi Tenggara 93795","4,3",148,Rp 25–50 rb,https://www.google.com/maps/place/Warung+Makan+D%27Bantea/data=!4m7!3m6!1s0x2da1335b4d5e6cbf:0xeff866a038bc5f20!8m2!3d-5.3349534!4d123.5391265!16s%2Fg%2F11f32dwfwm!19sChIJv2xeTVszoS0RIF-8OKBm-O8?authuser=0&hl=id&rclk=1,-5.3349534,123.5391265
tempat makan dekat Wakatobi,Sari Laut Lamongan Mas Aryo,Restoran Seafood,"
Jl Tekbangka, Pongo, Kec. Wangi-Wangi, Kabupaten Wakatobi, Sulawesi Tenggara 93791","4,1",31,Rp 25–50 rb,https://www.google.com/maps/place/Sari+Laut+Lamongan+Mas+Aryo/data=!4m7!3m6!1s0x2da133d6a1eced51:0xb02f0f1b5b523410!8m2!3d-5.3221847!4d123.5352119!16s%2Fg%2F11g3glkrh1!19sChIJUe3sodYzoS0REDRSWxsPL7A?authuser=0&hl=id&rclk=1,-5.3221847,123.5352119
tempat makan dekat Wakatobi,Bandar Udara Matahora,Bandara Domestik,"
PJ6P+3W2, Unnamed Road, Longa, Kec. Wangi-Wangi, Kabupaten Wakatobi, Sulawesi Tenggara 93791","4,6",177,,https://www.google.com/maps/place/Bandar+Udara+Matahora/data=!4m7!3m6!1s0x2da12d43a80210a5:0x4f1b3f27955e494f!8m2!3d-5.2898713!4d123.6372656!16s%2Fm%2F0drx6sw!19sChIJpRACqEMtoS0RT0lelSc_G08?authuser=0&hl=id&rclk=1,-5.2898713,123.6372656
tempat makan dekat Wakatobi,RM. WANGI-WANGI WAKATOBI,Rumah Makan,"
Lingk. Teebangka 1 No.Kel, Wanci, Wangi-Wangi Sel., Kabupaten Wakatobi, Sulawesi Tenggara 93791","5,0",9,,https://www.google.com/maps/place/RM.+WANGI-WANGI+WAKATOBI/data=!4m7!3m6!1s0x2da133da4a29be11:0xd9d1966aea98d2b1!8m2!3d-5.3239968!4d123.5352416!16s%2Fg%2F11ml1jjbxp!19sChIJEb4pStozoS0RsdKY6mqW0dk?authuser=0&hl=id&rclk=1,-5.3239968,123.5352416
tempat makan dekat Wakatobi,Kios Aros,Warung Makanan Kecil,"
Jl. La bomba Jln. Poros No.raya, Sombano, Kec. Kaledupa, Kabupaten Wakatobi, Sulawesi Tenggara 93792","5,0",1,,https://www.google.com/maps/place/Kios+Aros/data=!4m7!3m6!1s0x2da6d99c7ec12243:0x51b28f7a833da554!8m2!3d-5.4818822!4d123.7098569!16s%2Fg%2F11lzkfk9sf!19sChIJQyLBfpzZpi0RVKU9g3qPslE?authuser=0&hl=id&rclk=1,-5.4818822,123.7098569
tempat makan dekat Wakatobi,Polsek Kaledupa,Warung nasi,"
Ambeua Raya, Kec. Kaledupa, Kabupaten Wakatobi, Sulawesi Tenggara 93792","4,8",6,,https://www.google.com/maps/place/Polsek+Kaledupa/data=!4m7!3m6!1s0x2da6d84cfc51d011:0xb1b1e04bd32d52d!8m2!3d-5.5011692!4d123.754086!16s%2Fg%2F11c6lhx7jf!19sChIJEdBR_EzYpi0RLdUyvQQeGws?authuser=0&hl=id&rclk=1,-5.5011692,123.754086
tempat makan dekat Wakatobi,Bakso ummi,Restoran,"
Pongo, Wangi-Wangi Sel., Kabupaten Wakatobi, Sulawesi Tenggara 93791","4,7",15,Rp 1–25.000,https://www.google.com/maps/place/Bakso+ummi/data=!4m7!3m6!1s0x2da133c47c3cff97:0x62136b40da3d358f!8m2!3d-5.3196992!4d123.5310642!16s%2Fg%2F11ty0sh2d5!19sChIJl_88fMQzoS0RjzU92kBrE2I?authuser=0&hl=id&rclk=1,-5.3196992,123.5310642
tempat makan dekat Wakatobi,Double Peace,Kedai Kopi,"
FQX3+467, Ambeua Raya, Kec. Kaledupa, Kabupaten Wakatobi, Sulawesi Tenggara 93792","4,9",15,Rp 1–25.000,https://www.google.com/maps/place/Double+Peace/data=!4m7!3m6!1s0x2da6d9b93be747d5:0xdafacedad5c16919!8m2!3d-5.5022171!4d123.7530326!16s%2Fg%2F11j0z5c8w4!19sChIJ1UfnO7nZpi0RGWnB1drO-to?authuser=0&hl=id&rclk=1,-5.5022171,123.7530326
tempat makan dekat Wakatobi,Daporo Waode,Restoran,"
MGFP+WFH, Jl. Kemakmuran, Mandati II, Wangi-Wangi Sel., Kabupaten Wakatobi, Sulawesi Tenggara 93795","4,7",17,,https://www.google.com/maps/place/Daporo+Waode/data=!4m7!3m6!1s0x2da133e7ee246aff:0x8dd92c846e60eec3!8m2!3d-5.3251903!4d123.5362447!16s%2Fg%2F11h6rrkm0p!19sChIJ_2ok7uczoS0Rw-5gboQs2Y0?authuser=0&hl=id&rclk=1,-5.3251903,123.5362447
tempat makan dekat Wakatobi,Ayu Lestari,Restoran,"
7WH4+44M, Unnamed Road, Waha, Tomia, Wakatobi Regency, South East Sulawesi 93793","4,3",4,,https://www.google.com/maps/place/Ayu+Lestari/data=!4m7!3m6!1s0x2da71b3e8c5c6e2f:0xf41cc205787978a1!8m2!3d-5.722171!4d123.9053018!16s%2Fg%2F11j8sntm9q!19sChIJL25cjD4bpy0RoXh5eAXCHPQ?authuser=0&hl=id&rclk=1,-5.722171,123.9053018
tempat makan dekat Wakatobi,RM MUSLIHA,Restoran,"
MG8X+FVC, Jl. Dusun, Mandati I, Wangi-Wangi Sel., Kabupaten Wakatobi, Sulawesi Tenggara 93795","4,6",34,,https://www.google.com/maps/place/RM+MUSLIHA/data=!4m7!3m6!1s0x2da133474d0cf7f1:0x3b7a50bd6c860398!8m2!3d-5.3338087!4d123.5496468!16s%2Fg%2F11c71b0klj!19sChIJ8fcMTUczoS0RmAOGbL1Qejs?authuser=0&hl=id&rclk=1,-5.3338087,123.5496468
tempat makan dekat Wakatobi,Moment Coffee,Kedai Kopi,"
Jl. Jend. Ahmad Yani No.44, Wanci, Kec. Wangi-Wangi, Kabupaten Wakatobi, Sulawesi Tenggara 93791","5,0",4,,https://www.google.com/maps/place/Moment+Coffee/data=!4m7!3m6!1s0x2da1330c85b3c951:0x3eb668cd5ac06eed!8m2!3d-5.3229411!4d123.53561!16s%2Fg%2F11yvj20h3k!19sChIJUcmzhQwzoS0R7W7AWs1otj4?authuser=0&hl=id&rclk=1,-5.3229411,123.53561
tempat makan dekat Wakatobi,Rumah Makan Pelangi,Restoran Indonesia,"
MGCQ+C49, Jl. Jend. Ahmad Yani, Mandati III, Wangi-Wangi Sel., Kabupaten Wakatobi, Sulawesi Tenggara 93795","5,0",5,,https://www.google.com/maps/place/Rumah+Makan+Pelangi/data=!4m7!3m6!1s0x2da1329556c60863:0x661ed8ad31f21942!8m2!3d-5.3289704!4d123.5378497!16s%2Fg%2F1pzwxvj7g!19sChIJYwjGVpUyoS0RQhnyMa3YHmY?authuser=0&hl=id&rclk=1,-5.3289704,123.5378497
tempat makan dekat Wakatobi,Ampupu beach resort,Restoran,"
MGWG+CQP, Jl. Sultan Hasanudin, Kec. Wangi-Wangi, Kabupaten Wakatobi, Sulawesi Tenggara 93791","4,3",133,Rp 25–50 rb,https://www.google.com/maps/place/Ampupu+beach+resort/data=!4m7!3m6!1s0x2da135980abfd0ad:0xc60471c2e9d2eaaa!8m2!3d-5.303906!4d123.526968!16s%2Fg%2F11h6pypml4!19sChIJrdC_Cpg1oS0RqurS6cJxBMY?authuser=0&hl=id&rclk=1,-5.303906,123.526968
tempat makan dekat Wakatobi,Hotel Wisata Beach Wakatobi,,"
Jl. Jenderal Sudirman, Mandati II, Wangi-Wangi Sel., Kabupaten Wakatobi, Sulawesi Tenggara 93795","4,1",424,,https://www.google.com/maps/place/Hotel+Wisata+Beach+Wakatobi/data=!4m10!3m9!1s0x2da1335d44c0510f:0x4aa633eee4b45351!5m2!4m1!1i2!8m2!3d-5.3305212!4d123.5379881!16s%2Fg%2F11f1k3mq25!19sChIJD1HARF0zoS0RUVO05O4zpko?authuser=0&hl=id&rclk=1,-5.3305212,123.5379881
tempat makan dekat Wakatobi,Pasar Malam Wakatobi,Pasar,"
Jl. Jend. Ahmad Yani No.140, Kabupaten Wakatobi, Sulawesi Tenggara 93791","4,3",428,,https://www.google.com/maps/place/Pasar+Malam+Wakatobi/data=!4m7!3m6!1s0x2da133646a6dd173:0x6da61c883737666d!8m2!3d-5.3214767!4d123.5326093!16s%2Fg%2F1ydpvb4xd!19sChIJc9FtamQzoS0RbWY3N4gcpm0?authuser=0&hl=id&rclk=1,-5.3214767,123.5326093
tempat makan dekat Wakatobi,RM REZA PASEBA,Restoran,"
Ambeua, Kec. Kaledupa, Kabupaten Wakatobi, Sulawesi Tenggara 93792","4,8",15,,https://www.google.com/maps/place/RM+REZA+PASEBA/data=!4m7!3m6!1s0x2da6d9592ec005d5:0x61923df97b01c2d0!8m2!3d-5.4986353!4d123.7536673!16s%2Fg%2F11rp053fbn!19sChIJ1QXALlnZpi0R0MIBe_k9kmE?authuser=0&hl=id&rclk=1,-5.4986353,123.7536673
tempat makan dekat Wakatobi,Kedai Selly Water Tomia,Kedai Kopi,"
7VGW+2R, Waha, Kabupaten Wakatobi, Sulawesi Tenggara","4,7",28,Rp 25–50 rb,https://www.google.com/maps/place/Kedai+Selly+Water+Tomia/data=!4m7!3m6!1s0x2da71bc726085797:0x32e9efbb058d5a8b!8m2!3d-5.724948!4d123.897088!16s%2Fg%2F11vc6z9tqp!19sChIJl1cIJscbpy0Ri1qNBbvv6TI?authuser=0&hl=id&rclk=1,-5.724948,123.897088
tempat makan dekat Wakatobi,RM. Arjuna,Restoran Padang,"
MGMM+624, Pongo, Wangi-Wangi Sel., Kabupaten Wakatobi, Sulawesi Tenggara 93791","4,6",60,Rp 25–50 rb,https://www.google.com/maps/place/RM.+Arjuna/data=!4m7!3m6!1s0x2da1337c1de6e249:0x70f8bdb7d4d305a1!8m2!3d-5.316987!4d123.5325868!16s%2Fg%2F11c1lw22hv!19sChIJSeLmHXwzoS0RoQXT1Le9-HA?authuser=0&hl=id&rclk=1,-5.316987,123.5325868
tempat makan dekat Bromo,PONDOK MAKAN 78,Restoran,"
JALAN RAYA BROMO RT 4 RW 2 ( depan polsek, Watulumpang, Sukapura, Kec. Sukapura, Kabupaten Probolinggo, Jawa Timur 67254","4,8",58,Rp 1–25.000,https://www.google.com/maps/place/PONDOK+MAKAN+78/data=!4m7!3m6!1s0x2dd64bc332496495:0xa2ec3025cee3436d!8m2!3d-7.8867705!4d113.0490509!16s%2Fg%2F11fhwtyr8x!19sChIJlWRJMsNL1i0RbUPjziUw7KI?authuser=0&hl=id&rclk=1,-7.8867705,113.0490509
tempat makan dekat Bromo,Rehat Bromo Rest Area,Restoran,"
Jl. Raya Bromo No.90, Wonotoro, Ngadisari, Kec. Sukapura, Kabupaten Probolinggo, Jawa Timur 67254","4,6",194,Rp 25–50 rb,https://www.google.com/maps/place/Rehat+Bromo+Rest+Area/data=!4m7!3m6!1s0x2dd63616d9e874cd:0xc754cc9312c9f5d3!8m2!3d-7.9163372!4d112.986021!16s%2Fg%2F11fx7mmpxk!19sChIJzXTo2RY21i0R0_XJEpPMVMc?authuser=0&hl=id&rclk=1,-7.9163372,112.986021
tempat makan dekat Bromo,Warung Bromo-Semeru,Rumah Makan,"
XQM5+8FH, Jl. Pahlawan Tim., RT.17/RW.02A, Kebonsari, Tumpang, Kec. Tumpang, Kabupaten Malang, Jawa Timur 65156","4,5",127,Rp 1–75.000,https://www.google.com/maps/place/Warung+Bromo-Semeru/data=!4m7!3m6!1s0x2dd625a1beec947f:0xc7436472b4685508!8m2!3d-8.0166809!4d112.7587208!16s%2Fg%2F11b6vdfx1v!19sChIJf5TsvqEl1i0RCFVotHJkQ8c?authuser=0&hl=id&rclk=1,-8.0166809,112.7587208
tempat makan dekat Bromo,Bromo Hillside,Tujuan Wisata,"
2WGG+6C2, Jl. Jemplang, Dusun Jarak Ijo, Ngadas, Kec. Poncokusumo, Kabupaten Malang, Jawa Timur 65157","4,8",7199,,https://www.google.com/maps/place/Bromo+Hillside/data=!4m7!3m6!1s0x2dd6377616504031:0xa294e98df7f7df1b!8m2!3d-7.9739736!4d112.9258767!16s%2Fg%2F11sf85hmk4!19sChIJMUBQFnY31i0RG9_3943plKI?authuser=0&hl=id&rclk=1,-7.9739736,112.9258767
tempat makan dekat Bromo,Panorama Cafe Bromo,Kafe,"
Jl. Raya Bromo, Watulumpang, Sukapura, Kec. Sukapura, Kabupaten Probolinggo, Jawa Timur 67254","4,2",312,Rp 25–50 rb,https://www.google.com/maps/place/Panorama+Cafe+Bromo/data=!4m7!3m6!1s0x2dd64b4864ed539b:0xc6ad948244a0cf38!8m2!3d-7.8941625!4d113.0462191!16s%2Fg%2F11jjp0pyxs!19sChIJm1PtZEhL1i0ROM-gRIKUrcY?authuser=0&hl=id&rclk=1,-7.8941625,113.0462191
tempat makan dekat Bromo,"Manis ae Hotel,Cabin & Resto Bromo",,"
Jl. Raya Bromo Dusun I Blok Kalongan, RT.01/RW.01, Dusun I, Jetak, Kec. Sukapura, Kabupaten Probolinggo, Jawa Timur 67254","4,8",1512,Rp 1.389.755,"https://www.google.com/maps/place/Manis+ae+Hotel,Cabin+%26+Resto+Bromo/data=!4m10!3m9!1s0x2dd637341d0d9f61:0x74cc808064145758!5m2!4m1!1i2!8m2!3d-7.9170082!4d112.9911741!16s%2Fg%2F11vzdc7_vz!19sChIJYZ8NHTQ31i0RWFcUZICAzHQ?authuser=0&hl=id&rclk=1",-7.9170082,112.9911741
tempat makan dekat Bromo,Rest Area ALIA Bromo,Tempat Istirahat,"
Jl. Raya Lumbang No.284, Ngepungbarat, Sukapura, Kec. Sukapura, Kabupaten Probolinggo, Jawa Timur 67254","4,4",505,,https://www.google.com/maps/place/Rest+Area+ALIA+Bromo/data=!4m7!3m6!1s0x2dd64bcb670bd4b1:0x61c671f8e24279fd!8m2!3d-7.8695955!4d113.0540639!16s%2Fg%2F11h3z8hxvs!19sChIJsdQLZ8tL1i0R_XlC4vhxxmE?authuser=0&hl=id&rclk=1,-7.8695955,113.0540639
tempat makan dekat Bromo,KOPI DEWA 19 BROMO,Restoran,"
Cemorolawang, Ngadisari, Kec. Sukapura, Kabupaten Probolinggo, Jawa Timur","4,8",199,Rp 50–75 rb,https://www.google.com/maps/place/KOPI+DEWA+19+BROMO/data=!4m7!3m6!1s0x2dd6370073fb0407:0xcae4c47b5d46c910!8m2!3d-7.9110229!4d112.9562996!16s%2Fg%2F11yxxszbjd!19sChIJBwT7cwA31i0REMlGXXvE5Mo?authuser=0&hl=id&rclk=1,-7.9110229,112.9562996
tempat makan dekat Bromo,Rumah Makan Bromo Asri,Restoran Prasmanan,"
Jalan Raya Banjarsari No.KM.89, RW.2, Banjar Selatan, Banjarsari, Kec. Sumberasih, Kabupaten Probolinggo, Jawa Timur 67211","4,2",9900,Rp 25–50 rb,https://www.google.com/maps/place/Rumah+Makan+Bromo+Asri/data=!4m7!3m6!1s0x2dd7b3e1a81cf587:0x59802efb723bab8e!8m2!3d-7.7407147!4d113.1341012!16s%2Fg%2F1pzs0tlq0!19sChIJh_UcqOGz1y0Rjqs7cvsugFk?authuser=0&hl=id&rclk=1,-7.7407147,113.1341012
tempat makan dekat Bromo,Warung Raja Banana Bromo,Kedai Sarapan & Makan Siang,"
3WVX+9F8, Kedewung I, Keduwung, Kec. Puspo, Pasuruan, Jawa Timur 67176","4,1",17,,https://www.google.com/maps/place/Warung+Raja+Banana+Bromo/data=!4m7!3m6!1s0x2dd637f1fafca5a7:0xfe2522c0694a9a02!8m2!3d-7.9065752!4d112.9487034!16s%2Fg%2F11gh_fmnl8!19sChIJp6X8-vE31i0RAppKacAiJf4?authuser=0&hl=id&rclk=1,-7.9065752,112.9487034
tempat makan dekat Bromo,Warung Sate Cak Im,Restoran Sate,"
3XMP+M6R, Jl. Raya Bromo, RT.2/RW.1, Wonotoro, Kec. Sukapura, Kabupaten Probolinggo, Jawa Timur 67254","4,5",58,Rp 25–50 rb,https://www.google.com/maps/place/Warung+Sate+Cak+Im/data=!4m7!3m6!1s0x2dd63616ce08af9d:0xbc9865e5d1a95d01!8m2!3d-7.9157684!4d112.9855086!16s%2Fg%2F11gg_wjfvp!19sChIJna8IzhY21i0RAV2p0eVlmLw?authuser=0&hl=id&rclk=1,-7.9157684,112.9855086
tempat makan dekat Bromo,Kusuma Kitchen,Restoran,"
Jl. Raya Bromo No.67254, Cemorolawang, Ngadisari, Kec. Sukapura, Kabupaten Probolinggo, Jawa Timur 67254","4,3",975,Rp 25–75 rb,https://www.google.com/maps/place/Kusuma+Kitchen/data=!4m7!3m6!1s0x2dd637ae2c1ac607:0xf100803cf4d1a50c!8m2!3d-7.9214479!4d112.9643866!16s%2Fg%2F11j7ggmq2_!19sChIJB8YaLK431i0RDKXR9DyAAPE?authuser=0&hl=id&rclk=1,-7.9214479,112.9643866
tempat makan dekat Bromo,Warung Pak Slamet Bromo,Restoran,"
4WC2+98P, Jl. Dusun, Tlogosari, Kec. Tosari, Pasuruan, Jawa Timur 67177","4,7",155,Rp 25–50 rb,https://www.google.com/maps/place/Warung+Pak+Slamet+Bromo/data=!4m7!3m6!1s0x2dd6338945d6d429:0x478136acdee0c978!8m2!3d-7.8790279!4d112.9008193!16s%2Fg%2F11f_qdbv8q!19sChIJKdTWRYkz1i0ReMng3qw2gUc?authuser=0&hl=id&rclk=1,-7.8790279,112.9008193
tempat makan dekat Bromo,Mount View Cottage & Resto Bromo,Hotel,"
Jl. Raya Bromo, Dusun 1, Sapikerep, Kec. Sukapura, Kabupaten Probolinggo, Jawa Timur 67254","4,5",93,,https://www.google.com/maps/place/Mount+View+Cottage+%26+Resto+Bromo/data=!4m7!3m6!1s0x2dd649c3c563317f:0xf76406d160dc83!8m2!3d-7.9112337!4d113.0377806!16s%2Fg%2F11rj__q_r0!19sChIJfzFjxcNJ1i0Rg9xg0QZk9wA?authuser=0&hl=id&rclk=1,-7.9112337,113.0377806
tempat makan dekat Bromo,Jiwa Jawa Bromo Cafe & Breakfast,Restoran Indonesia,"
3XMP+G93, Wonotoro, Kec. Sukapura, Kabupaten Probolinggo, Jawa Timur 67254","4,6",15,Rp 100–125 rb,https://www.google.com/maps/place/Jiwa+Jawa+Bromo+Cafe+%26+Breakfast/data=!4m7!3m6!1s0x2dd637b2ab9d31cf:0x8f3ec5b9989aede!8m2!3d-7.9163013!4d112.9854688!16s%2Fg%2F11tdp4l446!19sChIJzzGdq7I31i0R3q6JmVvs8wg?authuser=0&hl=id&rclk=1,-7.9163013,112.9854688
tempat makan dekat Bromo,Warung Pelancong Bu Lusi,Restoran,"
Jl. Raya Bromo No.67254, Cemorolawang, Ngadisari, Kec. Sukapura, Kabupaten Probolinggo, Jawa Timur 67254","5,0",33,Rp 25–50 rb,https://www.google.com/maps/place/Warung+Pelancong+Bu+Lusi/data=!4m7!3m6!1s0x2dd6375448685b15:0x770356c7a8fb964c!8m2!3d-7.9215374!4d112.9652286!16s%2Fg%2F11fmpfh01j!19sChIJFVtoSFQ31i0RTJb7qMdWA3c?authuser=0&hl=id&rclk=1,-7.9215374,112.9652286
tempat makan dekat Bromo,Aworjiwa Coffee Bromo,Kedai Kopi,"
Jl. Raya Bromo, Dusun 1, Sapikerep, Kec. Sukapura, Kabupaten Probolinggo, Jawa Timur 67254","4,5",688,Rp 25–50 rb,https://www.google.com/maps/place/Aworjiwa+Coffee+Bromo/data=!4m7!3m6!1s0x2dd6492890d41757:0xadfdbc91c26c7b76!8m2!3d-7.902043!4d113.0437906!16s%2Fg%2F11r0vdh69v!19sChIJVxfUkChJ1i0RdntswpG8_a0?authuser=0&hl=id&rclk=1,-7.902043,113.0437906
tempat makan dekat Bromo,BaleRia Restaurant,Restoran,"
Jl Raya Bromo dsn2 jombok, Dusun 2, Sapikerep, Kec. Sukapura, Kabupaten Probolinggo, Jawa Timur 67254","5,0",14,Rp 50–75 rb,https://www.google.com/maps/place/BaleRia+Restaurant/data=!4m7!3m6!1s0x2dd649b2a3126179:0x431b0ac3e21d177c!8m2!3d-7.9192947!4d113.026731!16s%2Fg%2F11vx3y9gpd!19sChIJeWESo7JJ1i0RfBcd4sMKG0M?authuser=0&hl=id&rclk=1,-7.9192947,113.026731
tempat makan dekat Bromo,Parama Bromo,,"
Jl. Raya Bromo No.77, Cemorolawang, Ngadisari, Kec. Sukapura, Kabupaten Probolinggo, Jawa Timur 67254","4,3",120,Rp 368.796,https://www.google.com/maps/place/Parama+Bromo/data=!4m10!3m9!1s0x2dd63749616b8f05:0xee819bf1807cc7e!5m2!4m1!1i2!8m2!3d-7.9209359!4d112.9658977!16s%2Fg%2F11p5xb1hg4!19sChIJBY9rYUk31i0RfswHGL8Z6A4?authuser=0&hl=id&rclk=1,-7.9209359,112.9658977
tempat makan dekat Bromo,Kedai Kopi Gunung Bromo,Kedai Kopi,"
Dusun 2, Sapikerep, Kec. Sukapura, Kabupaten Probolinggo, Jawa Timur 67254","4,9",240,Rp 25–50 rb,https://www.google.com/maps/place/Kedai+Kopi+Gunung+Bromo/data=!4m7!3m6!1s0x2dd6490b825ddadb:0xae5a3534fd1e8fdc!8m2!3d-7.9145666!4d113.0308455!16s%2Fg%2F11n0th2n1q!19sChIJ29pdggtJ1i0R3I8e_TQ1Wq4?authuser=0&hl=id&rclk=1,-7.9145666,113.0308455
tempat makan dekat Bromo,Teras Bromo,Restoran,"
Ngadiwono village, Area Hutan Dan Perkebunan, Tosari, Pasuruan Regency, East Java 67177","4,4",471,Rp 50–150 rb,https://www.google.com/maps/place/Teras+Bromo/data=!4m7!3m6!1s0x2dd633e57e085991:0x7b48e8d6f93323a!8m2!3d-7.8961844!4d112.8912837!16s%2Fg%2F11c6t6m3tx!19sChIJkVkIfuUz1i0ROjKTb42OtAc?authuser=0&hl=id&rclk=1,-7.8961844,112.8912837
tempat makan dekat Bromo,Bromo Escapes,Restoran,"
Jl. Raya Bromo, Dusun 2, Sapikerep, Kec. Sukapura, Kabupaten Probolinggo, Jawa Timur 67254","4,7",656,Rp 50–75 rb,https://www.google.com/maps/place/Bromo+Escapes/data=!4m7!3m6!1s0x2dd649f4aefd2215:0x2bd924f21b9eef39!8m2!3d-7.9122234!4d113.036187!16s%2Fg%2F11t_s3m28v!19sChIJFSL9rvRJ1i0ROe-eG_Ik2Ss?authuser=0&hl=id&rclk=1,-7.9122234,113.036187
tempat makan dekat Bromo,RM.Warung Semeru,Restoran Masakan Ayam,"
3XMM+M8G, Gg. I, Wanasari, Ngadisari, Kec. Sukapura, Kabupaten Probolinggo, Jawa Timur 67254","4,7",61,Rp 25–50 rb,https://www.google.com/maps/place/RM.Warung+Semeru/data=!4m7!3m6!1s0x2dd636140000f353:0x735d86b0d4ecca8c!8m2!3d-7.9158238!4d112.9833143!16s%2Fg%2F11g6xw_n63!19sChIJU_MAABQ21i0RjMrs1LCGXXM?authuser=0&hl=id&rclk=1,-7.9158238,112.9833143
tempat makan dekat Bromo,Gubuk Ndeso Bromo,,"
Jl. Raya Bromo No.92, Dusun 1, Sapikerep, Kec. Sukapura, Kabupaten Probolinggo, Jawa Timur 67254","4,7",635,Rp 300.568,https://www.google.com/maps/place/Gubuk+Ndeso+Bromo/data=!4m10!3m9!1s0x2dd6498460ff3129:0xfbb7baa9d0561b55!5m2!4m1!1i2!8m2!3d-7.9046288!4d113.0414284!16s%2Fg%2F11hbg7_yl_!19sChIJKTH_YIRJ1i0RVRtW0Km6t_s?authuser=0&hl=id&rclk=1,-7.9046288,113.0414284
tempat makan dekat Bromo,Chalet Bromo Restaurant and Lounge,,"
Jalan Cincing, Dusun Pandanrejo, Sukopuro, Kec. Jabung, Kabupaten Malang, Jawa Timur 65155","4,3",444,Rp 760.257,https://www.google.com/maps/place/Chalet+Bromo+Restaurant+and+Lounge/data=!4m10!3m9!1s0x2dd62faecd7cc6fb:0x4c8a7aca31c1f22e!5m2!4m1!1i2!8m2!3d-7.9776983!4d112.7803503!16s%2Fg%2F11sprtwjtf!19sChIJ-8Z8za4v1i0RLvLBMcp6ikw?authuser=0&hl=id&rclk=1,-7.9776983,112.7803503
tempat makan dekat Bromo,Bawangan Bromo Hotel & Resto,,"
3XHX+HX8, Jl. Raya Bromo No.119, Ponjol, Wonokerto, Kec. Sukapura, Kabupaten Probolinggo, Jawa Timur 67254","4,5",5661,Rp 1.294.875,https://www.google.com/maps/place/Bawangan+Bromo+Hotel+%26+Resto/data=!4m10!3m9!1s0x2dd649df6334a7fb:0x32fbc2b1f3bad588!5m2!4m1!1i2!8m2!3d-7.92302!4d113.001455!16s%2Fg%2F11gf5jd6sn!19sChIJ-6c0Y99J1i0RiNW687HC-zI?authuser=0&hl=id&rclk=1,-7.92302,113.001455
tempat makan dekat Bromo,Harmony Hotel & Resto Bromo Probolinggo,,"
43F3+C8G, Jl. Raya Bromo, RT.11/RW.05, Curahwangi, Sukapura, Kec. Sukapura, Kabupaten Probolinggo, Jawa Timur 67254","4,9",48,Rp 331.364,https://www.google.com/maps/place/Harmony+Hotel+%26+Resto+Bromo+Probolinggo/data=!4m10!3m9!1s0x2dd64b004ebfaa6b:0x180b06bad63387a1!5m2!4m1!1i2!8m2!3d-7.8768269!4d113.0534624!16s%2Fg%2F11vz1d9smb!19sChIJa6q_TgBL1i0RoYcz1roGCxg?authuser=0&hl=id&rclk=1,-7.8768269,113.0534624
tempat makan dekat Bromo,Resto Bromo Camp House,Restoran,"
Jl. Raya Bromo RW No.RT.3, Dusun 1, Sapikerep, Kec. Sukapura, Kabupaten Probolinggo, Jawa Timur 67254","5,0",1,,https://www.google.com/maps/place/Resto+Bromo+Camp+House/data=!4m7!3m6!1s0x2dd6495913365c5f:0xb5544bdeb34ceda!8m2!3d-7.9061871!4d113.0409458!16s%2Fg%2F11gxxgr19q!19sChIJX1w2E1lJ1i0R2s40671EVQs?authuser=0&hl=id&rclk=1,-7.9061871,113.0409458
tempat makan dekat Bromo,Matak Wareug,Restoran Indonesia,"
Jl. Raya Bromo, Dusun 2, Sapikerep, Kec. Sukapura, Kabupaten Probolinggo, Jawa Timur 67254","4,7",98,Rp 25–50 rb,https://www.google.com/maps/place/Matak+Wareug/data=!4m7!3m6!1s0x2dd649374c9c2d83:0x9b72b61e3d888451!8m2!3d-7.9126857!4d113.0363979!16s%2Fg%2F11mnb_v7nz!19sChIJgy2cTDdJ1i0RUYSIPR62cps?authuser=0&hl=id&rclk=1,-7.9126857,113.0363979
tempat makan dekat Bromo,Cafe Senja,Restoran,"
4W63+J39, Tosari, Kec. Tosari, Pasuruan, Jawa Timur 67177","4,4",128,Rp 1–25.000,https://www.google.com/maps/place/Cafe+Senja/data=!4m7!3m6!1s0x2dd633f44b0e4565:0x4f8db02021c69454!8m2!3d-7.8884623!4d112.902737!16s%2Fg%2F11h9y5mwmp!19sChIJZUUOS_Qz1i0RVJTGISCwjU8?authuser=0&hl=id&rclk=1,-7.8884623,112.902737
tempat makan dekat Bromo,Caldera at ARTOTEL Cabin Bromo,Restoran,"
Ngadisari, Kec. Sukapura, Kabupaten Probolinggo, Jawa Timur 67254","4,8",485,Rp 75–225 rb,https://www.google.com/maps/place/Caldera+at+ARTOTEL+Cabin+Bromo/data=!4m7!3m6!1s0x2dd637c10410761d:0xd9b8817d5f0fa117!8m2!3d-7.9271731!4d112.9687444!16s%2Fg%2F11l796dc2r!19sChIJHXYQBME31i0RF6EPX32BuNk?authuser=0&hl=id&rclk=1,-7.9271731,112.9687444
tempat makan dekat Bromo,Seruni Point Bromo,Tujuan Wisata,"
3XQ2+HFP, Ngadisari, Sukapura, Area Pegunungan, Keduwung, Kec. Puspo, Kabupaten Probolinggo, Jawa Timur 67254","4,7",5851,,https://www.google.com/maps/place/Seruni+Point+Bromo/data=!4m7!3m6!1s0x2dd636878a222227:0x104b279a5845f3f9!8m2!3d-7.9110252!4d112.9512032!16s%2Fg%2F11cjjhp1q7!19sChIJJyIiioc21i0R-fNFWJonSxA?authuser=0&hl=id&rclk=1,-7.9110252,112.9512032
tempat makan dekat Bromo,WARUNG MEI BROMO,Restoran,"
32XV+F3G, Dusun 1, Sapikerep, Kec. Sukapura, Kabupaten Probolinggo, Jawa Timur 67254","4,5",48,Rp 25–50 rb,https://www.google.com/maps/place/WARUNG+MEI+BROMO/data=!4m7!3m6!1s0x2dd6490016a3b653:0x38cdf9c82aa6afd2!8m2!3d-7.9009489!4d113.0426518!16s%2Fg%2F11xgr_tztn!19sChIJU7ajFgBJ1i0R0q-mKsj5zTg?authuser=0&hl=id&rclk=1,-7.9009489,113.0426518
tempat makan dekat Bromo,De Potrek Bromo,,"
Dusun 2, Sapikerep, Kec. Sukapura, Kabupaten Probolinggo, Jawa Timur 67254","4,4",2774,Rp 649.118,https://www.google.com/maps/place/De+Potrek+Bromo/data=!4m10!3m9!1s0x2dd64902ac6e64c1:0x31b30fd90c20399e!5m2!4m1!1i2!8m2!3d-7.9137486!4d113.0364163!16s%2Fg%2F11fj6jlny8!19sChIJwWRurAJJ1i0RnjkgDNkPszE?authuser=0&hl=id&rclk=1,-7.9137486,113.0364163
tempat makan dekat Bromo,Rumah makan A3,Restoran,"
Ngepungbarat, Ngepung, Kec. Sukapura, Kabupaten Probolinggo, Jawa Timur 67254","4,6",65,Rp 25–50 rb,https://www.google.com/maps/place/Rumah+makan+A3/data=!4m7!3m6!1s0x2dd64b94402c4929:0xeaf21bbf0257ced!8m2!3d-7.8634256!4d113.0580131!16s%2Fg%2F11hzqw96f4!19sChIJKUksQJRL1i0R7Xwl8Lshrw4?authuser=0&hl=id&rclk=1,-7.8634256,113.0580131
tempat makan dekat Bromo,Depot Bromo Indah,Restoran Sate,"
Jl. Brormo Tosari Dusun Krajan Wetan, Desa, RT.1/RW.1, Tegal Anyar, Puspo, Kec. Puspo, Pasuruan, Jawa Timur 67176","4,4",26,Rp 1–25.000,https://www.google.com/maps/place/Depot+Bromo+Indah/data=!4m7!3m6!1s0x2dd6332dbd6c2adb:0x876cd61d2abfae41!8m2!3d-7.829233!4d112.8685658!16s%2Fg%2F11gcwxrrrr!19sChIJ2ypsvS0z1i0RQa6_Kh3WbIc?authuser=0&hl=id&rclk=1,-7.829233,112.8685658
tempat makan dekat Bromo,Kafe Bromo,Kafe,"
Sheraton Surabaya Hotel & Towers, Jl. Embong Malang No.25-31, Kedungdoro, Kec. Tegalsari, Surabaya, Jawa Timur 60261","4,5",560,Rp 250.000+,https://www.google.com/maps/place/Kafe+Bromo/data=!4m7!3m6!1s0x2dd7f95de34fc8fd:0x839ba953e7c613c0!8m2!3d-7.262976!4d112.7380948!16s%2Fg%2F11cfbkq9t!19sChIJ_chP41351y0RwBPG51Opm4M?authuser=0&hl=id&rclk=1,-7.262976,112.7380948
tempat makan dekat Bromo,Warung Satria,Warung nasi,"
3XH8+823, Jl. Raya Bromo, Cemorolawang, Ngadisari, Kec. Sukapura, Kabupaten Probolinggo, Jawa Timur 67254","4,7",57,Rp 25–50 rb,https://www.google.com/maps/place/Warung+Satria/data=!4m7!3m6!1s0x2dd6372422474d2d:0xad7ea95a1bc468d!8m2!3d-7.9217077!4d112.9650514!16s%2Fg%2F11trk6xz8_!19sChIJLU1HIiQ31i0RjUa8oZXq1wo?authuser=0&hl=id&rclk=1,-7.9217077,112.9650514
tempat makan dekat Bromo,Plataran Bromo,,"
Wonopolo, Ngadiwono, Kec. Tosari, Pasuruan, Jawa Timur 67177","4,7",1782,Rp 6.595.376,https://www.google.com/maps/place/Plataran+Bromo/data=!4m10!3m9!1s0x2dd633ef8dfee069:0xa042bdc2bd9db3d9!5m2!4m1!1i2!8m2!3d-7.8950989!4d112.8920126!16s%2Fg%2F11fy_10976!19sChIJaeD-je8z1i0R2bOdvcK9QqA?authuser=0&hl=id&rclk=1,-7.8950989,112.8920126
tempat makan dekat Bromo,Jiwa Jawa Bromo,,"
Jl. Raya Bromo, Wonotoro, Kec. Sukapura, Kabupaten Probolinggo, Jawa Timur 67254","4,5",2622,Rp 2.042.966,https://www.google.com/maps/place/Jiwa+Jawa+Bromo/data=!4m10!3m9!1s0x2dd63616c17dea53:0x6e51004d55349a7a!5m2!4m1!1i2!8m2!3d-7.9165878!4d112.9853792!16s%2Fg%2F1trlrf22!19sChIJU-p9wRY21i0Repo0VU0AUW4?authuser=0&hl=id&rclk=1,-7.9165878,112.9853792
tempat makan dekat Bromo,Shelter Kopi Bromo,Kafe,"
Dusun 2, Sapikerep, Kec. Sukapura, Kabupaten Probolinggo, Jawa Timur 67254","4,6",311,Rp 1–50.000,https://www.google.com/maps/place/Shelter+Kopi+Bromo/data=!4m7!3m6!1s0x2dd649d4b4da88ef:0x7331b7863217e102!8m2!3d-7.9137204!4d113.0312122!16s%2Fg%2F11j4n_pf84!19sChIJ74jatNRJ1i0RAuEXMoa3MXM?authuser=0&hl=id&rclk=1,-7.9137204,113.0312122
tempat makan dekat Bromo,Cafe bamboo besi bromo,Restoran,"
Jl. Raya Bromo No.33, Watulumpang, Wonokerto, Kec. Sukapura, Kabupaten Probolinggo, Jawa Timur 67254","4,3",75,Rp 25–50 rb,https://www.google.com/maps/place/Cafe+bamboo+besi+bromo/data=!4m7!3m6!1s0x2dd64903abe8f831:0x9aec4856c8c56889!8m2!3d-7.9198104!4d113.0254773!16s%2Fg%2F11thg6gh3n!19sChIJMfjoqwNJ1i0RiWjFyFZI7Jo?authuser=0&hl=id&rclk=1,-7.9198104,113.0254773
tempat makan dekat Bromo,Lesehan Warung Gunung,Restoran,"
Jl. Raya Bromo No.119, Ponjol, Wonokerto, Kec. Sukapura, Kabupaten Probolinggo, Jawa Timur 67254","4,9",14,Rp 1–25.000,https://www.google.com/maps/place/Lesehan+Warung+Gunung/data=!4m7!3m6!1s0x2dd6371b0ff31ccf:0xbfa90022b0d346bc!8m2!3d-7.9231997!4d113.0009017!16s%2Fg%2F11q2r07n3c!19sChIJzxzzDxs31i0RvEbTsCIAqb8?authuser=0&hl=id&rclk=1,-7.9231997,113.0009017
tempat makan dekat Bromo,Warung Sederhana Bromo,Kedai Sup,"
Jl. Raya Bromo No.KM. 01, Cemorolawang, Ngadisari, Kec. Sukapura, Kabupaten Probolinggo, Jawa Timur 67254","4,9",60,Rp 1–25.000,https://www.google.com/maps/place/Warung+Sederhana+Bromo/data=!4m7!3m6!1s0x2dd637af2fa1bff9:0xf8429b3475fac029!8m2!3d-7.9212033!4d112.9652425!16s%2Fg%2F11h27ybftw!19sChIJ-b-hL6831i0RKcD6dTSbQvg?authuser=0&hl=id&rclk=1,-7.9212033,112.9652425
tempat makan dekat Bromo,Pawon Bromo Cafe & Resto,Restoran Indonesia,"
Jl. Raya Kebonsari No.662, Kebonsari, Tumpang, Kec. Tumpang, Kabupaten Malang, Jawa Timur 65156","4,4",2246,Rp 25–50 rb,https://www.google.com/maps/place/Pawon+Bromo+Cafe+%26+Resto/data=!4m7!3m6!1s0x2dd62586ec9aa79b:0x122ed137d906e098!8m2!3d-8.0113717!4d112.7569503!16s%2Fg%2F11fdklkg1z!19sChIJm6ea7IYl1i0RmOAG2TfRLhI?authuser=0&hl=id&rclk=1,-8.0113717,112.7569503
tempat makan dekat Raja Ampat,Rumah Makan PONDOK LESEHAN,Restoran,"
Jl. Jend. Sudirman, Waisai, Distrik Kota Waisai, Kabupaten Raja Ampat, Papua Barat Daya 98482","4,5",175,Rp 50–150 rb,https://www.google.com/maps/place/Rumah+Makan+PONDOK+LESEHAN/data=!4m7!3m6!1s0x2d5f1ce5c0eb1833:0x415fb51c42ef63e4!8m2!3d-0.4209643!4d130.8223871!16s%2Fg%2F11c2q3b7fm!19sChIJMxjrwOUcXy0R5GPvQhy1X0E?authuser=0&hl=id&rclk=1,-0.4209643,130.8223871
tempat makan dekat Raja Ampat,BAKSO BEJO,Restoran Bakso,"
HRJF+HCP, Waisai, Kec. Waigeo Sel., Kabupaten Raja Ampat, Papua Barat Daya 98482","4,4",79,Rp 25–50 rb,https://www.google.com/maps/place/BAKSO+BEJO/data=!4m7!3m6!1s0x2d5f1cef6aee8773:0x3b389d6223d7b5c7!8m2!3d-0.4185265!4d130.8235877!16s%2Fg%2F11dftp2rcd!19sChIJc4fuau8cXy0Rx7XXI2KdODs?authuser=0&hl=id&rclk=1,-0.4185265,130.8235877
tempat makan dekat Raja Ampat,Warung Makan Bu'De,Restoran,"
HRGC+6G8, Jl. Jend. Sudirman, Waisai, Distrik Kota Waisai, Kabupaten Raja Ampat, Papua Barat Daya 98482","5,0",4,,https://www.google.com/maps/place/Warung+Makan+Bu%27De/data=!4m7!3m6!1s0x2d5f1d63fafa52cb:0x4075d6fb53a4b1e0!8m2!3d-0.424468!4d130.8213126!16s%2Fg%2F11h4n2vjqc!19sChIJy1L6-mMdXy0R4LGkU_vWdUA?authuser=0&hl=id&rclk=1,-0.424468,130.8213126
tempat makan dekat Raja Ampat,Papua Paradise Eco Resort,,"
Arefi Birie Island, Arefi, Selat Sagawin, Kabupaten Raja Ampat, Papua Barat Daya 98484","4,5",166,Rp 13.200.500,https://www.google.com/maps/place/Papua+Paradise+Eco+Resort/data=!4m10!3m9!1s0x2d5e8ee2454649a7:0xa1eb8804131ff434!5m2!4m1!1i2!8m2!3d-0.7700501!4d130.7458591!16s%2Fg%2F11cfb8fcs!19sChIJp0lGReKOXi0RNPQfEwSI66E?authuser=0&hl=id&rclk=1,-0.7700501,130.7458591
tempat makan dekat Raja Ampat,Cafe'in Raja Ampat,Kedai Kopi,"
HRHF+79G, Jl. Kofiau, Waisai, Distrik Kota Waisai, Kabupaten Raja Ampat, Papua Barat Daya 98482","4,6",18,Rp 1–25.000,https://www.google.com/maps/place/Cafe%27in+Raja+Ampat/data=!4m7!3m6!1s0x2d5f1df5f0db836f:0x7573487f38bb2d47!8m2!3d-0.4218118!4d130.8234512!16s%2Fg%2F11p9mqdvxn!19sChIJb4Pb8PUdXy0RRy27OH9Ic3U?authuser=0&hl=id&rclk=1,-0.4218118,130.8234512
tempat makan dekat Raja Ampat,Kuliner Raja Ampat .A.R,Restoran,"
Jl. Jend. Sudirman, Waisai, Distrik Kota Waisai, Kabupaten Raja Ampat, Papua Barat Daya 98482","5,0",1,,https://www.google.com/maps/place/Kuliner+Raja+Ampat+.A.R/data=!4m7!3m6!1s0x2d5f1d00362b93bb:0xbd563d9e4e7a1653!8m2!3d-0.4245752!4d130.8143132!16s%2Fg%2F11y33b4gs_!19sChIJu5MrNgAdXy0RUxZ6Tp49Vr0?authuser=0&hl=id&rclk=1,-0.4245752,130.8143132
tempat makan dekat Raja Ampat,Paket Wisata Raja Ampat - OASIS RAJA AMPAT,Biro Perjalanan dan Wisata,"
Jln. Noho, RT.03/RW.01, West Doom, Sorong Kepulauan, Sorong City, West Papua 98413","4,9",120,,https://www.google.com/maps/place/Paket+Wisata+Raja+Ampat+-+OASIS+RAJA+AMPAT/data=!4m7!3m6!1s0x2d5efd16cbc307d1:0x3465c06e96314aa4!8m2!3d-0.8898238!4d131.2374263!16s%2Fg%2F11f653_s60!19sChIJ0QfDyxb9Xi0RpEoxlm7AZTQ?authuser=0&hl=id&rclk=1,-0.8898238,131.2374263
tempat makan dekat Raja Ampat,Rumah Makan Sederhana,Restoran,"
HRGC+78W, Kota Bar., Waisai, Kec. Waigeo Sel., Kabupaten Raja Ampat, Papua Barat Daya 98482","4,5",330,Rp 25–50 rb,https://www.google.com/maps/place/Rumah+Makan+Sederhana/data=!4m7!3m6!1s0x2d5f1ce10d6e6fbf:0xe8a6e7312eb22ec8!8m2!3d-0.4242691!4d130.8208371!16s%2Fg%2F11cn5qk41y!19sChIJv29uDeEcXy0RyC6yLjHnpug?authuser=0&hl=id&rclk=1,-0.4242691,130.8208371
tempat makan dekat Raja Ampat,Coto HB’eNG,Restoran Sulawesi Selatan,"
Remu Utara, Distrik Sorong, Kota Sorong, Papua Barat Daya 98412","4,4",1414,Rp 25–50 rb,https://www.google.com/maps/place/Coto+HB%E2%80%99eNG/data=!4m7!3m6!1s0x2d5954d57d28b325:0x20aa763af6d9e0ef!8m2!3d-0.8807345!4d131.2828633!16s%2Fg%2F11bzyqypw9!19sChIJJbMofdVUWS0R7-DZ9jp2qiA?authuser=0&hl=id&rclk=1,-0.8807345,131.2828633
tempat makan dekat Raja Ampat,Ayam Bakar Madu Raja Ampat,Restoran Masakan Ayam,"
Jl. Raya Karang Asem No.12, Ploso, Kec. Tambaksari, Surabaya, Jawa Timur 60133",,,,https://www.google.com/maps/place/Ayam+Bakar+Madu+Raja+Ampat/data=!4m7!3m6!1s0x2dd7f9833876fbcb:0xb672f5b689c58336!8m2!3d-7.2543764!4d112.7660136!16s%2Fg%2F11khs2534x!19sChIJy_t2OIP51y0RNoPFibb1crY?authuser=0&hl=id&rclk=1,-7.2543764,112.7660136
tempat makan dekat Raja Ampat,Pizzeria Terrazza di Sorong,Restoran Pizza,"
Behind SKKMIGAS, dibelakang SKKMIGAS, Jl. Arfak, Kp. Baru, Distrik Sorong Barat, Kota Sorong, Papua Barat 98414","4,8",533,Rp 100–250 rb,https://www.google.com/maps/place/Pizzeria+Terrazza+di+Sorong/data=!4m7!3m6!1s0x2d5eab80eea4aefd:0xf46c05068677dc1!8m2!3d-0.8737438!4d131.25222!16s%2Fg%2F11tp9rf8y1!19sChIJ_a6k7oCrXi0RwX1naFDARg8?authuser=0&hl=id&rclk=1,-0.8737438,131.25222
tempat makan dekat Raja Ampat,Raja Ampat Seafood,Restoran Seafood,"
M5MM+QXP, Jl. Secang - Temanggung, Banyuurip Tengah, Banyuurip, Kec. Temanggung, Kabupaten Temanggung, Jawa Tengah 56212","4,3",209,Rp 25–50 rb,https://www.google.com/maps/place/Raja+Ampat+Seafood/data=!4m7!3m6!1s0x2e7a8280fd539961:0x5e2aa08714139381!8m2!3d-7.3155303!4d110.1849599!16s%2Fg%2F11c5z_fdqp!19sChIJYZlT_YCCei4RgZMTFIegKl4?authuser=0&hl=id&rclk=1,-7.3155303,110.1849599
tempat makan dekat Raja Ampat,Kalibiru (Blue River) - Raja Ampat,Area Rekreasi Alam,"
MWXM+6MW, Warsamdim, Kec. Tlk. Mayalibit, Kabupaten Raja Ampat, Papua Barat Daya 98482","4,8",204,,https://www.google.com/maps/place/Kalibiru+%28Blue+River%29+-+Raja+Ampat/data=!4m7!3m6!1s0x2d5f17b39f5f5823:0xde8037d6519a03c7!8m2!3d-0.3018819!4d130.9342084!16s%2Fg%2F11j0j21v9d!19sChIJI1hfn7MXXy0RxwOaUdY3gN4?authuser=0&hl=id&rclk=1,-0.3018819,130.9342084
tempat makan dekat Raja Ampat,Kopi Raja Ampat,Kedai Kopi,"
Rawan, Jalan Rawan No.8, Rawan, Bligo, Kec. Candi, Kabupaten Sidoarjo, Jawa Timur 61271","3,6",7,,https://www.google.com/maps/place/Kopi+Raja+Ampat/data=!4m7!3m6!1s0x2dd7e72f3e6c335b:0xdd0e8211b53acc5b!8m2!3d-7.4755757!4d112.7247198!16s%2Fg%2F11bzt1qbwy!19sChIJWzNsPi_n1y0RW8w6tRGCDt0?authuser=0&hl=id&rclk=1,-7.4755757,112.7247198
tempat makan dekat Raja Ampat,Panda Cafe & Eatery,Restoran,"
Jl. Lukas Dailon, Waisai, Distrik Kota Waisai, Kabupaten Raja Ampat, Papua Barat 98482","4,3",12,Rp 25–50 rb,https://www.google.com/maps/place/Panda+Cafe+%26+Eatery/data=!4m7!3m6!1s0x2d5f1de9241b617d:0xef939f808a0cdbf4!8m2!3d-0.4170205!4d130.8227622!16s%2Fg%2F11k3gx7ybt!19sChIJfWEbJOkdXy0R9NsMioCfk-8?authuser=0&hl=id&rclk=1,-0.4170205,130.8227622
tempat makan dekat Raja Ampat,Pusat Kuliner Raja Ampat,Pujasera,"
HRFF+RCM, Waisai, Distrik Kota Waisai, Kabupaten Raja Ampat, Papua Barat Daya 98482","4,4",5,,https://www.google.com/maps/place/Pusat+Kuliner+Raja+Ampat/data=!4m7!3m6!1s0x2d5f1ce24652be35:0xf9ffc9dffd5fbadb!8m2!3d-0.4254247!4d130.8235331!16s%2Fg%2F11f53mtsbr!19sChIJNb5SRuIcXy0R27pf_d_J__k?authuser=0&hl=id&rclk=1,-0.4254247,130.8235331
tempat makan dekat Raja Ampat,Raja Ampat Cafe & Resto,Restoran Indonesia,"
Jl. Cempaka Putih Barat 26 No.2, RT.1/RW.7, Cemp. Putih Bar., Kec. Cemp. Putih, Kota Jakarta Pusat, Daerah Khusus Ibukota Jakarta 10520","4,6",5,,https://www.google.com/maps/place/Raja+Ampat+Cafe+%26+Resto/data=!4m7!3m6!1s0x2e69f5003e35a635:0x6c51b0cece8b5107!8m2!3d-6.1825978!4d106.8687913!16s%2Fg%2F11yyhmzml4!19sChIJNaY1PgD1aS4RB1GLzs6wUWw?authuser=0&hl=id&rclk=1,-6.1825978,106.8687913
tempat makan dekat Raja Ampat,Icon Raja Ampat Premium,Toko Suvenir,"
Jl. R.A. Kartini No.08, Klasuur, Distrik Sorong, Kota Sorong, Papua Barat Daya 98412","4,4",457,,https://www.google.com/maps/place/Icon+Raja+Ampat+Premium/data=!4m7!3m6!1s0x2d5eab71f9499b89:0x67e50041412089a5!8m2!3d-0.8642287!4d131.2503209!16s%2Fg%2F11gdjnjfc6!19sChIJiZtJ-XGrXi0RpYkgQUEA5Wc?authuser=0&hl=id&rclk=1,-0.8642287,131.2503209
tempat makan dekat Raja Ampat,Rumah Makan Purna Praja,Restoran,"
HRHF+VCV, Waisai, Distrik Kota Waisai, Kabupaten Raja Ampat, Papua Barat Daya 98482","4,0",2,,https://www.google.com/maps/place/Rumah+Makan+Purna+Praja/data=!4m7!3m6!1s0x2d5f1dbcc5b5ae17:0xb61851c7c60197cf!8m2!3d-0.4202595!4d130.8235602!16s%2Fg%2F11h6nh7qy8!19sChIJF661xbwdXy0Rz5cBxsdRGLY?authuser=0&hl=id&rclk=1,-0.4202595,130.8235602
tempat makan dekat Raja Ampat,Pantai Saleo,Pantai,"
Waisai, Distrik Kota Waisai, Kabupaten Raja Ampat, Papua Barat Daya 98482","4,6",29,,https://www.google.com/maps/place/Pantai+Saleo/data=!4m7!3m6!1s0x2d5f02b7e2e27a55:0x848c26d0dfb12814!8m2!3d-0.4411768!4d130.7875287!16s%2Fg%2F11hbgb87rf!19sChIJVXri4rcCXy0RFCix39AmjIQ?authuser=0&hl=id&rclk=1,-0.4411768,130.7875287
tempat makan dekat Raja Ampat,Logbond Cozy Resto & Bakery Waisai,Restoran,"
Marinda No.Road, Waisai, Distrik Kota Waisai, Kabupaten Raja Ampat, Papua Barat Daya 98482","4,7",113,,https://www.google.com/maps/place/Logbond+Cozy+Resto+%26+Bakery+Waisai/data=!4m7!3m6!1s0x2d5f1d3024e52d51:0x5d186281f60039c6!8m2!3d-0.4288534!4d130.8034909!16s%2Fg%2F11gk136l0x!19sChIJUS3lJDAdXy0RxjkA9oFiGF0?authuser=0&hl=id&rclk=1,-0.4288534,130.8034909
tempat makan dekat Raja Ampat,Raja Ampat Dive Lodge,,"
Pulau Mansuar, Desa Kurkapa, Pulau Mansuar, Meos Mansar, Kabupaten Raja Ampat, Papua Bar.","4,6",281,Rp 3.788.983,https://www.google.com/maps/place/Raja+Ampat+Dive+Lodge/data=!4m10!3m9!1s0x2d5e583e0a034395:0x78a44763763e9ed7!5m2!4m1!1i2!8m2!3d-0.5764212!4d130.6141204!16s%2Fg%2F11b6d4z4gv!19sChIJlUMDCj5YXi0R154-dmNHpHg?authuser=0&hl=id&rclk=1,-0.5764212,130.6141204
tempat makan dekat Raja Ampat,AFU Dive Resort,Hotel Resor,"
Waisai, Kec. Waigeo Sel., Kabupaten Raja Ampat, Papua Bar. 98482","4,3",209,,https://www.google.com/maps/place/AFU+Dive+Resort/data=!4m7!3m6!1s0x2d5f02edf022687f:0x1f6f10ef622f68e9!8m2!3d-0.4369434!4d130.7689279!16s%2Fg%2F11bz0n88w8!19sChIJf2gi8O0CXy0R6WgvYu8Qbx8?authuser=0&hl=id&rclk=1,-0.4369434,130.7689279
tempat makan dekat Raja Ampat,Prasmanan LA Raja Ampat,Restoran Prasmanan,"
HRCC+X94, Waisai, Distrik Kota Waisai, Kabupaten Raja Ampat, Papua Barat Daya 98482","4,0",108,,https://www.google.com/maps/place/Prasmanan+LA+Raja+Ampat/data=!4m7!3m6!1s0x2d5f1d1e6a06c8f5:0x48669c05f9d1f679!8m2!3d-0.4276101!4d130.8209625!16s%2Fg%2F11ggmq830r!19sChIJ9cgGah4dXy0RefbR-QWcZkg?authuser=0&hl=id&rclk=1,-0.4276101,130.8209625
tempat makan dekat Raja Ampat,Warung Begadang,Restoran,"
HRF9+JH6, Jl. Salawati, Waisai, Kec. Waigeo Sel., Kabupaten Raja Ampat, Papua Barat Daya 98482","4,3",70,Rp 25–50 rb,https://www.google.com/maps/place/Warung+Begadang/data=!4m7!3m6!1s0x2d5f1ce024708d03:0x1940d57b820d15a1!8m2!3d-0.4259551!4d130.8188992!16s%2Fg%2F11gblf27y0!19sChIJA41wJOAcXy0RoRUNgnvVQBk?authuser=0&hl=id&rclk=1,-0.4259551,130.8188992
tempat makan dekat Raja Ampat,Cafe Engineering Raja Ampat,Kafe,"
HRGC+49R, Waisai, Distrik Kota Waisai, Kabupaten Raja Ampat, Papua Barat Daya 98482","5,0",3,,https://www.google.com/maps/place/Cafe+Engineering+Raja+Ampat/data=!4m7!3m6!1s0x2d5f1ce10a9c1a0d:0xcadbf54da017f851!8m2!3d-0.4246476!4d130.8208985!16s%2Fg%2F11gdrf91y2!19sChIJDRqcCuEcXy0RUfgXoE3128o?authuser=0&hl=id&rclk=1,-0.4246476,130.8208985
tempat makan dekat Raja Ampat,Sorido Bay Resort,,"
Kri Island, Yenbuba, Meos Mansar, Kabupaten Raja Ampat, Papua Barat Daya","5,0",108,,https://www.google.com/maps/place/Sorido+Bay+Resort/data=!4m10!3m9!1s0x2d5ef9c7ba6aab3b:0xaf7ec5a3da0ecd88!5m2!4m1!1i2!8m2!3d-0.5565277!4d130.6849389!16s%2Fg%2F11b8t5zrs2!19sChIJO6tqusf5Xi0RiM0O2qPFfq8?authuser=0&hl=id&rclk=1,-0.5565277,130.6849389
tempat makan dekat Raja Ampat,Rumah Etnik Papua,Tujuan Wisata,"
Jalan baru Jl. Raya Aimas - Klamono No.km.21, Malawili, Kec. Aimas, Kabupaten Sorong, Papua Barat 48916","4,7",300,,https://www.google.com/maps/place/Rumah+Etnik+Papua/data=!4m7!3m6!1s0x2d5bf93ba8f0b3f7:0xe82ed12b8348bf7f!8m2!3d-0.9715362!4d131.3402924!16s%2Fg%2F11pd3tg2vz!19sChIJ97PwqDv5Wy0Rf79IgyvRLug?authuser=0&hl=id&rclk=1,-0.9715362,131.3402924
tempat makan dekat Raja Ampat,Rumah Makan Raja Muda,Restoran Seafood,"
5H53+H75, Jl. Sultan Hasanuddin, Padoang Doangan, Kec. Pangkajene, Kabupaten Pangkajene Dan Kepulauan, Sulawesi Selatan 90617","4,3",994,Rp 25–50 rb,https://www.google.com/maps/place/Rumah+Makan+Raja+Muda/data=!4m7!3m6!1s0x2dbe4e3ac3f9ac03:0x23dc2dc240a474a1!8m2!3d-4.8411006!4d119.5532238!16s%2Fg%2F11b6dd80_x!19sChIJA6z5wzpOvi0RoXSkQMIt3CM?authuser=0&hl=id&rclk=1,-4.8411006,119.5532238
tempat makan dekat Raja Ampat,Rumah Makan Srikandi,Restoran,"
HRF9+PPG, Jl. Salawati, Waisai, Distrik Kota Waisai, Kabupaten Raja Ampat, Papua Barat Daya 98482","4,1",102,Rp 50–75 rb,https://www.google.com/maps/place/Rumah+Makan+Srikandi/data=!4m7!3m6!1s0x2d5f1ce0364883db:0xc41183e14f09bc46!8m2!3d-0.4256879!4d130.8193337!16s%2Fg%2F11f1bdyjhg!19sChIJ24NINuAcXy0RRrwJT-GDEcQ?authuser=0&hl=id&rclk=1,-0.4256879,130.8193337
tempat makan dekat Raja Ampat,Warung Makan Mojoagung,Rumah Makan,"
47H2+QR6, Jl. Raja Ampat, Kp. Baru, Distrik Sorong, Kota Sorong, Papua Barat Daya 98411","4,4",60,Rp 25–50 rb,https://www.google.com/maps/place/Warung+Makan+Mojoagung/data=!4m7!3m6!1s0x2d5eab1241c1228b:0x2ee0243eeb2982ae!8m2!3d-0.8705985!4d131.2520216!16s%2Fg%2F11b6_7tqcb!19sChIJiyLBQRKrXi0RroIp6z4k4C4?authuser=0&hl=id&rclk=1,-0.8705985,131.2520216
tempat makan dekat Raja Ampat,Warung Wassalam Waisai Kabupaten Raja Ampat,Restoran,"
HRF9+JJ2, Jl. Salawati, Waisai, Kec. Waigeo Sel., Kabupaten Raja Ampat, Papua Barat Daya 98482","4,3",9,Rp 25–50 rb,https://www.google.com/maps/place/Warung+Wassalam+Waisai+Kabupaten+Raja+Ampat/data=!4m7!3m6!1s0x2d5f1ce049fc6833:0x7a5ce08bb5a72aac!8m2!3d-0.4259891!4d130.8190075!16s%2Fg%2F11g6m0_lmx!19sChIJM2j8SeAcXy0RrCqntYvgXHo?authuser=0&hl=id&rclk=1,-0.4259891,130.8190075
tempat makan dekat Raja Ampat,Murah Risky,Restoran,"
HRPF+JQF, Waisai, Kec. Waigeo Sel., Kabupaten Raja Ampat, Papua Barat Daya 98482","3,9",19,,https://www.google.com/maps/place/Murah+Risky/data=!4m7!3m6!1s0x2d5f1cece33fdd5b:0xf878d6e895e3aa4e!8m2!3d-0.4134473!4d130.8244363!16s%2Fg%2F11dxl9gcpz!19sChIJW90_4-wcXy0RTqrjlejWePg?authuser=0&hl=id&rclk=1,-0.4134473,130.8244363
tempat makan dekat Raja Ampat,Rumah Makan Mini (Miniresto.sorong),Rumah Makan,"
Klademak, Distrik Sorong, Kota Sorong, Papua Barat Daya 98412","4,5",439,Rp 50–125 rb,https://www.google.com/maps/place/Rumah+Makan+Mini+%28Miniresto.sorong%29/data=!4m7!3m6!1s0x2d5eaad625df713f:0x1b2e4c712665ee5b!8m2!3d-0.8820389!4d131.2740136!16s%2Fg%2F11f1zlskl_!19sChIJP3HfJdaqXi0RW-5lJnFMLhs?authuser=0&hl=id&rclk=1,-0.8820389,131.2740136
tempat makan dekat Raja Ampat,Mamatua Homestay,Pantai,"
Waisai, Kec. Waigeo Sel., Kabupaten Raja Ampat, Papua Barat Daya 98482","4,6",66,,https://www.google.com/maps/place/Mamatua+Homestay/data=!4m7!3m6!1s0x2d5f028b2ee5e15b:0x9746507f31568576!8m2!3d-0.441564!4d130.7593498!16s%2Fg%2F11dyb8wlxq!19sChIJW-HlLosCXy0RdoVWMX9QRpc?authuser=0&hl=id&rclk=1,-0.441564,130.7593498
tempat makan dekat Raja Ampat,Korpak Villa and Resort,,"
HQ6M+RGH, Unnamed Road, Waisai, Distrik Kota Waisai, Kabupaten Raja Ampat, Papua Barat Daya 98482","4,5",269,Rp 1.497.936,https://www.google.com/maps/place/Korpak+Villa+and+Resort/data=!4m10!3m9!1s0x2d5f03bcdf170bd9:0x7d6048504236c32d!5m2!4m1!1i2!8m2!3d-0.4379467!4d130.7838521!16s%2Fg%2F11gy3l8tx5!19sChIJ2QsX37wDXy0RLcM2QlBIYH0?authuser=0&hl=id&rclk=1,-0.4379467,130.7838521
tempat makan dekat Raja Ampat,Raja Ampat Bollangi Gowa,Tujuan Wisata,"
QH5R+2C4, Unnamed Road, Bontoparang, Kec. Parangloe, Kabupaten Gowa, Sulawesi Selatan 92173","4,6",280,,https://www.google.com/maps/place/Raja+Ampat+Bollangi+Gowa/data=!4m7!3m6!1s0x2dbee780321fe9e3:0x25f1f7e531732816!8m2!3d-5.2424779!4d119.5910666!16s%2Fg%2F11jm_7550x!19sChIJ4-kfMoDnvi0RFihzMeX38SU?authuser=0&hl=id&rclk=1,-5.2424779,119.5910666
tempat makan dekat Raja Ampat,Kakatua Hostel,,"
HR86+2Q3, Jl. Yos Sudarso No.8 Sapordanco, Waisai, Distrik Kota Waisai, Kabupaten Raja Ampat, Papua Barat Daya 98482","4,4",99,,https://www.google.com/maps/place/Kakatua+Hostel/data=!4m10!3m9!1s0x2d5f1d1f196ea2bb:0x5f169d5bf2686410!5m2!4m1!1i2!8m2!3d-0.4343033!4d130.815622!16s%2Fg%2F11bw20zyrb!19sChIJu6JuGR8dXy0REGRo8ludFl8?authuser=0&hl=id&rclk=1,-0.4343033,130.815622
tempat makan dekat Raja Ampat,Warung Blitar,Restoran Jawa,"
HRFC+WGQ, Waisai, Kec. Waigeo Sel., Kabupaten Raja Ampat, Papua Barat Daya 98482","4,8",4,,https://www.google.com/maps/place/Warung+Blitar/data=!4m7!3m6!1s0x2d5f1ce192842de9:0xa9b2af3f4dad68d7!8m2!3d-0.4251665!4d130.8213524!16s%2Fg%2F11cs4drq0c!19sChIJ6S2EkuEcXy0R12itTT-vsqk?authuser=0&hl=id&rclk=1,-0.4251665,130.8213524
tempat makan dekat Raja Ampat,Hotel Raja Ampat,,"
Jl. Fundar Sakela No.1, Waisai, City, Kabupaten Raja Ampat, Papua Barat 98482","3,9",140,Rp 598.950,https://www.google.com/maps/place/Hotel+Raja+Ampat/data=!4m10!3m9!1s0x2d5f1ce194402f73:0x3bda491b055b084!5m2!4m1!1i2!8m2!3d-0.426729!4d130.8222957!16s%2Fg%2F11c0w0l2yf!19sChIJcy9AlOEcXy0RhLBVsJGkvQM?authuser=0&hl=id&rclk=1,-0.426729,130.8222957
tempat makan dekat Raja Ampat,Hamueco Raja Ampat Dive Resort,,"
Wirausaha Building Jl HR Rasuna Said Kav C5 Lantai 3, Jakarta Selatan, DKI Jakarta, 12940","4,3",107,Rp 1.118.707,https://www.google.com/maps/place/Hamueco+Raja+Ampat+Dive+Resort/data=!4m10!3m9!1s0x2d5f028ca97a3aeb:0xf060a049fd72614d!5m2!4m1!1i2!8m2!3d-0.441485!4d130.761647!16s%2Fg%2F11b76c4kpt!19sChIJ6zp6qYwCXy0RTWFy_UmgYPA?authuser=0&hl=id&rclk=1,-0.441485,130.761647
tempat makan dekat Raja Ampat,D'Coral resort,Pantai Umum,"
HQ7J+994, Jl. Raya Waisai, Waisai, Kec. Waigeo Sel., Kabupaten Raja Ampat, Papua Barat Daya 98482","4,5",99,,https://www.google.com/maps/place/D%27Coral+resort/data=!4m7!3m6!1s0x2d5f02c3b5bfa781:0x292b7920862ced1!8m2!3d-0.4366021!4d130.7809627!16s%2Fg%2F11c60n9nsc!19sChIJgae_tcMCXy0R0c5iCJK3kgI?authuser=0&hl=id&rclk=1,-0.4366021,130.7809627
tempat makan dekat Raja Ampat,Ikan Bakar Jaman Now Dada Tuna,Restoran Ikan Bakar,"
4788+9VC, Klaligi, Kecamatan Sorong Manoi, Kota Sorong, Papua Barat Daya 98412","4,4",419,Rp 25–50 rb,https://www.google.com/maps/place/Ikan+Bakar+Jaman+Now+Dada+Tuna/data=!4m7!3m6!1s0x2d5eaad91fe0662b:0x72768577f2a409fa!8m2!3d-0.8840723!4d131.2671401!16s%2Fg%2F11hcbp3tw4!19sChIJK2bgH9mqXi0R-gmk8neFdnI?authuser=0&hl=id&rclk=1,-0.8840723,131.2671401
tempat makan dekat Raja Ampat,Depot raja ampat,Restoran,"
Pasar joyo agung, Jl. Joyo Agung No.184 stand 11, RT.3/RW7, Merjosari, Kec. Lowokwaru, Kota Malang, Jawa Timur 65144","4,8",10,Rp 1–25.000,https://www.google.com/maps/place/Depot+raja+ampat/data=!4m7!3m6!1s0x2e7883469789a41b:0x4eac2509862a777d!8m2!3d-7.9386471!4d112.5871226!16s%2Fg%2F11v05tqwqx!19sChIJG6SJl0aDeC4RfXcqhgklrE4?authuser=0&hl=id&rclk=1,-7.9386471,112.5871226
tempat makan dekat Raja Ampat,Raja Ampat Dive Resort,,"
HP6R+5FJ, Saprokren, Kec. Waigeo Sel., Kabupaten Raja Ampat, Papua Barat Daya 98482","4,6",188,Rp 2.752.066,https://www.google.com/maps/place/Raja+Ampat+Dive+Resort/data=!4m10!3m9!1s0x2d5f028b4dd660f7:0xb0b71cf9f4cc5fbc!5m2!4m1!1i2!8m2!3d-0.4395333!4d130.7411537!16s%2Fg%2F11cjhhkqgv!19sChIJ92DWTYsCXy0RvF_M9Pkct7A?authuser=0&hl=id&rclk=1,-0.4395333,130.7411537
tempat makan dekat Raja Ampat,RM Raja Seafood,Restoran Seafood,"
HRHC+586, Jl. Jend. Sudirman, Waisai, Kec. Waigeo Sel., Kabupaten Raja Ampat, Papua Barat Daya 98482","4,6",5,,https://www.google.com/maps/place/RM+Raja+Seafood/data=!4m7!3m6!1s0x2d5f1ce6c1c90e33:0x932ac8c14936c02f!8m2!3d-0.4220942!4d130.8207723!16s%2Fg%2F11c30qtyl7!19sChIJMw7JweYcXy0RL8A2ScHIKpM?authuser=0&hl=id&rclk=1,-0.4220942,130.8207723
tempat makan dekat Raja Ampat,DCoral Paradise Resort,,"
HQ7J+6Q5, Distrik Kota Waisai, Kabupaten Raja Ampat, Papua Bar. 98482","4,6",140,,https://www.google.com/maps/place/DCoral+Paradise+Resort/data=!4m10!3m9!1s0x2d5f03a9fef84917:0x9a5328fbcd825a69!5m2!4m1!1i2!8m2!3d-0.4369992!4d130.7819853!16s%2Fg%2F11gk1711h8!19sChIJF0n4_qkDXy0RaVqCzfsoU5o?authuser=0&hl=id&rclk=1,-0.4369992,130.7819853
tempat makan dekat Raja Ampat,MAMBERAMO (LIVE) SEAFOOD,Restoran Seafood,"
Jl. Ahmad Yani No.7, Remu Utara, Distrik Sorong, Kota Sorong, Papua Barat Daya 98412","4,6",259,,https://www.google.com/maps/place/MAMBERAMO+%28LIVE%29+SEAFOOD/data=!4m7!3m6!1s0x2d5eabbff20de773:0xf699baff63a451c!8m2!3d-0.8831759!4d131.279474!16s%2Fg%2F11s8ghj91_!19sChIJc-cN8r-rXi0RHEU69q-baQ8?authuser=0&hl=id&rclk=1,-0.8831759,131.279474
tempat makan dekat Raja Ampat,Ayam Bakar Madu RAJA AMPAT,Restoran Masakan Ayam,"
Gg. Encap No.80, Bulak Banteng, Kec. Kenjeran, Surabaya, Jawa Timur 60127","4,4",52,,https://www.google.com/maps/place/Ayam+Bakar+Madu+RAJA+AMPAT/data=!4m7!3m6!1s0x2dd7f8542b091693:0xae6c44037203fc9!8m2!3d-7.2205604!4d112.7660369!16s%2Fg%2F11fmpyd5w0!19sChIJkxYJK1T41y0RyT8gN0DE5go?authuser=0&hl=id&rclk=1,-7.2205604,112.7660369
tempat makan dekat Raja Ampat,Pulau Matan Sorong Papua Barat,Tujuan Wisata,"
24VX+VFC, Kepulauan Sembilan, Kabupaten Raja Ampat, Papua Bar.","4,6",336,,https://www.google.com/maps/place/Pulau+Matan+Sorong+Papua+Barat/data=!4m7!3m6!1s0x2d5c03128929337b:0x6bd52f321f33010d!8m2!3d-0.9553029!4d131.1486422!16s%2Fg%2F11gb3r4kfm!19sChIJezMpiRIDXC0RDQEzHzIv1Ws?authuser=0&hl=id&rclk=1,-0.9553029,131.1486422
tempat makan dekat Raja Ampat,Infinity Social House,Restoran,"
46MW+H87, Lido, Distrik Sorong, Kota Sorong, Papua Barat Daya 98411","4,2",93,Rp 75–175 rb,https://www.google.com/maps/place/Infinity+Social+House/data=!4m7!3m6!1s0x2d5eab007cc6126f:0xde8c57d5950c604a!8m2!3d-0.86582!4d131.2452795!16s%2Fg%2F11y3sq27zw!19sChIJbxLGfACrXi0RSmAMldVXjN4?authuser=0&hl=id&rclk=1,-0.86582,131.2452795
tempat makan dekat Raja Ampat,Cafe dava,Restoran,"
pantai wtc, Waisai, Distrik Kota Waisai, Kabupaten Raja Ampat, Papua Barat Daya 98482","4,5",71,Rp 25–50 rb,https://www.google.com/maps/place/Cafe+dava/data=!4m7!3m6!1s0x2d5f1d0e8db5c2db:0x320f1aab782ecce2!8m2!3d-0.4272783!4d130.8214338!16s%2Fg%2F11j7yy4m_m!19sChIJ28K1jQ4dXy0R4swueKsaDzI?authuser=0&hl=id&rclk=1,-0.4272783,130.8214338
tempat makan dekat Raja Ampat,Andau Dive Resort Raja Ampat,,"
Andau Mkun, Pam Islands, Pam, Waigeo Barat, Raja Ampat Regency, Southwest Papua 98481","4,6",125,Rp 2.140.000,https://www.google.com/maps/place/Andau+Dive+Resort+Raja+Ampat/data=!4m10!3m9!1s0x2d5e3e46d42f1459:0xafa9f72bb4ba8b84!5m2!4m1!1i2!8m2!3d-0.6727684!4d130.2569425!16s%2Fg%2F11c6z3kgrm!19sChIJWRQv1EY-Xi0RhIu6tCv3qa8?authuser=0&hl=id&rclk=1,-0.6727684,130.2569425
tempat makan dekat Raja Ampat,Resto Twins,Restoran,"
HR98+MQP, Unnamed Road, Waisai, Distrik Kota Waisai, Kabupaten Raja Ampat, Papua Barat Daya 98482","4,6",10,Rp 25–75 rb,https://www.google.com/maps/place/Resto+Twins/data=!4m7!3m6!1s0x2d5f1d23cd1c30f9:0xa146f0a37ef7a010!8m2!3d-0.4307916!4d130.816946!16s%2Fg%2F11gy9mppx8!19sChIJ-TAczSMdXy0REKD3fqPwRqE?authuser=0&hl=id&rclk=1,-0.4307916,130.816946
tempat makan dekat Raja Ampat,PENGINAPAN SIOLA,,"
Jl. Batanta, Waisai, Distrik Kota Waisai, Kabupaten Raja Ampat, Papua Barat Daya 98482","4,6",23,,https://www.google.com/maps/place/PENGINAPAN+SIOLA/data=!4m10!3m9!1s0x2d5f1d24034af5bf:0x8d632670afc85099!5m2!4m1!1i2!8m2!3d-0.4258381!4d130.820789!16s%2Fg%2F11tj1rjc2m!19sChIJv_VKAyQdXy0RmVDIr3AmY40?authuser=0&hl=id&rclk=1,-0.4258381,130.820789
tempat makan dekat Raja Ampat,Warung Gea,Restoran,"
HRG9+278, Kota Waisai, Waisai, Kec. Waigeo Sel., Kabupaten Raja Ampat, Papua Barat Daya 98482","4,9",8,,https://www.google.com/maps/place/Warung+Gea/data=!4m7!3m6!1s0x2d5f1d5a1ba0fccd:0x6a863d07e9a4a949!8m2!3d-0.4249541!4d130.8182152!16s%2Fg%2F11f8jhxgr2!19sChIJzfygG1odXy0RSamk6Qc9hmo?authuser=0&hl=id&rclk=1,-0.4249541,130.8182152
tempat makan dekat Raja Ampat,KEDAI RAJA AMPAT,Restoran cepat saji,"
JM4J+6HJ Kosan Ibu.Sri/Hj.Ngatinah, Gg. Mawar, RT.06/RW.02, Bulang, Kloposepuluh, Kec. Sukodono, Kabupaten Sidoarjo, Jawa Timur 61258",,,,https://www.google.com/maps/place/KEDAI+RAJA+AMPAT/data=!4m7!3m6!1s0x2dd7e3b543fd8381:0x429e6734e6e21c1f!8m2!3d-7.3944111!4d112.6814025!16s%2Fg%2F11fs00t7_5!19sChIJgYP9Q7Xj1y0RHxzi5jRnnkI?authuser=0&hl=id&rclk=1,-7.3944111,112.6814025
tempat makan dekat Raja Ampat,Waiwo Dive Resort & Dive into Raja Ampat,,"
Jl. Marinda - Waiwo Raja Ampat Papua, Barat, Papua Bar. 98482","4,4",320,Rp 1.721.557,https://www.google.com/maps/place/Waiwo+Dive+Resort+%26+Dive+into+Raja+Ampat/data=!4m10!3m9!1s0x2d5f02c26926c647:0xa23d6965a6d740aa!5m2!4m1!1i2!8m2!3d-0.4364989!4d130.7783607!16s%2Fg%2F11b6b4vw_j!19sChIJR8YmacICXy0RqkDXpmVpPaI?authuser=0&hl=id&rclk=1,-0.4364989,130.7783607
tempat makan dekat Raja Ampat,Warkesi Forest Park bird watching Area,Area Pengamatan Burung,"
Jl. Stadion Bandara, Waisai, Raja Ampat Regency, Southwest Papua 98482","4,1",40,,https://www.google.com/maps/place/Warkesi+Forest+Park+bird+watching+Area/data=!4m7!3m6!1s0x2d5f1dde159f1def:0xa01f4836491c15f5!8m2!3d-0.4191297!4d130.7905125!16s%2Fg%2F11fhkq9gpg!19sChIJ7x2fFd4dXy0R9RUcSTZIH6A?authuser=0&hl=id&rclk=1,-0.4191297,130.7905125
tempat makan dekat Raja Ampat,Marina Star Restaurant Seafood,Restoran Seafood,"
Kompleks, Jl. Bubara Jl. Pelabuhan Perikanan, Distrik Sorong, Kota Sorong, Papua Bar. 98414","4,5",1467,,https://www.google.com/maps/place/Marina+Star+Restaurant+Seafood/data=!4m7!3m6!1s0x2d5eab3c8cdc778f:0x6d780e763a272c1a!8m2!3d-0.8790069!4d131.2552456!16s%2Fg%2F11h057j22x!19sChIJj3fcjDyrXi0RGiwnOnYOeG0?authuser=0&hl=id&rclk=1,-0.8790069,131.2552456
tempat makan dekat Raja Ampat,Warung Ikan Bakar 46,Restoran Ikan Bakar,"
Jl. Fundar Sakela, Waisai, Distrik Kota Waisai, Kabupaten Raja Ampat, Papua Barat Daya 98482","4,6",12,,https://www.google.com/maps/place/Warung+Ikan+Bakar+46/data=!4m7!3m6!1s0x2d5f1d2c3e406b31:0x44c002cc936156dc!8m2!3d-0.4239846!4d130.820455!16s%2Fg%2F11ff1p98d1!19sChIJMWtAPiwdXy0R3FZhk8wCwEQ?authuser=0&hl=id&rclk=1,-0.4239846,130.820455
tempat makan dekat Raja Ampat,Rumah Makan Raja Ampat,Rumah Makan,"
47J2+FHJ, Jl. Raja Ampat, Klasuur, Distrik Sorong, Kota Sorong, Papua Barat Daya 98411","4,3",35,Rp 50–75 rb,https://www.google.com/maps/place/Rumah+Makan+Raja+Ampat/data=!4m7!3m6!1s0x2d5eab12bcaec647:0xd6c09628d571faf2!8m2!3d-0.8687968!4d131.2513784!16s%2Fg%2F11c2nj12sv!19sChIJR8auvBKrXi0R8vpx1SiWwNY?authuser=0&hl=id&rclk=1,-0.8687968,131.2513784
tempat makan dekat Raja Ampat,Meridian Adventure Marina Club & Resort Waisai,,"
Waisai, Distrik Kota Waisai, Kabupaten Raja Ampat, Papua Barat Daya 98482","4,5",449,Rp 4.866.014,https://www.google.com/maps/place/Meridian+Adventure+Marina+Club+%26+Resort+Waisai/data=!4m10!3m9!1s0x2d5f1d3ab5b100df:0x9355b383d6822caa!5m2!4m1!1i2!8m2!3d-0.4341882!4d130.8081566!16s%2Fg%2F11fy2ptqjm!19sChIJ3wCxtTodXy0RqiyC1oOzVZM?authuser=0&hl=id&rclk=1,-0.4341882,130.8081566
tempat makan dekat Raja Ampat,RM Gamalama,Kedai Sarapan & Makan Siang,"
HRHC+4WW, Waisai, Distrik Kota Waisai, Kabupaten Raja Ampat, Papua Barat Daya 98482","5,0",1,,https://www.google.com/maps/place/RM+Gamalama/data=!4m7!3m6!1s0x2d5f1d002b8ee63d:0x40e92517f14d65d4!8m2!3d-0.4221273!4d130.8223294!16s%2Fg%2F11wwrz4j1x!19sChIJPeaOKwAdXy0R1GVN8Rcl6UA?authuser=0&hl=id&rclk=1,-0.4221273,130.8223294
tempat makan dekat Raja Ampat,WARUNG COTO MAKASSAR TAMBAH LAGI,Restoran Sulawesi Selatan,"
HRFC+R95, Jl. Fundar Sakela, Waisai, Kec. Waigeo Sel., Kabupaten Raja Ampat, Papua Barat Daya 98482","4,3",56,,https://www.google.com/maps/place/WARUNG+COTO+MAKASSAR+TAMBAH+LAGI/data=!4m7!3m6!1s0x2d5f1ce1958dcb3f:0x564f57d1f53b887!8m2!3d-0.4254927!4d130.8209972!16s%2Fg%2F11dxlg40qj!19sChIJP8uNleEcXy0Rh7hTH331ZAU?authuser=0&hl=id&rclk=1,-0.4254927,130.8209972
tempat makan dekat Raja Ampat,Warung Cahaya Bone Waisai Raja Ampat,Restoran Ikan Bakar,"
HRF9+PRM, Jl. Salawati, Waisai, Waigeo Selatan, Jl. Salawati, RT.002/RW.000, Waisai, Distrik Kota Waisai, Kabupaten Raja Ampat, Papua Barat Daya 98482","4,2",221,Rp 50–75 rb,https://www.google.com/maps/place/Warung+Cahaya+Bone+Waisai+Raja+Ampat/data=!4m7!3m6!1s0x2d5f1ce0342bc921:0x21f947d718ca4449!8m2!3d-0.425672!4d130.8195551!16s%2Fg%2F11cmpgsd4q!19sChIJIckrNOAcXy0RSUTKGNdH-SE?authuser=0&hl=id&rclk=1,-0.425672,130.8195551
tempat makan dekat Raja Ampat,"EKON Bar,Cafe Dan Karoke",Restoran,"
HRHF+VGV, Waisai, Distrik Kota Waisai, Kabupaten Raja Ampat, Papua Barat Daya 98482","4,4",20,,"https://www.google.com/maps/place/EKON+Bar,Cafe+Dan+Karoke/data=!4m7!3m6!1s0x2d5f1dbac0e3fd09:0x669465e206c8387!8m2!3d-0.4202588!4d130.8237858!16s%2Fg%2F11g0hrlgfv!19sChIJCf3jwLodXy0Rh4NsIF5GaQY?authuser=0&hl=id&rclk=1",-0.4202588,130.8237858
tempat makan dekat Raja Ampat,Putras Resort,,"
HP5X+8MM, Saprokren, Kec. Waigeo Sel., Kabupaten Raja Ampat, Papua Barat Daya 98482","4,4",84,,https://www.google.com/maps/place/Putras+Resort/data=!4m10!3m9!1s0x2d5f02677a368f27:0xe1c6c8e0dfee8f26!5m2!4m1!1i2!8m2!3d-0.441673!4d130.749185!16s%2Fg%2F11gg64wzc6!19sChIJJ482emcCXy0RJo_u3-DIxuE?authuser=0&hl=id&rclk=1,-0.441673,130.749185
tempat makan dekat Morotai,Warung Makan ZAM JAYA,Restoran,"
Jl. Raya Wayabula Morotai Selatan, Gotalamo, Kec. Morotai Sel., Kabupaten Pulau Morotai, Maluku Utara 97771","4,4",29,,"https://www.google.com/maps/place/Warung+Makan+ZAM+JAYA/@2.0618199,128.3054514,17z/data=!3m1!4b1!4m6!3m5!1s0x3290981938b6ddb5:0xd9d9005f11b0aa5!8m2!3d2.0618199!4d128.3054514!16s%2Fg%2F11f10gy8s5?authuser=0&hl=id&entry=ttu&g_ep=EgoyMDI2MDYwMS4wIKXMDSoASAFQAw%3D%3D",2.0618199,128.3054514
tempat makan dekat Morotai,"Warung Makan ""Bu Siti""",Restoran Indonesia,"
372V+3J3 Depan warung makan bumi, moroJl. Raya, DarameDarame, Kec. Morotai Sel., Kabupaten Pulau Morotai, Maluku Utara 97771","5,0",1,,https://www.google.com/maps/place/Warung+Makan+%22Bu+Siti%22/data=!4m7!3m6!1s0x329099004fe55c47:0x432052ddf5fcf360!8m2!3d2.0501311!4d128.2940593!16s%2Fg%2F11z73ltpks!19sChIJR1zlTwCZkDIRYPP89d1SIEM?authuser=0&hl=id&rclk=1,2.0501311,128.2940593
tempat makan dekat Morotai,Warung Jawa,Restoran Jawa,"
373V+C9F, Daruba, Kec. Morotai Sel., Kabupaten Pulau Morotai, Maluku Utara","4,6",5,,https://www.google.com/maps/place/Warung+Jawa/data=!4m7!3m6!1s0x3290990c050489cf:0x2432a70050c7e858!8m2!3d2.0535741!4d128.2934291!16s%2Fg%2F11fn9v541_!19sChIJz4kEBQyZkDIRWOjHUACnMiQ?authuser=0&hl=id&rclk=1,2.0535741,128.2934291
tempat makan dekat Morotai,Cafe Boswezend,Kafe,"
27GP+JG, Pandanga, Kec. Morotai Sel., Kabupaten Pulau Morotai, Maluku Utara","4,7",35,Rp 25–50 rb,https://www.google.com/maps/place/Cafe+Boswezend/data=!4m7!3m6!1s0x3290991a4772baed:0x92135236b591570f!8m2!3d2.026553!4d128.2863058!16s%2Fg%2F11p65zbfxw!19sChIJ7bpyRxqZkDIRD1eRtTZSE5I?authuser=0&hl=id&rclk=1,2.026553,128.2863058
tempat makan dekat Morotai,Wong Kite,Restoran Indonesia,"
27JQ+35F, Jl. Armydock, Pandanga, Kec. Morotai Sel., Kabupaten Pulau Morotai, Maluku Utara",,,,https://www.google.com/maps/place/Wong+Kite/data=!4m7!3m6!1s0x3290990007c866e9:0x6566b3da57b3b6c3!8m2!3d2.0294874!4d128.2876087!16s%2Fg%2F11z7rkdjgq!19sChIJ6WbIBwCZkDIRw7azV9qzZmU?authuser=0&hl=id&rclk=1,2.0294874,128.2876087
tempat makan dekat Morotai,"Resto ""Mbak Gendut""",Restoran Jawa,"
Sentra Kuliner, Jl. Bratang Binangun VI, Baratajaya, Kec. Gubeng, Surabaya, Jawa Timur 60284","4,5",141,Rp 25–50 rb,https://www.google.com/maps/place/Resto+%22Mbak+Gendut%22/data=!4m7!3m6!1s0x2dd7fbad72255df5:0xe77ace16be858eb!8m2!3d-7.2971769!4d112.7606088!16s%2Fg%2F11c4bcv47g!19sChIJ9V0lcq371y0R61joa-Gsdw4?authuser=0&hl=id&rclk=1,-7.2971769,112.7606088
tempat makan dekat Morotai,KEDAI KOPI 86,Kafe,"
Kedai Kopi 86 Jl. Samping Polres, Darame, Kec. Morotai Sel., Kabupaten Pulau Morotai, Maluku Utara","4,5",4,,https://www.google.com/maps/place/KEDAI+KOPI+86/data=!4m7!3m6!1s0x32909822e977df4f:0x8b14f93e1d33b6c9!8m2!3d2.0492997!4d128.2937952!16s%2Fg%2F11fzt7b4yr!19sChIJT9936SKYkDIRybYzHT75FIs?authuser=0&hl=id&rclk=1,2.0492997,128.2937952
tempat makan dekat Morotai,Dapoor Cantika,Rumah Makan,"
373V+XW3 kantor, Daruba, Kec. Morotai Sel., Kabupaten Pulau Morotai, Maluku Utara",,,,https://www.google.com/maps/place/Dapoor+Cantika/data=!4m7!3m6!1s0x3290990579bddfb1:0xba2e7337c5cf0816!8m2!3d2.0548784!4d128.2947956!16s%2Fg%2F11mvznvjg9!19sChIJsd-9eQWZkDIRFgjPxTdzLro?authuser=0&hl=id&rclk=1,2.0548784,128.2947956
tempat makan dekat Morotai,Kedai Bakso Punk My Love,Restoran Bakso,"
27MQ+R4W Pantai Army Dock, Darame, Kec. Morotai Sel., Kabupaten Pulau Morotai, Maluku Utara","4,4",19,,https://www.google.com/maps/place/Kedai+Bakso+Punk+My+Love/data=!4m7!3m6!1s0x32909999b0e4b285:0x59d9a460e650ff07!8m2!3d2.0346051!4d128.2878135!16s%2Fg%2F11h22xbts3!19sChIJhbLksJmZkDIRB_9Q5mCk2Vk?authuser=0&hl=id&rclk=1,2.0346051,128.2878135
tempat makan dekat Morotai,Warung makan Sri Rejeki,Warung nasi,"
372W+8P2, Jalan Raya, Darame, Morotai Selatan, Morotai Island Regency, North Maluku","3,0",1,,https://www.google.com/maps/place/Warung+makan+Sri+Rejeki/data=!4m7!3m6!1s0x329099fc5c74d9af:0x9481ecb801edc7be!8m2!3d2.0507598!4d128.2967569!16s%2Fg%2F11nz2b60nq!19sChIJr9l0XPyZkDIRvsftAbjsgZQ?authuser=0&hl=id&rclk=1,2.0507598,128.2967569
tempat makan dekat Morotai,Irama Resto,Restoran,"
Pandanga, Kec. Morotai Sel., Kabupaten Pulau Morotai, Maluku Utara 97771","3,9",11,,https://www.google.com/maps/place/Irama+Resto/data=!4m7!3m6!1s0x329099f8316528bf:0xd0162046e9e5fcc3!8m2!3d2.0263495!4d128.2867151!16s%2Fg%2F11hxbbmqcl!19sChIJvyhlMfiZkDIRw_zl6UYgFtA?authuser=0&hl=id&rclk=1,2.0263495,128.2867151
tempat makan dekat Morotai,WARUNG LALAPAN DEMAK,Rumah Makan,"
3833+324, Jl. Raya Wayabula Morotai Selatan, Darame, Kec. Morotai Sel., Kabupaten Pulau Morotai, Maluku Utara","4,0",2,,https://www.google.com/maps/place/WARUNG+LALAPAN+DEMAK/data=!4m7!3m6!1s0x329097ecca9a92b1:0x113d476bf1efcfbd!8m2!3d2.0526443!4d128.3025834!16s%2Fg%2F11lfps0sqz!19sChIJsZKayuyXkDIRvc_v8WtHPRE?authuser=0&hl=id&rclk=1,2.0526443,128.3025834
tempat makan dekat Morotai,Rumah Makan Prima RASA,,"
27VR+9QP, Darame, Kec. Morotai Sel., Kabupaten Pulau Morotai, Maluku Utara","4,4",171,Rp 25–50 rb,https://www.google.com/maps/place/Rumah+Makan+Prima+RASA/data=!4m7!3m6!1s0x3290983e9316c7df:0xd5e76651c393d8d!8m2!3d2.0434636!4d128.2919375!16s%2Fg%2F11f1pbl1kp!19sChIJ38cWkz6YkDIRjT05HGV2Xg0?authuser=0&hl=id&rclk=1,2.0434636,128.2919375
tempat makan dekat Morotai,UENAK Food & Drinks,Rumah Makan,"
Komplek PJKC Jl. CBD, Gotalamo, Kec. Morotai Sel., Kabupaten Pulau Morotai, Maluku Utara 97771","4,6",9,,https://www.google.com/maps/place/UENAK+Food+%26+Drinks/data=!4m7!3m6!1s0x3290972a65d46fa3:0x227cba5b6e3b14ff!8m2!3d2.0628084!4d128.3106878!16s%2Fg%2F11q9kd8dsr!19sChIJo2_UZSqXkDIR_xQ7blu6fCI?authuser=0&hl=id&rclk=1,2.0628084,128.3106878
tempat makan dekat Morotai,WARUNG NASI KUNING PERBATASAN IBU BELLA,Warung nasi,"
Dekat, Jl. Kh. Achmad Syukur, Daruba, Kec. Morotai Sel., Kabupaten Pulau Morotai, Maluku Utara 79991","5,0",1,,https://www.google.com/maps/place/WARUNG+NASI+KUNING+PERBATASAN+IBU+BELLA/data=!4m7!3m6!1s0x329099909f68fc99:0x34b8e1505cca34e8!8m2!3d2.0537738!4d128.2937127!16s%2Fg%2F11wxml7n33!19sChIJmfxon5CZkDIR6DTKXFDhuDQ?authuser=0&hl=id&rclk=1,2.0537738,128.2937127
tempat makan dekat Morotai,RM BAROKAH,Rumah Makan,"
Daruba, Kec. Morotai Sel., Kabupaten Pulau Morotai, Maluku Utara",,,,https://www.google.com/maps/place/RM+BAROKAH/data=!4m7!3m6!1s0x3290991811f603d9:0x75761942a9aa9d68!8m2!3d2.0529988!4d128.2930553!16s%2Fg%2F11hdy4gg7k!19sChIJ2QP2ERiZkDIRaJ2qqUIZdnU?authuser=0&hl=id&rclk=1,2.0529988,128.2930553
tempat makan dekat Morotai,WR. ADINDA LESTARI,Restoran,"
27VR+HQ4, Unnamed Road, Sel, Darame, Kec. Morotai Sel., Kabupaten Pulau Morotai, Maluku Utara","4,6",16,Rp 25–50 rb,https://www.google.com/maps/place/WR.+ADINDA+LESTARI/data=!4m7!3m6!1s0x32909906bcf99bc9:0xbb8fef78b4115242!8m2!3d2.0438944!4d128.2919494!16s%2Fg%2F11qh75v2yl!19sChIJyZv5vAaZkDIRQlIRtHjvj7s?authuser=0&hl=id&rclk=1,2.0438944,128.2919494
tempat makan dekat Morotai,Taman Morotai Daloha,Park and ride,"
373V+746, Daruba, Kec. Morotai Sel., Kabupaten Pulau Morotai, Maluku Utara","4,3",460,,https://www.google.com/maps/place/Taman+Morotai+Daloha/data=!4m7!3m6!1s0x329098210aea0af5:0xd726d7a5b0d51e02!8m2!3d2.0531653!4d128.2927558!16s%2Fg%2F11ddxs2l2r!19sChIJ9QrqCiGYkDIRAh7VsKXXJtc?authuser=0&hl=id&rclk=1,2.0531653,128.2927558
tempat makan dekat Morotai,RM. Hanania Sehati,Rumah Makan,"
Jl. Raya Darame, Kepulauan, Kec. Morotai Sel., Kabupaten Pulau Morotai, Maluku Utara 97771",,,,https://www.google.com/maps/place/RM.+Hanania+Sehati/data=!4m7!3m6!1s0x32909937949a3bd7:0x45f378dad48cdcda!8m2!3d2.0511058!4d128.2996635!16s%2Fg%2F11wtjbb22j!19sChIJ1zualDeZkDIR2tyM1Np480U?authuser=0&hl=id&rclk=1,2.0511058,128.2996635
tempat makan dekat Morotai,Kejaksaan Negeri Kepulauan Morotai,Kantor Jaksa Penuntut Umum,"
372V+667, Daruba, Kec. Morotai Sel., Kabupaten Pulau Morotai, Maluku Utara","5,0",10,,https://www.google.com/maps/place/Kejaksaan+Negeri+Kepulauan+Morotai/data=!4m7!3m6!1s0x3290982253ad67c7:0x4568a6a6409a9ecb!8m2!3d2.050534!4d128.2930579!16s%2Fg%2F11f29zt805!19sChIJx2etUyKYkDIRy56aQKamaEU?authuser=0&hl=id&rclk=1,2.050534,128.2930579
tempat makan dekat Morotai,Cafe Ok Bos,Kafe,"
Unnamed Road, Sel., Kabupaten, Darame, Kec. Morotai Sel., Kabupaten Pulau Morotai, Maluku Utara","4,2",21,,https://www.google.com/maps/place/Cafe+Ok+Bos/data=!4m7!3m6!1s0x3290983d12fa1ed1:0x241f46c7a735854c!8m2!3d2.0503298!4d128.2941773!16s%2Fg%2F11dftpv5zy!19sChIJ0R76Ej2YkDIRTIU1p8dGHyQ?authuser=0&hl=id&rclk=1,2.0503298,128.2941773
tempat makan dekat Morotai,Mutiara Coffee and Eat,Kedai Kopi,"
27VR+2JF, Unnamed Road, Darame, Kec. Morotai Sel., Kabupaten Pulau Morotai, Maluku Utara","4,6",29,Rp 25–50 rb,https://www.google.com/maps/place/Mutiara+Coffee+and+Eat/data=!4m7!3m6!1s0x329099b653f34b4f:0xf848fc379842efe8!8m2!3d2.0433359!4d128.2921624!16s%2Fg%2F11tdp9vjk5!19sChIJT0vzU7aZkDIR6O9CmDf8SPg?authuser=0&hl=id&rclk=1,2.0433359,128.2921624
tempat makan dekat Morotai,Gotalamo Food Centre,Restoran,"
372W+WHH, Gotalamo, Kec. Morotai Sel., Kabupaten Pulau Morotai, Maluku Utara","4,0",2,,https://www.google.com/maps/place/Gotalamo+Food+Centre/data=!4m7!3m6!1s0x329099f7f64adaa1:0xe425e9d6f0083686!8m2!3d2.052449!4d128.2968285!16s%2Fg%2F11tmr6jjnd!19sChIJodpK9veZkDIRhjYI8NbpJeQ?authuser=0&hl=id&rclk=1,2.052449,128.2968285
tempat makan dekat Morotai,Boss steak,Restoran,"
3822+H4Q, Darame, Kec. Morotai Sel., Kabupaten Pulau Morotai, Maluku Utara","5,0",5,,https://www.google.com/maps/place/Boss+steak/data=!4m7!3m6!1s0x329099df13423955:0x9c6ce3b0dcf2cae9!8m2!3d2.0512456!4d128.3002564!16s%2Fg%2F11tt2dr5k5!19sChIJVTlCE9-ZkDIR6cry3LDjbJw?authuser=0&hl=id&rclk=1,2.0512456,128.3002564
tempat makan dekat Morotai,Home Coffee,Kedai Kopi,"
27XW+568, Darame, Kec. Morotai Sel., Kabupaten Pulau Morotai, Maluku Utara","4,3",12,Rp 25–50 rb,https://www.google.com/maps/place/Home+Coffee/data=!4m7!3m6!1s0x329099d4e5297b6d:0xddcd42e6f4db8cb0!8m2!3d2.0482374!4d128.2955898!16s%2Fg%2F11s0tbcrxz!19sChIJbXsp5dSZkDIRsIzb9OZCzd0?authuser=0&hl=id&rclk=1,2.0482374,128.2955898
tempat makan dekat Morotai,Pentol Kuah Mbak QQ,Restoran Bakso,"
3822+H4Q, Darame, Kec. Morotai Sel., Kabupaten Pulau Morotai, Maluku Utara","5,0",3,,https://www.google.com/maps/place/Pentol+Kuah+Mbak+QQ/data=!4m7!3m6!1s0x3290990008cb6427:0x2cb614e14d68a2d6!8m2!3d2.0514176!4d128.3000276!16s%2Fg%2F11vshb30yt!19sChIJJ2TLCACZkDIR1qJoTeEUtiw?authuser=0&hl=id&rclk=1,2.0514176,128.3000276
tempat makan dekat Morotai,Rumah Makan TIKA,Restoran Padang,"
27XR+CP6, Unnamed Road, Yayasan, Kec. Morotai Sel., Kabupaten Pulau Morotai, Maluku Utara","3,9",7,,https://www.google.com/maps/place/Rumah+Makan+TIKA/data=!4m7!3m6!1s0x3290994ac457f3a3:0x5bcbd204fa45ab02!8m2!3d2.0485279!4d128.2917639!16s%2Fg%2F11h03fjk9_!19sChIJo_NXxEqZkDIRAqtF-gTSy1s?authuser=0&hl=id&rclk=1,2.0485279,128.2917639
tempat makan dekat Morotai,RM ANEKA RASA,Rumah Makan,"
372X+89H, Jl. Raya Darame, Darame, Kec. Morotai Sel., Kabupaten Pulau Morotai, Maluku Utara","5,0",1,,https://www.google.com/maps/place/RM+ANEKA+RASA/data=!4m7!3m6!1s0x32909900122b98d5:0x54820ff841e3d1be!8m2!3d2.0508058!4d128.2984948!16s%2Fg%2F11nj0rqy3z!19sChIJ1ZgrEgCZkDIRvtHjQfgPglQ?authuser=0&hl=id&rclk=1,2.0508058,128.2984948
tempat makan dekat Morotai,Hotel Molokai Morotai,,"
Pelabuhan Ferry, Juanga, Kec. Morotai Sel., Kabupaten Pulau Morotai, Maluku Utara","4,3",27,Rp 425.880,https://www.google.com/maps/place/Hotel+Molokai+Morotai/data=!4m7!3m6!1s0x329099b00e5c9c49:0x47d19d4d9c14647a!8m2!3d2.0160906!4d128.2818025!16s%2Fg%2F11wfcb_ngp!19sChIJSZxcDrCZkDIRemQUnE2d0Uc?authuser=0&hl=id&rclk=1,2.0160906,128.2818025
tempat makan dekat Morotai,White Sand Beach Resto & Bar,Restoran,"
Jl. Tanjung Dehegila, Juanga, Kec. Morotai Sel., Kabupaten Pulau Morotai, Maluku Utara 97771","4,8",10,,https://www.google.com/maps/place/White+Sand+Beach+Resto+%26+Bar/data=!4m7!3m6!1s0x32909985ecf566ab:0xe081c42d2c04430d!8m2!3d2.007195!4d128.2788962!16s%2Fg%2F11xyn43jgx!19sChIJq2b17IWZkDIRDUMELC3EgeA?authuser=0&hl=id&rclk=1,2.007195,128.2788962
tempat makan dekat Morotai,Bubur Ayam dan Nasi Abon Lemonade,Kedai Sarapan & Makan Siang,"
3854+956 Lemonade, Gotalamo, Kec. Morotai Sel., Kabupaten Pulau Morotai, Maluku Utara","5,0",3,Rp 1–25.000,https://www.google.com/maps/place/Bubur+Ayam+dan+Nasi+Abon+Lemonade/data=!4m7!3m6!1s0x3290970024643d69:0xe7eea9266bd714f8!8m2!3d2.0584023!4d128.3053951!16s%2Fg%2F11vy5679_v!19sChIJaT1kJACXkDIR-BTXayap7uc?authuser=0&hl=id&rclk=1,2.0584023,128.3053951
tempat makan dekat Morotai,Nasi Kuning Muhammadiyah,Restoran Nasi Uduk,"
3832+222, Jl. Muhammadiyah, Gotalamo, Kec. Morotai Sel., Kabupaten Pulau Morotai, Maluku Utara","5,0",1,,https://www.google.com/maps/place/Nasi+Kuning+Muhammadiyah/data=!4m7!3m6!1s0x329099002a52f88b:0x1336b9f577fbf080!8m2!3d2.0525077!4d128.30002!16s%2Fg%2F11y5054yns!19sChIJi_hSKgCZkDIRgPD7d_W5NhM?authuser=0&hl=id&rclk=1,2.0525077,128.30002
tempat makan dekat Morotai,Warung Demak 2,Restoran Sate,"
3822+V6P, Gotalamo, Kec. Morotai Sel., Kabupaten Pulau Morotai, Maluku Utara","4,5",2,,https://www.google.com/maps/place/Warung+Demak+2/data=!4m7!3m6!1s0x329099003c5acb99:0xd6afeb0eaf29bb54!8m2!3d2.0518023!4d128.3010895!16s%2Fg%2F11vxxnq4py!19sChIJmctaPACZkDIRVLsprw7rr9Y?authuser=0&hl=id&rclk=1,2.0518023,128.3010895
tempat makan dekat Morotai,SEA GRILL,Restoran Seafood,"
3863+72P, Gotalamo, Kec. Morotai Sel., Kabupaten Pulau Morotai, Maluku Utara","5,0",2,,https://www.google.com/maps/place/SEA+GRILL/data=!4m7!3m6!1s0x3290970037192359:0x1bee1d7a89cd991f!8m2!3d2.062158!4d128.308891!16s%2Fg%2F11ynql_gc8!19sChIJWSMZNwCXkDIRH5nNiXod7hs?authuser=0&hl=id&rclk=1,2.062158,128.308891
tempat makan dekat Morotai,Nasi Kuning Bagadang,Restoran Manado,"
27XV+WF5, Yayasan, Kec. Morotai Sel., Kabupaten Pulau Morotai, Maluku Utara","4,2",34,,https://www.google.com/maps/place/Nasi+Kuning+Bagadang/data=!4m7!3m6!1s0x32909822f1eb5241:0xda043d8c3a15739f!8m2!3d2.0497574!4d128.2937221!16s%2Fg%2F11c2j_6851!19sChIJQVLr8SKYkDIRn3MVOow9BNo?authuser=0&hl=id&rclk=1,2.0497574,128.2937221
tempat makan dekat Morotai,Ayam Geprek Kriuk,Rumah Makan,"
Ruko Perindagkop depan pasar moder samping Morotai Mall, Daruba, Kec. Morotai Sel., Kabupaten Pulau Morotai, Maluku Utara 97771","4,0",1,,https://www.google.com/maps/place/Ayam+Geprek+Kriuk/data=!4m7!3m6!1s0x3290970076ac89f5:0x1383bd99f6aed96a!8m2!3d2.0627582!4d128.3093813!16s%2Fg%2F11wp0b4xx2!19sChIJ9YmsdgCXkDIRatmu9pm9gxM?authuser=0&hl=id&rclk=1,2.0627582,128.3093813
tempat makan dekat Morotai,Warung Makan Rahmat,Warung Makanan Kecil,"
3833+FWM, Jl. Dalam Kota Daruba, Darame, Kec. Morotai Sel., Kabupaten Pulau Morotai, Maluku Utara",,,,https://www.google.com/maps/place/Warung+Makan+Rahmat/data=!4m7!3m6!1s0x329099002da596a5:0x675ef67f68f82458!8m2!3d2.0537218!4d128.3047889!16s%2Fg%2F11wqgf8lj0!19sChIJpZalLQCZkDIRWCT4aH_2Xmc?authuser=0&hl=id&rclk=1,2.0537218,128.3047889
tempat makan dekat Morotai,Bun kopi Morotai,Kafe,"
Jl. Pulau Morotai, Gunung sulah, Way halim, No.33, Jagabaya III, Kec. Sukarame, Kota Bandar Lampung, Lampung 35122","4,9",1986,Rp 25–50 rb,https://www.google.com/maps/place/Bun+kopi+Morotai/data=!4m7!3m6!1s0x2e40db0073dfedd3:0x5e119b39be309924!8m2!3d-5.3935422!4d105.2785809!16s%2Fg%2F11x27mzt2c!19sChIJ0-3fcwDbQC4RJJkwvjmbEV4?authuser=0&hl=id&rclk=1,-5.3935422,105.2785809
tempat makan dekat Morotai,Bakso & Mie Ayam Qiana,Restoran Bakso,"
3822+V6P, Gotalamo, Kec. Morotai Sel., Kabupaten Pulau Morotai, Maluku Utara","5,0",6,Rp 1–25.000,https://www.google.com/maps/place/Bakso+%26+Mie+Ayam+Qiana/data=!4m7!3m6!1s0x3290990044c80f07:0x527fc61799675e56!8m2!3d2.0517431!4d128.301022!16s%2Fg%2F11vxtv44bs!19sChIJBw_IRACZkDIRVl5nmRfGf1I?authuser=0&hl=id&rclk=1,2.0517431,128.301022
tempat makan dekat Morotai,Waroeng Mie tanjung kolorai,Restoran Mie,"
3636+XHH, Kolorai, Kec. Morotai Sel., Kabupaten Pulau Morotai, Maluku Utara","5,0",1,,https://www.google.com/maps/place/Waroeng+Mie+tanjung+kolorai/data=!4m7!3m6!1s0x32909b270a5c3c3f:0x12bea953d26301ae!8m2!3d2.0549374!4d128.2114718!16s%2Fg%2F11fmh3ywng!19sChIJPzxcCiebkDIRrgFj0lOpvhI?authuser=0&hl=id&rclk=1,2.0549374,128.2114718
tempat makan dekat Morotai,Rumah Makan Rhya Rhya,Rumah Makan,"
3846+X36, Darame, Kec. Morotai Sel., Kabupaten Pulau Morotai, Maluku Utara",,,,https://www.google.com/maps/place/Rumah+Makan+Rhya+Rhya/data=!4m7!3m6!1s0x3290973e7aec9d1d:0x9d12f4952d27de9e!8m2!3d2.0574148!4d128.3101465!16s%2Fg%2F11h7vh54h3!19sChIJHZ3sej6XkDIRnt4nLZX0Ep0?authuser=0&hl=id&rclk=1,2.0574148,128.3101465
tempat makan dekat Morotai,Sinuan Homestay,,"
Jl. Armydock, Pandanga, Kec. Morotai Sel., Kabupaten Pulau Morotai, Maluku Utara 97771","4,8",31,Rp 324.001,https://www.google.com/maps/place/Sinuan+Homestay/data=!4m10!3m9!1s0x3290991227f88cb7:0x6c1962a46179d063!5m2!4m1!1i2!8m2!3d2.0274262!4d128.2870042!16s%2Fg%2F11t0vs1wwl!19sChIJt4z4JxKZkDIRY9B5YaRiGWw?authuser=0&hl=id&rclk=1,2.0274262,128.2870042
tempat makan dekat Morotai,Museum Perang Dunia II,Museum Sejarah,"
277M+G7P, Juanga, Kec. Morotai Sel., Kabupaten Pulau Morotai, Maluku Utara","4,1",133,,https://www.google.com/maps/place/Museum+Perang+Dunia+II/data=!4m7!3m6!1s0x329098e5db1252c9:0xf4e5bfd07f9312e!8m2!3d2.0138474!4d128.2832038!16s%2Fg%2F11ckvlm2d5!19sChIJyVIS2-WYkDIRLjH5B_1bTg8?authuser=0&hl=id&rclk=1,2.0138474,128.2832038
tempat makan dekat Morotai,Nasi kuning dan ayam kremes,Kedai Sarapan & Makan Siang,"
27VR+FQW, Darame, Kec. Morotai Sel., Kabupaten Pulau Morotai, Maluku Utara","5,0",1,,https://www.google.com/maps/place/Nasi+kuning+dan+ayam+kremes/data=!4m7!3m6!1s0x3290990071ec6509:0xe4c29baac29a8c68!8m2!3d2.0437321!4d128.2919549!16s%2Fg%2F11xyc6q9vd!19sChIJCWXscQCZkDIRaIyawqqbwuQ?authuser=0&hl=id&rclk=1,2.0437321,128.2919549
tempat makan dekat Morotai,Warung Makan Mami Deasy,Kedai Sarapan & Makan Siang,"
Posi Posi Rao, Kec. Morotai Sel. Bar., Kabupaten Pulau Morotai, Maluku Utara","5,0",1,,https://www.google.com/maps/place/Warung+Makan+Mami+Deasy/data=!4m7!3m6!1s0x3290ef8cbeb2df95:0x8b27e4c1e14d2103!8m2!3d2.2969375!4d128.1813196!16s%2Fg%2F11t_h_8s3f!19sChIJld-yvozvkDIRAyFN4cHkJ4s?authuser=0&hl=id&rclk=1,2.2969375,128.1813196
tempat makan dekat Morotai,Penginapan Dodola,Hostel,"
Unnamed Road, Darame, Kec. Morotai Sel., Kabupaten Pulau Morotai, Maluku Utara","4,0",160,,https://www.google.com/maps/place/Penginapan+Dodola/data=!4m7!3m6!1s0x3290981953b09cf1:0x8ef77927ce9591a7!8m2!3d2.051623!4d128.3006103!16s%2Fg%2F11cst1pw5q!19sChIJ8ZywUxmYkDIRp5GVzid5944?authuser=0&hl=id&rclk=1,2.051623,128.3006103
tempat makan dekat Morotai,Martabak Terang Bulan Pakdhe,Restoran Martabak,"
3844+8W5, Darame, Kec. Morotai Sel., Kabupaten Pulau Morotai, Maluku Utara","5,0",2,,https://www.google.com/maps/place/Martabak+Terang+Bulan+Pakdhe/data=!4m7!3m6!1s0x3290970050f78d0b:0x11704007aa2eae42!8m2!3d2.055826!4d128.3073689!16s%2Fg%2F11vyc9bbv1!19sChIJC433UACXkDIRQq4uqgdAcBE?authuser=0&hl=id&rclk=1,2.055826,128.3073689
tempat makan dekat Morotai,Warung Pupeda Morotai,Restoran,"
3833+FM9, Jalan Raya, Darame, Kec. Morotai Sel., Kabupaten Pulau Morotai, Maluku Utara","5,0",1,,https://www.google.com/maps/place/Warung+Pupeda+Morotai/data=!4m7!3m6!1s0x329099004f3a5eef:0x3004a7526c295c88!8m2!3d2.0535196!4d128.304146!16s%2Fg%2F11y4tx2sy3!19sChIJ7146TwCZkDIRiFwpbFKnBDA?authuser=0&hl=id&rclk=1,2.0535196,128.304146
tempat makan dekat Morotai,Moro Ma Doto,,"
Desa, Buho Buho, Kec. Morotai Tim., Kabupaten Pulau Morotai, Maluku Utara 97772","4,8",296,Rp 3.897.112,https://www.google.com/maps/place/Moro+Ma+Doto/data=!4m10!3m9!1s0x3290cb0574728aad:0x78658dda3aa1f7c7!5m2!4m1!1i2!8m2!3d2.2094699!4d128.6190718!16s%2Fg%2F11f3vjrkw3!19sChIJrYpydAXLkDIRx_ehOtqNZXg?authuser=0&hl=id&rclk=1,2.2094699,128.6190718
tempat makan dekat Morotai,Bakso Putra Solo,Restoran Bakso,"
373W+29Q, Unnamed Road, Gotalamo, Kec. Morotai Sel., Kabupaten Pulau Morotai, Maluku Utara","4,3",12,Rp 1–25.000,https://www.google.com/maps/place/Bakso+Putra+Solo/data=!4m7!3m6!1s0x329099c81ab2895d:0x6a535cf8e9f5426c!8m2!3d2.052589!4d128.2959925!16s%2Fg%2F11r3c1n4cj!19sChIJXYmyGsiZkDIRbEL16fhcU2o?authuser=0&hl=id&rclk=1,2.052589,128.2959925
tempat makan dekat Morotai,Moro Point,Restoran,"
6J59+PHH, Desa, Buho Buho, Kec. Morotai Tim., Kabupaten Pulau Morotai, Maluku Utara 97772","4,3",6,,https://www.google.com/maps/place/Moro+Point/data=!4m7!3m6!1s0x3290cba89d066bc3:0x402f0a4ca44d3055!8m2!3d2.2093184!4d128.6189693!16s%2Fg%2F11fll8p0r7!19sChIJw2sGnajLkDIRVTBNpEwKL0A?authuser=0&hl=id&rclk=1,2.2093184,128.6189693
tempat makan dekat Morotai,Army Dock Beach,Tujuan Wisata,"
27MP+GXH, Darame, Kec. Morotai Sel., Kabupaten Pulau Morotai, Maluku Utara","4,6",175,,https://www.google.com/maps/place/Army+Dock+Beach/data=!4m7!3m6!1s0x3290992e161740b7:0x5bc14d8434f622db!8m2!3d2.0338191!4d128.2874916!16s%2Fg%2F11h3x4s8h0!19sChIJt0AXFi6ZkDIR2yL2NIRNwVs?authuser=0&hl=id&rclk=1,2.0338191,128.2874916
tempat makan dekat Morotai,Warung Mirasa,Restoran Nasi Goreng,"
372W+67F, Darame, Kec. Morotai Sel., Kabupaten Pulau Morotai, Maluku Utara","5,0",2,,https://www.google.com/maps/place/Warung+Mirasa/data=!4m7!3m6!1s0x329099dc88318bb1:0x6248adbafa7ea1f7!8m2!3d2.0507904!4d128.2952389!16s%2Fg%2F11sxwpcpbj!19sChIJsYsxiNyZkDIR96F--rqtSGI?authuser=0&hl=id&rclk=1,2.0507904,128.2952389
tempat makan dekat Morotai,Sea Cafe,Kedai Kopi,"
3858+PFP, Darame, Kec. Morotai Sel., Kabupaten Pulau Morotai, Maluku Utara","4,5",2,,https://www.google.com/maps/place/Sea+Cafe/data=!4m7!3m6!1s0x3290970044efe019:0xa5979bfd9225bcff!8m2!3d2.0593331!4d128.316205!16s%2Fg%2F11vrdktnlq!19sChIJGeDvRACXkDIR_7wlkv2bl6U?authuser=0&hl=id&rclk=1,2.0593331,128.316205
tempat makan dekat Morotai,Martabak telur & terang bulan 99,Warung Makanan Kecil,"
Depan warung makan bumi moro, Jl. Raya Darame, Darame, Kec. Morotai Sel., Kabupaten Pulau Morotai, Maluku Utara 97771",,,,https://www.google.com/maps/place/Martabak+telur+%26+terang+bulan+99/data=!4m7!3m6!1s0x3290996cba102b2b:0x38671ca3543c8a80!8m2!3d2.0504142!4d128.2971846!16s%2Fg%2F11vb8bbjc9!19sChIJKysQumyZkDIRgIo8VKMcZzg?authuser=0&hl=id&rclk=1,2.0504142,128.2971846
tempat makan dekat Morotai,Nasi Kuning Mama Eng Darpan,Restoran,"
samping kiri mesjid, Daruba, Kec. Morotai Sel., Kabupaten Pulau Morotai, Maluku Utara","4,4",5,,https://www.google.com/maps/place/Nasi+Kuning+Mama+Eng+Darpan/data=!4m7!3m6!1s0x329098204e4e840b:0x4b8f44a5a4c3ed2f!8m2!3d2.0544079!4d128.2935828!16s%2Fg%2F11gffm327g!19sChIJC4ROTiCYkDIRL-3DpKVEj0s?authuser=0&hl=id&rclk=1,2.0544079,128.2935828
tempat makan dekat Morotai,BM reborn cafe & resto (bumi moro),Restoran,"
Jl. Raya Wayabula Morotai Selatan, Gotalamo, Kec. Morotai Sel., Kabupaten Pulau Morotai, Maluku Utara","4,4",9,Rp 25–50 rb,https://www.google.com/maps/place/BM+reborn+cafe+%26+resto+%28bumi+moro%29/data=!4m7!3m6!1s0x3290970055c587ab:0xd73f40a9e5f8c0b6!8m2!3d2.0616675!4d128.3052677!16s%2Fg%2F11ld82byyq!19sChIJq4fFVQCXkDIRtsD45alAP9c?authuser=0&hl=id&rclk=1,2.0616675,128.3052677
tempat makan dekat Morotai,Roti Bakar Bandung & Terang Bulan,Restoran roti bakar,"
372V+4M6, Muhajirin, Kec. Morotai Sel., Kabupaten Pulau Morotai, Maluku Utara","5,0",1,,https://www.google.com/maps/place/Roti+Bakar+Bandung+%26+Terang+Bulan/data=!4m7!3m6!1s0x329099004bd57947:0xcb19a858683bd676!8m2!3d2.0503165!4d128.2941184!16s%2Fg%2F11vqsly5qb!19sChIJR3nVSwCZkDIRdtY7aFioGcs?authuser=0&hl=id&rclk=1,2.0503165,128.2941184
tempat makan dekat Morotai,Yuni.45,Rumah Makan,"
372X+G7M, Gotalamo, Kec. Morotai Sel., Kabupaten Pulau Morotai, Maluku Utara","5,0",1,,https://www.google.com/maps/place/Yuni.45/data=!4m7!3m6!1s0x329099ef9ecebe45:0x9452ef51c53bbffa!8m2!3d2.0513308!4d128.2981675!16s%2Fg%2F11h057d_n9!19sChIJRb7Onu-ZkDIR-r87xVHvUpQ?authuser=0&hl=id&rclk=1,2.0513308,128.2981675
tempat makan dekat Morotai,Pantai Pulau Tabailenge,Tujuan Wisata,"
9MJJ+689, Kenari, Kec. Morotai Utara, Kabupaten Pulau Morotai, Maluku Utara","4,8",22,,https://www.google.com/maps/place/Pantai+Pulau+Tabailenge/data=!4m7!3m6!1s0x32972bc25f36498b:0x57a050df936a1c49!8m2!3d2.3805427!4d128.6808611!16s%2Fg%2F11q1kr93cr!19sChIJi0k2X8IrlzIRSRxqk99QoFc?authuser=0&hl=id&rclk=1,2.3805427,128.6808611
tempat makan dekat Morotai,Warung Makan DEMAK,Restoran,"
372R+XWH, Daruba, Kec. Morotai Sel., Kabupaten Pulau Morotai, Maluku Utara","4,5",6,,https://www.google.com/maps/place/Warung+Makan+DEMAK/data=!4m7!3m6!1s0x3290997be9a14bdf:0xb511107d29230ec0!8m2!3d2.052428!4d128.292357!16s%2Fg%2F11g4d_hzkx!19sChIJ30uh6XuZkDIRwA4jKX0QEbU?authuser=0&hl=id&rclk=1,2.052428,128.292357
tempat makan dekat Morotai,RM. SKS Berkah,Rumah Makan,"
372X+9J7, Jl. Raya Darame, Darame, Kec. Morotai Sel., Kabupaten Pulau Morotai, Maluku Utara","5,0",2,,https://www.google.com/maps/place/RM.+SKS+Berkah/data=!4m7!3m6!1s0x329099006ece7611:0x237446015e5b3f8a!8m2!3d2.050977!4d128.2991059!16s%2Fg%2F11w3hvtxv6!19sChIJEXbObgCZkDIRij9bXgFGdCM?authuser=0&hl=id&rclk=1,2.050977,128.2991059
tempat makan dekat Morotai,Rumah Makan Andalas,,"
372W+6VP, Jalan Raya, Darame, Morotai Selatan, Morotai Island Regency, North Maluku","4,0",9,,https://www.google.com/maps/place/Rumah+Makan+Andalas/data=!4m7!3m6!1s0x32909922ffc848ad:0x913212ac27883519!8m2!3d2.0505779!4d128.297198!16s%2Fg%2F11fl1yfgv6!19sChIJrUjI_yKZkDIRGTWIJ6wSMpE?authuser=0&hl=id&rclk=1,2.0505779,128.297198
tempat makan dekat Morotai,Rumah Makan Makassar 02,Restoran Indonesia,"
372V+4M6, Muhajirin, Kec. Morotai Sel., Kabupaten Pulau Morotai, Maluku Utara","5,0",3,,https://www.google.com/maps/place/Rumah+Makan+Makassar+02/data=!4m7!3m6!1s0x32909900363bbadf:0xd9c5e24d5ae16e84!8m2!3d2.0502898!4d128.2942153!16s%2Fg%2F11vxqjf3m0!19sChIJ37o7NgCZkDIRhG7hWk3ixdk?authuser=0&hl=id&rclk=1,2.0502898,128.2942153
tempat makan dekat Morotai,Penginapan Mutiara Inn,Hotel,"
27VR+9VV, Jalan Raya, Darame, Morotai Selatan, Morotai Island Regency, North Maluku","4,2",17,,https://www.google.com/maps/place/Penginapan+Mutiara+Inn/data=!4m7!3m6!1s0x32909940a267c043:0x9d36bc3c85391086!8m2!3d2.0434809!4d128.2921571!16s%2Fg%2F11s180p4hp!19sChIJQ8BnokCZkDIRhhA5hTy8Np0?authuser=0&hl=id&rclk=1,2.0434809,128.2921571
tempat makan dekat Morotai,Rumah Makan Ikan Bakar Irfan,Restoran Ikan Bakar,"
373V+93F, Daruba, Kec. Morotai Sel., Kabupaten Pulau Morotai, Maluku Utara","4,0",2,,https://www.google.com/maps/place/Rumah+Makan+Ikan+Bakar+Irfan/data=!4m7!3m6!1s0x32909963cd9bb5ab:0xe53bfd77a48b5aa3!8m2!3d2.0534373!4d128.2926754!16s%2Fg%2F11gk8qgvj0!19sChIJq7WbzWOZkDIRo1qLpHf9O-U?authuser=0&hl=id&rclk=1,2.0534373,128.2926754
tempat makan dekat Morotai,Warkop Van Ravel,Restoran,"
Dehegila, Kec. Morotai Sel., Kabupaten Pulau Morotai, Maluku Utara","5,0",3,,https://www.google.com/maps/place/Warkop+Van+Ravel/data=!4m7!3m6!1s0x329097bce0827163:0xb237d801b68738b0!8m2!3d2.0933762!4d128.3134884!16s%2Fg%2F11k83tt2l_!19sChIJY3GC4LyXkDIRsDiHtgHYN7I?authuser=0&hl=id&rclk=1,2.0933762,128.3134884
tempat makan dekat Morotai,Marahai Villa Morotai,,"
Tanjung Dehegila, Juanga, Kec. Morotai Sel., Kabupaten Pulau Morotai, Maluku Utara 97771","4,6",70,Rp 1.254.488,https://www.google.com/maps/place/Marahai+Villa+Morotai/data=!4m10!3m9!1s0x32909916dac099b7:0x2e040bdbb93895b2!5m2!4m1!1i2!8m2!3d2.0036941!4d128.278233!16s%2Fg%2F11h5lvxgtv!19sChIJt5nA2haZkDIRspU4udsLBC4?authuser=0&hl=id&rclk=1,2.0036941,128.278233
tempat makan dekat Morotai,Home Stay New Lestary,Rumah wisata,"
Posi Posi Rao, Kecamatan Pulau Rao, Kabupaten Pulau Morotai, Maluku Utara 97771","5,0",3,,https://www.google.com/maps/place/Home+Stay+New+Lestary/data=!4m7!3m6!1s0x3290efe92ab468d7:0x83e669d7311b41a0!8m2!3d2.2923775!4d128.1781!16s%2Fg%2F11s0s27vv5!19sChIJ12i0KunvkDIRoEEbMddp5oM?authuser=0&hl=id&rclk=1,2.2923775,128.1781
tempat makan dekat Morotai,Cafe Del Mor,Restoran,"
Jl. Pulau Morotai No.53, Jagabaya III, Kec. Way Halim, Kota Bandar Lampung, Lampung 35122","4,5",295,Rp 50–125 rb,https://www.google.com/maps/place/Cafe+Del+Mor/data=!4m7!3m6!1s0x2e40db0579fcb6a1:0x9221cae10fd4bfe6!8m2!3d-5.3991635!4d105.2772654!16s%2Fg%2F11b88rlsx2!19sChIJobb8eQXbQC4R5r_UD-HKIZI?authuser=0&hl=id&rclk=1,-5.3991635,105.2772654
tempat makan dekat Morotai,Rumah Makan Calun Food,Rumah Makan,"
27XV+M8Q, Yayasan, Kec. Morotai Sel., Kabupaten Pulau Morotai, Maluku Utara","4,6",28,,https://www.google.com/maps/place/Rumah+Makan+Calun+Food/data=!4m7!3m6!1s0x32909920a8b4011d:0x6ce2db1b286848ce!8m2!3d2.0492116!4d128.2933727!16s%2Fg%2F11jp121ynm!19sChIJHQG0qCCZkDIRzkhoKBvb4mw?authuser=0&hl=id&rclk=1,2.0492116,128.2933727
tempat makan dekat Morotai,The King Food Armydok,Rumah Makan,"
Jl. Armydock, Darame, Kec. Morotai Sel., Kabupaten Pulau Morotai, Maluku Utara","5,0",2,,https://www.google.com/maps/place/The+King+Food+Armydok/data=!4m7!3m6!1s0x329099005066ca8f:0xeabac09437f8b601!8m2!3d2.0334605!4d128.2877871!16s%2Fg%2F11vz07qhtj!19sChIJj8pmUACZkDIRAbb4N5TAuuo?authuser=0&hl=id&rclk=1,2.0334605,128.2877871
tempat makan dekat Morotai,Rumah Makan Bumi Moro Bere Bere Morotai,Restoran,"
9MV7+CGM, Bere Bere, Kec. Morotai Utara, Kabupaten Pulau Morotai, Maluku Utara","4,2",11,Rp 25–50 rb,https://www.google.com/maps/place/Rumah+Makan+Bumi+Moro+Bere+Bere+Morotai/data=!4m7!3m6!1s0x32972bfab4dc9fbb:0x33978b14d8433c06!8m2!3d2.3935867!4d128.6637979!16s%2Fg%2F11fnyzpr5r!19sChIJu5_ctPorlzIRBjxD2BSLlzM?authuser=0&hl=id&rclk=1,2.3935867,128.6637979
tempat makan dekat Morotai,Darame,Rumah Makan,"
372X+74M, Darame, Kec. Morotai Sel., Kabupaten Pulau Morotai, Maluku Utara","5,0",1,,https://www.google.com/maps/place/Darame/data=!4m7!3m6!1s0x329099007de49613:0x2f18cb8ffbe503e8!8m2!3d2.050713!4d128.297793!16s%2Fg%2F11y2npq4hp!19sChIJE5bkfQCZkDIR6APl-4_LGC8?authuser=0&hl=id&rclk=1,2.050713,128.297793
tempat makan dekat Morotai,Mutiara Kitchen,Kedai Kopi,"
3845+749, Darame, Kec. Morotai Sel., Kabupaten Pulau Morotai, Maluku Utara","4,5",2,,https://www.google.com/maps/place/Mutiara+Kitchen/data=!4m7!3m6!1s0x3290970001fa2afb:0xb0fd673d81490ff6!8m2!3d2.0556666!4d128.3079072!16s%2Fg%2F11y5ggk9b3!19sChIJ-yr6AQCXkDIR9g9JgT1n_bA?authuser=0&hl=id&rclk=1,2.0556666,128.3079072
tempat makan dekat Morotai,Upland Coffee,Kedai Kopi,"
Jl. Amphibi, Gotalamo, Kec. Morotai Sel., Kabupaten Pulau Morotai, Maluku Utara","4,4",41,Rp 25–50 rb,https://www.google.com/maps/place/Upland+Coffee/data=!4m7!3m6!1s0x32909728615bd685:0x6a185c34cfa95eca!8m2!3d2.0563278!4d128.3019313!16s%2Fg%2F11p67x7j8n!19sChIJhdZbYSiXkDIRyl6pzzRcGGo?authuser=0&hl=id&rclk=1,2.0563278,128.3019313
tempat makan dekat Morotai,Pantai Gorango,Tujuan Wisata,"
FMXC+8F8, Bere Bere, Kec. Morotai Utara, Kabupaten Pulau Morotai, Maluku Utara","4,5",65,,https://www.google.com/maps/place/Pantai+Gorango/data=!4m7!3m6!1s0x3296d33f9a259b5d:0x79ea964ce4c7fb0b!8m2!3d2.4982956!4d128.6711927!16s%2Fg%2F11c5xtsmj3!19sChIJXZslmj_TljIRC_vH5EyW6nk?authuser=0&hl=id&rclk=1,2.4982956,128.6711927
tempat makan dekat Morotai,Pasir Timbul Dodola,Tujuan Wisata,"
35JV+HCM, Kolorai, Kec. Morotai Sel., Kabupaten Pulau Morotai, Maluku Utara","4,8",188,,https://www.google.com/maps/place/Pasir+Timbul+Dodola/data=!4m7!3m6!1s0x329090f76c6c6fdb:0xfe057e3e201fe8b6!8m2!3d2.0814543!4d128.1935487!16s%2Fg%2F11gd4v0qt6!19sChIJ229sbPeQkDIRtugfID5-Bf4?authuser=0&hl=id&rclk=1,2.0814543,128.1935487
tempat makan dekat Morotai,LALAPAN MAS OZORA,Rumah Makan,"
372W+8FQ, Jl. Raya Darame, Darame, Kec. Morotai Sel., Kabupaten Pulau Morotai, Maluku Utara",,,,https://www.google.com/maps/place/LALAPAN+MAS+OZORA/data=!4m7!3m6!1s0x3290990070067a43:0xad9d4c7ad2c7226f!8m2!3d2.0506545!4d128.296391!16s%2Fg%2F11x_fjj6fx!19sChIJQ3oGcACZkDIRbyLH0npMna0?authuser=0&hl=id&rclk=1,2.0506545,128.296391
tempat makan dekat Morotai,The Sunset Bistro,Restoran,"
Jalan Armidock, Pandanga, Kec. Morotai Sel., Kabupaten Pulau Morotai, Maluku Utara 97771","5,0",2,,https://www.google.com/maps/place/The+Sunset+Bistro/data=!4m7!3m6!1s0x329099a2f3db748b:0x11cbcd4e3a97418b!8m2!3d2.0301652!4d128.2879378!16s%2Fg%2F11v9kswhfb!19sChIJi3Tb86KZkDIRi0GXOk7NyxE?authuser=0&hl=id&rclk=1,2.0301652,128.2879378
tempat makan dekat Morotai,ABHY DRINK,Kedai Jus,"
76J2+8P2, Jl. Raya Wayabula Morotai Selatan, Daruba, Kec. Morotai Sel. Bar., Kabupaten Pulau Morotai, Maluku Utara","5,0",3,,https://www.google.com/maps/place/ABHY+DRINK/data=!4m7!3m6!1s0x3290efc357d8d009:0x24cf2b6fe31d264d!8m2!3d2.2807633!4d128.2017756!16s%2Fg%2F11sb3lcwn_!19sChIJCdDYV8PvkDIRTSYd428rzyQ?authuser=0&hl=id&rclk=1,2.2807633,128.2017756
tempat makan dekat Morotai,Rumah makan Moro madoto,Restoran Indonesia,"
5JX5+FMH, Seseli jaya, Kec. Morotai Tim., Kabupaten Pulau Morotai, Maluku Utara",,,,https://www.google.com/maps/place/Rumah+makan+Moro+madoto/data=!4m7!3m6!1s0x3290cb001f1cae99:0xb6b2892bd6d69c7c!8m2!3d2.1986983!4d128.6092257!16s%2Fg%2F11w3lfqtv3!19sChIJma4cHwDLkDIRfJzW1iuJsrY?authuser=0&hl=id&rclk=1,2.1986983,128.6092257
tempat makan dekat Morotai,Hotel Pacific Morotai,Hotel,"
27WV+837, Darame, Kec. Morotai Sel., Kabupaten Pulau Morotai, Maluku Utara","3,9",156,,https://www.google.com/maps/place/Hotel+Pacific+Morotai/data=!4m7!3m6!1s0x3290983c4d83d8d3:0x6dbfa1b93c39def6!8m2!3d2.0457842!4d128.2926754!16s%2Fg%2F11b6c__xrt!19sChIJ09iDTTyYkDIR9t45PLmhv20?authuser=0&hl=id&rclk=1,2.0457842,128.2926754
tempat makan dekat Morotai,Warung Pecel Jatim,Warung nasi,"
372W+6Q4, Jl. Raya Darame, Darame, Kec. Morotai Sel., Kabupaten Pulau Morotai, Maluku Utara","5,0",4,,https://www.google.com/maps/place/Warung+Pecel+Jatim/data=!4m7!3m6!1s0x329099005af3cd27:0xe41770a9f8bdab46!8m2!3d2.0505071!4d128.2969557!16s%2Fg%2F11ld9f2yrm!19sChIJJ83zWgCZkDIRRqu9-KlwF-Q?authuser=0&hl=id&rclk=1,2.0505071,128.2969557
tempat makan dekat Morotai,Resto Jaguar,Restoran,"
27JV+65Q, Wawama, Kec. Morotai Sel., Kabupaten Pulau Morotai, Maluku Utara","4,4",48,Rp 25–50 rb,https://www.google.com/maps/place/Resto+Jaguar/data=!4m7!3m6!1s0x329099f8ef63f329:0x426654662a46ebc6!8m2!3d2.0305874!4d128.2929915!16s%2Fg%2F11jll3cmyv!19sChIJKfNj7_iZkDIRxutGKmZUZkI?authuser=0&hl=id&rclk=1,2.0305874,128.2929915
tempat makan dekat Morotai,RM Masakan Padang Ayah,Warung nasi,"
372X+CVV, Jl. Raya Darame, Darame, Kec. Morotai Sel., Kabupaten Pulau Morotai, Maluku Utara","4,7",3,,https://www.google.com/maps/place/RM+Masakan+Padang+Ayah/data=!4m7!3m6!1s0x329099004e4c8757:0x91c7765a1b89fd76!8m2!3d2.0511049!4d128.2996709!16s%2Fg%2F11lcpjhg40!19sChIJV4dMTgCZkDIRdv2JG1p2x5E?authuser=0&hl=id&rclk=1,2.0511049,128.2996709
tempat makan dekat Morotai,Pondok Nasi Goreng,Kedai Sarapan,"
372W+839, Jl. Raya Darame, Darame, Kec. Morotai Sel., Kabupaten Pulau Morotai, Maluku Utara","5,0",3,,https://www.google.com/maps/place/Pondok+Nasi+Goreng/data=!4m7!3m6!1s0x329099a7d7817393:0xd07636dcfd841cf8!8m2!3d2.0507803!4d128.295238!16s%2Fg%2F11s_z1l__w!19sChIJk3OB16eZkDIR-ByE_dw2dtA?authuser=0&hl=id&rclk=1,2.0507803,128.295238
tempat makan dekat Morotai,Hotel RIA,,"
27XV+V58, Yayasan, Kec. Morotai Sel., Kabupaten Pulau Morotai, Maluku Utara","3,8",85,,https://www.google.com/maps/place/Hotel+RIA/data=!4m7!3m6!1s0x32909822e2db2e83:0xbf35dbd554ac080b!8m2!3d2.0496632!4d128.2929603!16s%2Fg%2F11g6pzhnkn!19sChIJgy7b4iKYkDIRCwisVNXbNb8?authuser=0&hl=id&rclk=1,2.0496632,128.2929603
tempat makan dekat Morotai,Rumah Makan Pondok Enak,Rumah Makan,"
372W+5W2, Darame, Kec. Morotai Sel., Kabupaten Pulau Morotai, Maluku Utara","5,0",1,,https://www.google.com/maps/place/Rumah+Makan+Pondok+Enak/data=!4m7!3m6!1s0x329099eb59f0eb15:0xff2c9f1dd106371e!8m2!3d2.050386!4d128.2972653!16s%2Fg%2F11qnk027l3!19sChIJFevwWeuZkDIRHjcG0R2fLP8?authuser=0&hl=id&rclk=1,2.050386,128.2972653
tempat makan dekat Morotai,ANTRIMEL RESTO,Restoran Seafood,"
372V+2P7, Darame, Kec. Morotai Sel., Kabupaten Pulau Morotai, Maluku Utara","4,0",1,,https://www.google.com/maps/place/ANTRIMEL+RESTO/data=!4m7!3m6!1s0x3290997c02bcd55f:0x6ca03d6f59acbbeb!8m2!3d2.0500455!4d128.2942977!16s%2Fg%2F11tf_63d29!19sChIJX9W8AnyZkDIR67usWW89oGw?authuser=0&hl=id&rclk=1,2.0500455,128.2942977
tempat makan dekat Morotai,Angkringan Jogja,Restoran Indonesia,"
27VR+XWV, Jl. Raya Darame, Darame, Kec. Morotai Sel., Kabupaten Pulau Morotai, Maluku Utara","5,0",14,,https://www.google.com/maps/place/Angkringan+Jogja/data=!4m7!3m6!1s0x3290990040e7d6dd:0xf37d88b863738f45!8m2!3d2.0449805!4d128.2922904!16s%2Fg%2F11yjyml68_!19sChIJ3dbnQACZkDIRRY9zY7iIffM?authuser=0&hl=id&rclk=1,2.0449805,128.2922904
tempat makan dekat Morotai,Es GORENGAN MBAK NURUL,Kedai Sarapan & Makan Siang,"
3844+7X8, Jl. Raya Wayabula Morotai Selatan, Daruba, Kec. Morotai Sel., Kabupaten Pulau Morotai, Maluku Utara","4,3",7,,https://www.google.com/maps/place/Es+GORENGAN+MBAK+NURUL/data=!4m7!3m6!1s0x329097fee61591bf:0x6d9eec9ae2ea866!8m2!3d2.0556637!4d128.3074646!16s%2Fg%2F11s7qmjqmw!19sChIJv5EV5v6XkDIRZqgursnu2QY?authuser=0&hl=id&rclk=1,2.0556637,128.3074646
tempat makan dekat Morotai,Dapoer Kita,Restoran,"
372R+MW4, Unnamed Road, Daruba, Morotai Selatan, Morotai Island Regency, North Maluku","4,3",3,,https://www.google.com/maps/place/Dapoer+Kita/data=!4m7!3m6!1s0x3290997ea1748db3:0xc2594e8d4d2b0435!8m2!3d2.0516447!4d128.2923189!16s%2Fg%2F11hzw_bfmp!19sChIJs410oX6ZkDIRNQQrTY1OWcI?authuser=0&hl=id&rclk=1,2.0516447,128.2923189
tempat makan dekat Morotai,KEDAI BBM,Kedai Sarapan,"
Unnamed Road, Daruba, Kec. Morotai Sel., Kabupaten Pulau Morotai, Maluku Utara","4,0",2,,https://www.google.com/maps/place/KEDAI+BBM/data=!4m7!3m6!1s0x329099455e795bc9:0x8b9b1dc0be3e7cf0!8m2!3d2.0534337!4d128.2927981!16s%2Fg%2F11qgfjchms!19sChIJyVt5XkWZkDIR8Hw-vsAdm4s?authuser=0&hl=id&rclk=1,2.0534337,128.2927981
tempat makan dekat Morotai,Morotai central kuliner,Restoran,"
Daruba, Kec. Morotai Sel., Kabupaten Pulau Morotai, Maluku Utara","4,3",16,,https://www.google.com/maps/place/Morotai+central+kuliner/data=!4m7!3m6!1s0x32909821096c4313:0x1ee6dce9c8957dfe!8m2!3d2.0536424!4d128.2922029!16s%2Fg%2F11gfj3fmnm!19sChIJE0NsCSGYkDIR_n2VyOnc5h4?authuser=0&hl=id&rclk=1,2.0536424,128.2922029
tempat makan dekat Morotai,RM Sederhana,Restoran Indonesia,"
372R+7F6, Daruba, Kec. Morotai Sel., Kabupaten Pulau Morotai, Maluku Utara",,,,https://www.google.com/maps/place/RM+Sederhana/data=!4m7!3m6!1s0x3290990035c81aa1:0x6c47aed03339ffd6!8m2!3d2.0507244!4d128.2911089!16s%2Fg%2F11msw8tm8d!19sChIJoRrINQCZkDIR1v85M9CuR2w?authuser=0&hl=id&rclk=1,2.0507244,128.2911089
tempat makan dekat Morotai,Bakso Solo (pak slamet),Restoran Bakso,"
Daruba, Kec. Morotai Sel., Kabupaten Pulau Morotai, Maluku Utara","4,4",36,,https://www.google.com/maps/place/Bakso+Solo+%28pak+slamet%29/data=!4m7!3m6!1s0x329098239a51b3c5:0xa17db4238124cb02!8m2!3d2.0506613!4d128.2910793!16s%2Fg%2F11c7153tc1!19sChIJxbNRmiOYkDIRAsskgSO0faE?authuser=0&hl=id&rclk=1,2.0506613,128.2910793
tempat makan dekat Morotai,Warung 3R,Warung nasi,"
Juanga, Kec. Morotai Sel., Kabupaten Pulau Morotai, Maluku Utara 97771",,,,https://www.google.com/maps/place/Warung+3R/data=!4m7!3m6!1s0x3290995ea537c6cf:0xc23db9bffc018d8b!8m2!3d2.0153607!4d128.2832596!16s%2Fg%2F11shdjwf74!19sChIJz8Y3pV6ZkDIRi40B_L-5PcI?authuser=0&hl=id&rclk=1,2.0153607,128.2832596
tempat makan dekat Morotai,Nasi kuning PADA IDI,Kedai Sarapan & Makan Siang,"
4H45+V8P, Sangowo, Kec. Morotai Tim., Kabupaten Pulau Morotai, Maluku Utara",,,,https://www.google.com/maps/place/Nasi+kuning+PADA+IDI/data=!4m7!3m6!1s0x3290b1007afe3cbf:0xa2d4e7b43da2039f!8m2!3d2.1072073!4d128.5583308!16s%2Fg%2F11yzvtg46_!19sChIJvzz-egCxkDIRnwOiPbTn1KI?authuser=0&hl=id&rclk=1,2.1072073,128.5583308
tempat makan dekat Morotai,"Kios Marlako, MTQ Desa Darame",Warung Makanan Kecil,"
Samping Lapangan Merah Putih, Darame, Kec. Morotai Sel., Kabupaten Pulau Morotai, Maluku Utara","4,0",2,,"https://www.google.com/maps/place/Kios+Marlako,+MTQ+Desa+Darame/data=!4m7!3m6!1s0x32909900489d465f:0xb5c0b11cdf8142e8!8m2!3d2.0480811!4d128.2966454!16s%2Fg%2F11w37bklkt!19sChIJX0adSACZkDIR6EKB3xyxwLU?authuser=0&hl=id&rclk=1",2.0480811,128.2966454
tempat makan dekat Morotai,Jajanan Tikungan,Kedai Sarapan,"
372W+RP3, Gotalamo, Kec. Morotai Sel., Kabupaten Pulau Morotai, Maluku Utara","5,0",2,,https://www.google.com/maps/place/Jajanan+Tikungan/data=!4m7!3m6!1s0x3290998e772e337d:0x3cceb27a736f997f!8m2!3d2.0520157!4d128.2967981!16s%2Fg%2F11tmvmw1jq!19sChIJfTMud46ZkDIRf5lvc3qyzjw?authuser=0&hl=id&rclk=1,2.0520157,128.2967981
tempat makan dekat Morotai,Moms Ipha Mie Ayam & Geprek,Rumah Makan,"
372X+9J7, Jalan Raya, Darame, Kec. Morotai Sel., Kabupaten Pulau Morotai, Maluku Utara","5,0",3,,https://www.google.com/maps/place/Moms+Ipha+Mie+Ayam+%26+Geprek/data=!4m7!3m6!1s0x329099002d4f0da9:0xff4832649a9bf7ba!8m2!3d2.0509726!4d128.2990525!16s%2Fg%2F11y5cn08ss!19sChIJqQ1PLQCZkDIRuvebmmQySP8?authuser=0&hl=id&rclk=1,2.0509726,128.2990525
tempat makan dekat Morotai,Dapur Canga Morotai,Restoran Indonesia,"
273J+FWV, Juanga, Kec. Morotai Sel., Kabupaten Pulau Morotai, Maluku Utara",,,,https://www.google.com/maps/place/Dapur+Canga+Morotai/data=!4m7!3m6!1s0x329099006bdc29e9:0x3a1efa2172b4abb1!8m2!3d2.003737!4d128.2823101!16s%2Fg%2F11wxkm05v1!19sChIJ6SncawCZkDIRsau0ciH6Hjo?authuser=0&hl=id&rclk=1,2.003737,128.2823101
tempat makan dekat Morotai,Warung lamongan MAS OZORA,Restoran,"
Darame, Kec. Morotai Sel., Kabupaten Pulau Morotai, Maluku Utara","5,0",3,,https://www.google.com/maps/place/Warung+lamongan+MAS+OZORA/data=!4m7!3m6!1s0x3290999198e76061:0x9d598186df73264!8m2!3d2.0513628!4d128.3007076!16s%2Fg%2F11j7yxd17v!19sChIJYWDnmJGZkDIRZDL3bRiY1Qk?authuser=0&hl=id&rclk=1,2.0513628,128.3007076
tempat makan dekat Morotai,RIZKY Toko Sembako Dan Rumah Makan,Toko sembako pemerintah,"
Desa, Loleo, Kec. Morotai Jaya, Kabupaten Pulau Morotai, Maluku Utara 97773","5,0",1,,https://www.google.com/maps/place/RIZKY+Toko+Sembako+Dan+Rumah+Makan/data=!4m7!3m6!1s0x329133bf5dcdd525:0xe0bd739444634a90!8m2!3d2.5826011!4d128.6039017!16s%2Fg%2F11v04v35rj!19sChIJJdXNXb8zkTIRkEpjRJRzveA?authuser=0&hl=id&rclk=1,2.5826011,128.6039017
tempat makan dekat Morotai,Warung Pojok Lamongan,Rumah Makan,"
27XV+J8W, Jalan Raya, Darame, Morotai Selatan, Morotai Island Regency, North Maluku","3,7",3,,https://www.google.com/maps/place/Warung+Pojok+Lamongan/data=!4m7!3m6!1s0x329099d4087d3cab:0x63aa62f620991352!8m2!3d2.0491076!4d128.2933239!16s%2Fg%2F11fl7pm04l!19sChIJqzx9CNSZkDIRUhOZIPZiqmM?authuser=0&hl=id&rclk=1,2.0491076,128.2933239
tempat makan dekat Morotai,Garden Cafe,Kedai Kopi,"
6J68+JX, Lifao, Kec. Morotai Tim., Kabupaten Pulau Morotai, Maluku Utara","5,0",1,,https://www.google.com/maps/place/Garden+Cafe/data=!4m7!3m6!1s0x3290cbf8aeb5daa3:0x44dfea5c9fc90a42!8m2!3d2.2115656!4d128.6174231!16s%2Fg%2F11rzsn54_n!19sChIJo9q1rvjLkDIRQgrJn1zq30Q?authuser=0&hl=id&rclk=1,2.2115656,128.6174231
tempat makan dekat Morotai,"RM. Ummi; Nasi Falo sandiri sepuasnya Rp 15.000,-",Kedai Sarapan & Makan Siang,"
3866+M6G, Gotalamo, Kec. Morotai Sel., Kabupaten Pulau Morotai, Maluku Utara","4,7",3,,"https://www.google.com/maps/place/RM.+Ummi;+Nasi+Falo+sandiri+sepuasnya+Rp+15.000,-/data=!4m7!3m6!1s0x329097a1683319af:0x4ccfd5d722b23953!8m2!3d2.0616975!4d128.3105912!16s%2Fg%2F11ssdqp1nv!19sChIJrxkzaKGXkDIRUzmyItfVz0w?authuser=0&hl=id&rclk=1",2.0616975,128.3105912
tempat makan dekat Morotai,Warung Ariska,Warung Makanan Kecil,"
27XV+44X, Jl. Raya Darame, Yayasan, Kec. Morotai Sel., Kabupaten Pulau Morotai, Maluku Utara","5,0",4,,https://www.google.com/maps/place/Warung+Ariska/data=!4m7!3m6!1s0x3290990077332ae9:0xaa7fa2d257c82fe!8m2!3d2.0478703!4d128.2928653!16s%2Fg%2F11xcfgm_ym!19sChIJ6SozdwCZkDIR_oJ8JS36pwo?authuser=0&hl=id&rclk=1,2.0478703,128.2928653
tempat makan dekat Morotai,Warung Argentina,Warung nasi,"
Jl. Muhammadiyah, Darame, Kec. Morotai Sel., Kabupaten Pulau Morotai, Maluku Utara","5,0",1,,https://www.google.com/maps/place/Warung+Argentina/data=!4m7!3m6!1s0x32909900722e49a7:0x7c23b076c5c2b5fa!8m2!3d2.0514081!4d128.3002879!16s%2Fg%2F11vxxp3g5c!19sChIJp0kucgCZkDIR-rXCxXawI3w?authuser=0&hl=id&rclk=1,2.0514081,128.3002879
tempat makan dekat Morotai,Warung Makan Melisa,Restoran,"
372R+GQ6, Daruba, Kec. Morotai Sel., Kabupaten Pulau Morotai, Maluku Utara","4,0",79,Rp 25–50 rb,https://www.google.com/maps/place/Warung+Makan+Melisa/data=!4m7!3m6!1s0x329099222e77b5b1:0xecfba07f53ba604c!8m2!3d2.0512856!4d128.2918881!16s%2Fg%2F11fhwtvwzz!19sChIJsbV3LiKZkDIRTGC6U3-g--w?authuser=0&hl=id&rclk=1,2.0512856,128.2918881
tempat makan dekat Morotai,Daloha Beach & Dive Resort Morotai,,"
Jl. Tanjung Dehegila, Juanga, Kec. Morotai Sel., Kabupaten Pulau Morotai, Maluku Utara","4,3",291,Rp 486.265,https://www.google.com/maps/place/Daloha+Beach+%26+Dive+Resort+Morotai/data=!4m10!3m9!1s0x329098de11f95a7d:0x183bb7f127520d3!5m2!4m1!1i2!8m2!3d2.0071886!4d128.2788975!16s%2Fg%2F11bv2bj40n!19sChIJfVr5Ed6YkDIR0yB1En-7gwE?authuser=0&hl=id&rclk=1,2.0071886,128.2788975
tempat makan dekat Morotai,Rumah Makan PADANG SALERO MINANG 2,Restoran,"
Jl. Raya Wayabula Morotai Selatan, Gotalamo, Kec. Morotai Sel., Kabupaten Pulau Morotai, Maluku Utara 97771","5,0",4,,https://www.google.com/maps/place/Rumah+Makan+PADANG+SALERO+MINANG+2/data=!4m7!3m6!1s0x3290978fcb8b35f3:0x1ca08f5daa76b71f!8m2!3d2.0570989!4d128.3066715!16s%2Fg%2F11s7q09377!19sChIJ8zWLy4-XkDIRH7d2ql2PoBw?authuser=0&hl=id&rclk=1,2.0570989,128.3066715
tempat makan dekat Morotai,GOMO DIVE,Kontraktor bawah laut,"
Jl. Pelabuhan Ferry No.31, Juanga, Kec. Morotai Sel., Kabupaten Pulau Morotai, Maluku Utara 97771","5,0",75,,https://www.google.com/maps/place/GOMO+DIVE/data=!4m7!3m6!1s0x329099bd5718b9a9:0xc0a01dee8ad093be!8m2!3d2.0161422!4d128.2820441!16s%2Fg%2F11pdf2b0yr!19sChIJqbkYV72ZkDIRvpPQiu4doMA?authuser=0&hl=id&rclk=1,2.0161422,128.2820441
