searchHashtag/name,searchHashtag/views,playCount,diggCount,commentCount,shareCount,createTimeISO,text,engagement,engagement_rate
labuanbajo,3900000000,121300,9063,53,1995,2026-05-25 11:03:12+00:00,"Save this for your next trip to Labuan Bajo 😍

📍 Bayview Gardens Hotel Labuan Bajo

Review singkat, 
(+) view 10/10 
(+) kamar luas
(+) sarapan enak & diantar ke kamar
(+) ada infinity pool dengan view laut, indah bgt

(-) kamar mandi semi outdoor
(-) banyak bgt kaki seribu (di area kamar mandi & beberapa masuk ke kamar. tapi sudah disediakan
semprotan baygon sih..) 
(-) ga disediakan sendal kamar

Tapi overall view nya yang cantik bangetttt bikin experience nginep disana tetep okeee & puas 👋🏻

#labuanbajo #hotellabuanbajo #labuanbajoindonesia #labuanbajotrip #traveling",11111,0.09159934047815334
labuanbajo,3900000000,229100,10600,303,2604,2026-03-27 12:44:16+00:00,"Sempet mikir kalo ke Labuan Bajo tuh kayanya harus punya waktu panjang. Harus live on board, harus berhari-hari. Tapi ternyata gak juga!

Aku baru aja balik dari 3 hari 2 malam trip di LBJ, dan semuanya dapet!

Yang paling penting stay di Crowne Plaza Labuan Bajo. Karena lokasinya strategis, deket dari bandara, dan juga deket ke pusat kota plus toko oleh-oleh. Jadi gak kebuang waktu di jalan.

Terus enaknya, kalo mau day trip kayak di video yang aku jelasin ini, pihak hotel bisa bantu arrange juga, jadi tinggal dateng dan jalan aja.

Short trip, full experience in Labuan Bajo? 100% worth it!",13507,0.058956787429070276
labuanbajo,3900000000,4545,54,4,9,2026-03-22 05:28:54+00:00,"If you’re planning a 3 day 2 night Komodo boat tour from Labuan Bajo, day two is usually the busiest and most memorable.

It typically starts with a sunrise hike on Padar Island, followed by stops like Pink Beach for swimming and snorkelling, and Komodo Island to see Komodo dragons in their natural habitat.

In the afternoon, most tours include more relaxed stops. Swimming, small island visits, and time to unwind before heading toward areas where flying foxes fill the sky at sunset.

Evenings are spent back on the boat with dinner, drinks, and a pleasantly social atmosphere with the rest of the group.

If you’re researching Komodo itineraries, this is the day that really shows what the trip is about.

#OnlyThingTravel #TravelTok #Komodo #LabuanBajo #indonesia🇮🇩",67,0.014741474147414741
labuanbajo,3900000000,3388,149,9,7,2026-05-24 11:16:23+00:00,"Swimming in the magical saltwater of Rangko Cave 🌊✨

This hidden cave is located near Labuan Bajo on Flores Island, and the water inside is naturally connected to the ocean beneath the rocks. The best time to visit is around midday, when sunlight enters through the opening above and turns the water bright turquoise 💎☀️

You can reach it by a short boat ride + a small walk through the village and jungle. Definitely one of the most unique swimming spots I’ve seen in Indonesia 🇮🇩 Save this place for your future Komodo trip 🤍

#rangkocave #labuanbajo #indonesia #floresisland #cave",165,0.048701298701298704
labuanbajo,3900000000,100200,2786,23,302,2026-05-12 04:34:14+00:00,"Kalau ke Labuan Bajo tapi tetap mau stay nyaman tanpa budget terlalu tinggi, Zasgo Hotel bisa jadi pilihan worth it 👀

Lokasinya strategis, dekat bandara & pelabuhan—jadi enak buat yang mau island hopping ke Komodo 🛥️

Highlight hotel ini:
• rooftop pool dengan view laut 🌊
• sunset spot yang cantik banget
• kamar modern & nyaman buat recharge
• ada rooftop restaurant buat dinner dengan city + ocean view ✨

Harga kamar biasanya mulai sekitar 500–700 ribuan per malam tergantung season.
Menurut gue untuk fasilitas & view-nya, ini termasuk value for money di Bajo 🫶

Cocok buat:
✔️ solo trip
✔️ couple trip
✔️ short stay di Labuan Bajo
✔️ budget-friendly stay dengan view bagus

Dan honestly… rooftop sunset-nya underrated banget 😭

#labuanbajo #komodo #staycation",3111,0.031047904191616765
labuanbajo,3900000000,100500,1849,49,1075,2026-04-06 02:33:14+00:00,"🌹69 Resort & Beach Club Labuan Bajo 🌅✨

Cocok buat healing, honeymoon, atau sekadar kabur dari rutinitas ✈️

Sekali datang… susah move on! 🥹✨

📍Info lengkap & pemesanan: klik tag lokasi di postingan ini 

#69resortlabuanbajo #wisatalabuanbajo #labuanbajo #staycationlabuanbajo #sunsetlovers",2973,0.029582089552238806
labuanbajo,3900000000,37300,1067,11,21,2026-03-20 08:26:12+00:00,"If you’re planning a trip to Komodo National Park, it’s easy to think the entire experience revolves around seeing Komodo dragons.

And yes, that’s a big part of it.

But most tours are actually built around moving through the islands by boat over a few days. You’re constantly travelling between places like Padar Island, Pink Beach, and smaller snorkelling spots, with long stretches spent out on the water.

The experience ends up being just as much about the journey as the destinations.

That’s what makes Komodo feel different from a typical trip.

#OnlyThingTravel #TravelTok #Komodo #LabuanBajo #indonesia🇮🇩",1099,0.029463806970509383
labuanbajo,3900000000,693000,16500,70,1476,2026-05-05 06:28:04+00:00,"Kalau ke Labuan Bajo dan pengen stay dengan view laut yang bener-bener maksimal, AYANA Komodo wajib masuk wishlist 🌊

Resort ini lokasinya langsung di tepi pantai Waecicu dengan pemandangan laut Flores yang super cantik.
Hampir semua kamar punya ocean view, jadi bangun tidur langsung lihat laut & kapal-kapal di kejauhan 😭

Fasilitasnya juga lengkap:
• infinity pool menghadap laut
• private jetty untuk island hopping
• restoran & beach club
• akses sunset yang cantik banget

Yang paling enak tuh vibes-nya tenang setelah seharian explore Komodo & hopping islands 🛥️

Cocok buat:
✔️ honeymoon
✔️ luxury escape
✔️ relaxing trip di Labuan Bajo
✔️ staycation dengan view terbaik

Menurut gue ini salah satu resort dengan pengalaman stay paling memorable di Indonesia ✨

#komodo #ayanakomodo #labuanbajo #ayana",18046,0.02604040404040404
labuanbajo,3900000000,267600,13600,53,4268,2024-11-03 09:10:14+00:00,"This hotel in Labuan Bajo has insane views!
📍Loccal Collection Hotel, Lebuan Bajo (this port town is the gateway to Komodo National Park
Overall: ⭐⭐⭐.5
Views: 5/5
Rooms: 3/5
Service: 2.5/5
Value for money: 5/5
Price- We paid $249 AUD for a last minute suite. Rooms start from just $123 AUD. Rooms are basic but we came here for one thing only - those epic views at a super affordable price point! ✈ Take a 1hr flight from Bali to Lebuan Bajo. Join a liveaboard tour for slow island hopping or join a day trip. 
.
.
.
#labuanbajo #komodoisland  #indonesiatravel #hotelreview  #balitravel #luxuryonabudget",17921,0.06696935724962631
labuanbajo,3900000000,1400000,124100,1225,26100,2025-04-07 17:28:19+00:00,"💥Thanks to your support on this video, you can now use the discount code ✨UNLOCKEDESTINATIONS✨ to get IDR 200,000 off your Komodo boat tour booking with Waturanda Trip!🩵 

This is your sign to take a boat tour to Komodo!⛵🐉✨

When we found out about this incredible experience, we booked our flight to Labuan Bajo right away to see Komodo with our own eyes. It’s just a short flight from Bali (about 1 hour), so it’s super easy to get there! ✈️ And let us tell you, it was one of the best decisions we've ever made.🩵

From stunning landscapes and the most beautiful sunsets to seeing Komodo dragons, manta rays, and incredible marine life, this trip was truly unforgettable.🌅🐠🪸 Plus, connecting with the people on our boat made it even more special.🥹This has definitely been one of the best experiences of our lives!🧡

@waturandatrip made it all possible, taking us to the most stunning spots on the islands.🏖️ All we had to do was relax and enjoy, they handled everything.✨ One of the best parts? The boat tour includes a professional photographer that captures every incredible moment of the trip!📸🫶🏻

If you’re looking for an adventure that combines breathtaking landscapes with meaningful connections, this is it! Trust us, you won’t want to miss this.🤍

👇🏻 Want us to make videos about the specific places we visited? Drop a comment below! And don’t forget to save this tiktok for your future trip to Komodo! 📌

#komodoislands #komododragons #komodo #komodoindonesia #labuanbajo #bali #indonesia #boattrip #travelgram #travelphotography #beautifuldestinations #paradiseisland #indonesiatravel #hiddengems #islandlife #sailingadventures #traveltips",151425,0.10816071428571429
labuanbajo,3900000000,100100,880,9,47,2026-04-18 15:10:34+00:00,"Maapin ya mah 😭 terlalu cantip hotel nya ga bisa akutu 😩🙏, harus YOLO  donk kalo kata Gen Z #labuanbajo #hotelayanakomodo #hotelayanakomodo #labuanbajoindonesia #hotellabuanbajo",936,0.00935064935064935
labuanbajo,3900000000,549800,30700,82,8185,2025-05-31 15:14:49+00:00,"📍 Ayana Komodo 

@AYANA Hotels 

#hotel #hotelrecommendation #hotelview #labuanbajo #labuanbajoindonesia #labuanbajotrip #wheretostay #ayana #ayanahotelkomodo #travel #fyp",38967,0.07087486358675882
labuanbajo,3900000000,18200,392,16,44,2026-01-15 04:04:29+00:00,"POV : Exploring three of Labuan Bajo’s finest land trips with Meruorah Komodo Labuan Bajo. 

From smooth transitions between destinations to well-paced itineraries and effortless comfort, every detail is carefully designed to let the experience unfold naturally. 

Here, travel feels seamless, allowing you to stay present, connected, and fully immersed in the beauty of Labuan Bajo. 

Begin your journey with Meruorah Komodo Labuan Bajo, and let every road lead you effortlessly to discovery.

#Meruorah #LabuanBajo #PlaceToGo",452,0.024835164835164836
labuanbajo,3900000000,1400000,63300,249,12800,2025-10-13 11:03:21+00:00,"Healing trip di Labuan Bajo! Relax, unwind, and recharge 🛖🍃 #labuanbajo
#privateresort #hiddengems #traveltiktok",76349,0.054535
labuanbajo,3900000000,92300,2703,71,865,2025-08-12 16:44:40+00:00,"Cheapest & most ethical way to explore the Komodo Islands! 🐉🇮🇩

‼️Skip the unethical whale shark tours in Bali & fly into Labuan Bajo for just £60! 

⛵️We did a £75 full-day trip with @GetYourGuide included Pedar island, pink beach, Komodo National Park & the best snorkelling of my life - we saw so many turtles!! 

💛 Get 5% off any get your guide tour with my code KIAYATRAVELS5! 

🇮🇩 One of my fave days in 6 months of travelling, add this to your Indonesia bucket list! 

#komodoisland #indonesia ##komodo #travel #traveltips",3639,0.03942578548212351
labuanbajo,3900000000,2520,130,1,3,2026-05-28 00:52:34+00:00,rich in life because i witness this in person 🥹💗 #komodo #pinkbeach #indonesia #labuanbajo #fyp,134,0.05317460317460317
labuanbajo,3900000000,184500,7290,51,771,2026-05-15 14:20:07+00:00,"Bukan Maldives, tapi ternyata ada di Indonesia! 😱🏝️ 69 Resort & Beach Club di Labuan Bajo punya air sebening kaca, infinity pool yang nyatu sama laut, dan sunset yang bikin speechless. Tempat ini wajib masuk wishlist liburan kamu! ✨🌊
#LabuanBajo #69Resort #BeachClubIndonesia #HiddenGemIndonesia #fyp",8112,0.04396747967479675
labuanbajo,3900000000,1479,64,1,2,2026-04-27 09:45:55+00:00,Bahagia seribu kali seribu satu kali walaupun panas-panasan 𓇼  𓆡 #pinkbeach #pinkbeachlabuanbajo #labuanbajo #wonderfulindonesia #pesonaindonesia,67,0.045300878972278566
labuanbajo,3900000000,380900,27700,225,2604,2026-05-08 01:38:47+00:00,"POV: You thought Pink Beach was already beautiful… then a deer appeared 🦌🌸✨

This place feels like a dream — pink sand, crystal clear water, and nature at its finest 🌊💖

Want to experience Pink Beach in real life?
DM me “PINK” for the best trip recommendations 📩

#PinkBeach #LabuanBajo #KomodoIsland #PinkBeachIndonesia #traveltiktok",30529,0.08014964557626673
labuanbajo,3900000000,7047,362,5,51,2026-04-16 07:07:00+00:00,"Bring me back to Labuan Bajo 🌅🌊

#bajo #labuanbajo #visitindonesia #wonderfulindonesia #komodoisland",418,0.05931602100184476
labuanbajo,3900000000,1504,32,1,3,2026-02-19 12:13:30+00:00,"Nambah lagi bucket list hidden gem di Bajo👀
Kalo gua ini sepi, bakal ngerasa berenang di private pool yang beninggg bgt

#fyp #xyzbca #solotravel #labuanbajo #goarangko",36,0.023936170212765957
labuanbajo,3900000000,298,18,0,0,2026-06-02 13:43:38+00:00,"yuk klik lokasi hijau untuk tau harga permalamnya 
bisa pesan langsung dari tiktok juga loh
#loccalcollectionhotellabuanbajo #santorinlabuanbajo #labuanbajo #miki683 #creatorsearchinsights",18,0.06040268456375839
labuanbajo,3900000000,1516,153,10,20,2026-06-02 05:32:36+00:00,"masih ga nyangka aku bisa dateng ke desa tercantik kedua di dunia☹️ tracking kurang lebih 2 jam tapi viewnya gaada yang gagal dong?! kalo malem ada milkyway cuma ga beruntung waktu itu, mau banget balik lagi!!🛖💌
#waerebo #waerebovillage #ntt #labuanbajo #fyp",183,0.12071240105540897
labuanbajo,3900000000,5886,210,1,17,2026-05-19 07:00:58+00:00,"the deer though?? 😭😭 #labuanbajo #indonesia 
trip with @eastindonesiatrip.id :)",228,0.03873598369011213
labuanbajo,3900000000,1400000,81900,721,14400,2026-03-07 05:36:16+00:00,"Makan siang di atas kapal phinisi dengan view pulau - pulau yang indah 🏖️⛵️🪸
#labuanbajo #padaria",97021,0.06930071428571428
labuanbajo,3900000000,1100000,6670,128,655,2026-05-02 07:09:26+00:00,"Sound nya udah sampe komodo, orangnya aja yang belum🔥✅#kicaumania #kicaumaniaindonesia #labuanbajo #komodoisland",7453,0.0067754545454545454
labuanbajo,3900000000,71500,4496,59,1540,2026-04-21 08:41:45+00:00,"Full trip details below 🐉✨

Day 1 – Board at Labuan Bajo, snorkelling at Sebayur Island, sunset cruise on the boat

Day 2: Snorkelling with manta rays, Komodo Island, sunset hike at Padar Island, bat migration at Kalong Island, Seafood barbecue on the boat

Day 3: Pink Beach stop, final snorkelling at Manjarite Island, island hike at Kelor Island, Manta Point, return to Labuan Bajo

#komodoisland #indonesia #manta #snorkeling #sailboat",6095,0.08524475524475525
labuanbajo,3900000000,6224,1967,6,20,2026-05-31 21:22:43+00:00,#labuanbajo #pinkbeach #labuanbajoindonesia,1993,0.3202120822622108
labuanbajo,3900000000,27900,1282,31,790,2026-05-24 01:30:31+00:00,are u seeing that view at the end after climbing 272826722 steps??? what an adventure it was to live aboard 😀 highly recommend @eastindonesiatrip.id @gammaraphinisi,2103,0.07537634408602151
labuanbajo,3900000000,5128,225,4,3,2026-04-18 16:15:47+00:00,"Trusted by travelers from around the world. 🌍
Unforgettable moments, stunning destinations, and genuine local experiences.

This is what they say about their Komodo trip.

Ready to create your own story?
DM us to book your trip.

#labuanbajotrip #floresindahtour #komodotrip #sharetripkomodo #opentripkomodo",232,0.0452418096723869
labuanbajo,3900000000,1234,159,21,5,2026-06-01 10:47:04+00:00,"📍Cunca plias 
#komodoisland #labuanbajo",185,0.14991896272285252
labuanbajo,3900000000,157000,26700,193,3289,2026-05-09 11:36:30+00:00,Lukisan di Labuan Bajo 🖼️,30182,0.1922420382165605
labuanbajo,3900000000,15600,387,70,243,2026-04-22 22:10:11+00:00,"🏝️You’ll LOVE this Bali add-on! 

Why not try add-on somewhere different to your Bali Itinerary and head to Labuan Bajo the gateway to the Komodo Islands 🏝️…

⏭️ My itinerary, detailed guide & hotel & boat suggestions - https://the-savvytourist.com/things-to-do-in-labuan-bajo-itinerary/

It’s only an hour flight from Bali! Do, skip the traffic and jump on a flight instead and discover the beautiful beaches & reefs of the Komodo Islands.

#bali #komodoislands #labuanbajo",700,0.04487179487179487
labuanbajo,3900000000,451,35,1,1,2026-06-01 16:17:58+00:00,"Can someone take me back to Labuan Bajo?🥹
#labuanbajo #travelling #traveltok #beach",37,0.082039911308204
labuanbajo,3900000000,748,18,0,0,2026-06-02 08:21:03+00:00,"Jenazah Dua Wisatawan Austria yang Jatuh dari  Jembatan Cunca Wulang Labuan Bajo Segera Dipulangkan

Download aplikasi berita TribunX di Play Store atau App Store untuk dapatkan pengalaman baru.

TRIBUNFLORES.COM, LABUAN BAJO – Setelah hampir sepekan sejak  Minggu 24 Mei 2026, jenazah dua wisatawan asing masih berada di ruang jenazah RSUD Komodo, Labuan Bajo, Kabupaten Manggarai barat. 

dua wisatawan asal Austria yang meninggal dalam insiden ambruknya jembatan di objek wisata Cunca Wulang akhirnya dijadwalkan segera dipulangkan.

Kepala Dinas Pariwisata Kabupaten Manggarai Barat, Petrus Antonius Rasyid, mengatakan proses pemulangan jenazah masih menunggu penyelesaian administrasi dari pihak terkait. 

Artikel ini telah tayang di Tribunflores.com dengan judul Jenazah Dua Wisatawan Austria Segera Dipulangkan, Biaya Ditanggung Asuransi, https://flores.tribunnews.com/manggarai-barat/61117/jenazah-dua-wisatawan-austria-segera-dipulangkan-biaya-ditanggung-asuransi.

Video lengkapnya bisa ditonton di YouTube TribunFlores.com dengan judul Jenazah Dua Wisatawan Austria yang Jatuh dari  Jembatan Cunca Wulang Labuan Bajo Segera Dipulangkan, https://youtu.be/qq3BDPFZZRk

Penulis Berita: Tari Rahmaniar
Editor Berita: Hilarius Ninu
Editor Video: Ian Taopan

#wisatawan #cuncawulang #labuanbajo
#TribunFlores
#TribunFloresCom
#FloresUpdate
#FloresHariIni
#FloresTerkini
#BeritaFloresHariIni
#Tribunnews
#Viral #ViralNews #BeritaViral
#Trending #HotTopic #WargaNet
#BeritaHariIni
#BeritaTerkini
#BeritaNasional
#Video
#Shorts",18,0.02406417112299465
labuanbajo,3900000000,27800,800,2,2,2026-06-02 10:44:56+00:00,"island trip

#nttpride🏝🔥 #labuanbajo #padarisland #pinkbeach",804,0.028920863309352517
labuanbajo,3900000000,252,25,1,1,2026-06-02 11:47:59+00:00,"Tempat sebagus ini ada di Bajo🤩
#labuanbajo #nttpride🏝🔥 #fyp",27,0.10714285714285714
labuanbajo,3900000000,146,5,0,0,2026-06-02 10:16:19+00:00,"NTT Terkini
Energi Kebaikan Iduladha dari Insan PLN untuk Labuan Bajo

Artikel ini telah tayang di Pos-Kupang.com dengan judul Energi Kebaikan Iduladha dari Insan PLN untuk Labuan Bajo, https://kupang.tribunnews.com/news/965628/energi-kebaikan-iduladha-dari-insan-pln-untuk-labuan-bajo.

VE : CM
VO : CM
#plnntt #labuanbajo #kurban #iduladha #flores",5,0.03424657534246575
labuanbajo,3900000000,2300000,286800,121,19600,2026-04-06 10:26:25+00:00,labuan bajoo,306521,0.13327
labuanbajo,3900000000,29400,6728,15,200,2026-05-31 16:43:46+00:00,labuan bajo 🇮🇩📍#labuanbajo,6943,0.236156462585034
labuanbajo,3900000000,1223,59,0,5,2026-06-01 13:14:09+00:00,"NTT ( Negeri Titipan Tuhan ) 
#labuanbajo #padarisland #pinkbeach",64,0.05233033524121014
labuanbajo,3900000000,7605,634,5,42,2026-06-01 08:55:13+00:00,"If you’re scared, do it scared 🥰 #fyp #xyzbca #labuanbajo",681,0.08954635108481263
labuanbajo,3900000000,1593,46,2,7,2026-05-14 08:22:14+00:00,"If you’re craving somewhere that still feels wild, unreal, and not completely overrun by tourists yet… this is your sign 🌴✨

Here are 10 reasons why Labuan Bajo should be on your bucket list 👇🏼

1. Seeing the views over Padar Island 
2. Swimming at Pink Beach  
3. Visiting the Komodo Dragons at Komodo National Park  
4. Swimming with manta rays at Taka Makassar  
5. Watching sunset at UNIQUE Rooftop Bar at AYANA Komodo 
6. Having breakfast at @BayViewGardens 
7. Swimming at Cunca Wulang Waterfall  
8. Relaxing at Naga Bar at AYANA Komodo 
9. Swimming at Cunca Plias Waterfall  
10. Watching sunset at Le Bajo Flores 

This was honestly one of the most underrated destinations I’ve ever visited 🌺🐠⛰️

⬇️ Save this for the day you finally book the trip

#LabuanBajo #IndonesiaTravel #BucketListTravel",55,0.03452605147520402
labuanbajo,3900000000,654,27,5,15,2026-06-01 20:31:37+00:00,"Labuan Bajo with Rm 1500
for 5 days 4 nights. if nk full details, comment labuan bajo...i will share the details. 
#labuanbajo #travel #budget #vacation #indonesia",47,0.07186544342507645
labuanbajo,3900000000,1000000,13700,144,4872,2025-10-18 05:09:06+00:00,Komodo at komodo island🐉#komodo #komododragon #labuanbajo,18716,0.018716
labuanbajo,3900000000,5555,492,1,9,2026-04-16 12:55:13+00:00,"Forever my happy place 🏝️🌊🌺🌅🐚🌞 

📍Sababi Island, Flores | Indonesia 🇮🇩 

#indonesia #flores #labuanbajo",502,0.09036903690369037
labuanbajo,3900000000,4800000,463000,1232,53000,2026-04-16 05:12:03+00:00,"cuy, rusa aja nyantai di pantai, ya kali kalah ma rusa 😂😂

#fyp #traveler #labuanbajo",517232,0.10775666666666667
labuanbajo,3900000000,742,34,0,0,2026-06-02 08:43:51+00:00,"KSOP Labuan Bajo Kembali Buka Izin Pelayaran ke Taman Nasional Komodo

Download aplikasi berita TribunX di Play Store atau App Store untuk dapatkan pengalaman baru.

TRIBUNFLORES.COM, LABUAN BAJO - Otoritas pelabuhan kembali membuka izin pelayaran bagi kapal wisata maupun transportasi laut menuju Pulau Komodo dan sekitarnya di Kabupaten Manggarai Barat.

Dikutip dari KOMPAS.COM, Kepala Kantor Kesyahbandaran dan Otoritas Pelabuhan (KSOP) Kelas III Labuan Bajo, Stephanus Risdiyanto, mengatakan bahwa aktivitas pelayaran tersebut sudah dinyatakan aman dan dibuka kembali sejak Minggu, 31 Mei 2026.

Meski telah dibuka, KSOP menegaskan tetap memantau ketat perkembangan cuaca dari Badan Meteorologi, Klimatologi, dan Geofisika (BMKG) yang bersifat dinamis.

Sumber: https://regional.kompas.com/read/2026/06/01/123922178/pelayaran-ke-pulau-komodo-kembali-dibuka-tinggi-gelombang-12-meter.

Video lengkapnya bisa ditonton di YouTube TribunFlores.com dengan judul KSOP Labuan Bajo Kembali Buka Izin Pelayaran ke Taman Nasional Komodo, https://youtu.be/mPFiXNen5a8

Sumber Berita: Kompas.com
Editor Video: Ian Taopan

#tamannasionalkomodo #labuanbajo 
#TribunFlores
#TribunFloresCom
#FloresUpdate
#FloresHariIni
#FloresTerkini
#BeritaFloresHariIni
#Tribunnews
#Viral #ViralNews #BeritaViral
#Trending #HotTopic #WargaNet
#BeritaHariIni
#BeritaTerkini
#BeritaNasional
#Video
#Shorts",34,0.04582210242587601
labuanbajo,3900000000,68000,6481,58,565,2025-11-28 07:00:53+00:00,"Welcome to Labuan Bajo 🌴✨
A gateway to Komodo National Park, where every wave carries a story and every island hides a legend 

#phinisea #labuanbajo #phiniseaindonesia #komodotrip",7104,0.10447058823529412
labuanbajo,3900000000,137300,1752,184,1351,2025-03-16 09:52:11+00:00,"Comment Komodo and I’ll send you the hotel link 🙌🏻. 

You can fly direct (and cheaply) from Bali to Labuan Bajo and from Perth to Bali with AirAsia!

I’m travelling through Indonesia as part of @Fly AirAsia Travellers squad! Follow along for more Indo Travel Tips!

#gosomewheredifferent #flyairasia #flytheworldchampion #labuanbajo #komodoislands #flores #indonesia #maldives #asia #southeastasia",3287,0.02394027676620539
labuanbajo,3900000000,5102,210,1,3,2026-06-01 12:46:50+00:00,Sista#labuanbajo #nttpride🏝🔥,214,0.041944335554684437
labuanbajo,3900000000,308900,43900,135,5798,2026-04-09 13:29:43+00:00,#labuanbajo,49833,0.1613240530916154
labuanbajo,3900000000,135900,2051,150,266,2026-05-25 00:37:23+00:00,"Dua turis asal Austria, Jurgen (54) dan Astrid (56), tewas terperosok dari jembatan gantung di obyek wisata Air Terjun Cunca Wulang, Kabupaten Manggarai Barat, Nusa Tenggara Timur, Minggu (24/5/2026).

Kepala Kantor SAR Maumere Fathur Rahman mengatakan, korban terjatuh saat berjalan di jembatan gantung yang pijakannya terbuat dari papan kayu, saat hendak memasuki area Cunca Wulang.

Wakil Bupati Manggarai Barat dr Yulianus Weng menuturkan, korban masuk ke lokasi wisata secara legal setelah melapor ke petugas loket penjagaan. Mereka juga diketahui berjalan melewati jalur treking yang semestinya.

""Soal kondisi jembatan sebelumnya, belum ditahu pasti kondisinya,"" ujarnya, Minggu.

🎥: Dok. Pos SAR Labuan Bajo

Penulis: Apolonia Ineru Bahali, Irfan Maullana
Kreatif: Jessica Meisya Kurnia
Produser: Reza Kurnia Darmawan

~J #LabuanBajo #Peristiwa #read",2467,0.018153053715967624
labuanbajo,3900000000,232500,31100,79,6017,2026-05-28 01:32:04+00:00,"me & you & labuan bajo? ☀️🌊👙🏝️

#travel",37196,0.15998279569892473
labuanbajo,3900000000,265800,9162,61,2698,2025-08-13 15:31:53+00:00,"found a hidden paradise in Labuan Bajo 🏖️🥥🌊🌺
@Katamaran Resort Komodo 

#katamaran #labuanbajo #katamaranresort #katamarankomodo",11921,0.044849510910458995
labuanbajo,3900000000,1949,92,1,11,2026-05-03 01:18:47+00:00,"Lari with a view 📍Pink Beach
#labuanbajo #travelling #komodo",104,0.05336069779374038
labuanbajo,3900000000,12900,437,8,15,2026-01-07 06:12:59+00:00,"Are humans okay? 

#bali #komodo #pinkbeach #pinksandbeach #labuanbajo",460,0.03565891472868217
labuanbajo,3900000000,1200000,156700,483,4459,2025-07-17 09:17:43+00:00,"A month ago, I went to the wrong pink beach in Indonesia 😅🌸

The comments dragged me “That’s not the REAL one!” “Bro went to the fake Pink Beach!” 😂

So I had to make it right…
I packed my bags and flew to Labuan Bajo to see the REAL Pink Beach with my own eyes 👀💯

And now I’m asking YOU…

Is this pink beach better than your pink beach?
Calling all islanders around the world let’s settle this once and for all 🌍🏝️👇

#PinkBeach #IndonesiaTravel #LabuanBajo #ViralBeach #IsThisYourBeach #IslandVibes #TravelFailTurnedWin #AroundTheWorld #BeachBattle #Wanderlust #komodoislands #komodonationalpark",161642,0.13470166666666666
labuanbajo,3900000000,388100,17100,55,4073,2025-09-06 17:07:03+00:00,"✨ À seulement une heure de Bali se trouve Pink Beach, sur l’île de Komodo, mondialement connue pour son sable rare aux reflets roses.

⛵️ Comme il est difficile de passer la nuit sur Komodo, deux options s’offrent à vous : séjourner à Labuan Bajo, sur l’île voisine de Florès, ou embarquer pour une croisière de 3 à 4 jours depuis Bali.

🌸 Pink Beach fait partie des sept seules plages naturellement roses au monde. Sa couleur magique provient d’un mélange de sable blanc et de minuscules fragments de corail rouge.

#pinkbeach #traveltiktok #travel #komodo #travelinspo",21228,0.05469724297861376
labuanbajo,3900000000,472100,51200,235,2046,2025-06-04 10:12:36+00:00,Ayo healing ke Labuan Bajo bersama Divers paradise Komodo 📍✅⚓️🥽🏝️#jointripdiversparadisekomodo🏝️🏖️⚓️ #labuanbajo📍ntt #ariputra📸🎭,53481,0.11328320271128998
labuanbajo,3900000000,406200,4163,228,3618,2023-03-04 03:53:33+00:00,"Naik kapal phinisi ke labuan bajo start 2,5jt / orang. Berangkat setiap jumat ⛵️ #compastrip #pulaupadar #pantaipink #sailingkomodo #phinisilabuanbajo #opentripkomodo #padarisland #pinkbeach #labuanbajo #komodoisland #pulaukomodo",8009,0.019716888232397832
labuanbajo,3900000000,256,23,1,1,2026-06-01 10:44:57+00:00,"More of our Manta Ray dive. The video looks like on slowmo but its not, they glide so gracefully #MantaRays #KomodoNationalPark #ScubaDiving #MantaRays #LabuanBajo",25,0.09765625
labuanbajo,3900000000,85100,12900,114,319,2026-05-07 14:21:16+00:00,"shoutout to augustine phinisi, if you’re looking for a boat to sail from labuan bajo to komodo, check them out. they’re so family friendly too!

📍: pink beach, manta point, padar island",13333,0.15667450058754406
labuanbajo,3900000000,1000000,58500,423,10800,2025-01-11 14:15:10+00:00,"destinasi di labuan bajo yang semua orang tahu tapi nggak semua orang bisa kesini
#fyp #xyzbca #labuanbajo #labuanbajoindonesia #triplabuanbajo",69723,0.069723
labuanbajo,3900000000,6675,262,0,7,2026-04-09 07:19:49+00:00,#pinkbeach #labuanbajo,269,0.0402996254681648
labuanbajo,3900000000,894000,103700,435,8500,2024-11-26 07:49:43+00:00,"hari gini masih liat rusa di taman safari? mana maen, di labuan bajo lah langsung di pink beach🤪
#exploreindonesia #pesonaindonesia #wonderfulindonesia #traveling #komodonationalpark #exploreflores #labuanbajo #pinkbeach",112635,0.12598993288590604
labuanbajo,3900000000,443600,33700,675,6359,2025-05-05 15:34:18+00:00,"Another side of padar island⛰️

#padarisland #labuanbajoindonesia #labuanbajotrip",40734,0.09182596934174933
labuanbajo,3900000000,14800,138,15,125,2023-03-13 19:14:17+00:00,"SAILLING KOMODO CRUISE LIVEABOARD ! 

LUXURY BOAT TYPE 
Discover what makes us as
Your Choice for Sailing ! 
Welcome to Lingko liveaboard cruises in Labuanbajo. Sails up, we take you where amazing sceneries mix with underwater wonders

Program Availliable: 
 2 Days 1 night 
3 Days 2 Night 
4 Days 3 Night 

 Destination: 
- Kelor Island
- Manjarite
- Kalong rinca
- Padar Island
- Pink Beach
- Komodo island
Manta point
- Taka makasar
Siaba island 
Kanawa island
Labuan bajo
___________________________
Price Included : 
* Pick up service from Hotel / Airport
* Boat with comfort cabin AC 
* Living on board 3 days 2 night
* Daily Breakfast , Lunch and Dinner on the boat
* Sailing to more than 10 islands around East Nusa Tenggara
* Cruise Director, Chef & Boat Crew
* Lazy Bean Bed, Entertaint area & Sun Deck
* Speed Boat
* Snorkeling Set
* Mineral Water during trip
* Tour Leader & Local Guide
* Snack, Coffee & Tea during trip
* Life Jacket
_______________________
Excluded :
* Flight Ticket to Meeting Point (Labuan Bajo) 
* Personal expenses
* Komodo National Entrance Fee

#picoftheday #travelgram #instagood #photography #travel #fyp #explore #travelblogger #saillingboat #komodo #labuanbajo #jokowi #labuanbajoindonesia #labuanbajotiktok
#picoftheday #travelgram #instagood #photography #travel #fyp #explore #travelblogger #saillingboat #komodo #labuanbajo #jokowi #labuanbajoindonesia #labuanbajotiktok",278,0.018783783783783783
labuanbajo,3900000000,231500,4941,45,923,2025-05-18 06:35:59+00:00,pink beach🐚🪸#pinkbeachlabuanbajo🏝☀️🌊 #alamindonesia🌺🐬🌴🏝️#pantaiindonesia🏝️#wonderfulplacesbeautifulplaces#komodonationalpark#labuanbajo📍ntt #manggaraibarat_flores_ntt🌴🏖️ #floresisland🏝️#indonesia🇮🇩,5909,0.025524838012958965
labuanbajo,3900000000,202100,4492,213,2431,2025-08-15 06:28:44+00:00,"Membalas @Ojo geger ini gue spill budget dan itenerary one day trip luxury di Labuan Bajo dengan @labuanbajotrip_withusid! Kapan lagi coba one day trip bisa sunsetan di Pulau Kalong. 🌅

Destinasi wisatanya juga lengkap dan premium semua. Pulau Padar, Pantai Pink, Pulau Rinca (komodo) dan terakhir sunset di Pulau Kalong.

Menurut pengalaman gue pribadi ini worth it banget. Titik penjemputan langsung di hotel masing2.

#mainserudulu #JelajahWiken #travelling #labuanbajo #opentrip",7136,0.03530925284512618
labuanbajo,3900000000,76,15,0,0,2026-06-02 09:41:10+00:00,"#komodonationalpark 
#labuanbajoTrip 
#😊😊",15,0.19736842105263158
labuanbajo,3900000000,5284,291,3,8,2026-04-20 10:57:30+00:00,manifesting kembali menyentuh pasir pink iconic enih😇 #pinkbeach #labuanbajo #ntt #padarisland #komodoisland,302,0.05715367146101438
labuanbajo,3900000000,679300,64800,881,11400,2026-02-06 04:21:22+00:00,"Green season = Labuan Bajo versi paling fresh 🌱 Siap healing?

#labuanbajo #triplabuanbajo #pinkbeach #opentrip #onedaytrip",77081,0.11347122037391433
labuanbajo,3900000000,1800000,260400,1669,17900,2025-04-16 23:34:29+00:00,"kalo kata org ""the last paradise""🏝️✨
masa iya ga mau ke paradise nya indonesia😍😍
#pesonaindonesia #wonderfulindonesia #labuanbajo #exploreindonesia #padarisland #komodonationalpark #pinkbeach #triplabuanbajo #sailingkomodo #labuanbajotour #indonesia",279969,0.15553833333333333
labuanbajo,3900000000,42800,1980,34,145,2025-10-24 08:39:31+00:00,"Salah satu hote terbaik di Labuan Bajo! Mulai dari hospitality, fasilitas, sampe amenities udah kayak apotik tutup! 😍😍
.
📍Ta'aktana Resort Labuan Bajo
.
#labuanbajo #taaktanaluxuryluxurycollection",2159,0.05044392523364486
labuanbajo,3900000000,121200,9554,75,1210,2025-07-17 12:54:42+00:00,"Pov: ke labuan bajo awal juli, indaahhh 😱

Dapet brown season, cuacanya cerah, tapi ombaknya agak tinggi aja. kalian lebih suka green season atau brown season?

#labuanbajo #ntt #nttpride🏝🔥 #pulaupadar #pinkbeach #pulaukomodo",10839,0.08943069306930693
labuanbajo,3900000000,114200,2532,62,497,2025-11-09 04:18:58+00:00,"Me in Labuan Bajo : I can’t swim
Also me in Labuan Bajo : 😝 #labuanbajo #travel #ainitakeslabuabajo",3091,0.027066549912434325
labuanbajo,3900000000,20700,324,12,13,2025-11-01 15:44:30+00:00,"Is this the perfect place to stay in Labuan Bajo? 🌅

Save this and share it with someone you’d love to spend a few days with at this iconic hotel famous for its unique sunset views, stunning pools, and beautiful suites with private pools overlooking the ocean. 🩵

#labuanbajo #loccalcollection #windowofparadise #indonesia #fyp",349,0.01685990338164251
labuanbajo,3900000000,64400,7596,17,654,2026-04-27 23:30:07+00:00,"Not just a view, but a feeling you’ll carry home from Pulau Padar.”#labuanbajo #padar",8267,0.12836956521739132
labuanbajo,3900000000,240300,19400,90,3336,2025-07-12 09:55:08+00:00,"Reasons why you should be jealous of my time at @Lamain Voyages Indonesia Labuan Bajo. ✨

1. Spent the night on a yacht like a true island girl 💅
2. Hiked 20 mins up Pulau Kelor ⛰️The view? Unreal.
3. Met the OG dinosaurs at Loh Buaya 🐊 
4. Witnessing the insane sunsets onboard ☀️

I already miss living on a yacht with my besties😩
@Fly AirAsia 

#LabuanBajo #IslandLife #KomodoTrip #YachtStay #PulauKelor #KelorIsland #LohBuaya #KomodoNationalPark #airasia #LamainVoyages",22826,0.09498959633791094
labuanbajo,3900000000,128400,2005,13,414,2025-09-28 15:26:33+00:00,#labuanbajo #komodo #katamaranhotellabuanbajo #resortlabuanbajo #ntt,2432,0.018940809968847352
labuanbajo,3900000000,3393,111,5,4,2026-03-20 09:01:42+00:00,"came for the dragons, stayed for the other friends 🦈🐢🫧

@idivekomodo 

#diving #scubadiving #komodoisland #labuanbajo #fyp",120,0.03536693191865606
labuanbajo,3900000000,290100,19200,600,796,2025-01-04 08:57:45+00:00,"Banyak Hal Unik di Bajo yang bikin kota ini jadi menyenangkan👀✨

Penasaran apa aja? Nonton video ini sampe habis‼️

Nah buat kalian yang pernah ke Labuan bajo, hal unik  apa yang kalian temuin? Spill dibawah ini dong kasi tau Minjani🤝🙃

#labuanbajo #labuanbajotrip #opentriplabuanbajo #cultureshock #halunikbajo",20596,0.07099620820406756
labuanbajo,3900000000,2782,169,5,3,2026-04-26 22:35:12+00:00,"This is Padar Island in Komodo National Park 🇮🇩 
One hike. Three beaches with Pink, white and black 🤍
One of the most surreal views I've ever seen 🧡

Save this for your Indonesia trip ✈️ 

Would you hike this?

#padarisland #komodoisland #labuanbajo #indonesiatravel #pinkbeachindonesia",177,0.06362329259525522
labuanbajo,3900000000,60500,952,21,185,2025-09-05 16:18:56+00:00,A must visit place in labuan bajo@69 Resort by Loccal Collection @DTour Komodo #beachclub #labuanbajo #fypage #oceanview #food,1158,0.019140495867768594
labuanbajo,3900000000,967600,36700,652,1707,2025-01-16 11:23:34+00:00,"New katamaran Komodo at Labuan Bajo🌌🫶
. 
. 
. 
#katamarankomodo #labuanbajo #labuanbajotrip #sunset #katamaranhotellabuanbajo #katamaran  #nttpride🏝🔥",39059,0.0403668871434477
labuanbajo,3900000000,309000,2598,13,57,2025-05-06 11:37:44+00:00,"Labuan Bajo tuh gak cuma cantik, tapi magis!

Bayangin bangun pagi dengan pemandangan laut biru jernih, dikelilingi pulau-pulau eksotis, semuanya ada di sini! 

Dari 1-10, seberapa pengen Sahabat IK ke Labuan Bajo?

#IndonesiaKayaWisata #LabuanBajo #PesonaLabuanBajo #EksplorNTT #IndonesiaKaya",2668,0.00863430420711974
labuanbajo,3900000000,5800000,530700,6313,52500,2024-05-21 11:50:23+00:00,"Alhamdulillah bisa dikasih kesempatan buat liat cantiknya labuan bajo, seindah itu ciptaanmu ya Allah 😍🥰 #labuanbajo #labuanbajoindonesia #labuanbajotrip #labuanbajotiktok #fyp #masukberanda",589513,0.1016401724137931
labuanbajo,3900000000,5087,974,9,22,2024-05-25 07:51:44+00:00,"Ke #LabuanBajo cuma 3 hari? Emang bisa?

Bisa dong!

Gue berangkat Jumat pagi dari Bali ambil flight pertama dan pulang minggu pagi. Kalo dibilang sih cuman 2x24 Jam.

Selama di Bajo, gue pake jasa @PT LAND AND SEA BAJO TRANS untuk trip dan semua keperluan gue. Sama mereka pokoknya beres deh, mulai jemput dari airport hingga anterin kemana-mana.

#TravelVlog #ExperienceSeru #TTPetualangNewbie #TTPetualangMaster #TTpetualangPro #FoodfestonTiktok #Serunyakuliner 
#WonderfulIndonesia",1005,0.19756241399646157
labuanbajo,3900000000,22800,411,13,202,2026-01-10 14:48:32+00:00,#pinkbeach #placetogo #honeymoon #labuanbajo,626,0.027456140350877192
labuanbajo,3900000000,613,123,7,12,2026-01-28 15:00:44+00:00,wisata alam labuhan bajo di Indonesia yang cemerlang.,142,0.23164763458401305
labuanbajo,3900000000,374600,29300,163,1850,2024-05-22 14:20:22+00:00,"Pink beach has my heart💗 
#labuanbajo #pinkbeach #komodoisland",31313,0.0835904965296316
labuanbajo,3900000000,1178,35,2,3,2025-09-27 10:46:54+00:00,"Berwisata ke Pulau Bedil Labuhan Bajo bersama rekan² Guru SDN labuhan Bajo...
Guide @r.je75 
#pulaubedil #wisatasumbawa #labuhanbajo",40,0.03395585738539898
labuanbajo,3900000000,967,44,4,2,2025-08-28 12:30:47+00:00,"yang mau ngerasain experiens baru dari Lombok ke labuhan bajo naik kapal dengan view yang sangat mahal bisa hubungi @kareemtheexplorer_offici 
#lombok #bajo #komodo #pinkbeach #padarisland",50,0.05170630816959669
labuanbajo,3900000000,822200,132600,308,9117,2025-01-06 22:12:52+00:00,Labuan bajo has a special place in my heart #indonesia #travel #flores,142025,0.17273777669666748
labuanbajo,3900000000,589,22,0,0,2026-06-02 09:53:53+00:00,Guys takkan tak terliur nk ambik view di Labuan Bajo 🤭 #fypシ #travel #fypシ゚viral,22,0.03735144312393888
labuanbajo,3900000000,888,28,2,0,2026-04-08 17:08:37+00:00,Is this the nicest seaview hotel in Indonesia ?! #indonesia #travel #hotel #labuanbajo #sunsetlover,30,0.033783783783783786
labuanbajo,3900000000,25400,236,7,86,2025-10-06 06:10:26+00:00,"Spent five days in Labuan Bajo, most people only stay one or two so definetly go to explore. Here Are my top tips, since this town has more to offer then just the end of Komodo tour

#traveltips #indonesia #backpacking #budgettravel #travelplanning",329,0.012952755905511811
labuanbajo,3900000000,439600,21100,151,5042,2025-12-01 10:21:36+00:00,this is normal? peninggg !!! #fyp #foryou,26293,0.059811191992720655
labuanbajo,3900000000,29900,2262,14,569,2026-01-23 16:11:49+00:00,"The Most Beautiful Sunset in Labuan Bajo
#labuanbajo",2845,0.0951505016722408
labuanbajo,3900000000,345000,8665,97,7340,2025-07-21 11:00:56+00:00,Labuan Bajo is a must-visit if you’re traveling to Indonesia ⛵️🇮🇩,16102,0.04667246376811594
labuanbajo,3900000000,2400000,55900,1259,1850,2025-12-30 01:36:52+00:00,#kapaltenggelam #labuanbajo #fernando #valenciacf #labuanbajoindonesia,59009,0.024587083333333332
labuanbajo,3900000000,441,42,1,1,2026-06-02 10:51:04+00:00,#labuanbajo #lombok #indonesia #travel #fyp,44,0.09977324263038549
labuanbajo,3900000000,6413,510,8,92,2025-10-03 13:44:55+00:00,"One of the best sunsets I’ve ever seen🥹

#labuanbajo #sunset",610,0.09511928894433183
labuanbajo,3900000000,418200,43100,40,2602,2026-04-20 02:45:11+00:00,Dunia harus tau kalau Labuan Bajo se keren ini🔥🔥✅#raimlaode #coversong #trendingvideo #nttpride🏝🔥fypシviral #labuanbajo,45742,0.10937828790052606
labuanbajo,3900000000,1009,34,1,1,2026-06-01 10:58:26+00:00,"Ga pake mahal trip bareng kita
#labuanbajo #padarisland",36,0.035678889990089196
labuanbajo,3900000000,1300000,184100,731,26800,2026-01-29 10:24:15+00:00,"masuk wishlist 2026 ga sih labuan bajo??🤩🤩
#komodonationalpark #labuanbajo #triplabuanbajo #labuanbajotour #opentriplabuanbajo #onedaytriplabuanbajo #pulaupadar",211631,0.16279307692307693
labuanbajo,3900000000,64200,3013,24,1230,2026-05-27 00:03:56+00:00,"kapan lagi trip labuan bajo dapat harga semurah ini🥰🥰
Trip information & booking here 👇
📲 Whatsapp : (+62) 813-1966-481
📲 Whatsapp : (+62) 821-8480-4917
#privatetriplabuanbajo #opentriplabuanbajo #onedaytriplabuanbajo #opentripmurah #triplabuanbajo",4267,0.06646417445482866
labuanbajo,3900000000,2842,55,2,7,2026-04-13 16:15:32+00:00,"C’est que la 3ème fois que j’y vais hein 😍 un de mes endroits préférés à Komodo : Seaesta Hôtel. C’est un hôtel hyper moderne à 60€/nuit pour une chambre privée, mais aussi une auberge de jeunesse à 13€/nuit. J’organise des groupes de voyage entre filles et c’est là qu’on va loger le mois prochain pour notre séjour plongée ! Trop hâte de leur faire découvrir ça 🤗

#labuanbajo #sunsetspot #komodo #seaestakomodo #plongée",64,0.022519352568613652
labuanbajo,3900000000,804500,52700,174,5777,2024-06-28 08:58:09+00:00,"Save this for your bucket list 🎀💖🌸💗💘 

#indonesia #pinkbeach #pinkbeachlabuanbajo",58651,0.07290366687383468
labuanbajo,3900000000,21900,1330,13,334,2026-04-09 01:03:01+00:00,caught between islands and sunsets #labuanbajo #lombok #indonesia🇮🇩,1677,0.07657534246575343
labuanbajo,3900000000,693,39,0,1,2026-06-02 04:04:52+00:00,"💦Jump In! The water around Bajo Island is too clear to stay on the boat.

—
#labuanbajo #visitlabuanbajo #visitkomodotrip #triptolombok #wonderfulindonesia",40,0.05772005772005772
labuanbajo,3900000000,44600,1031,11,140,2025-09-11 16:02:11+00:00,"Finally touched down in paradise. Hello, Labuan Bajo🩵🍃

#landing
#labuanbajo
#labuanbajoindonesia
#floresntt
#komodoairport",1182,0.026502242152466368
labuanbajo,3900000000,926,36,1,1,2026-03-21 14:53:35+00:00,"A tiny island, endless serenity. 🌿
Welcome to Kelor Island — where crystal waters meet peaceful escape.

#KelorIsland #LabuanBajo #KomodoTrip #IslandEscape #TravelIndonesia",38,0.04103671706263499
labuanbajo,3900000000,72800,4785,9,631,2025-11-14 13:36:44+00:00,Rekomendasi hotel Labuan Bajo view laut & sunset #labuanbajo #komodo #sunset #nusatenggaratimur,5425,0.07451923076923077
labuanbajo,3900000000,1200000,243400,388,21700,2026-03-24 11:24:00+00:00,"Jatuh cinta yang gaakan bikin sakit cuma jatuh cinta dgn keindahan semesta, termasuk sunset di dalamnya. #sunset #labuanbajo #fyppppppppppppppppppppppp #creatorsearchinsights #senjasorehari",265488,0.22124
labuanbajo,3900000000,413600,32900,481,2389,2025-09-12 10:15:57+00:00,"🌇🌅

#labuanbajo #nttpride🏝🔥 #sunset #fyp #flores",35770,0.08648452611218568
labuanbajo,3900000000,38600,229,30,247,2026-02-10 03:21:28+00:00,"For more info, trip details, pricelist, bookings, please contact us

📞+62 812 1187 7720, +62 853 3838 3322
📧bajofamilia.adm@gmail.com
🌐www.bajofamilia.com

#bangjo  #labuanbajo #labuanbajotrip #holiday #komodoisland",506,0.013108808290155441
labuanbajo,3900000000,1043,24,0,0,2023-02-03 07:51:38+00:00,"jalan jalan ke laboan bajo 
#piknik  #laboanbajo #healing #tamasya #indonesiaindah #negerikuindonesia #kapallaut #kapalpinisi #berlibur #liburan",24,0.023010546500479387
labuanbajo,3900000000,1600000,215400,901,7449,2023-07-05 14:30:06+00:00,Was waiting for the green flash at the end…🤞🏼🤞🏼 #labuanbajo #indonesia #piratesofthecaribbean #oneday #sunset,223750,0.13984375
labuanbajo,3900000000,72100,923,18,11,2024-01-04 14:53:16+00:00,Kepulauan dilabuhanbajo memang bikin mempesoma #purnomobelajarbaik #labuhanbajo #indonesia,952,0.01320388349514563
labuanbajo,3900000000,152900,12400,256,1371,2022-12-01 13:37:26+00:00,liburan terworthit start from 2.5jt 3hari2malem dibajo!!🫶🏻 #labuanbajo #explorelabuanbajo #fypage #fypシ #fyp,14027,0.09173969914977109
labuanbajo,3900000000,1303,52,1,6,2026-05-18 07:57:43+00:00,"Bali recommendations aka Nusa Lembongan and Nusa Ceningan 🤌🏻🌴☀️🥥❤️‍🔥

#bali #nusalembongan #holiday #placestovisit #placestoeat",59,0.04528012279355334
labuanbajo,3900000000,33500,428,5,251,2025-04-19 04:19:27+00:00,"A stay above the sea, where every moment becomes a memory. Dive in, soak up the sun, and feel Komodo’s charm from your private overwater haven.

#luxury #KatamaranKomodo #LabuanBajo #Flores #KomodoIsland #indonesia #Komodo",684,0.020417910447761194
labuanbajo,3900000000,243600,11900,35,192,2025-12-11 01:30:51+00:00,"The ONLY place you can see Komodo Dragons in the wild!🤯

Save this for your trip to Indonesia!🇮🇩

The Komodo Islands are a group of islands off the coast of Labuan Bajo, Indonesia. 🏝️

It is just an hour flight from Bali!✈️

You will typically island hop from Labuan Bajo on day tours, or do overnight tours!🛥️

We did a three day, two night tour with @travass.life and it was ICNREDIBLE! 🤩

✨You will see wild Komodo Dragons, the beautiful views of Padar Islands, the iconic pink beach, INSANE snorkelling, and you will get to see THOUSANDS of bats wake up at sunset and fly over you!

Truly one of the best travel experiences we have ever had!🤩🤩

So actually going here was my idea, as Komodo Dragons were my favorite animals growing up! 🦎

So going to the Komodo Islands has been on my bucketlist for like 15 years!😍

👋Hi, I’m Rick! I post adventure travel destinations, epic itineraries, and travel tips! Follow @rts.travels for more hiking and outdoors travel content!📲🥾✈️

Have you been to the Komodo Islands?👇",12127,0.04978243021346469
labuanbajo,3900000000,80000,2893,16,205,2026-02-04 09:34:38+00:00,@Max #fyp #bali #travel #nusalembongan #indonesia,3114,0.038925
labuanbajo,3900000000,129500,1647,26,236,2026-04-04 04:24:41+00:00,"A Ma está quebrando absolutamente tudo nessa praia rosa na ilha de Komodo
@Malevola 
#malevolaalves #quebrandotudo #pinkbeachlabuanbajo #pinkbeach #malevolazx",1909,0.014741312741312742
labuanbajo,3900000000,8170,301,21,12,2025-07-16 04:25:04+00:00,"Rekomendasi Hotel Mewah di Labuhan bajo buat kalian sahabat NBNFORTUNARENT
yang ada agenda liburan ke Labuhan bajo
#taaktanaluxuryluxurycollection #taaktanalabuanbajo #taaktanaluxurycollection #labuhanbajo #labuhanbajopulaukomodo #labuhanbajo_ntt #nbnfortunarent #trevel #treveling #liburanlabuhanbajo #hotel #bed #springbed ##springbedmurah #springbedbagus",334,0.0408812729498164
labuanbajo,3900000000,5600000,455100,2854,101800,2024-12-02 03:01:29+00:00,"6 spot cantik di Labuan Bajo bisa kalian dapet cuma sehari 🙂‍↔️🇮🇩 ayo ke Labuan Bajo ✈️
#labuanbajotrip #nttpride🏝🔥 #wonderfulindonesia #opentriplabuanbajo",559754,0.09995607142857142
labuanbajo,3900000000,111300,19200,64,1815,2026-04-01 13:56:20+00:00,we are all caretakers of this beautiful Earth & we must protect her 🌏🐠🦈🦑🌞🐚🪼#komodoisland #divingkomodo #divingindonesia,21079,0.18938903863432166
labuanbajo,3900000000,4900000,247900,995,2408,2025-06-19 04:42:46+00:00,"This Is The Wrong Pink Beach? 😒

I Don’t See Pink sand?

I Drove On A Scooter 3 Hours With A Heavy Backpack To Be at the wrong pink Beach? 

#pinkbeach 
#lombok 
#lomboktiktok 
#failvideo",251303,0.05128632653061224
labuanbajo,3900000000,6469,231,3,21,2025-07-27 05:11:51+00:00,"whatsapp number for wanua adventures +6282147113355
an incredible trip and recommend to anyone who is in indonesia!! 
 
#wanua #komodo #komododragon #komodoisland #boattour #indonesia #lombok #labuanbajo #backpacking #travelling #travel",255,0.03941876642448601
labuanbajo,3900000000,85600,4310,38,498,2023-12-07 10:57:05+00:00,"Destinasi mana nih yang pengen banget kamu datangin? 

#KomodoNationalPark #PhinisiBoat #SailingAdventure #fyp #labuanbajo #opentrip",4846,0.05661214953271028
labuanbajo,3900000000,12200,612,1,23,2026-03-04 07:07:28+00:00,"Hotel Ayana,Labuan Bajo🔥#ayanakomodo #fyp #masukberanda #labuanbajo #nttpride🏝🔥",636,0.05213114754098361
labuanbajo,3900000000,483000,7239,122,189,2025-09-23 14:19:50+00:00,"Kalau disini, Babi maennya di pantai Coy, Babi Viral 😜😜🔥🤩
..
#labuanbajo #pinkbeach #komodotrip #labuanbajotrip #nttpride🏝🔥 #komodo #diving",7550,0.015631469979296066
labuanbajo,3900000000,2112,93,2,7,2025-08-13 06:51:20+00:00,"Explore the hidden gems of Labuan Bajo with Lamborajo III, where every wave leads to a new adventure.🌊
.
Info & Reservation:
🌐www.parahu.com
📞082118391289 | 085863327660
📧charterparahu@gmail.com
.
#labuanbajo #labuanbajoindonesia #labuanbajoindonesia🇮🇩
#labuanbajotrip #labuanbajo📍ntt🏝",102,0.048295454545454544
labuanbajo,3900000000,347900,39600,101,2541,2025-08-03 05:27:21+00:00,"Sailing 4D3N di labuanbajo bisa dapat destinasi seindah ini 😍😍
Ada yang tau dimana!!
#sailingkomodo #gililawadarat #komodoisland #labuanbajo #sunset",42242,0.12141994826099455
labuanbajo,3900000000,9300000,734000,4588,87500,2025-08-02 08:47:15+00:00,sumpahhh emang beneran adaa menu inii di Labuan Bajo!!?? 😭😭😭🙏🏻🙏🏻 #zeusrooftop #restobajo #labuanbajo #cafebajo #restoran,826088,0.08882666666666666
labuanbajo,3900000000,4800000,544300,1231,29700,2024-11-06 10:46:13+00:00,sunset at loccal collection komodo🥹🫶🏻 #labuanbajo #tiktoktravel #fyp,575231,0.11983979166666667
labuanbajo,3900000000,355300,12200,80,777,2024-06-29 02:37:07+00:00,"Experience unparalleled luxury above the sea waters at Ta'aktana Labuan Bajo, a luxury collection where every moment is a masterpiece. #labuanbajo #taaktanaluxuryluxurycollection #taaktanalabuanbajo #ultraluxuryresort #underwatervilla #beachvibes #fyp #indonesia #hotelblogger #hotelreviews #hotelrecommendation #marriott #marriottbonvoy",13057,0.03674922600619195
labuanbajo,3900000000,13200,179,5,90,2023-09-17 06:53:13+00:00,"Spending money is something I always be careful at. Am I gonna love it & have no regret afterwards? 

A few 5-star resorts available in the small city of Labuan Bajo. Picked this resort after comparing each option a few times. My intuition told me this has the best value for money.

Well well well .. guess what .. I’m a satisfied guest! Definitely deserve a post on my Tiktok. 💖

#traveltok #sudamalaresortlabuanbajo #sudamalakomodo #staycationlabuanbajo #labuanbajo",274,0.020757575757575756
labuanbajo,3900000000,215100,4354,151,574,2024-12-09 05:52:01+00:00,"Pantai Pink (Pink Beach) atau yang dikenal Pantai Merah di Pulau Komodo, menjadi satu dari tujuh pantai berpasir merah muda di dunia.

Warna pink pada pasir di Pantai Pink berasal dari hewan berukuran mikroskopis yaitu Foraminifera yang memberikan warna merah pada terumbu karang. Serpihan terumbu karang yang terkena ombak ini kemudian larut bersama air laut dan menyatu dengan pasir putih sehingga memberi warna merah muda pada pasir di Pantai Pink.

Nggak pengen ke sini? ☺️

#pinkbeachlombok #lombok #lombokviral #tourlombok #trip lombok #travellombok #lomboktrip #explorelombok #lombokisland #pinkbeach #honeymoonlombok #pantaipinklombok #lombokhits #lombokexplore #wisatalombok #pantaipink #lombokkeren #lombokexplore #pesonaindonesia",5079,0.023612273361227336
labuanbajo,3900000000,277300,23100,255,1080,2025-09-01 18:36:02+00:00,"Si queréis hacer el Tour de las Islas Komodo en Indonesia, NO hagáis la travesía de Lombok a Komodo! Aunque es muy guay decir que has visto al tiburón ballena, esta actividad no es nada ética y altera el comportamiento natural de estos animales 🐋 una alternativa para poder hacer este tour de la forma más ética posible, es hacerlo desde Labuan Bajo. Yo lo reservé allí través de Seek Sophie y fue un 10!! 

#whaleshark #komodo #ethicaltourism #tourkomodo #indonesia",24435,0.08811756220699603
labuanbajo,3900000000,109900,3815,170,1323,2024-12-16 11:10:22+00:00,2 fase padar island yang harus kalian tau..#padarisland #labuanbajo #bali,5308,0.04829845313921747
labuanbajo,3900000000,52500,1746,63,454,2025-09-28 11:32:12+00:00,Sunset Labuan Bajo#Labuanbajo #nttpride🏝🔥fypシviral,2263,0.0431047619047619
labuanbajo,3900000000,143500,9207,60,1165,2025-09-21 05:47:02+00:00,"Suasana malam labuan bajo emang setenang dan senyaman itu ternyata. Ada yg tau ga vibes ini kayak dimana? 😁

#labuanbajo #travelling #exploreindonesia #nttpride🏝🔥 #diindonesiaaja",10432,0.07269686411149826
labuanbajo,3900000000,1600000,93400,821,25500,2025-06-04 03:01:08+00:00,"One day trip Labuan Bajo cuma IDr 1.500.000/pax!🤩✨ 

Destinasi : 
• Padar Island
• Pink Beach 
• Komodo Island 
• Kalong Island 

More info and detail trip, contact us : 
- WhatsApp (+62)82184804917 / di bio 
- Instagram @sailinflores.id 

#labuanbajo #padarisland #ntt #wonderfulplaces #pesonaindonesia #pinkbeach #fyp #explore #kalongisland",119721,0.074825625
labuanbajo,3900000000,656,37,5,0,2026-04-17 02:32:20+00:00,"NO LIMIT AT 57
Flores - Indonesia

Holiday doesn’t mean stopping your fitness… it just looks different. At Pink Beach, I swapped the gym for a stand up paddle board — and honestly? This hits harder than most workouts 💦

Gliding over crystal-clear water is more than just fun — it’s a full-body workout in disguise 💪

You’re working on:
✔️ Core stability (hello abs 🔥)
✔️ Balance & coordination
✔️ Upper body strength
✔️ Mental calm & focus

Stand-up paddle = low impact, high engagement 

Perfect for all levels, especially if you want to stay active while traveling.

Remember: Every stroke, every wave… reconnects you with nature and yourself 🌿

Slow down. Move with intention. Enjoy the moment. 

Fitness + holiday=perfect balance 

#PinkBeachFlores #StandUpPaddle #TravelFitness #fitmom #islandlife",42,0.06402439024390244
labuanbajo,3900000000,306900,3961,44,2334,2025-06-27 17:24:16+00:00,FALLING IN LOVE WITH THIS PLACE 😍#bali #nusalembongan #explorebali #sunset #placestovisit #placetogo #island #indonesia,6339,0.020654936461388076
labuanbajo,3900000000,69400,3408,9,201,2026-04-30 09:42:45+00:00,PUAS BGTTT love bajo🧡 #labuanbajo #sailing #labuanbajotrip #pinkbeach #triplabuanbajo,3618,0.05213256484149856
labuanbajo,3900000000,114100,15300,353,536,2026-05-03 03:09:23+00:00,"Yes, the sand is actually pink. 🌸

Pink Beach in Labuan Bajo gets its color from crushed coral blending into the shoreline, giving the whole place a soft, almost unreal glow.

People run along the shore, paddle out, and jump straight into the clear water without thinking twice.

This one’s better with a travel buddy — so who’s yours? 😉

Cr/IG: eastindonesiatrip

📍Pink Beach, Labuan Bajo

#WonderfulIndonesia #ExploreIndonesia #BeachTok #TravelTok #BucketList",16189,0.1418843120070114
labuanbajo,3900000000,15300,1002,5,52,2026-04-26 09:08:55+00:00,"12 years in Bali, and this is my testimony @Segara Seaside Resort #nusalembongan #bali #nusapenida",1059,0.0692156862745098
labuanbajo,3900000000,3500000,192300,2206,56300,2026-04-01 13:28:01+00:00,"Indonesia emang surganya pantai indah sih😍
Di Banten ada pantai pasir putih secantik ini lohh✨ Cuma 750 ribuan aja kalian bisa liburan di pantai private yang indah ini loh!!
Wajib banget masuk list liburan kalian sih!!

#wisatabanten #pantaibanten #explorebanten #pantaipasirputih #pulaupeucang",250806,0.07165885714285715
labuanbajo,3900000000,2700000,378700,1259,152500,2026-04-23 09:28:06+00:00,🌴🥥🥥##samedseasideresort #SamedSeaside ##NatureMoment ##VisitSamed,532459,0.19720703703703704
labuanbajo,3900000000,91500,2890,53,1827,2026-05-22 14:47:27+00:00,"2hari 1malam di Nusa Lembongan & Nusa Ceningan🌊🐚🌸

📍Mahagiri Beach 
📍The Deck
📍Song Lambung
📍Le Pirate
📍The Dafish
📍Arna Suites & Ocean Lounge 

#nusalembongan #nusaceningan #arnasuitesandoceanlounge #thedeck #mahagiribeach",4770,0.05213114754098361
labuanbajo,3900000000,274400,9276,69,2296,2024-12-10 19:29:58+00:00,@Hotel San Cristóbal Baja 💎💎💎 of todos santos #todossantos #bcs #bajacalifornia #mexico #mexican #boutiquehotel #hotels,11641,0.042423469387755104
labuanbajo,3900000000,23200,4751,12,786,2026-05-28 10:38:54+00:00,"POV: You booked the Komodo Sailing Tour. 
#komodoisland #labuanbajo",5549,0.23918103448275863
labuanbajo,3900000000,64,17,0,0,2026-06-02 13:44:26+00:00,#fyp #nttpride🏝🔥 #labuanbajo,17,0.265625
labuanbajo,3900000000,1400000,26800,874,442,2026-04-30 09:00:28+00:00,Ini Klarifikasi Bunda Maia karena tidak salami Ahmad Dhani saat dipernikahan Syifa Hadju dan El Rumi #bundamaia #ahmaddhani #artist #viral #fyp,28116,0.020082857142857142
labuanbajo,3900000000,269600,9155,81,211,2026-04-04 06:11:04+00:00,Oh to love langit #labuanbajo #pulaukalonglabuanbajo,9447,0.03504080118694362
labuanbajo,3900000000,109300,13200,78,2513,2026-03-12 09:01:09+00:00,"The prettiest sunset at Kalong Island so surreal ✨

#labuanbajo #kalongisland #wonderfulindonesia #komodonationalpark #sailinglabuanbajo",15791,0.14447392497712716
labuanbajo,3900000000,2699,55,3,6,2025-10-10 05:35:03+00:00,"75.000IDR for a day pass, which is about €4
Would rate i 9/10! Has everything you need, but could have a couple more benches 
#gym #komodoisland #labuanbajo #recommendation #bestgym",64,0.023712486105965172
labuanbajo,3900000000,669,27,0,3,2026-04-30 08:58:56+00:00,"One Day Private Trip Labuan Bajo
with Open Deck Luxury Boat

Booking paket trip Labuan Bajo?
-> DM atau hubungi admin melalui Whatsapp di bawah ini
+62821-3213-2743

#labuanbajo #onedaytrip #privatetrip #wakjontourbajo",30,0.04484304932735426
labuanbajo,3900000000,96200,8878,52,242,2026-03-31 09:39:55+00:00,"Oprecht het liefste wat ik doe, op een eiland zijn, witte stranden, helder water en de beste sunsets!! 🌄🏝️🐚🐠

Als jullie willen weten hoe ik deze 1nacht2dagen tour heb geboekt let me know in de comments dan stuur ik je het whatsapp nummer van de beste guide ooit! 🌺🌺 

Deze tour kun je namelijk nergens anders boeken ;) 

#labuanbajo #flores #indonesia #dutchie #solotravel",9172,0.09534303534303534
labuanbajo,3900000000,21400,3436,10,42,2026-05-31 06:38:34+00:00,"aku & senja itu🌄

#labuanbajo #fyppppppppppppppppppppppp  #nttpride🏝🔥 #ntt",3488,0.1629906542056075
labuanbajo,3900000000,278100,17200,240,616,2026-04-24 10:51:33+00:00,"Seviral ini kah kamu🫣

#dokumentasilabuanbajo #labuanbajo #pakettriplabuanbajodokumentasi #privatedokumentasibajo",18056,0.06492628550880979
labuanbajo,3900000000,891000,92800,92,5420,2025-11-07 10:39:42+00:00,"Sunset w/@Susanti Ningsi & with her favorite song

#labuanbajo #sunset #pichekota",98312,0.11033894500561167
labuanbajo,3900000000,863300,74500,390,23700,2026-04-12 06:54:07+00:00,"tidur di kamar seaesthetic ini saat trip labuan bajo🥰🥰
#privatetriplabuanbajo #opentriplabuanbajo #triplabuanbajo #onedaytriplabuanbajo #opentripmurah",98590,0.11420132051430557
labuanbajo,3900000000,5438,223,11,5,2026-04-15 14:23:58+00:00,"LABUAN BAJO, ISLA DE FLORES 🏝️ 

📍Indonesia

#labuanbajo #lombok #indonesia #españa #bali",239,0.043949981610886354
labuanbajo,3900000000,3288,84,3,13,2025-09-16 00:21:56+00:00,"Intoducing a place in Indonesia, Labuan Bajo 🇮🇩

More travel reels , hidden gems and discovery soon ! #staytuned 

#labuanbajo #traveltiktok #traveldiaries #beachvibes",100,0.030413625304136254
labuanbajo,3900000000,3406,229,1,42,2026-05-31 00:51:52+00:00,"serasa trip di luar negri ga sihh🫵😭🥰
Trip information & booking here 👇
📲 Whatsapp : (+62) 821-8480-4917
#privatetriplabuanbajo #opentriplabuanbajo #onedaytriplabuanbajo #opentripmurah #triplabuanbajo",272,0.07985907222548444
labuanbajo,3900000000,314800,37000,187,4275,2025-10-09 04:34:02+00:00,"This is Labuan Bajo,Flores,NTT
#labuanbajo#nttpride🏝🔥 
#fyp",41462,0.13170902160101652
labuanbajo,3900000000,1300000,113800,227,10400,2025-11-10 03:01:57+00:00,"Moment 3 ekor Rusa main di salah satu Pantai tercantik di dunia#pinkbeachlabuanbajo 🥹✨
•
•
#pinkbeach #labuanbajo #pinkbeachkomodo",124427,0.09571307692307693
labuanbajo,3900000000,600800,57400,240,12800,2025-09-18 12:53:11+00:00,the summer of my dreams 🏝️🤍 #sailinglabuanbajo,70440,0.11724367509986684
labuanbajo,3900000000,6361,473,21,64,2026-04-19 05:51:50+00:00,All places in Labuan Bajo in 1 trend 🤍 #labuanbajo #labuanbajotrip #girlstravel #photoinspo,558,0.08772205628045905
labuanbajo,3900000000,50700,2138,52,603,2025-09-17 12:31:44+00:00,"Indonesia Rasa Seperti Di Maldive , sunset cafe di Labuan Bajo 

#indonesia #labuanbajo #bali #malaysia #sunset",2793,0.0550887573964497
labuanbajo,3900000000,344600,24000,156,4122,2026-03-17 01:13:41+00:00,"Ingat labuan bajo, ingat withusid  yah 🥰🍃🌱🌊🌼",28278,0.08206035983749274
labuanbajo,3900000000,42200,2434,32,153,2025-09-11 10:04:37+00:00,#Restoran dengan view terindah di Labuan Bajo#@Taman Laut Resto Labuan Bajo #📍,2619,0.062061611374407584
labuanbajo,3900000000,255400,3955,47,1921,2024-08-25 05:15:46+00:00,"SAVE INI SEBELUM KAMU KELABUAN BAJO!!

1. Goa Batu Cermin
2. Le Bajo 
3. Bukit Sylvia
4. Goa Rangko
5. Escape Bajo

Follow me for more travel recommendation and tips travel😊😉
#travelling #recommendation #bajo #labuanbajo #bukitsylvia #lebajo #escapebajo #goarangko #goabatucermin #ntt #solotravel",5923,0.023191072826938136
labuanbajo,3900000000,4080,48,2,8,2026-04-20 02:59:01+00:00,"Bali vs Nusa Lembongan🌴

Same destination... completely different vibe.

Bali - busy, vibrant, with many options of beach clubs, dining and nightlife.

Nusa Lembongan - slower, calmer, with clear water, surf breaks, and easy island days.

Just a 30-minute boat ride from Sanur, but it feels like a different world✨

So... which one are you choosing? J0 Do comment below!

Follow us for more island tips and recommendation!

The Lembongan Traveller - Lembongan local experts, your inside guide to the island.

#nusalembongan #traveltok #baliholiday #balitravel #baliplacetogo",58,0.014215686274509804
labuanbajo,3900000000,2100000,271000,1189,31800,2025-02-01 04:11:52+00:00,"Jadi, udah masukin Labuan Bajo ke wishlist kalian belom?

#komodoisland #labuanbajo #fyp #sailingtrip",303989,0.14475666666666667
labuanbajo,3900000000,50800,1838,37,468,2026-04-25 19:47:22+00:00,"I almost stayed in Kuta the whole time…and I’m so glad I didn’t!

Lombok might be a small island, but there are literally endless places to explore and things to do. If you only have five days, I highly recommend hopping on a scooter and doing this short little road trip to make the most of your time there!

If you have extra time, you can add on the Gili Islands, the Rinjani hike, or another day exploring the west coast spots like Senggigi or Mataram. 

You best believe that I will be returning to Lombok someday! It truly is a special place that should be on your Indonesia itinerary! 🇮🇩

~~~~~

💙 Follow @soniaseestheworld for more tips and travel inspiration!

#travel #indonesia #indonesiatravel #lombokisland #lombok",2343,0.04612204724409449
labuanbajo,3900000000,7800000,930900,1486,39200,2024-09-15 07:03:04+00:00,"a dream come true! 💕💕💕📍 komodo island, indonesia #indonesiatravel #southeastasiatravel #fulltimetravels #bucketlistadventures #komodoisland",971586,0.1245623076923077
labuanbajo,3900000000,11300,448,7,108,2026-05-20 20:58:38+00:00,Cutest lil café😍 and so delish!!! Get the strawberry matcha @wildstrawberrycafelaguna #lagunabeach #orangecountyfood #thingstodoinoc #cafe,563,0.049823008849557524
labuanbajo,3900000000,252200,7636,100,2407,2025-07-22 11:59:01+00:00,"@kaikoaindonesia IG handle 

Price: 1.116 million/ $71USD round trip 

Total time: 20 minutes vs 45+ on the speed boats (minus the nausea and crazy ride) 

I will never travel to and from Nusa Lembongan any other way after discovering Kai Koa. Thank god for the woman’s video I came across talking about her experience. The sates have shocks which means you won’t deal anything no matter how wild the waves can get. 

The most important thing they will leave without you if you’re late. The boat only fits 8 passenger. Book directly on their website. If you have to change day/times there’s a fee of  50K/$3USD",10143,0.04021808088818398
labuanbajo,3900000000,2048,83,6,14,2026-05-22 21:38:10+00:00,"How we started our Komodo Islands trip 🇮🇩

After leaving Nusa Penida, we flew into Labuan Bajo- the gateway to the Komodo Islands, and stayed overnight at Katamaran Hotel & Resort before starting our boat trip the next morning.

 We booked an overwater villa, which ended up being the perfect reset after a full travel day.
 The resort was peaceful, modern, and right on the water with sunset views across the bay.
 We kept the first night simple- dinner at the resort, early sleep, and up the next morning to begin our Komodo Islands journey.

If you’re doing a Komodo boat trip, I’d definitely recommend spending at least one night in Labuan Bajo first instead of rushing straight onto the boat. It makes the whole experience feel way less hectic.

📌 Save this for your Indonesia itinerary.
#labuanbajo #komodoisland #indonesiatravel #overwatervilla #balitravel",103,0.05029296875
labuanbajo,3900000000,12800,1350,5,77,2026-05-31 15:08:26+00:00,"Our Sunday’s #setlog in Ho Chi Minh🇻🇳 & Labuan Bajo🇮🇩
.
#vlog #셋로그 #hochiminh #labuanbajo",1432,0.111875
labuanbajo,3900000000,148500,6485,133,130,2025-04-29 09:17:16+00:00,aku ingin menjadi orang timur 😭 #fyp #indonesia #bule #labuanbajo #nttpride🏝🔥 #pinkbeach #pulaumerah,6748,0.04544107744107744
labuanbajo,3900000000,188100,42300,41,6165,2026-05-15 06:54:40+00:00,"Once in a lifetime :sailing pulau komodo di green season ⛵️⛰️
#labuanbajo #fyp #summer #sailing #komodoisland",48506,0.2578734715576821
labuanbajo,3900000000,151400,7503,36,731,2025-05-04 21:30:32+00:00,Komodo series part 2 - things you should know before visiting !! @DJI Osmo #komodonatonalpark #indonesiatravel #padarisland,8270,0.05462351387054161
labuanbajo,3900000000,48900,1102,35,134,2025-08-27 00:20:06+00:00,"Komodo adalah spesies langka yang dimana hanya kamu temukan di Labuan Bajo tepatnya di pulau Komodo dan pula Rinca.namunkomodo bukan hanya tinggal di pulau itu aja adapun di pulau Padar,nusa kode dan giling motang namun tempat itu masih di dalam kawasan taman nasional Komodo.jadi,tunggu apalagi nikmati liburanmu selama di Labuan Bajo#nttpride🏝🔥 #fyp #labuanbajo #masukberanda #komodo",1271,0.025991820040899796
labuanbajo,3900000000,32300000,3000000,15200,184100,2023-07-11 23:22:59+00:00,"Reminder, crystal clear shallow water doesn’t mean safety 

#fyp #foryou #beach #beach #travel #summer #sea #nature #crocodile #sunset #fishtok #fishinganonymous #deepglowlights #beachlife #ocean #sun #photooftheday #instagood #alligator #vacation #travelphotography #vacation #paradise #florida #australia #beachvibes #newzealand #traveltok #waves #indonesia #sand #flatsfishing #surf",3199300,0.09904953560371517
labuanbajo,3900000000,129400,6117,146,1183,2026-05-30 04:04:04+00:00,"Wow Wow wow @The Lembongan Traveller thank you for finding this villa
📍Villa Ocean Blue 🌊",7446,0.05754250386398763
labuanbajo,3900000000,2400000,112600,1369,8253,2025-10-19 08:46:43+00:00,Komodonya mau shopping dulu yaa#komododragon #tripkomodo #fyp #labuanbajotrip #nttpride🏝🔥,122222,0.05092583333333333
labuanbajo,3900000000,2900000,216400,1605,15700,2025-08-10 11:25:51+00:00,"Wajib masuk bucket list liburan kalian si ini…😍😍

#labuanbajo #flores #komodoisland #komodo #pulaupadar #triplabuanbajo #tourlabuanbajo #travellabuanbajo #tourlabuanbajo #sailinglabuanbajo #nucamolas #tripnucamolas",233705,0.08058793103448277
labuanbajo,3900000000,13200,116,8,50,2025-10-22 04:46:29+00:00,"Sail with Komosail in the Komodo Islands

@Travel Planner | Labuan Bajo 

#cruiseship #komodo #labuanbajo #komosail #indonesia🇮🇩",174,0.013181818181818182
labuanbajo,3900000000,968400,75000,322,7082,2025-08-06 07:39:17+00:00,"Pink Beach dan Tuan Rumahnya 
#labuanbajo #padarisland #pinkbeach #labuanbajotrip",82404,0.08509293680297397
labuanbajo,3900000000,25800,1769,14,271,2026-05-03 07:14:36+00:00,welcome to labuan bajo-tempat dimana kalian bakal menemukan sesuatu hal yang menyenangkan #CapCut #labuanbajo #exploreindonesia #padarisland #komodoisland,2054,0.07961240310077519
labuanbajo,3900000000,89600,3103,74,225,2026-04-01 03:48:56+00:00,"Wajib cobain hotel Katamaran ini! 
Hotel nya cuakep + fasilitas nya buanyakk disini! Gak perlu keluar hotel lagi semua serba ada! Dan dinner disini juga bisa! 

Save & Share! Thank me later 🤪 

KATAMARAN HOTEL & RESORT KOMODO 
📍 Pantai Waecicu, Labuan Bajo, Kec. Komodo, Kabupaten Manggarai Barat, Nusa Tenggara Tim. 86763

#nttpride🏝🔥fypシviral #labuanbajo #wonderfulindonesia #info #katamaran",3402,0.03796875
labuanbajo,3900000000,297,14,0,0,2026-05-26 11:20:16+00:00,Racking up my incredible reading views this trip 😍 this cafe called Taka was incredible! Currently reading the windy city series for the first time and halfway through book 1I’m already obsessed! #solotraveldiaries #reading #booktok #komodoislands #lifeinmy20s,14,0.04713804713804714
labuanbajo,3900000000,16600000,335200,3873,25500,2025-11-12 02:13:27+00:00,"Kalian kapan ?
heheheh

#labuanbajo #opentriplabuanbajo #bastiansteel #sithamarino",364573,0.02196222891566265
labuanbajo,3900000000,484100,28000,147,9732,2026-03-03 09:12:46+00:00,"kapan lagi trip labuan bajo cuma 1,7jtaan aja🫵😍😍
#opentriplabuanbajo #privatetriplabuanbajo #onedaytriplabuanbajo #tripmurahlabuanbajo #labuanbajotrip",37879,0.07824623011774427
labuanbajo,3900000000,10400,167,4,125,2026-02-05 15:09:17+00:00,"For some reason, my first meal if i’m flying back hometown has always been this. The grilled chicken are sooo well marinated and the aromatic rice is star 🤩🤚🏻😋

📍 Pondok Mai Ceng’go
🗺️ Airport area, Labuan Bajo, Indonesia 

#foodie #indonesianfood #kuliner #kulinerindonesia #foodvlog",296,0.02846153846153846
labuanbajo,3900000000,1414,68,0,6,2026-04-14 09:12:53+00:00,Golden Hour dari Paradise Bar emang gak ada Lawan#Paradisebarbajo#labuanbajosunsetpoint#goldenhour#paradisefound,74,0.05233380480905234
labuanbajo,3900000000,465800,3766,91,1016,2022-11-24 05:45:37+00:00,"Sering kejadian pas long weekend..

Bagusnya kalo mau private trip weekday aja ya

Lebih enjoy tripnya, ga terlalu rame

#pulaupadar #padarisland
#komodoisland #pulaukomodo 
#labuanbajo #labuanbajotrip 
#triplabuanbajo #sailingkomodotrip",4873,0.010461571489909833
labuanbajo,3900000000,320200,26700,408,8783,2026-02-19 06:27:19+00:00,Gasin gak sihhh kalo cuma segini aja😋⛵️😮 #labuanbajo #labuanbajotrip,35891,0.1120893191755153
labuanbajo,3900000000,1100000,77700,268,5098,2025-05-25 19:52:36+00:00,"Healing sejenak, nikmatin kerennya pemandangan Labuan Bajo dari salah satu hotel terbaik di bajo

#labuanbajo #sunset #aestheticvideos #aestheticvibes #senja #senjasorehari",83066,0.07551454545454546
labuanbajo,3900000000,20100,968,2,44,2026-04-07 10:01:00+00:00,"Sekeren ini landscape Labuan Bajo… 🫣

#labuanbajo
#flores 
#nttpride 
#drone 
#dronevideo",1014,0.05044776119402985
labuanbajo,3900000000,1647,119,1,4,2026-06-01 10:04:19+00:00,"Kalo aku bilang ini di Indonesia, kamu percaya nggak? 🚐✨

Bukit-bukitnya bertingkat kayak lukisan, jalannya indah banget, anginnya nemenin sepanjang perjalanan. Tinggal nyalain musik favorit, buka jendela, dan biarin view Sumba yang ngurus sisanya. 

Mau road trip yang bener-bener kerasa, bukan sekedar pindah lokasi? Sumba juaranya. 
Tanya-tanya paket Open Trip & Private Trip dulu aja, gratis ngobrolnya 👇  📲 WhatsApp CS 1: +62 811-2891-1991  📲 WhatsApp CS 2: +62 811-9941-919  📩 Email: sales@indonesiajuara.asia  🌍 Website: indonesiajuara.asia 
#PulauKomodo #IndonesiaJuaraTrip #LabuanBajo #WisataIndonesia #KomodoIsland",124,0.07528840315725562
labuanbajo,3900000000,7548,64,7,35,2025-07-22 14:16:06+00:00,"Macht unbedingt diese Wasserfall Tour. Die Rangko Cave ist ganz cool, aber sehr überfüllt. #labuanbajo #flores #komodoisland #indonesia #travel #deutschland #waterfall",106,0.014043455219925808
labuanbajo,3900000000,798,42,9,28,2026-05-27 12:43:43+00:00,"POV: you, them, and a one way ticket to Labuan Bajo 🌅✈️
Tag the person who would actually say yes to this trip.#komodoisland #labuanbajo #pov #labuanbajotrip #fyp",79,0.09899749373433583
labuanbajo,3900000000,5163,892,4,72,2026-05-27 06:47:32+00:00,"Summer in Labuan Bajo

#traveltiktok #nature",968,0.1874878946349022
labuanbajo,3900000000,4180,188,7,26,2026-05-27 15:00:57+00:00,"Sunset di Kalong Island memang seindah ini
#labuanbajo",221,0.052870813397129186
labuanbajo,3900000000,716800,112900,119,22200,2026-03-07 23:44:59+00:00,"dulu spot ini paling sering di kunjungi di labuan bajo, dan ini masih menjadi salah satu pulau terindah di labuan bajo🤩🤩
udah ada yg pernah kesini?🫵
#komodonationalpark #opentriplabuanbajo #onedaytriplabuanbajo #triplabuanbajo #privatetriplabuanbajo",135219,0.188642578125
labuanbajo,3900000000,5487,896,7,43,2026-05-26 06:17:49+00:00,how i miss #labuanbajo,946,0.17240750865682522
labuanbajo,3900000000,469,26,0,1,2026-06-02 13:40:27+00:00,"Setenang ini Labuan Bajo 
#labuanbajo #padarisland",27,0.057569296375266525
labuanbajo,3900000000,44300,1936,164,240,2026-04-26 04:55:44+00:00,My second time at @Segara Seaside Resort MY FAVORITE PLACE #nusalembongan #nusapenida #bali,2340,0.05282167042889391
labuanbajo,3900000000,1884,146,7,2,2026-06-02 09:07:41+00:00,"bukit Sylvia
#labuanbajo 
#flores 
#fypシ゚ 
#fyp",155,0.08227176220806794
labuanbajo,3900000000,44100,1957,6,544,2026-04-15 02:54:05+00:00,"If you’re in Nusa Lembongan, don’t miss these swim beaches 🐚

Swim, float, repeat ☀️ Tag your travel buddy!

Follow us for more island tips and recommendation!

The Lembongan Traveller — Lembongan local experts, your inside guide to the island.

#nusalembongan #traveltok #beach #traveltips #baliholiday",2507,0.05684807256235828
labuanbajo,3900000000,715500,18900,168,211,2026-02-14 16:47:56+00:00,"There are no pink beach in Lombok don’t get scam 

#pinkbeach #lombok #bali #labuanbajo #komodo",19279,0.02694479385045423
labuanbajo,3900000000,533,29,1,1,2026-05-30 04:35:44+00:00,"Bayar tiket ekonomi, view bisnis class , hoki banget dapat seat jendela, welcome to Labuan Bajo 🌊⛰️🏝️🪾🤸🏽‍♀️🌿✨ 

#landing Labuan Bajo #labuanbajo #labuanbajoindonesia #labuanbajotrip",31,0.058161350844277676
labuanbajo,3900000000,270000,9054,89,1578,2024-02-21 09:55:28+00:00,"Got lots of questions on this, definitely worth the long journey #rajaampat #howto #traveltips #traveljourney",10721,0.03970740740740741
labuanbajo,3900000000,2800000,49900,396,1810,2025-07-10 12:56:19+00:00,"Pantai Merah, or “Pink Beach,” is one of the few naturally pink beaches in the world—and it’s tucked away in Indonesia’s Komodo National Park 🇮🇩

But here’s the truth: while it is beautiful, it’s not as bubblegum pink as you might see online. 👀

The soft pink hue comes from crushed red coral mixed with white sand, and in the right light, it’s magical. Just don’t expect neon pink shores—unless someone’s turned up the saturation. 😉

Still, it was one of our favorite stops on our Komodo Island tour 🫶🩷 Just go with realistic expectations, and you won’t be disappointed.

✨ Follow @morristosee for more honest travel tips + dreamy destinations around the world! ✈️❤️ 

#TravelRealityCheck #KomodoIsland #PinkBeachIndonesia #travelcouple #bucketlisttravel #exploremore",52106,0.018609285714285714
labuanbajo,3900000000,24400,997,10,34,2026-05-08 01:42:54+00:00,"sebelum jadi trophy wife💅🏻 
#labuanbajo #pinkbeach #triplabuanbajo #sailing #20s",1041,0.04266393442622951
labuanbajo,3900000000,366700,6624,94,2284,2023-12-29 09:07:21+00:00,"Here are 5 things you must do if you visit Nusa Lembongan, Bali! #bali #nusalembongan #travelrecommendation #travellife",9002,0.024548677392964277
labuanbajo,3900000000,295,36,1,0,2026-06-02 12:52:39+00:00,thanks God for good karma☺️🫶🏻 #labuanbajo,37,0.12542372881355932
labuanbajo,3900000000,6286,276,5,14,2026-05-28 07:52:41+00:00,The trip of a freaking lifetime #komodoisland #indonesia #labuanbajo #travel #muslimtok,295,0.04692968501431753
labuanbajo,3900000000,396900,78800,193,6331,2026-03-28 12:55:53+00:00,labuan bajo 🏝️🐚🏖️☀️ #labuanbajo #waerebo #pinkbeach #padarislan #komodoisland,85324,0.21497606449987403
labuanbajo,3900000000,97900,2454,75,509,2025-05-14 10:55:18+00:00,"Thoughts and feelings on Nusa Lembongan xx 🔥

such a gorgy gorgy place I lovedddddd it! Obvi not a surfer and tips are merely from a vibes perspective  💅

#nusalembongan #nusalembongantips #nusalembonganisland #bali #balitips",3038,0.031031664964249233
labuanbajo,3900000000,335,40,1,0,2026-06-01 02:07:36+00:00,#labuanbajo #labuanbajo #triplabuanbajo #triplabuanbajo,41,0.12238805970149254
labuanbajo,3900000000,280700,19900,185,3317,2026-03-09 08:09:29+00:00,"Kapan kalian mau ke Labuan Bajo ??? Bareng pasangan atau bareng keluarga Labuan Bajo selalu menyambut dengan keindahannya.
#labuanbajo #padarisland",23402,0.08337014606341289
labuanbajo,3900000000,272,9,2,0,2026-06-02 11:31:55+00:00,"labuan bajo

#febyana #fbyana #labuanbajo",11,0.04044117647058824
labuanbajo,3900000000,78900,1433,9,569,2025-05-03 13:38:27+00:00,"Bali’s hidden surf bar you’ll wish you found sooner 🌊🍹

We stumbled upon Mahana Point in Nusa Lembongan by total accident while looking for a sunset view — and it instantly became one of our favorite spots on the island.

This cliffside bar overlooks an epic surf break, and if you love watching surfers (like we do), this place is a dream come true. You’re literally right above the action.

We stayed until the sun dipped into the sea and the sky turned pink — pure magic. We already know we’ll be coming back here for every sunset we have left.

Highly recommend adding this to your Bali bucket list — especially if you love ocean views, laid-back vibes, and a front-row seat to the waves.

#MahanaPoint #NusaLembongan #BaliHiddenGems #BaliSurfBars #WatchSurfersBali #SunsetInBali #CliffsideBar #Bali2025 #SurfVibes #IslandViews #TravelIndonesia #BaliRecommendations #BaliSunsets #BaliTravelTips",2011,0.025487959442332064
labuanbajo,3900000000,20000,373,25,55,2025-12-01 03:35:18+00:00,Looking how nature is doing magic 💙🌊 #devilstears #nusalembongan #nature #bali #fyp,453,0.02265
labuanbajo,3900000000,74900,2979,47,886,2025-08-18 14:08:14+00:00,ALWAYS A VIBE 🥳🥹🐬 #indonesia #nusalembongan #travelvlogs #snorkelvlog,3912,0.05222963951935915
labuanbajo,3900000000,25600,3534,12,43,2026-04-17 12:29:31+00:00,pov: you do a scooter tour in Nusa Lembongan #solotravels #solotravelling #indonesiatravel,3589,0.1401953125
labuanbajo,3900000000,80700,5773,23,68,2026-04-25 06:15:57+00:00,"NEW !!!!
REGULAR OPENTRIP LABUAN BAJO 5D4N 2026

WAEREBO KOMODO NUCA MOLAS 5D4N
Start & Finish : Labuan Bajo

💰 IDR 5.500.000 / pax
🏝️ Start – Finish: Labuan Bajo
🏨 Hotel + Tour Included

Term & Condition : 
* DP : IDR 1.500.000
* Small group tour

🌴 KENAPA HARUS IKUT TRIP INI?
✔️ Small group (lebih nyaman & eksklusif)
✔️ Minimal 2 pax langsung jalan!
✔️ Jadwal rutin tiap bulan (2–4x trip)
✔️ Start May - Desember 2026
✔️ Kombinasi darat + laut + budaya lokal

INI BUKAN TRIP BIASA!
Dalam 5 hari kamu dapat:
🌊 Island hopping Komodo
🐉 Ketemu Komodo dan teman temannya  langsung sampe sunset  
🏡 Menginap di desa adat Wae Rebo
🏝️ Explore hidden island Nuca Molas
🏝️ Explore Rangko Poolcave
🏝️ Sunset Tour Labuanbajo
🏨 3 malam menginap di hotel 

Explore destinasi iconic:
📍 Padar Island
📍 Pink Beach
📍 Komodo Island 🐉
📍 Taka Makasar
📍 Manta Point
📍 Kelor Island
📍 Menjerite Island
🌅 Sunset di Kalong Island
📍Waerebo Village
📍Nuca Molas island
📍Goa rangko
📍Explore Bukit silvya -Waecicu
📍Melo Village
📍Waterfall Cunca Plias (Optional )

🔥 PAKET INI COCOK UNTUK SIAPA?
✔️ Kamu yang pengen first time ke Labuan Bajo tapi langsung all-in experience
✔️ Kamu yang gak mau ribet urus itinerary (tinggal datang, semua sudah di-handle)
✔️ Couple / bestie yang mau trip bareng tapi tetap nyaman (small group)
✔️ Solo traveler yang mau join tanpa harus cari teman
✔️ Kamu yang suka kombinasi laut + gunung + budaya lokal

🎁 Harga Sudah Termasuk :
✔️ Hotel 3 malam Labuan Bajo
✔️ Tour Waerebo & Nuca Molas 2D1N
✔️ Full Day Komodo Trip (fastboat + wooden boat)
✔️ Airport transfer
✔️ Guide profesional
✔️ Snorkeling equipment 🤿
✔️ Makan selama trip Waerebo
✔️ Lunch Komodo trip + mineral water & softdrink
✔️ Tiket Wae Rebo & Nuca Molas
✔️Makan Minum tour waerebo
✔️ Goa Rangko + boat
✔️ Ojek Wae Rebo
✔️ Private transport
✔️ Dokumentasi  Waerebo Tour (drone + camera)
✔️ Dokumentasi Kamera komodo tour  (Photo)
✔️ Rental kain adat Wae Rebo
✔️ Pengalungan selendangan saat kedatangan

❌ Harga Tidak Termasuk :
• Tiket pesawat
• Tiket Komodo National Park (±250K)
• Tiket Goa Rangko (±25K)
• Makan di Labuan Bajo (di luar program)
• Tipping & personal expenses
• Travel insurance

📲 HUBUNGI KAMI SEKARANG!
👤 Admin 1 (Yulius)
📞 +62 813-5340-9977
👤 Admin 2 (Pius)
📞 +62 821-4711-4975
📧 Email
lingkoflorestravel@gmail.com
#labuanbajo 
#opentriplabuanbajo 
#labuanbajotrip 
#komodoisland 
#pulaukomodo 

@Dengewaerebo",5864,0.07266418835192069
labuanbajo,3900000000,934,47,0,0,2026-06-01 22:43:55+00:00,damn right✨ #fyp #foryou #labuanbajo,47,0.05032119914346895
labuanbajo,3900000000,545,24,1,1,2026-06-01 22:30:00+00:00,"POV: You just stepped into a real-life movie set. 🎬🌿 

From ATV trails to breathtaking mountain views, Kualoa Ranch did not disappoint 🌺🌴🐠☀️🐎🚲

📍Kualoa Ranch, 49-560 Kamehameha Hwy, Kaneohe, HI 96744

#KualoaRanch #kaneohe #kualoaranchhawaii #oahuhawaii #kualoaranchhawaii @kualoaranchhawaii @KualoaRanchOfficial",26,0.047706422018348627
labuanbajo,3900000000,101,6,0,0,2026-06-02 08:49:03+00:00,#komodo #labuanbajo #pariwisataindonesia #bajo #wisata,6,0.0594059405940594
labuanbajo,3900000000,11300,289,13,63,2026-05-31 13:15:44+00:00,"Ekspetasi Vs Realita wkwkwkw
#padarisland #labuanbajo",365,0.032300884955752215
labuanbajo,3900000000,40,3,1,6,2026-06-02 13:50:03+00:00,"Another happy trip with Ladas Tour & Travel! 🏝️✨

Terima kasih sudah menjadi bagian dari perjalanan ini. Dari awal keberangkatan hingga pulang membawa cerita, setiap momen selalu spesial. 💙

Jangan lupa follow @ladastourmedan untuk melihat destinasi-destinasi keren lainnya dan dapatkan info trip terbaru.

📞 +62 881-0276-35404 | +62 813 - 7537 -1094

Siap jadi peserta trip berikutnya? ✈️🌊

#TravelTok #LabuanBajoTrip #ExploreIndonesia #WanderlustIndonesia #fypシ",10,0.25
labuanbajo,3900000000,112500,2572,20,709,2025-05-06 11:23:30+00:00,"Most people visit Bali and miss beaches like this — just 30 minutes away.

Nusa Lembongan is only a short boat ride from Sanur Harbour, and it’s honestly one of the best-kept secrets.

Think: empty beaches, crystal-clear water, chilled-out surf spots, and barely any crowds. This beach is called Secret Point Beach, and it’s absolutely stunning.

You can even watch surfers from above — our favorite spot for that is Mahana Point, a cliffside surf bar with the dreamiest views.

If you’re heading to Bali, save this — Nusa Lembongan is so worth the trip.

#NusaLembongan #SecretPointBeach #MahanaPoint #BaliHiddenGems #Bali2025 #ExploreIndonesia #IslandEscape #BaliTravelTips #EmptyBeachesBali #TropicalViews #UnderratedBali #travelreels",3301,0.02934222222222222
labuanbajo,3900000000,788900,5767,271,210,2026-01-06 03:34:26+00:00,"Fernando Martin datang ke Labuan Bajo bukan untuk men@ntang maut.

Ia datang membawa anak-anaknya, membawa harapan, membawa rencana liburan sederhana—pulang dengan cerita bahagia.

Namun laut menutup kisah itu lebih cepat dari yang seharusnya.
Mesin kapal m@ti. Ombak membesar. Dan di kabin bawah, seorang ayah tak sempat menyelamatkan tiga anaknya.

Yang selamat adalah mereka yang berada di atas. Yang hilang adalah mereka yang terjebak.
Alam memang tak bisa diajak bernegosiasi. Tapi keputusan manusia seharusnya bisa.

Ketika peringatan cuaca diabaikan, ketika keselamatan dikalahkan oleh jadwal dan keuntungan, maka tragedi bukan lagi takdir—melainkan akibat.

Liburan ini berakhir.
Tapi duka keluarga yang ditinggalkan, akan tinggal seumur hidup.

#labuanbajo

kami mengucapkam turut berempati dan turut berducita mendalam atas tragedi kecelakaan yg menimpa keluarga besar fernando martin
Tuhan sumber penghiburan dan sumber kekuatan bagi keluarga besar yg di tinggalkan🙏

#musibah 
#labuanbajo #tragedilabuanbajo 
#tiktokofficial",6248,0.00791988845227532
labuanbajo,3900000000,505,19,0,3,2026-06-02 05:31:08+00:00,Video mentahan take off dari LBJ :) #fyp #labuanbajo,22,0.04356435643564356
labuanbajo,3900000000,223300,4887,358,144,2026-05-26 13:51:34+00:00,"Pink Beach pantai dengan pasir berwarna pink yang hanya ada tidak lebih 13 pantai di dunia, dan salah satunya di Labuan Bajo, Indonesia, keewreen! 

Met lebaran semwaaa 😉

📍Pink Beach, Labuan Bajo, NTT
#EksplorNTT #WonderfulIndonesia",5389,0.024133452754142408
labuanbajo,3900000000,291,20,0,0,2026-06-02 09:36:23+00:00,"Best of both worlds 🇩🇪🇮🇩 and i’m not even Hannah Montana🤪

#indonesia #padarislandlabuanbajo🇮🇩 #germany #munich",20,0.06872852233676977
labuanbajo,3900000000,5600000,223100,306,9476,2025-06-19 06:35:11+00:00,"69 Resort Labuan Bajo menawarkan pengalaman menginap mewah dengan suasana ala Maladewa. 

Dari bandara komodo labuan bajo berjarak 1 km ke dermaga kp3 labuan bajo , anda harus memakai speedboat,sikoci untuk sampai ke 69 resort dengan waktu 5 menit saja.
#fyp #labuanbajo #traveler",232882,0.04158607142857143
labuanbajo,3900000000,25000,2784,22,182,2026-05-29 00:48:22+00:00,Replying to @niseey menikmati hari terakhir di labuan bajo!! Abis ini kemana yh?! #fyp #xyzbca #labuanbajo #vlog,2988,0.11952
labuanbajo,3900000000,1200000,121700,936,4844,2024-11-06 17:26:00+00:00,"Pure moment de beauté de la nature
#komodoisland#pinkbeach#cerf#beaute#fyp",127480,0.10623333333333333
labuanbajo,3900000000,7100000,498400,1083,24900,2025-04-06 03:40:15+00:00,#labuanbajo📍ntt #localcolectionlabuan #sunsetlabuanbajo🌆🌆,524383,0.07385676056338028
labuanbajo,3900000000,136400,2432,92,223,2025-02-18 15:09:50+00:00,"Replying to @awawaw88 ini yaa yg minta spill budget ke Labuan Bajo !! 

#labuanbajo #ayana #ayanalabuanbajo",2747,0.020139296187683283
labuanbajo,3900000000,2500000,461700,743,79400,2025-09-17 04:18:10+00:00,#labuanbajo,541843,0.2167372
labuanbajo,3900000000,135300,4616,68,602,2024-05-23 08:47:12+00:00,Save dulu aja gk sih buat nanti staycation di Lombok #lombok #selongselo #selongseloresort #selongbelanak #staycation #lombokhotel #lombokresort #lombokvilla,5286,0.039068736141906875
labuanbajo,3900000000,1900000,174900,4018,5060,2026-04-07 07:11:38+00:00,"Hanya timsar yang gak suka kesini 😩
#fyp #fypシ #fyppppppppppppppppppppppp #labuanbajo #flores",183978,0.09683052631578948
labuanbajo,3900000000,15700,3354,22,25,2026-05-31 13:10:20+00:00,"เหมือนฝันนน สวยมากกกกก
#padarisland  #indonesia #komodo #เที่ยวคนเดียว #solotravel",3401,0.21662420382165606
labuanbajo,3900000000,22200,4015,5,113,2026-05-19 09:46:46+00:00,"Bukan Maldives, tapi ini di Labuanbajo . 😍   Semoga kamu bisa kesini. taka makasar Labuanbajo #labuanbajo #yourtravelpartner #opentriplabuanbajo",4133,0.18617117117117118
labuanbajo,3900000000,1000000,85700,254,4106,2024-10-18 14:19:44+00:00,😍 #sailing #labuanbajo #fyp #random,90060,0.09006
labuanbajo,3900000000,5936,144,6,25,2026-04-04 02:10:50+00:00,"Surfing in Nusa Lembongan? Know your breaks first 🌊🏄‍♂️

Each spot hits different — from mellow rides to fast, hollow waves. Timing, tide, and choosing the right break can change everything.

Local tips = better sessions.

Save this before your next surf in Lembongan  and follow us for more island tips🌴

The Lembongan Traveller — Lembongan local experts, your inside guide to the island.

#lembongansurf #balisurf #surfbreaks #surfingtips #balitravel",175,0.0294811320754717
labuanbajo,3900000000,1980,116,0,4,2026-06-01 02:03:11+00:00,Sun-kissed & Bajo blessed🔥💙.                                         #labuanbajoindonesia             #labuanbajotrip,120,0.06060606060606061
labuanbajo,3900000000,6500000,554000,2011,5882,2025-03-05 07:24:29+00:00,Linca linca eee 😘🌅 #labuanbajo #pinkbeach #fyp,561893,0.08644507692307692
labuanbajo,3900000000,299,15,0,1,2026-06-02 10:51:54+00:00,Bahkan dua kali kesini dgn musim yg berbeda :) #fyp #ntt #labuanbajo,16,0.05351170568561873
labuanbajo,3900000000,8500000,487900,2288,24700,2025-05-18 11:22:56+00:00,semoga bisa kesini lagi 😁#fyp #fyppppppppppppppppppppppp #nttpride🏝🔥fypシviral #labuanbajoindonesia #loccalcollectionhotellabuanbajo,514888,0.06057505882352941
labuanbajo,3900000000,7052,1219,3,12,2026-05-28 04:41:31+00:00,Welcome to Labuan Bajo ☺️So Pwety 🥹 #labuanbajo,1234,0.1749858196256381
labuanbajo,3900000000,241700,10700,63,1636,2025-01-09 19:46:16+00:00,"A must if you visit Indonesia 🏝️

#nusalembongan#bali#nusapenida#balihiddengem#exploreindonesia#backpackingasia",12399,0.051299131154323545
labuanbajo,3900000000,1433,135,3,3,2026-06-01 02:47:18+00:00,"Aventuras en el teamLab Planets ubicado en la estación de Toyosu, en Tokyo✨💐 una exhibición de arte interactivo e inmersivo💓

Pasaron como 8 años desde la última vez que fui😱 y me sorprendió que estuviera actualizado, con nuevas y más exhibiciones! Fui pensando que en 40 minutos terminábamos el recorrido y nos quedamos una hora y media🤣

Los tickets se compran online desde la página oficial. Hay suficiente disponibilidad, yo los reservé con solo un par de díaa de antelación. A pesar de ser domingo y haber mucha gente, sentí que el staff dirigía muy bien el tráfico de los visitantes y en ningún momento hicimos más de 10 minutos de fila. 

Sin duda súper recomendado!!
🌟 @teamlab @teamlab.planets 
⚠️ hay DOS museos de teamLab en Tokyo, Planets y Borderless. No te los confundas, fijate bien dónde hiciste la reserva! Guardate este post como referencia🔖

#teamlab #tokyotokyo #asiatravel #japantravel #japantravelguide",141,0.09839497557571528
labuanbajo,3900000000,618,13,9,0,2025-06-10 14:36:46+00:00,Jangan lupa booking one day trip dari tag location di video ini kalau mau liburan ke Bajo,22,0.03559870550161812
labuanbajo,3900000000,10200,121,9,14,2025-11-18 03:41:27+00:00,Sailing trip in labuan bajo 😍 #nttpride🏝🔥 #labuanbajo #pulaupadar,144,0.01411764705882353
labuanbajo,3900000000,95300,5062,29,580,2026-01-12 14:00:19+00:00,snorkelling off of a private jetty >>> #labuanbajo #ayana  @AYANA Hotels,5671,0.05950682056663169
labuanbajo,3900000000,2900000,306200,1680,17500,2023-03-24 00:40:44+00:00,"green season sailing in labuan bajo🥹
#padarisland #wonderfulindonesia #traveling #sailing #komodonationalpark #liveonboardkomodo  #labuanbajo #metoosmile",325380,0.1122
labuanbajo,3900000000,4469,164,3,33,2025-09-06 01:12:08+00:00,"Recap 10 Hari Trip Seru di Labuan Bajo! 🌊✨
10 hari eksplorasi Labuan Bajo—dari Komodo Island sampai Pulau Padar, setiap momen penuh petualangan! 🐉🌅

Tag teman yang harus ikut trip ini! 👇🔥

Info trip & booking 👇
📲 WhatsApp: +6281128911991 (CS 1)
📲 WhatsApp: +628119941919 (CS 2)
📩 Email: sales@indonesiajuara.asia
🌍 Website: indonesiajuara.asia

#LabuanBajo #KomodoIsland #ExploreIndonesia #PesonaIndonesia #KomodoTour",200,0.04475274110539271
labuanbajo,3900000000,1900000,306600,634,11800,2024-07-19 10:49:36+00:00,"morning vibes from padar island🥹 no filter needed!
#exploreindonesia #pesonaindonesia #wonderfulindonesia #labuanbajo #indonesia #komodonationalpark #traveling #padarisland",319034,0.16791263157894737
labuanbajo,3900000000,3225,121,13,21,2025-12-12 13:27:11+00:00,"📍Taba Restaurant, Komodo Island, Indonesia // sunset views and japanese grill and bar? yes please 🙏🏻💕
-
#labuanbajo #traveldiaries #indonesiatravel #travelfoodie #japaneserestaurant",155,0.04806201550387597
labuanbajo,3900000000,951,38,3,0,2026-05-31 15:06:59+00:00,"🌊 Labuan Bajo Trip ✨

Where crystal-clear waters, breathtaking islands, and unforgettable sunsets come together. ☀️🤍

Discover the beauty of one of Indonesia's most stunning destinations and create memories that will last a lifetime.

📍Labuan Bajo, East Nusa Tenggara
Book your trip now through the link in bio 🔗
#labuanbajo #holiday #komodo #viral #fyp",41,0.04311251314405889
labuanbajo,3900000000,4600000,162000,333,2434,2024-11-20 15:22:51+00:00,"When in Bajo ☀️🏝️
@loccal collection 
.
.
#trowback #labuanbajo #wonderfulindonesia #fypシ゚",164767,0.035818913043478263
labuanbajo,3900000000,32900,431,8,179,2024-07-05 10:22:53+00:00,"Hidden paradise in Labuan Bajo, the sky is beautiful!😍🌅 
More info trip on bio.
#labuanbajotrip #fyp #sunsetvibes",618,0.01878419452887538
labuanbajo,3900000000,68500,800,22,573,2025-07-16 13:14:01+00:00,"The last dragon on earth - Komodo Dragon 🐉

#komododragon #komodo #pulaukomodo #komodoisland #labuanbajo #animals #wonderfulindonesia #sea #komodonationalpark",1395,0.020364963503649636
labuanbajo,3900000000,906000,66200,199,4307,2024-06-23 09:03:13+00:00,Sunset 🌅 di Pulau Kalong🦇- Labuan Bajo #labuanbajo #wonderfulindonesia #sunset #sunsetlover #sunsets #sunsetbeach #sunsetvibes #pulaukalong #lbj #komodoisland,70706,0.07804194260485652
labuanbajo,3900000000,586700,7713,253,1137,2025-04-04 12:23:26+00:00,"Sailing trip phinisi seru banget sampe akhirnya kamu liat kapal karam!! 🥀
@Andreas Chau @Ceryne @Andrevin Chau @quinella @Papi Ciloo 
#labuanbajo #labuanbajoindonesia #phinisilabuanbajo #phinisi #loritayoungmua",9103,0.015515595704789501
labuanbajo,3900000000,12700,677,58,193,2026-05-31 17:13:33+00:00,"POV: kamu lagi ngebut di laut paling cantik di Indonesia❤️😍

#labuanbajo #jesky #wisataindonesia #indonesiatimur #triplabuanbajo",928,0.07307086614173228
labuanbajo,3900000000,10000,741,17,135,2025-04-28 09:48:29+00:00,"Labuan Bajo is Breathtaking – A Paradise You Must Experience 🌅🌊

From stunning sunsets to crystal-clear waters and rich marine life, Labuan Bajo offers some of the most breathtaking views in the world. Experience the beauty of this paradise with Komodo Luxury, where every moment feels like a dream come true.

📲 WhatsApp: +628113823875 (CS Komodo Luxury)
📩 Email: sales@komodoluxury.com
🌍 Website: www.komodoluxury.com

#komodoluxury #labuanbajo #luxurytravel #indonesianparadise #breathtakingviews",893,0.0893
labuanbajo,3900000000,791300,33900,957,8961,2023-03-03 13:04:51+00:00,"𝙇𝘼𝘽𝙐𝘼𝙉 𝘽𝘼𝙅𝙊

🎥: @loccalcollection20 @loccalcollectionhotel 

#localcolectionhotel #labuanbajo #komodo #labuhanbajo #komodoisland #floresindonesia #travel #floresisland #komododragon #wisataflores #travelphotography #adventure #explore #komodotours #tourdeflores #adventuretime #mountains #exploremore #ntt #nusatenggaratimur #jalan2yuk #kupang #flores #indonesia #manggarai  #labuanbajo #explore #indonesia  #exploreindonesi #paradise #viral #indonesia🇮🇩",43818,0.055374699860988245
labuanbajo,3900000000,241000,24400,199,582,2024-06-14 06:39:30+00:00,"labuan bajo flores NTT
#labuanbajo#nttpride🏝🔥#fyp",25181,0.10448547717842324
labuanbajo,3900000000,38500,674,53,290,2026-03-08 14:33:09+00:00,"Traveling Hemat ke Kota Seribu Sunset 🌅 🐚🏝️🩷🌊🐠✨

#labuanbajo #pinkbeach #komodoisland #padarisland #triplabuanbajo",1017,0.026415584415584416
labuanbajo,3900000000,6722,536,12,24,2026-05-14 02:48:10+00:00,One day trip Labuan Bajo with East Cruise🚤 #labuanbajotrip #eastcruisekomodo #padarisland #pinkbeachlabuanbajo #mantapointlabuanbajo,572,0.08509372210651592
labuanbajo,3900000000,301000,33200,291,4693,2026-03-21 14:00:55+00:00,"Semoga tahun ini kalian bisa ke Labuan Bajo saat Green Season yah 🥹🤲🏼🏖️⛵️
#labuanbajo #padarisland",38184,0.12685714285714286
labuanbajo,3900000000,369,42,0,0,2026-06-01 08:53:43+00:00,This was too good #labuanbajo,42,0.11382113821138211
labuanbajo,3900000000,36500,1142,28,99,2023-08-25 12:04:53+00:00,"Replying to @kanggdede Budget solo trip ke Labuan Bajo, semoga bisa jadi referensi yaa #jalansamanat#explorentt",1269,0.03476712328767123
labuanbajo,3900000000,197300,25200,50,1743,2026-02-19 10:07:31+00:00,"pov : menikmati perjalanan di taman nasionan komodo ✨
#komodonationalpark #opentriplabuanbajo #onedaytriplabuanbajo #triplabuanbajo #sailingkomodo",26993,0.13681196147997973
labuanbajo,3900000000,765800,40800,544,6280,2026-02-10 12:11:43+00:00,"Hayo siapa yang ingin ke Labuan Bajo pas Green Season
Yukkk bareng kami untuk Trip Labuan Bajo More Info WhatsApp : 088210011504
#labuanbajo #padarisland #pinkbeach #komodo",47624,0.062188560981979626
labuanbajo,3900000000,1232,105,1,2,2026-05-31 17:50:53+00:00,"Just a normal dive in komodo🦈 (lost count of the sharks🙈)

#komododiving #komodolabuanbajo #komodonationalpark #sharkdiving #reefsharks",108,0.08766233766233766
labuanbajo,3900000000,1812,78,2,4,2026-06-02 06:03:15+00:00,Asli keren banget #meibanyaknginep #superagodahotel,84,0.046357615894039736
labuanbajo,3900000000,118700,4363,85,846,2026-04-20 10:10:28+00:00,"trip labuan bajo cuma 1,7jtan aja nihh🫵😍😍
Trip information & booking here 👇
📲 Whatsapp : (+62) 821-8480-4917
#privatetriplabuanbajo #onedaytriplabuanbajo #opentriplabuanbajo #tripmurahlabuanbajo #labuanbajotrip",5294,0.04459983150800337
labuanbajo,3900000000,373500,27600,249,5340,2025-03-30 14:28:30+00:00,"Footage dengan harga 2 juta rupiah 🥵  #komodonationalpark #komododragons 
#pulaupadarlabuanbajo 
#fypage #nttpride🏝🔥",33189,0.08885943775100402
labuanbajo,3900000000,191600,15700,92,1827,2024-01-31 12:08:13+00:00,#sunsetlabuanbajo #labuanbajopride🏝🔥 #nttpride🏝🔥 #wanderfullindonesia😊😊 #pesonaindonesia #labuanbajo,17619,0.0919572025052192
labuanbajo,3900000000,1014,28,0,2,2026-05-31 05:08:47+00:00,"Dua wisatawan asal Austria dilaporkan meninggal dunia setelah insiden di jembatan gantung kawasan Air Terjun Cunca Wulang, Labuan Bajo. Proses evakuasi telah dilakukan oleh tim gabungan. Semoga para korban mendapat tempat terbaik dan keluarga yang ditinggalkan diberi ketabahan.#capcut #capcutpioneer #tutorial",30,0.029585798816568046
mandalika,4400000000,10600,310,5,41,2026-05-30 02:25:37+00:00,"Gubernur Maluku Utara, Sherly Tjoanda, kembali mencuri perhatian publik saat berkunjung ke kawasan Pertamina Mandalika International Circuit. Dalam momen yang beredar di media sosial, Sherly tampak berjalan santai menyusuri area paddock sirkuit sambil melihat langsung berbagai fasilitas yang menjadi kebanggaan Indonesia tersebut.
Dengan penampilan sederhana namun elegan, Sherly terlihat beberapa kali berbincang dengan rombongan yang mendampinginya. Kehadirannya langsung menarik perhatian para pengunjung dan staf yang berada di sekitar lintasan. Banyak yang tak melewatkan kesempatan untuk mengabadikan momen bersama gubernur yang dikenal ramah tersebut.
Kunjungan ini menjadi semakin menarik karena Sherly tidak hanya melihat-lihat area sirkuit dari dekat. Ia juga berkesempatan menaiki sebuah mobil sport untuk berkeliling lintasan Mandalika dan menikmati suasana salah satu sirkuit terbaik di Asia Tenggara. Dari dalam kendaraan, Sherly dapat melihat langsung kemegahan trek balap yang telah menjadi tuan rumah berbagai ajang balap internasional.
Sherly mengaku terkesan dengan kualitas lintasan yang mulus serta panorama alam yang mengelilingi kawasan Mandalika. Hamparan perbukitan hijau dan pemandangan laut yang membentang di sekitar sirkuit memberikan pengalaman berbeda yang sulit ditemukan di tempat lain.
Tak hanya menikmati suasana sirkuit, Sherly juga beberapa kali mengungkapkan kekagumannya terhadap keramahan masyarakat Lombok. Selama berada di Nusa Tenggara Barat, ia kerap disambut hangat oleh warga yang antusias menyapa dan mengajak berfoto bersama.
Momen Sherly berjalan mengelilingi area paddock hingga menaiki mobil sport untuk menjelajahi lintasan Mandalika pun langsung menuai beragam komentar dari warganet. Banyak yang memuji pesona dan karismanya saat berada di tengah kawasan balap internasional tersebut. Tidak sedikit pula yang menilai kehadiran Sherly semakin memperkenalkan keindahan Mandalika kepada masyarakat luas.
Di balik kesibukan sebagai kepala daerah, Sherly tampaknya benar-benar menikmati setiap sudut Pulau Lombok. Dari keramahan warga, keindahan alam, hingga sensasi berkeliling menggunakan mobil sport di Sirkuit Mandalika, semuanya meninggalkan kesan tersendiri bagi gubernur perempuan tersebut.",356,0.033584905660377355
mandalika,4400000000,1400000,64700,481,1242,2026-05-20 05:02:13+00:00,"Bersama Ibu Gubernur Maluku Utara @Sherly Tjoanda menjajal lintasan Sirkuit Mandalika kebanggaan Indonesia.❤️❤️❤️

#mandalika #sirkuitmandalika #sherlytjoanda #umidinda #lombok",66423,0.047445
mandalika,4400000000,488800,48800,13,811,2026-05-30 10:30:35+00:00,"Speed on the sea, The engines roar loud, but the calm stays forever what does racing mean to you?#Mandalika #Racing #Motorsport #GT3 #SpeedAndSilence",49624,0.10152209492635024
mandalika,4400000000,10100,125,28,27,2026-05-07 06:27:06+00:00,📍mandalika botani square lantai LG #yourtrustedscent #mandalikaperfume,180,0.01782178217821782
mandalika,4400000000,293000,8469,56,573,2026-02-04 13:29:52+00:00,"Legenda Putri Mandalika
#dongeng #ceritarakyat #legenda #ceritaanak #putrimandalika",9098,0.031051194539249146
mandalika,4400000000,55200,2993,47,269,2026-05-28 14:39:12+00:00,kapan lagi?? #desasade #lombok #mandalika #touring#cbglmptiger,3309,0.059945652173913046
mandalika,4400000000,64100,5922,57,352,2026-05-27 09:06:23+00:00,1 lap in mandalika with me✨,6331,0.09876755070202808
mandalika,4400000000,225800,4680,141,515,2026-04-10 16:22:05+00:00,"Ride In Track 

#mandalika
#sirkuit",5336,0.02363153232949513
mandalika,4400000000,6011,109,3,12,2026-01-22 09:23:36+00:00,"Putri Mandalika tidak memilih satu hati, karena satu pilihan bisa memicu perang.
Cerita ini mengajarkan bahwa cinta terbesar bukan tentang dimiliki, melainkan berani berkorban demi hal yang lebih besar. Dan akhirnya menjadi legenda yang menciptakan tradisi budaya yang terus dilestarikan.

#mandalika 
#baunyale 
#legenda 
#lombok 
#dongeng",124,0.02062884711362502
mandalika,4400000000,2400000,106300,234,1405,2026-05-04 11:25:04+00:00,sesi latihan bulan lalu di Mandalika 😂 #erikaowen #olahragatiktok,107939,0.04497458333333333
mandalika,4400000000,208600,3378,218,220,2026-05-16 14:08:24+00:00,"RECAP SATMORI MANDALIKA JABAR 16 MEI 2026 CEK DI IG @tenzobr DAN YOUTUBE TENZOBR

#satmori #mandalikajabar #mandalika #recap #tenzobr",3816,0.01829338446788111
mandalika,4400000000,289700,14600,175,1982,2026-05-29 11:45:09+00:00,Nitip ah biar yang laen ngikut ke Mandalika #mandalika #garasimaticproject,16757,0.05784259578874698
mandalika,4400000000,2217,73,2,4,2026-05-30 12:53:01+00:00,"Aksi balap kembali ke Mandalika! 🏁

Mandalika Festival of Speed Round 2 siap digelar pada 12–14 Juni 2026 di Mandalika International Circuit.

Siapkan diri untuk akhir pekan penuh adrenalin dengan berbagai kelas balap, persaingan sengit, dan keseruan yang sayang untuk dilewatkan. Sampai jumpa di Mandalika!

#mandalikacircuit #mandalikafestivalofspeed #speedinparadise",79,0.03563373928732522
mandalika,4400000000,1743,24,0,0,2026-02-08 06:02:14+00:00,"Kisah legenda Putri Mandalika ini diadaptasi dari buku Bau Nyale terbitan Depdikbud 1983.

Gambar hanya ilustrasi. 
#sejarahlombok #putrimandalika #baunyale #lombok",24,0.013769363166953529
mandalika,4400000000,1100000,70900,297,5871,2026-05-10 11:06:16+00:00,when marquez akan balapan di sirkuit...#marcmarquez #mandalika #motogp #jokowi #fyp,77068,0.07006181818181818
mandalika,4400000000,55500,631,11,107,2025-07-03 14:43:17+00:00,"Loveee bgt sama parfum mandalika yang gorgeous tuberose!✨💓 

#DijaminGorgeous",749,0.013495495495495495
mandalika,4400000000,2324,75,0,2,2026-05-16 04:35:17+00:00,Tikungan 10 Sirkuit mandalika 🔥#sirkuitmandalika #mandalika #2026 #gtworldchallenge,77,0.03313253012048193
mandalika,4400000000,41800,341,19,180,2025-10-05 07:19:41+00:00,Marco Bezzecchi dan Marc Marquez crash di MotoGP Mandalika #indonesiangp,540,0.01291866028708134
mandalika,4400000000,128000,2376,38,205,2025-08-11 16:27:53+00:00,"Marc Marquez big Crash in Mandalika
#motogp #repsol #honda #93 #mandalika #bigcrash",2619,0.0204609375
mandalika,4400000000,1065,7,1,0,2026-05-08 07:31:45+00:00,Unboxing Mandalika No1 #parfumtiktok #parfumviral #parfum #fragrancetiktok #mandalika,8,0.007511737089201878
mandalika,4400000000,405900,818,47,78,2026-01-20 05:00:57+00:00,"Decant Parfum Mandalika
100% Ori tanpa campuran No KW2
Varian Lengkap Botol Spray Kaca",943,0.0023232323232323234
mandalika,4400000000,409900,67800,213,4482,2026-05-21 11:00:00+00:00,"Day 1. New chapter starts at Mandalika International Street Circuit 🏁
•
•
#MakeLifeARide #s1000rr #bmws1000rr #bmwm1000rr",72495,0.17686020980727007
mandalika,4400000000,5730,1375,3,3,2026-06-02 12:39:10+00:00,"maksimalin dokumentasi pokoknya

#mandalika #vario #matictransjawa",1381,0.24101221640488657
mandalika,4400000000,14700,573,15,27,2026-01-28 12:19:50+00:00,"Dari Lombok, Inadonesia untuk dunia 🌍🏁
mana warga lombok ... 💙
#SirkuitMandalika #Mandalika #IndonesiaBangga #MotoGP #NTB",615,0.04183673469387755
mandalika,4400000000,72000,2371,117,60,2026-02-24 08:17:03+00:00,#mandalika,2548,0.035388888888888886
mandalika,4400000000,361300,36500,50,3042,2026-01-03 04:28:49+00:00,track day🏁😜 #mandalikacircuit,39592,0.10958206476612234
mandalika,4400000000,11300000,294100,10200,22100,2026-05-26 03:04:45+00:00,Patung ikonik dari berbagai daerah di indonesia part 3,326400,0.02888495575221239
mandalika,4400000000,111800,4012,449,738,2026-06-01 11:15:26+00:00,MISI MASIH BUG DAN BELOM BISA TERIMA HADIAH MOTORNYA!. Terima kasih banyak abang @KYY (ميحبكس)  dan @Lani plenger  . terima kasih viewers yang sudah membantu juga 🙏#roblox #dds #advgamer,5199,0.04650268336314848
mandalika,4400000000,498400,15500,460,283,2025-08-21 14:50:46+00:00,Sirkuit Mandalika masih paling horor bagi Marc Marquez #motogp #marcmarquez #mandalika,16243,0.032590288924558584
mandalika,4400000000,21400,472,3,4,2022-03-27 10:58:00+00:00,starting MotoGP mandalika 2022 #motogp #mandalika #mandalikacircuit #pawanghujan #pawanghujanmandalika #viral #viraltiktok #titok #titokindia #titokviral,479,0.02238317757009346
mandalika,4400000000,19000,987,3,4,2026-05-29 16:26:18+00:00,"sirkuit mandalika,
📍Lombok, NTB

#sirkuitmandalika #wisatalombok #lombokvirall🌴🌴 #motogp #viral",994,0.05231578947368421
mandalika,4400000000,5097,508,7,8,2026-06-02 03:09:08+00:00,"coba aspal mahal 🙂‍↔️ @Wahyu_Locnes 

#mandalika #lombok",523,0.10260937806552874
mandalika,4400000000,465600,23400,129,906,2026-02-01 03:00:00+00:00,"QUANDO A LENDA SOBE NA MOTO 🔥

Valentino Rossi dando uma volta de R1 em Mandalika. Só isso já explica tudo.

🎥: @valeyellow46",24435,0.052480670103092784
mandalika,4400000000,172000,3500,288,486,2025-12-16 09:40:23+00:00,Alam marah ke manusia di Mandalika. #fyp #makmurmendunia #ntb #mandalika #tambang,4274,0.024848837209302324
mandalika,4400000000,3281,48,5,8,2026-06-01 09:21:31+00:00,"Fix, jangan lupa save & share video ini buat masukin ke bucket list liburan kamu nanti ya!✨🙌

#lombok #kutamandalika #segaraanak #fy #fypシ゚viral",61,0.018591892715635477
mandalika,4400000000,72100,1316,230,161,2026-06-01 16:52:46+00:00,"LOKASI SAPI QUEST IDUL ADHA,MAP MANDALIKA PART TERKAHIR,Besok lanjut Questnya😁 #dragdrivesimulator #dds #rdid #robloxgames #foryoupage",1707,0.023675450762829404
mandalika,4400000000,2197,563,5,55,2026-06-02 09:53:21+00:00,Sirkuit mandalika ✋🏻 #cb #cb125 #injeksi #lombok #mandalika,623,0.28356850250341376
mandalika,4400000000,9500000,539100,2731,19400,2024-09-29 11:16:45+00:00,"Bagian230
#mandalika #fypシ゚viral",561231,0.059076947368421055
mandalika,4400000000,1368,54,13,4,2026-06-01 12:10:26+00:00,"Suasana sore yang tenang, banyak turis asing menikmati sunset Mandalika,belum terlalu ramai wisatawan lokal bisa dibilang hidden gem.
Next bisa jadi wisata Lombok terbaru dengan sunset beach -nya yang cantik.

beach

#kutalombok #mandalika #sunset #lombokisland #wonderfullombok",71,0.051900584795321635
mandalika,4400000000,3067,88,0,6,2025-10-07 00:28:11+00:00,"Momen Epic MotoGP Mandalika 2025
Nomor 1 paling sedih🥺 #motogp #motogpindonesia #mandalika #marcmarquez #ducaticorse",94,0.030648842517117705
mandalika,4400000000,5732,44,21,9,2026-06-02 07:51:15+00:00,"Membalas @kepoa58 ayo siapa yang sapinya masih 29?
#lokasisapimandalika #questiduladhadds #dragdrivesimulator #eventdds2026 #robloxfyp",74,0.012909979064898814
mandalika,4400000000,3100000,36600,540,345,2025-10-05 08:28:42+00:00,"Tabrakan antara Marc Marquez dan Marco Bezzecchi terjadi pada lap pertama di MotoGP Mandalika. Dari kejadian tersebut, terlihat motor dari Bezzecchi mengalami kerusakan cukup parah.

Tidak hanya itu, Francesco Bagnaia dan Jack Miller juga jatuh dalam balapan hari ini.

#MotoGP #GPMandalika #okezone #okezonecom",37485,0.012091935483870967
mandalika,4400000000,1747,67,0,0,2026-06-01 07:16:10+00:00,Produck kampas ar racing sudah sampai sirkuit internasional mandalika bosku🙏🏆,67,0.0383514596451059
mandalika,4400000000,1100000,70800,495,2528,2024-09-26 13:33:11+00:00,"Mandalika International Circuit
#fyp #yourpage #mandalika #mandalikacircuit #motogp #motogpindonesia #mandalikacircuit #mandalikainternationalcircuit #pesonaindonesia #mgpa",73823,0.06711181818181818
mandalika,4400000000,44000,1566,22,53,2026-01-27 06:08:19+00:00,"VR46 Siap Geber Mandalika??? 
#fyp #mandalika #motogp #valentinorossi #vr46",1641,0.03729545454545455
mandalika,4400000000,397900,8683,233,604,2025-10-03 10:08:51+00:00,Jatuh bangun di Mandalika #marcmarquez93 #Motogp #motogpindonesia #motogpmandalika #ducatilenovoteam,9520,0.023925609449610453
mandalika,4400000000,80800,2386,109,646,2024-08-19 11:52:57+00:00,Novotel Kuta Mandalika Lombok Tengah.,3141,0.038873762376237624
mandalika,4400000000,3500000,218300,814,1295,2023-10-10 13:18:47+00:00,"Baru Mendarat Hari ini, Fabio Quartararo langsung jogging sore di Sirkuit Mandalika #FQ20

#mandalika #motogp #sirkuitmandalika #indonesia #motogp2023",220409,0.062974
mandalika,4400000000,4900000,377200,1121,7002,2024-09-27 17:47:24+00:00,"Pertamina Mandalika International Circuit Rready to race🏁🏁🏁 

#PertaminaMandalika #PertaminaMandalikaCircuit #IndonesianGP #PertaminaGrandPrixofIndonesia #PertaminaMandalikaInternationalCircuit  #Mandalika #MotoGP2024 #MotoGPMandalika",385323,0.07863734693877551
mandalika,4400000000,1504,60,6,2,2026-05-30 23:38:29+00:00,"Cewek cantik dengan pesona Kuta Mandalika, surga tropis dengan laut biru memukau.💦🌴

#KutaMandalika #Lombok #Indonesia #Travel #BeachLife #ExploreIndonesia #TropicalParadise #NatureBeauty #Vacation #PantaiIndah#bule#cewecantik",68,0.04521276595744681
mandalika,4400000000,287000,20600,197,635,2025-05-09 04:40:09+00:00,"Welcome to Mandalika 
#gtworldchallengeasia #fypdong #fyp #lombok #mandalika",21432,0.07467595818815331
mandalika,4400000000,157700,4378,100,2011,2024-04-29 08:14:47+00:00,"lombok rasa bali🌴

#mandalika #lombok #mandalikabeachclub #mandalikacircuit #mbc",6489,0.041147748890298035
mandalika,4400000000,91400,4120,124,39,2025-10-01 11:20:45+00:00,"“INDONESIA pecah! 🇮🇩🔥 Welcome back to Mandalika Marc Márquez sang JUARA MotoGP 2025 🏍️✨”
👉 #MotoGP2025 #Mandalika #MarcMarquez #Lombok #Indonesia #FYP #Viral",4283,0.04685995623632385
mandalika,4400000000,598300,22600,129,409,2024-09-28 00:16:49+00:00,"View Lokasi Nonton Terbaik di Sirkuit Mandalika.

#sirkuitmandalika #mandalika #lombokisland #lombok #mandalikagp #mandalikacircuit #motogplombok #motogpmandalika2024",23138,0.03867290656861107
mandalika,4400000000,354000,6995,106,3546,2024-05-29 08:44:52+00:00,"Kuta Mandalika, Lombok🏖️#mandalika  #kutamandalika #lombok #mandalikacircuit",10647,0.030076271186440677
mandalika,4400000000,781400,4823,759,247,2025-09-27 14:27:24+00:00,Hamood Habibi dan Para hantu balapan #hamoodhabibi #hantu #balap #mandalika,5829,0.007459687739953928
mandalika,4400000000,57100,9459,33,1062,2025-05-11 13:30:43+00:00,Awesome weekend with my #fx30 at #mandalikacircuit || #gtworldchallenge #asia #mandalika,10554,0.1848336252189142
mandalika,4400000000,130700,7120,135,332,2025-10-05 11:55:55+00:00,Wellcome to Mandalika 🥳💃🥳💃 #mandalika #motogp #indonesia🇮🇩 #sirkuitmandalika #fyppppppppppppppppppppppp,7587,0.05804896710022953
mandalika,4400000000,312400,2494,14,26,2026-03-28 02:27:28+00:00,#mandalikacircuit #vedaega #motogpbrazil #motogpameria,2534,0.008111395646606914
mandalika,4400000000,1200000,58700,374,3842,2023-10-12 06:59:57+00:00,"Pesona pemandangan indah yang terdiri dari hamparan pantai pasir putih yang dipadukan dengan bukit-bukit hijau, membuat sirkuit Mandalika dijuluki sirkuit terindah di dunia. 

Menuju event MotoGP di sirkuit Mandalika 2023, Garuda Indonesia menambah penerbangan lebih dari 6.200 seat dari dan menuju Lombok selama periode MotoGP 2023

Pesan tiketnya segera yuk di 
• Aplikasi FlyGaruda atau 
• www.garuda-indonesia.com

📷: @rezaardiantori

#GarudaIndonesia
#BecauseYouMatter
#Mandalika
#Lombok
#MotoGP",62916,0.05243
mandalika,4400000000,418000,10700,113,1562,2025-10-01 01:51:28+00:00,"Sirkuit Moto GP terindah..

#mandalikacircuit #mandalika #motogp #motogpindonesia #fypシ゚ #circuit #fypage #gp #circuitmandalika #ntb #kuta #kutalombok #explorelombok #indonesia🇮🇩 #motogp2025 #lombok #nusatenggarabarat",12375,0.029605263157894735
mandalika,4400000000,103500,7222,25,92,2026-02-17 17:23:26+00:00,"Mandalika – Pre Season Training | Part 1
Travel diary ✈️ + first arrival on track 🌧️😫
FULL VIDEO on our YouTube page 👋🏻#VR46RidersAcademy #VR46",7339,0.07090821256038647
mandalika,4400000000,539800,22800,208,263,2025-10-06 13:04:29+00:00,"Some Mandalika madness and a rookie making history ✨ 🤯

#IndonesianGP 🇮🇩 #MotoGP #SportsOnTikTok",23271,0.0431104112634309
mandalika,4400000000,810,11,0,5,2026-04-11 09:35:53+00:00,"halo kakak
yukk segera miliki new packaging Only The Brave kinii tampil lebih exclusive lagi 😎😎
jangan lupaa datang ke Mandalika Alam Sutera, buruann!!!!",16,0.019753086419753086
mandalika,4400000000,485,84,8,2,2026-05-31 09:56:44+00:00,"Spending the day at this gorgeous beach club and not ready to leave yet 🌊

📍 Mandalika Beach Club , Lombok 

#lombok #kutalombok #beachclubmandalika #mandalikabeach #indonesia",94,0.19381443298969073
mandalika,4400000000,8663,60,6,16,2026-01-08 07:02:36+00:00,"Damn bro ini enak banget for real, cocok banget nih dipake buat cewe cewe kue gitu. sweetnya tuh kek kue tiap sniff wanginya rasanya kek pengen gigit wkwk

Buat kalian yang mau nyobain bisa cek keranjang kuning atau ke Shopee kita ya🙌🏻

#mandalikaholysweet",82,0.009465543114394551
mandalika,4400000000,7176,69,12,13,2026-05-15 04:24:27+00:00,parfum ganteng check 😉#yourtrustedscent #mandalikaperfume,94,0.013099219620958752
mandalika,4400000000,441800,17200,598,708,2025-10-03 12:48:49+00:00,"Circuit Mandalika-Lombok 

#mandalikacircuit #circuit #gpmandalika #gp2025 #mandalikamendunia",18506,0.041887732005432325
mandalika,4400000000,181600,7291,80,607,2024-09-28 12:42:06+00:00,"Indahnya Sirkuit MotoGP Mandalika, Lombok..

#mandalika #mandalikacircuit #motogp #sirkuitmandalika #fyp #fypv #fypviral #lombok",7978,0.04393171806167401
mandalika,4400000000,5165,28,3,6,2025-08-12 11:58:53+00:00,"Mandalika - Only The Brave

#mandalikaperfume",37,0.007163601161665053
mandalika,4400000000,1400000,46500,119,927,2025-10-07 10:04:55+00:00,"The aura was auring again in Mandalika ✨ 

#IndonesianGP 🇮🇩 #MotoGP #MarcMarquez #Motor #SportsOnTikTok",47546,0.03396142857142857
mandalika,4400000000,285900,14100,302,992,2025-10-03 10:32:38+00:00,"Minimal sekali seumur hidup kalian harus ke Mandalika

#mandalika #motogp #lombok #viral #holiday",15394,0.05384400139909059
mandalika,4400000000,753200,21900,401,653,2025-10-04 08:16:29+00:00,"#MotoGP 🏍 - Duel paling seru di #IndonesianGP 2025 sementara ini, pertarungan sengit antara Bezzecchi dan Aldeguer ⚔️ #IndonesianGP 

Saksikan Balap MotoGP™ di SPOTV NOW!
⏭️ https://onelink.to/spotv_indonesia
 
Follow kami untuk konten EKSKLUSIF MotoGP™ lainnya! 🏍🏁

#SPOTV #SPOTVIndonesia",22954,0.0304753053637812
mandalika,4400000000,11800,804,25,7,2026-05-26 02:11:27+00:00,bapak ku yg selalu keren 🥰🥰🥰🥰#mandalika #motoran #jokowidodopresidenkita #presidenjokowi #jokowi,836,0.07084745762711864
mandalika,4400000000,259300,3014,44,209,2026-04-28 23:00:00+00:00,"Ternyata ada loh hotel bintang 5 semewah ini di dekat sirkuit motoGP!😱✨ view pantai,fasilitas komplit,makanan enak dan bisa liat sunrise juga😱 pullman lombok mandalika beach resort namanya! yang mau nginep dengan harga ramah dikantong juga kayak aku,bisa kepoin di tag lokasi terus booking aja ya! #hotelhunterid #pullmanlombokmandalika #sirkuitmandalika #hotelmewah #creatorsearchinsight",3267,0.012599305823370613
mandalika,4400000000,99400,1053,17,685,2026-04-21 00:27:40+00:00,"Baru di kuta mandalika !! 😍

happy banget adek faiz naik dino sambil menikmati pantai kuta , abis itu sunsetan masyaAllah best banget 😍💞 #dinokutamandalika  #fyppppppppppppppppppppppp  #sorotan #lombokvirall🌴🌴  #kutamandalika",1755,0.017655935613682092
mandalika,4400000000,26300,1720,7,40,2026-05-06 01:37:52+00:00,#race #mandalika #gtworldchallengeasia #radical,1767,0.06718631178707224
mandalika,4400000000,1430,27,0,0,2026-05-08 05:25:26+00:00,4 bulan lagi #Gpmandalika#Gp2026#mandalikalombok 🇮🇩🇮🇩,27,0.01888111888111888
mandalika,4400000000,4500000,78700,1059,2872,2026-02-06 02:25:55+00:00,Aku mau nyobain jadi pembalap dulu #lombok #mandalika #fyp,82631,0.018362444444444445
mandalika,4400000000,1400000,120200,792,4361,2023-03-05 03:55:00+00:00,OTW nonton balapan #wsbkmandalika #mandalika #mandalikasirkuit #lombok #kuta,125353,0.08953785714285714
mandalika,4400000000,185600,5186,70,284,2023-10-16 12:41:10+00:00,Keseruan nonton langsung Motogp Mandalika 2023 #motogpmandalika #motogp #mandalika #peccobagnaia,5540,0.029849137931034483
mandalika,4400000000,262900,28400,100,1469,2025-07-15 11:01:59+00:00,sunsetnya Mandalika #mandalikacircuit #lombok,29969,0.11399391403575504
mandalika,4400000000,2416,184,2,2,2026-05-28 11:56:16+00:00,"Sunsetan 🔥
#fyp #2026 #lomboktiktok #mandalika #tiktokgogempar",188,0.07781456953642384
mandalika,4400000000,3000000,163500,464,717,2022-11-21 09:00:39+00:00,"Adminnya MotoGP kangen Mandalika😂😂🤣😂😂
soalnya dimandalika banyak cerita unik🤭🤭🤭🤗🤣😂
#fabioquartararo20#mandalikamotogp#motogpindonesia#WORLDCUPCELEBRAICETION",164681,0.05489366666666667
mandalika,4400000000,1100000,27500,890,930,2026-04-03 02:07:04+00:00,"Wawww.... 
Sirkuit Mandalika
#fyp #reels #pengikut",29320,0.026654545454545455
mandalika,4400000000,245300,3387,39,27,2024-10-02 14:50:00+00:00,"Nikita Mirzani Ketemu Marquez di
Sirkuit Mandalika, Bikin Warganet 
Heboh: Seleranya Bule

Nikita Mirzani Ketemu Marc Marquez di Sirkuit Mandalika, Bikin Heboh Warganet: 'Seleranya Bule!' – Momen pertemuan antara artis sensasional Nikita Mirzani dan pembalap MotoGP, Marc Marquez, di Sirkuit Mandalika berhasil mencuri perhatian warganet. Banyak yang terkejut dan membahas soal 'selera' Nikita, yang dikenal sering bergaul dengan bule. Netizen pun ramai mengomentari interaksi tersebut, membuat dunia maya semakin panas!",3453,0.014076640847941297
mandalika,4400000000,78800,971,9,14,2025-10-05 11:49:38+00:00,Kamu Hebat Banget Min #ferminaldeguer #motogpmandalika #gpmandalika #mandalikagp #eliapintat,994,0.012614213197969543
mandalika,4400000000,2599,73,6,1,2026-06-02 03:53:36+00:00,"#Mandalika_circuit
#motogp",80,0.030781069642170065
mandalika,4400000000,160100,722,52,1721,2023-10-11 15:15:53+00:00,#fyp ada yang kenal ga dengan pawang hujan di MotoGP Mandalika2023 lombok NTB 🇮🇩👍👍❤️❤️❤️🤔🤔,2495,0.015584009993753903
mandalika,4400000000,348800,31300,260,4200,2026-04-21 23:04:38+00:00,lepas landas lah sudahhhh#mandalika #lombok #fyp #,35760,0.10252293577981651
mandalika,4400000000,302700,6325,36,108,2025-08-17 04:23:42+00:00,SUPERPOLE ANDERBONE 150CC U25 (MANDALIKA RACING SERIES) PUTARAN KETIGA#mandalikaracingseries #race #balapan #fyp #tiktok,6469,0.021370994383878426
mandalika,4400000000,11200,130,16,32,2026-03-24 11:07:14+00:00,Ini kah tugu impian anak motor#mandalika #vario #lombok #vario125 #variomodifikasi,178,0.015892857142857143
mandalika,4400000000,402400,15100,178,21,2023-10-05 08:37:35+00:00,#alonsolopez #LambeGP #fyp #race #rider #MotoGP #mandalika #bali #moto2,15299,0.038019383697813124
mandalika,4400000000,86400,3289,14,33,2026-03-07 23:17:57+00:00,"Hi there! My name is Anna and I’m first season rider. Riding at the Mandalika MotoGP track.
Follow for more bike content🫰🏼

#motorsport #motogirl #trackday",3336,0.03861111111111111
mandalika,4400000000,77800,1263,38,26,2026-05-29 14:49:49+00:00,"agak Laen Ogura ini..diajak mancing aja klw udah di Mandalika 🫣🫣🫣🫣🫣
#ogura",1327,0.01705655526992288
mandalika,4400000000,3907,57,1,3,2026-06-01 08:54:57+00:00,"Info terkini !!😫
#lombok #wisata #beach #mandalika #core",61,0.015613002303557716
mandalika,4400000000,241,6,0,0,2026-05-28 08:29:48+00:00,"Valentino Rossi tries out the Mandalika Circuit..
#vortex 
#valentinorossi 
#mandalika 
#mottogp2026",6,0.024896265560165973
mandalika,4400000000,11400,142,20,2,2025-10-29 14:18:30+00:00,"INFO TERBARU:

*MANDALIKA SERTA MOTO GP MANDALIKA AKAN HILANG DARI PETA MOTO GP TAHUN 2026.
*KATA MANDALIKA MENDUNIA🤣🤣🤣🤣
*KOK MANDALIKA KE BULAN TERUS🤣🤣🤣

*UDAH DIBILANG, BANGSA NKRI HARGA T0LOL MEMANG SUKA BERKOAR KOAR.

#indonesia #mandalika #motogp #litarsepang #malaysia",164,0.014385964912280702
mandalika,4400000000,2000000,292200,557,7786,2026-05-04 10:42:37+00:00,mandalika festival of speed,300543,0.1502715
mandalika,4400000000,1397,35,0,0,2026-05-26 11:00:00+00:00,Veda Ega smooth start at Mandalika 🥶 | #motogp26 #motogp25 #motogp24 #motogp #fypシ゚,35,0.025053686471009307
mandalika,4400000000,127000,776,67,112,2023-07-01 09:23:08+00:00,3 FAKTA SIRKUIT MANDALIKA #fyp #fypシ,955,0.007519685039370079
mandalika,4400000000,13800,165,50,7,2026-05-28 08:15:16+00:00,"Top 4 notor yang bikin kamu ga kalah di mandalika🤯

@MTP_Official 
#mototrackdayproject #mototrackdayprojectroblox #motorcycle #fyp #robloxedit",222,0.01608695652173913
mandalika,4400000000,11900,291,4,4,2026-05-01 13:48:50+00:00,"Sound ini lagi muter terus… dari awal play sampai ujung track, vibes-nya nggak turun-turun. Kebawa suasana, kebawa jalan, sampai akhirnya nyampe Mandalika 🐦🔥

Sekaligus jadi bukti kalau Sean Gelael siap tancap gas dan menaklukkan Mandalika",299,0.025126050420168067
mandalika,4400000000,955500,27800,440,463,2026-01-29 03:01:23+00:00,"Valentino Rossi Geberr Sirkuit Mandalika untuk peetama kalinya.

Kita nantikan pendapat Vale Yellow tentang Sirkuit Mandalika guys.

#sirkuitmandalika #mandalika",28703,0.030039769754055468
mandalika,4400000000,184100,743,197,60,2024-06-02 16:17:26+00:00,"Siapaa yang udh pernah cobaa parfume ini? Wanginya gabisa deskripsiin tapi enak guys, dan pilihan wanginya banyak jujur bingung bgt. Yang mau dispill gimana cara refillnya bisa komeen🙆‍♀️ #fy #fypシ゚viral #fypage #fyp #fypシ゚ #foryourepage #foryour #foryou #parfumviral #parfumtiktok #parfummandalika #reviewparfum #reviewparfumlokal #foryoupage❤️❤️",1000,0.005431830526887561
mandalika,4400000000,121700,2489,58,69,2025-08-24 04:06:08+00:00,"Sekedar info aja

#adventure #lombok #mandalika #trailvintageindonesia #trailvintage",2616,0.021495480690221856
mandalika,4400000000,883800,58600,503,847,2025-10-04 05:17:10+00:00,Slows in Mandalika ❤️‍🔥 #DeportesEnTikTok #MM93 #tiktokdeportes #indonesiangp,59950,0.06783208870785246
mandalika,4400000000,529000,12600,175,249,2026-01-30 00:24:07+00:00,"Pertama kali mencoba sirkuit Mandalika di usia 46 tahun, hanya tertinggal 2 detik 💪 #legend

Valentino Rossi menjalani debutnya di Sirkuit Mandalika. Ia berlatih menggunakan Yamaha YZF-R1 GYTR bersama dengan VR46 Riders Academy.

Berikut catatan waktu keseluruhan:
1. Francesco Bagnaia - 1:33.937
2. Franco Morbidelli +0.422
3. Marco Bezzecchi +0.674
4. Fabio Di Giannantonio +0.754
5. Celestino Vietti +0.991
6. Valentino Rossi +2.339
7. Matteo Gabarrini +5.789
8. Andrea Migno +6.975
9. Luca Marini +????

📸 VR46

#GPRacingIndonesia #vr46 #RespectAllRiders #MotoGP mandalika",13024,0.024620037807183366
mandalika,4400000000,14500,692,521,0,2026-05-29 02:20:31+00:00,"mandalika city 
kaliwiro wonosobo
bagian kedol
sampean wonosobone pundi.monggo komen #foryuopage",1213,0.0836551724137931
mandalika,4400000000,1100000,98400,367,4445,2025-09-29 11:41:39+00:00,"🙌🏻
#marcmarquez  #mandalika  #motogp  #mandalikacircuit  #indonesia🇮🇩",103212,0.0938290909090909
mandalika,4400000000,26700,1965,39,375,2026-04-05 05:02:39+00:00,View mandalika dari bukit seger 😍🤩#mandalika #lombok #fyp #mandalikacircuit,2379,0.08910112359550562
mandalika,4400000000,445800,36400,119,820,2025-12-16 07:30:44+00:00,#niceguymo #bigmo #irl #mandalika,37339,0.08375729026469268
mandalika,4400000000,25400,3763,38,454,2026-04-15 10:18:10+00:00,#fy #mandalika #cb125se #touring,4255,0.1675196850393701
mandalika,4400000000,2595,108,8,15,2026-05-29 17:16:49+00:00,#mandalikaroleplay #stringer #editingnews ・ Upload Method → @editingnews.com,131,0.05048169556840077
mandalika,4400000000,2033,46,6,6,2026-05-14 07:13:39+00:00,"Silahkan yang mau order sablon kertas layangan bisa DM via tiktok, panjangkan list antrian 🙌🏼🤩",58,0.02852926709296606
mandalika,4400000000,3110,75,1,2,2026-04-30 03:44:58+00:00,Sean Gelael in GTworldChalengeAsia Mandalika 2026 #gtworldchallenge #sirkuitmandalika #marshallmandalika #fyp,78,0.02508038585209003
mandalika,4400000000,1200000,26700,363,258,2025-10-02 10:47:48+00:00,"Dance Tabola-Bale Ala Rider MotoGP Raul Fernandez | Parade MotoGP Mandalika 2025

Suasana jelang MotoGP Mandalika 2025 semakin meriah dengan parade pembalap di Kota Mataram, NTB, Rabu (1/10/2025). 

Sepuluh rider papan atas dunia ikut serta, mulai dari Francesco Bagnaia, Marco Bezzecchi, Luca Marini, Brad Binder, Miguel Oliveira, Franco Morbidelli, Fabio Di Giannantonio, Raul Fernandez, Somkiat Chantra, hingga Mario Aji yang mewakili Indonesia.

Saat acara puncak di Teras Udayana, lagu tradisional Tabola-Bale diputar. Para pembalap diajak berjoget bersama penari muda asal Mataram, Nurul Azizah. 

Beberapa rider tampak kaku, namun tetap semangat mengikuti irama.

Sorotan utama jatuh pada Raul Fernandez yang tampil paling ekspresif. Tubuhnya lentur mengikuti gerakan, membuat penonton bersorak heboh.

#TabolaBale #MotoGPMandalika2025 #MandalikaGP #MotoGPIndonesia #Mataram #NTB #ParadeMotoGP #RaulFernandez #MarioAji #TabolaBale #GPIndonesia",27321,0.0227675
mandalika,4400000000,135100,4398,150,789,2025-10-05 07:26:44+00:00,Nooooooo Marq Marquez guaaa 😭😭 BEZZECCHI ngapain sihh main nabrak’’ aja #motogp #mandalika #gpmandalika #marqmarquez #crash,5337,0.039504071058475206
mandalika,4400000000,346200,41900,447,2114,2026-05-02 16:44:54+00:00,RACE DEBUT #erikarichardo #mandalika #race #edit #olahragatiktok @erika,44461,0.1284257654534951
mandalika,4400000000,39200,414,11,16,2023-03-27 13:55:06+00:00,"Pernah gini nggak? Pengen sesuatu gara-gara cuma laper mata doang, pas udah kebeli malah begini jadinya. #mandalikamusic #gitaris #lapermata #mandalika #gitarmandalika #gitar #rekomendasi #rekomendasigitar #gitarakustik #akustik #mandalikagitar",441,0.01125
mandalika,4400000000,1300000,48000,119,183,2024-09-25 20:19:43+00:00,Marshall di Sirkuit Mandalika ramai jadi perbincangan. Pasalnya aksi flip botol yang ia lakukan berhasil menarik perhatian kamera dan komentator di World Superbike (WSBK) ketika race tertunda karena hujan deras #viral_video #wsbk #motogp #sirkuitmandalika #trendingvideo #gp #lomboktiktok #mandalikacircuit,48302,0.03715538461538462
mandalika,4400000000,4600000,213700,1640,1732,2025-09-29 16:12:51+00:00,"Luigi Dall'Igna mendapatkan sambutan hangat dari anak-anak penerus Bangsa 🇮🇩

Selamat datang di Lombok 🏁🇮🇩🌴

#sirkuitmandalika #mandalika #motogpmandalika2025 #mandalikagp2025 #motogplombok",217072,0.0471895652173913
mandalika,4400000000,9242,311,33,48,2026-03-27 05:15:22+00:00,#touring #mandalika,392,0.04241506167496213
mandalika,4400000000,180900,30700,232,3402,2026-05-21 07:14:01+00:00,Keren banget🫰 #ferrari #lombok #kutamandalika #fyppppppppppppppppppppppp,34334,0.18979546710889994
mandalika,4400000000,1300000,109000,3630,22200,2026-03-25 02:07:38+00:00,mandalika efek🥀,134830,0.10371538461538461
mandalika,4400000000,249400,3194,36,11,2022-03-16 02:59:57+00:00,Ga lucu aja kalo pas balapan tiba-tiba ada biawak nyebrang #IDNTimes #tiktoknews #SerunyaOlahraga #SerunyaRacing #TikTokBerita #MotoGP2022 #Mandalika,3241,0.012995188452285485
mandalika,4400000000,722,25,1,1,2026-05-28 09:13:23+00:00,"cerita seru di setiap sudut Mandalika International Circuit ✨🏍️
Mulai dari menikmati view sirkuit, keliling lintasan, sampai merasakan langsung vibes Mandalika yang selalu bikin nagih.
Karena di Mandalika, setiap kunjungan selalu punya experience yang berbeda 🔥
#mandalikacircuit #ExperienceMandalika #speedinparadise",27,0.037396121883656507
mandalika,4400000000,209600,799,56,25,2024-02-17 14:56:30+00:00,"Sirkuit Mandalika adalah sirkuit balap internasional yang terletak di Pulau Lombok, Indonesia. Dibangun untuk menyelenggarakan balapan MotoGP, sirkuit ini memiliki panjang sekitar 4,32 kilometer dengan 17 tikungan dan jarak lurus panjang. Sirkuit ini juga dirancang dengan pemandangan alam yang memukau, menjadikannya destinasi balap yang menarik bagi penggemar balap motor di seluruh dunia.

#mandalikacircuit #mandalika #international #sirkuitmandalika",880,0.004198473282442748
mandalika,4400000000,6451,134,2,49,2026-05-30 15:27:55+00:00,"dermaga yg asik utk mancing or 
duduk nyante sembari bengong
#kutamandalika #dermaga #lomboktiktok #laut #bukit",185,0.028677724383816463
mandalika,4400000000,5018,433,6,6,2026-05-22 00:00:00+00:00,"Bangga terhadap Indonesia, masuk sirkuit mandalika bukan hanya menjadi penonton, tapi juga bisa mengelilingi lintasannya. #sirkuitmandalika #pembalap #lombok #motogp",445,0.08868074930251096
mandalika,4400000000,675,22,0,0,2026-05-22 14:00:00+00:00,"Through every corner and every straight, Mandalika writes its own language of speed. A place where adrenaline speaks louder than words. 

#MandalikaTrackdayExperience #RCMotogarage #YaDiR",22,0.03259259259259259
mandalika,4400000000,897,89,4,0,2026-05-25 17:27:57+00:00,ayo ramaikan...Mandalika di Oktober nanti gaess..😉😉🥰#hondateamasia #vedaegapratama9🇲🇨🏆💪👍🥇 #motogp #vedafans,93,0.10367892976588629
mandalika,4400000000,1446,41,2,0,2026-05-23 14:24:59+00:00,"#mandalika
#motogp",43,0.029737206085753802
mandalika,4400000000,7674,35,3,13,2026-04-18 01:55:04+00:00,"wah 😱 Raja Hotel Kuta Mandalika sekarang ada promo di TikTok lho 😍

 (Diskon Dan Promonya hanya berlaku untuk yang  booking di tag lokasi video ini ya)

Diskon dan Promonya bisa berubah sewaktu-waktu ya gaes 😱🥹

Sebelum Kehabisan promo 🥲😭😱 yuk digercepin booking sekarang di tag lokasi video ini 📍 

#rajahotelkutamandalika 
#vouchertiktok #hotellombok 
#staycationhappy
#lsdagency",51,0.006645817044566067
mandalika,4400000000,299,4,0,0,2026-05-16 09:55:14+00:00,#mandalika #mandalikano1 #tiktokgogempar #mandalikaperfume,4,0.013377926421404682
mandalika,4400000000,306200,3724,18,36,2026-01-29 05:17:23+00:00,Valentino Rossi di Mandalika #vr46 #valentinorossi #motogp2026,3778,0.012338340953625081
mandalika,4400000000,107300,959,49,285,2026-02-22 15:14:02+00:00,#videoreelsfyp #komedilucungakak #fypviral #creatorsearchinsights #motogpmandalika #MotoGpinternasional #Balapanmotor,1293,0.012050326188257222
mandalika,4400000000,7544,203,54,7,2026-04-10 15:24:15+00:00,"Bogor - Mandalika 
10 April 2026
Jam 10 mlm mulai dri bogor",264,0.03499469777306469
mandalika,4400000000,24600,248,1,48,2022-02-14 06:13:27+00:00,"Mandalika test 2022, Marc marquez #gpmandalika #fyp",297,0.012073170731707317
mandalika,4400000000,633,24,2,2,2026-06-01 05:14:02+00:00,Udah ke mandalika?? #drone #lombok #mandalika,28,0.044233807266982623
mandalika,4400000000,33700,869,90,89,2026-04-14 07:26:17+00:00,"Adaa apaaa nih rame rame😍😍

#mandalika #mandalikaparfum",1048,0.031097922848664687
mandalika,4400000000,3578,175,0,0,2026-05-14 21:26:25+00:00,#mandalikacircuit #mandalikamotogp #mandalika,175,0.04891000558971492
mandalika,4400000000,21000,208,4,29,2023-10-14 08:40:34+00:00,Sprint race moto gp mandalika 2023 .. aduhhh marc Marquez crash lagi.. #mandalikacircuit #mm93 #peccobagnaia #viral #mandalika #fyp #vr46 #motogp #lombok #miquelolieviera88,241,0.011476190476190477
mandalika,4400000000,560,12,0,1,2026-05-26 09:37:16+00:00,"Di @montanamandalika , setiap sudut terasa seperti perpaduan sempurna antara modern stay dan tropical escape. Mulai dari kamar yang clean & stylish, lokasi strategis dekat pantai, sampai vibes Oceanside yang bikin susah move on.

Perfect place to recharge, menikmati sunset Mandalika, atau sekadar menikmati staycation dengan suasana coastal yang hangat dan effortless. 🌴☀️

Book your stay at Montana Oceanside Mandalika with @looklombok Tour and Travel 📲

#MontanaOceansideMandalika #MontanaMandalika #KutaMandalika #LombokStay #StayInLombok MandalikaVibes OceansideEscape",13,0.023214285714285715
mandalika,4400000000,5363,37,6,3,2025-10-20 06:01:15+00:00,"Voucher Diskon Raja Hotel Kuta Mandalika
#superstaygookt 
#hotelmurah 
#kutamandalika 
#rajahotelkutamandalika 
#lombok",46,0.00857728883087824
mandalika,4400000000,1873,47,2,0,2026-05-25 18:13:54+00:00,"pemenang pertama di sirkuit Mandalika 
Miguel Oliveira🇵🇹

#motogp #circuitmandalika #migueloliviera88 #ktm #redbull",49,0.02616123865456487
mandalika,4400000000,30700,1851,14,82,2025-08-01 23:29:28+00:00,"🥺
#bukitseger #mandalika #lombok",1947,0.06342019543973941
mandalika,4400000000,435,73,7,6,2026-06-02 14:04:34+00:00,lama ga post di sini😛 #MNZ57 #fyp #mandalikacircuit,86,0.19770114942528735
mandalika,4400000000,18000,2101,91,219,2026-05-30 01:01:23+00:00,"dari sukabumi untuk mandalika.

#vario #mandalikacircuit #lombok #fyp",2411,0.13394444444444445
mandalika,4400000000,348,37,14,4,2026-05-31 15:16:06+00:00,"sesekali cobain aspal mandalika 🤩

izin tag @Blue Skyy💫 @Dadakan Famiglia 

#mandalika #mandalikacircuit #dadakanfamiglia🤙🏻💥",55,0.15804597701149425
mandalika,4400000000,1300000,85500,569,17000,2023-03-15 12:06:41+00:00,Sunset point terbaik di lombok☀️☀️😍😍 #lombok #sunset #merese #bukitmerese #mandalika #fyp,103069,0.07928384615384615
mandalika,4400000000,429300,20700,220,552,2026-05-28 04:51:06+00:00,TERASI VIRAL.. Pasar MandaLika Lombok🥰 #terasilombok #terasipasarmandalika #meimeimecin,21472,0.05001630561378989
mandalika,4400000000,1100000,2348,363,79,2023-10-15 06:46:43+00:00,live sekarang Trans7 MOTO GP MANDALIKA#pendukungjokowi #pendukungganjar #pendukungprabowo #pendukunganiesbaswedan #MOTOGP #mandalika #fypシ゚viral,2790,0.0025363636363636365
mandalika,4400000000,6100000,80700,2234,38500,2025-05-07 02:06:59+00:00,"Pepes Nyale, ada nyali menyantapnya? 😁 #nyale #mandalika #putrimandalika #meimeimecin #pepesnyale #lombok #ntb",121434,0.0199072131147541
mandalika,4400000000,146400,9527,101,1079,2025-01-31 12:08:48+00:00,"Surga tersembunyi di selatan Lombok 🌊
.
.
.

#nature #reels #lombok #beautifulplaces #exploreindonesia #djimini3pro #view #explorelombok #lombokexperience #beach #bluebeach #selongbelanak #selongbelanakbeach #mandalika #exploremore #tomangomangbeach #summer #summerparadise #lombokparadise #vocation #travelvideo #lombokisland #lomboktiktok #fyplombok #lombokfyp #fyp #4you #lombok #lombokvirall #tiktoklombok",10707,0.07313524590163935
mandalika,4400000000,299,9,1,0,2026-05-30 11:19:58+00:00,Mandalika 🇮🇩,10,0.033444816053511704
mandalika,4400000000,16000,557,6,67,2026-05-17 09:58:36+00:00,"Welcome to Pertamina Mandalika International Circuit 🇮🇩
Ready to race? 🏍️🏁

#mandalikacircuit #mandalikalombok #explorelombok #pulaulombok #sirkuitmandalika",630,0.039375
mandalika,4400000000,4634,208,217,130,2026-04-25 01:26:43+00:00,"Staycation at Pullman Lombok Mandalika Beach Resort 🌴✨

Staycation dengan vibes tropical modern yang mewah, langsung terhubung ke Pantai Kuta Mandalika, jadi dari kamar bisa langsung menikmati suasana pantai yang tenang dan view laut yang cantik  🌊☀️

Lokasinya juga dekat banget dari Mandalika International Street Circuit 🏎️ jadi cocok banget buat yang mau liburan sekaligus explore kawasan Mandalika.

Fasilitasnya super lengkap, dari pool, spa, fitness center, restoran, hingga private beach access yang bikin pengalaman menginap jadi perfect 🤍

Luxury, comfort, and ocean breeze in one place.
Definitely one of the best beach resort experiences in Lombok 🌺

#pullmanmandalika #LuxuryStay #BeachResort #kutamandalika #lombokstaycation",555,0.11976694000863185
mandalika,4400000000,281,16,0,2,2026-06-01 15:37:14+00:00,Fokuss kate nabrak mantan hareee🤣#jombang24jam #mandalika #fyp,18,0.06405693950177936
mandalika,4400000000,1655,29,2,1,2026-06-02 12:54:28+00:00,otw mandalika @Robbypantjoro #irl #kendari #fyp #robbypantjoro #clippers,32,0.01933534743202417
mandalika,4400000000,100800,14800,91,1061,2026-05-22 13:18:45+00:00,🤫#sasaklombok #mandalikainternationalcircuit #kphjeparastyle🔥 #supramerah🥵 #tiktokgogempar,15952,0.15825396825396826
mandalika,4400000000,831,65,1,5,2026-06-02 08:40:51+00:00,"Pejuang Cpns dan kedinasan 2026,  sudah harus tau jenis soal seperti ini #kedinasan #ipdnjatinangor #cpns2026 #pns #cpns2024",71,0.08543922984356198
mandalika,4400000000,2684,71,25,1,2026-05-21 10:34:24+00:00,"Villain izin menyelesaikan tugas. 
saya sangat berterimakasih kepada @Mandalika Roleplay sudah menerima saya dan memberi kepercayaan untuk menjadi salah satu staff atau keluarga di kota mandalika see you next time kota terbaikku mandalika ON TOP 
#fyp #mandalikarp #mandalikaroleplay #mandalikaroleplayv2 #foryoupage",97,0.03614008941877794
mandalika,4400000000,363,159,18,4,2026-06-01 06:40:59+00:00,#subangciaterlembang #sirkuitmandalika #KDM,181,0.4986225895316804
mandalika,4400000000,789,22,4,1,2026-03-28 06:59:06+00:00,12345🌷#jjcapcut #lebaran #fyp   #CapCut,27,0.034220532319391636
mandalika,4400000000,1360,43,8,3,2025-04-18 05:33:17+00:00,cielah🤣💃#CapCut#beranda#fyp#trendingvideo#trust,54,0.039705882352941174
mandalika,4400000000,343600,16600,551,1143,2026-05-19 17:34:01+00:00,josjiss pokoknya #qmax969 #qmax250,18294,0.05324214202561118
mandalika,4400000000,8097,921,4,197,2026-06-01 22:14:17+00:00,Dadii koe pilih sg ndi cah🫢#gl100indonesia,1122,0.13856984068173397
mandalika,4400000000,118300,3882,255,485,2026-06-01 21:47:05+00:00,"PART 2 SAMPAI BOSS!!!
Sekali lagi makasih guyss
#dds #advgamer #roblox",4622,0.039070160608622145
mandalika,4400000000,4900000,153300,2906,5293,2026-03-19 02:10:03+00:00,MotoGP itu lagi,161499,0.03295897959183673
mandalika,4400000000,28600,3115,42,314,2026-05-29 02:48:13+00:00,"tenang,semua cuman perihal waktu👌 #4u #fyp #rembang24jam #glcepekreborn #gl100",3471,0.12136363636363637
mandalika,4400000000,76700,8878,338,285,2025-10-08 15:50:30+00:00,"🇬🇳🇲🇱being a Mandinka girly is the best ❤️❤️ I go hard for my culture 
#mandinkaculture #mandinka #mali #conakryguinea🇬🇳🇬🇳🇬🇳",9501,0.1238722294654498
mandalika,4400000000,1700000,43200,182,840,2025-10-01 04:25:24+00:00,T1 to sirkuit mandalika 2025#fypシ゚ #fyppppppppppppppppppppppp #motogpindonesia #motogpmandalika #2025,44222,0.02601294117647059
mandalika,4400000000,730400,25200,557,237,2025-10-05 17:27:04+00:00,dj panda perfrom di mandalika yang mengguncang para bule bule dan fansnya#djpanda#lombokmandalika@DJ Panda,25994,0.03558871851040526
mandalika,4400000000,5500000,159500,3364,2663,2024-09-28 09:31:29+00:00,"An absolute honor to be invited to dance on starting grid of the Sprint Race at the Pertamina Grand Prix of Indonesia 2024! 🤩
Huge thanks to @motogp , @itdc_id , @themandalikagp and @themandalika_lombok for this incredible opportunity! 🙌✨

#pertaminagrandprixofindonesia2024 
#motogp2024 
#itdc
#mgpa 
#themandalika",165527,0.030095818181818182
mandalika,4400000000,206600,3753,46,208,2025-07-02 16:03:51+00:00,"Aaron, host of @Chats And Tatts, tattoo artist and studio owner, shares his experience with STANDSTILL.
From our conversation on the Chats and Tatts podcast.
•
Order and FAQs: www.stand-still.de
•
•
#tattoosupply #tattoo #tattooartist #tattoosupplies #tattoos #tattoomachine #tattoomachines #tattooshop #tattooart #tattooequipment #tattoosupplier #tattooink
#stencil #tattooconcept #tattoostencil",4007,0.019394966118102614
mandalika,4400000000,1300000,17100,112,374,2023-06-28 02:20:34+00:00,"fyi nih guys, cajon itu tidak membutuhkan daya listrik dan ruang yang luas saat dimainkan seperti halnya drum set yang membutuhkan keduanya yah guys sehingga praktis digunakan bila hendak melakukan pertunjukan di jalanan.

#cajon #drumbox #cajonakustik #cajonakustikmandalika #drumboxcajon #alatmusik #cajondrumbox #cara #maincajon #tutorialcajon #fyp #belajar #belajarcajon #mandalika #mandalikamusic #drumboxmandalika  #drumboxmandalikamusic #akustik",17586,0.013527692307692308
mandalika,4400000000,13600,704,9,3,2026-05-25 19:20:13+00:00,game drama 2004 #tongsetan #warzonev2 #fyppp #mandalikaroleplay #gta #gtasamp #gtarp,716,0.052647058823529415
mandalika,4400000000,12000,979,11,4,2026-05-29 05:12:30+00:00,🙇🏻‍♂️🙇🏻‍♂️🙇🏻‍♂️🙇🏻‍♂️#fyp #xyzbca #beatfi #mandalika #masukberanda,994,0.08283333333333333
mandalika,4400000000,14400,35,5,2,2025-05-22 03:00:00+00:00,"Mandalika No1 parfum lokal harga murah tahan lama aroma segar maskulin untuk sehari-hari✅

#rekomendasiparfum #parfummurah #parfum #parfumcowok #wangiseharian #parfumlokal #mandalika #cuantanpabatas #wibgajian",42,0.002916666666666667
mandalika,4400000000,6828,280,54,44,2026-05-31 11:25:47+00:00,"dating app, buat kalian nyari temen / pasangan dikota, biar gak sendirian
#mandalika_roleplay #sampindonesia #gtasampmultiplayer #roleplayerindonesia #samp",378,0.05536028119507909
mandalika,4400000000,232400,20400,19,358,2026-05-20 15:11:30+00:00,#mandala #fly #project #song #viral,20777,0.08940189328743546
mandalika,4400000000,8300000,246600,6181,60500,2024-12-07 11:27:28+00:00,Mandala Art #meditation #anxietyrelief #relaxation #stressrelief #chakra #mandala #futuremaster7,313281,0.03774469879518072
mandalika,4400000000,202200,7887,92,545,2025-10-05 11:48:11+00:00,"Terbuat dari apa hatimu marc, walaupun anda cidera yang membuat kita takut akan hal di tahun 2020 terulang kembali.. keep strong my idol🥹❤️marcmarquez93- ""Bukan cara terbaik untuk merayakan kejuaraan, tapi ini balapan.

Hari ini kami akan terbang ke Madrid dan para dokter akan mengevaluasi segalanya.

Tolong, jangan ada perasaan keras terhadap @marcobez72, tidak ada yang sengaja melakukannya. Terima kasih atas semua dukungan Anda""

#marcmarquez #mandalikacircuit #motogp #crash #fyppppppppppppppppppppppp",8524,0.04215628090999011
mandalika,4400000000,7085,259,9,17,2026-06-01 09:38:02+00:00,Avc 2026 Alas Pilipinas Team🇵🇭🇵🇭#volleyball #avc2026 #fypシ゚viral #4u #asianvolleyball,285,0.04022582921665491
mandalika,4400000000,7103,244,32,25,2026-05-29 19:24:17+00:00,partyan kutukupret w/ @elzyvq @buhahahayyy @mrbeast @prabowosubianto08 @bahlil.lahadalia#samp #sampcompetitive #akuswdm #mandalikaroleplay,301,0.042376460650429396
mandalika,4400000000,644200,50400,559,903,2025-05-15 14:47:50+00:00,"😩 

#annieskitclubs #stringdreamz #skysstringdreamz #fyp #crochet #crochetafghan #crochetmandala",51862,0.08050605402049053
mandalika,4400000000,37200,378,50,3,2026-04-14 10:33:03+00:00,"Commedones journey 💔

It takes so manyyyy days to get rid of commedones and just one day to bring them back 💔💔

Join me on my journey to treat them quickly and get rid of pih.

#acnefighter #mandelicacid #skincare #acneproneskin #skincaretips",431,0.011586021505376343
mandalika,4400000000,131300,2361,42,58,2025-10-19 12:59:23+00:00,I am excited to use in my practice! #manduka #yogamatgoals,2461,0.018743335872048742
mandalika,4400000000,1580,57,5,11,2026-05-12 13:26:14+00:00,"Subang rasa Mandalika 🚩
Jalan kabupaten tapi vibes-nya sirkuit. Pinggir merah, depan kebun teh, sisanya tinggal gas tipis-tipis 

#ciater #subang",73,0.046202531645569624
mandalika,4400000000,4100000,114000,4028,20200,2025-10-04 08:36:13+00:00,Rossi KW alias Zakki Rossi di Sirkuit Mandalika untuk Moto GP 2025,138228,0.033714146341463413
mandalika,4400000000,1700000,60000,200,385,2024-10-04 05:55:57+00:00,"Gak takut panas Pasan sejak pake Musturizer dari @Levelupbeaute jangan lupa gunakan Musturizer sejak dini yah...

#motogp #dance #azizahmrds #motogp2024 #mandalika #lombok",60585,0.035638235294117644
mandalika,4400000000,82400,3833,63,178,2026-05-19 11:27:45+00:00,Mandela oo Live ki Jiro Ayaa Loo imaaday😢😳 @MANDELLA ✪ #viral #like #100k #fyp #folow,4074,0.04944174757281553
mandalika,4400000000,4368,49,1,19,2025-05-07 13:47:25+00:00,"party di mandalika beach club
#lombok #dashberlin  #dj  #mandalikacircuit #mandalikamotogp  #lewatberandafyp #fyppppppppppppppppppppppp  
#clubmalamkutamandalika",69,0.015796703296703296
mandalika,4400000000,139100,6706,140,433,2023-12-25 03:49:45+00:00,Tempat baru di lombok 🫶🏻.           #CapCut #CapCut #fypシ゚viral #lomboktiktok #cafe #mandalika #kutabeachmandalika #justforfun #fyp #fyppppppppppppppppppppppp,7279,0.052329259525521206
mandalika,4400000000,160200,2770,98,284,2026-02-26 13:24:25+00:00,my wishlist perfume🥺 #asmr #mandalikaperfume #fyp,3152,0.019675405742821474
mandalika,4400000000,70300,450,11,17,2023-07-29 14:52:27+00:00,"Membalas @btrcobra6 
Soprano Saxophone Mandalika
Dapatkan segera disemua official marketplace Mandalika 

#saxophone #soprano #sopranosaxophone #saxophone🎷 #saxophonemandalika #mandalika #mandalikamusic #instrument #windinstrument #alatmusik #alatmusiktiup",478,0.006799431009957326
mandalika,4400000000,1600000,126300,438,789,2024-09-28 15:04:16+00:00,Safety car mandalika gp 2024 #motogp #motogpindonesia #mandalika #bmw #fypシ #darklordbad,127527,0.079704375
mandalika,4400000000,38400,2529,92,279,2026-05-28 03:36:15+00:00,"akhirnya bisa ngerasain aspal Mandalika.bersama @Riska rahmadila, trimakasih @Blue Skyy💫 sudah menemani keliling lombok #matictransjawa #mandalika #lombok #lampung #varionistyindonesia",2900,0.07552083333333333
mandalika,4400000000,1690,477,3,26,2026-05-26 11:41:43+00:00,Nekat berangkat atau jadi penonton selamanya.                                                 #fyp #lombok #mandalika #gl100,506,0.29940828402366865
mandalika,4400000000,1067,21,0,1,2026-05-28 10:11:52+00:00,"Abbiamo scambiato due chiacchiere con Marco Melandri e gli abbiamo chiesto un’opinione sul calvario vissuto da Marc Márquez, da Mandalika 2025 fino a oggi.

Cosa ci avrà raccontato? 👀

Guarda il reel per scoprirlo.
🎥 L’intervista completa sarà presto disponibile su YouTube.

#motogp #marcmarquez",22,0.020618556701030927
mandalika,4400000000,23100,272,12,89,2025-10-01 04:13:23+00:00,JADWAL MOTOGP INDONESIA – MANDALIKA 2025 #motogp #mandalika #balapmotor,373,0.016147186147186146
mandalika,4400000000,992600,8803,715,455,2025-10-03 15:56:59+00:00,"Oh.. ternyata ini
March Marquez kepleset bertubi-tubi di Mandalika 🤭🤭
#moto #motogp #mandalika #marquez #sports",9973,0.010047350392907516
mandalika,4400000000,2900000,4692,96,281,2025-05-29 04:39:53+00:00,"Meet our Chief of Everlasting Confidence, Anya Geraldine.

She doesn’t just wear confidence. She reminds us true confidence stays, and so should your scent.

With Gorgeous Tuberose by Mandalika Perfume, Anya shows what it truly means to be gorgeously confident effortless, lasting and unforgettable.

Because Gorgeous Tuberose doesn’t just make you smell good, It makes you gorgeous.

#DijaminGorgeous#GorgeousTuberose#MandalikaPerfume#ChiefofEverlastingConfidence",5069,0.0017479310344827585
mandalika,4400000000,1288,43,3,4,2026-04-19 09:23:45+00:00,This is your sign to dive with Adventure Divers Lombok 🤿🌊#kutalombok #mandalika #scubadiving #scubaindonesia #scuba,50,0.03881987577639751
mandalika,4400000000,6158,239,32,6,2026-05-27 10:27:48+00:00,🫡🫡🫡#fyp #xyzbca #masukberanda #mandalika #touring,277,0.044982137057486195
mandalika,4400000000,53600,710,29,574,2022-11-02 12:24:25+00:00,"Yang ke pantai ini tapi belum pernah ketemu kerbau siapa ayo ... sini absen 😂
 Besok gw bantuin biar dapet view kebok nya 🤣

#lomboktiktok #lombok #fyp #reels #traveling #lomboktengah #viralvideo #tiktok #wonderfullindonesia #lombokselatan #mytripmyadventure #mandalika #pantai #beach #selongbelanakbeach #aesthetic #lomboktrip",1313,0.02449626865671642
mandalika,4400000000,33700,896,17,448,2025-02-07 09:08:53+00:00,"Perfecte beach club in Lombok 
📍 Mandalika beach club
#reizen #traveltiktok #indonesia #lombok",1361,0.04038575667655786
mandalika,4400000000,4180,212,5,10,2026-05-16 03:45:01+00:00,"Sirkuit lnternasional Mandalika🇮🇩
#lomboktraveler_ #fyp #lomboktiktok #mandalikamotogp #motogp",227,0.05430622009569378
mandalika,4400000000,586200,8986,73,196,2025-07-22 10:16:30+00:00,"Step into serenity.
Where time slows down, and fragrance finds you.
⠀
At Mandalika, every visit is a quiet celebration of self.
Breathe in, explore with ease, and feel what luxury truly means.
⠀
#PerfumeYouCanTrust #MandalikaPerfume @Molly✨",9255,0.015788126919140225
mandalika,4400000000,22100,85,16,92,2023-10-27 04:29:22+00:00,Resto Estetik di dekat Pantai Kuta Mandalika😍 #lombokvirall🌴🌴 #mandalikamotogp #pantaikutamandalikalombok #lombokisland #explorelombok #CapCut,193,0.008733031674208145
mandalika,4400000000,1444,28,1,11,2026-05-18 07:09:39+00:00,Mandalika 2022🔥 #fyp #edit #mandalika #motogp #trending,40,0.027700831024930747
mandalika,4400000000,10300,77,2,71,2023-12-12 23:51:37+00:00,"Mandalika adalah kawasan wisata yang berlokasi di Kabupaten Lombok Tengah, Nusa Tenggara Barat.
Sejak 2017, Mandalika sudah diresmikan sebagai Kawasan Ekonomi Khusus (KEK) pariwisata yang direncanakan dapat menjadi kawasan wisata.
Nama Mandalika berasal dari nama seorang putri dalam cerita rakyat yang terkait dengan perayaan Nyale di Lombok.
#mandalika #kutamandalika #kutamandalikalombok #lomboktengah #explorelombok #lombok #nusatenggarabarat #mandalika2023 #mandalika2023indonesia",150,0.014563106796116505
mandalika,4400000000,663400,10400,607,348,2022-03-23 03:59:10+00:00,Mandalika banjir😭 #IDNTimes #tiktoknews #SerunyaOlahraga #SerunyaRacing #TikTokBerita #Mandalika,11355,0.01711637021404884
mandalika,4400000000,53100,999,12,79,2025-10-05 12:26:28+00:00,"GWS Marc🥺🫶,jngn trauma sama mandalika okey😅#MoreThanANumber #marcmarquez93 #crash #mandalikamotogp #fypage",1090,0.020527306967984934
mandalika,4400000000,363700,6144,107,284,2023-08-02 10:18:51+00:00,"Membalas @wilbertt_ajahhh 
Berbahan kayu maple laminated pada bodynya, Biola Akustik Mandalika satu ini memang benar-benar eksklusif dan elegan. Memiliki ukuran 4/4, Biola Akustik Mandalika ini cocok untuk pemula maupun kamu yang sudah expert memainkannya. Di setiap pembelian Biola Akustik Mandalika kamu akan dapat Bow, Rosin, dan Hardcasenya juga, loh 😍

Ingin meminangnya? Yuk check-out sekarang!

#biola #biolaakustik #violin #biolamandalika #alatmusik #acoustic #akustik #mandalika #mandalikamusic #biolamurah #mainbiola #suarabiola",6535,0.017968105581523234
mandalika,4400000000,13500,97,25,4,2026-05-25 06:11:50+00:00,#trend #bento #fyp,126,0.009333333333333334
mandalika,4400000000,540,20,6,2,2026-05-28 16:45:24+00:00,awass manyunnn #editingnews ・ Upload Method → @editingnews.com #mandalikaroleplay #18thperrosmillitary #syududuu,28,0.05185185185185185
mandalika,4400000000,15600,290,17,1,2026-05-27 03:30:48+00:00,aliaaaasssss?????,308,0.019743589743589744
mandalika,4400000000,326,13,2,0,2026-05-31 11:49:52+00:00,lawan supermen jir with @ohmyjeje09 @PANTI ASUHAN SAMP #mandalikaroleplay #pantiasuhansamp #gtasa,15,0.046012269938650305
mandalika,4400000000,284,9,1,1,2026-06-01 18:48:56+00:00,gp aneh part2 #12thvioletreapers #mandalikaroleplay #samp #gtaonline #fyp,11,0.03873239436619718
mandalika,4400000000,479,46,10,0,2026-06-02 11:48:22+00:00,"aguy mataharinya 😭😭🗿
#fyp #beatfioemlook👌🏻 #beat_mandalika #beatoemlook #beatk44",56,0.11691022964509394
mandalika,4400000000,961,17,3,3,2026-05-31 09:24:16+00:00,ngikut SERVER||@Mandalika Roleplay #fyp #game2004  #gtasamp #foryoupage #trending,23,0.023933402705515087
mandalika,4400000000,902400,46000,645,470,2025-10-04 13:32:10+00:00,"Finally Meet @Marc Márquez 😍
#rayyanarkandikha #pacujalurmendunia #marcmarquez #motogp2025 #sirkuitmandalika",47115,0.05221077127659574
mandalika,4400000000,703400,60700,87,2259,2026-02-28 20:07:18+00:00,#музыка #текстпесни #рек #липсинг,63046,0.08963036678987774
mandalika,4400000000,184700,1082,195,59,2025-05-06 16:20:10+00:00,mobil pemadam kebkaran mandlika,1336,0.007233351380617217
mandalika,4400000000,305100,19100,674,633,2025-03-27 05:56:41+00:00,Funniest video ever #explorepage✨ #gambian_tiktok🇬🇲🇬🇲🇬🇲❤️❤️❤️❤️ #fyppppppppppppppppppppppp #usa_tiktok #explorepage #f #fypシ #funnyvideos #fypシ゚viral,20407,0.06688626679777122
mandalika,4400000000,24400,331,5,43,2026-05-25 12:06:39+00:00,"Lagunya asik bgt ga sih 🥰
#coverlagu #gitarcover #mbg #cover #fyp",379,0.015532786885245902
mandalika,4400000000,45500,3321,317,586,2025-10-19 04:26:19+00:00,Mandinka warrior 😎 #fypシ #fyp #gambian_tiktok🇬🇲🇬🇲 #africantiktok #viralvideo,4224,0.09283516483516484
mandalika,4400000000,69400,2542,261,61,2026-05-27 12:35:02+00:00,@INFO RESTOCK PARFUM✨️ sebutin brand parfum lokal  yang underrated tapi punya kualitas selain ini😈🤔#meongrestockparfum #fyppppppppppppppppppppppp #parfum,2864,0.041268011527377524
mandalika,4400000000,88000,2974,76,169,2026-05-28 12:18:54+00:00,"5 Parfum lokal yg paling sering bikin gua dapet compliment!!!😎🔥
#parfum #parfumlokal #parfumfresh #compliment #rekomendasiparfum",3219,0.036579545454545455
mandalika,4400000000,1181,15,4,0,2026-05-30 03:26:53+00:00,.#mandalikarp #gta #samp #gtaonline #gta2004drama,19,0.016088060965283656
mandalika,4400000000,1456,71,4,33,2025-08-16 13:59:47+00:00,#mandalikacoffee #promomakanmerdeka #ngopikotaserang #infoserang #tempatnongkrong,108,0.07417582417582418
mandalika,4400000000,42400,5901,36,136,2026-01-06 16:26:01+00:00,"Ada siapa nih ? 👀

Fullnya di Y.T Mandalika Music ya guyssss 🔥🤘🏻

#ropang #dennycaknan #ndxaka #poppunk #coversong",6073,0.1432311320754717
mandalika,4400000000,4384,434,10,10,2026-05-23 10:21:15+00:00,"3 PARFUM DATE NIGHT ❤️‍🔥
Rue broca hooked intensely
Afnan 9pm night out
Mandalika Mr Fantastic
#parfumlokal #parfumtiktok #parfumtimteng #rekomendasiparfum #parfum",454,0.10355839416058395
mandalika,4400000000,526400,13200,236,152,2022-03-21 01:20:58+00:00,Kearifan Lokal...#mandalikacircuit #motogp  #gointernasional #pawanghujan,13588,0.02581306990881459
mandalika,4400000000,91600,7536,302,1019,2026-04-01 06:41:21+00:00,"Art that isn’t meant to last (David Popa & Tibetan Monks)

#art #philosophy #buddhism #spirituality #lettinggo",8857,0.09669213973799126
mandalika,4400000000,582800,12500,123,157,2026-04-25 04:56:27+00:00,Participating in the trend that i think i started 🤪#fyp #art #mandala,12780,0.021928620452985586
mandalika,4400000000,89400,4137,63,145,2026-04-21 18:47:26+00:00,"Which mandelic acid product is right for you? These are my no ad recommendations for sensitive skin✨ 

@By Wishtrend US @Sofie Pavitt Face @reale actives @Paula’s Choice 

#mandelicacid #sensitiveskin #glassskinproducts #smoothskin #gentleexfoliation",4345,0.04860178970917226
mandalika,4400000000,62700,7589,281,180,2025-10-11 15:04:15+00:00,#mandingue🤴🏿🇬🇳🇸🇳🇬🇼🇨🇮🇲🇱🇧🇫🇬🇲 #mandemansalou #editmandinka #guinnee224tiktok🇬🇳🇬🇳 #mandinka,8050,0.1283891547049442
mandalika,4400000000,5884,572,31,55,2025-11-26 04:31:49+00:00,Which one are you?? #nyc #mandinka #guineatiktok🇬🇳🇬🇳 #fyppp #ivoriantiktok🇨🇮,658,0.11182868796736914
mandalika,4400000000,1540,141,1,0,2026-05-31 11:17:19+00:00,😖😖#beatdeluxering17 #mandalikaring17 #beatdeluxejogjastyle,142,0.09220779220779221
mandalika,4400000000,246900,9401,79,362,2026-04-29 20:41:43+00:00,They Called Me Out. So I Learned Mandinka🙏,9842,0.03986229242608343
mandalika,4400000000,16800,370,2,156,2026-05-10 00:15:00+00:00,Mancala how to play #mancala #boardgame #queensell,528,0.03142857142857143
mandalika,4400000000,19400,317,2,124,2024-01-22 15:17:50+00:00,"Lagi hype banget,

📍Montana Ocean Side Mandalika

•
Hotel dengan 4 tipe room, lagi ada promo 500k untuk tipe kamar Superior Room  sampai akhir bulan🥰

📞+62 811-355-779 (admin) 

#spotaestheticbyyeyentrisnaw #hotellombok #lomboktiktok #lombok #fyp #montanamandalika",443,0.022835051546391753
mandalika,4400000000,209200,18800,981,2243,2026-05-08 20:15:00+00:00,"Mandinka en boucle_ Day 9 
🇬🇼🇸🇳🇲🇱🇬🇲
Être mandinka c,est de mélanger la danse avec le cotidien😏🥳🥳🥳👏🏻👏🏻
Si eres mandinka, la vida cotidiana se fusiona con la danza 🤣🤣🤣
#mandinka #mandinga #senegambia #senegambian🇸🇳🇬🇲 #guinee224tiktok🇬🇳🇬🇳",22024,0.10527724665391969
mandalika,4400000000,7867,182,11,12,2026-05-24 23:18:31+00:00,Jann sesss 🤙🏻🤪@mandalikaaa,205,0.026058217872124062
mandalika,4400000000,758700,35300,213,3674,2024-10-05 15:40:49+00:00,"I'll never forget how she scared 10-year-old me.
.
.
.
#fy #fyp #fypシ #fypシ゚viral #fypage #fyppppppppppppppppppppppp #bollywood #bollywoodsong #bhoolbhulaiya #manjulika #aesthetic #desitiktok #browntiktok #viral #trending",39187,0.05165019111638329
mandalika,4400000000,174300,11500,89,1148,2024-10-11 19:22:08+00:00,"am still traumtised #fyp #tamilfyp
#browntok #browntiktok #tamil #tamiltok #tamiltiktok #browntiktok #tamilcomedy #desi #tamilan #tamiluncle #tamilmom #tamildad #indiantiktok #desitiktok
#kovarjanx #fyp #foryoupage #foryou #tamileelam🐅 
#chandramukhi #eelam #brown  #manjulika #nagavalli",12737,0.07307515777395296
mandalika,4400000000,412700,23300,270,10400,2025-01-10 07:17:50+00:00,Mangalica pig #tiktok #foryou #animals #cute,33970,0.08231160649382117
mandalika,4400000000,34600,4797,70,507,2026-04-04 23:57:13+00:00,Like I can understand but can’t at the same time😂😂 #westafricantiktok #guineantiktok🇬🇳224 #gambian_tiktok🇬🇲🇬🇲 #mandinka #ivoriantiktok🇨🇮,5374,0.1553179190751445
mandalika,4400000000,216500,40500,391,1926,2026-03-30 02:52:53+00:00,Mandinka worldwide🇲🇱🇸🇳🇬🇳🇬🇲🇸🇱🇱🇷🇮🇪🇬🇭 🇧🇫 🇬🇼🇲🇷🇳🇪#CapCut #mande #westafrica #mandinka #guinéenne_fière🇬🇳🇬🇳🇬🇳tiktokguinee224🇬🇳,42817,0.19776905311778292
mandalika,4400000000,13000,418,47,26,2026-05-19 16:12:35+00:00,Bizzare Mandela Effects😳 #mandelaeffect #interesting #doyouknow #facts #scary,491,0.03776923076923077
mandalika,4400000000,69400,2240,119,91,2026-04-28 11:17:52+00:00,"5 parfum SPL tergacor
- liquid brun
- supremacy collector's edition
- mandalika only the brave
- vulcan feu
- 9pm elixir
#rekomendasiparfum #parfumtimteng #parfum #parfumviral #parfumtiktok",2450,0.035302593659942365
mandalika,4400000000,3100000,82600,146,1009,2025-10-23 06:04:30+00:00,"Kita marinating dulu baru kita review lagi 🙇🏻‍♀️
.
#foryoupage #yogamatreview #yogamatrecommendation #mandukaprolite #yogaflow",83755,0.027017741935483872
mandalika,4400000000,365100,12800,84,361,2025-08-12 17:44:54+00:00,It’s like if AI generated the cutest little Greek fisherman cove 🎣🐟⛵️🌊⚓️ #greece #milos #greekisles #mandrakia,13245,0.03627773212818406
mandalika,4400000000,8358,110,2,32,2026-02-04 13:43:40+00:00,#kunta kente,144,0.01722900215362527
mandalika,4400000000,20500,1131,75,56,2025-12-16 05:30:39+00:00,"Suatu hari, Mafia LV menyandra informan Mafia SF. Mafia SF menangkap satu anggota LV untuk pertukaran, namun situasi berujung perang hingga dibubarkan polisi. 

@mandalika_roleplay @sampalliance @sampesports #mandalikaroleplay #Stallionstaner #fyppppppppppppppppppppppp #fyp #samp #masukberanda",1262,0.0615609756097561
mandalika,4400000000,2827,23,4,1,2026-05-27 05:40:51+00:00,"sesuai request @nadifta 
#fyp #masukberanda #dds",28,0.009904492394764769
mandalika,4400000000,1761,244,13,5,2026-05-30 02:45:53+00:00,"dulu cuma kebagian when nya , sekarang alhamdulillah 🙏

#matictransjawa #mandalika #touring #fyp #fyppppppppppppppppppppppp",262,0.14877910278250994
mandalika,4400000000,4029,66,4,2,2026-05-27 08:06:05+00:00,"Airport transfer🚙
Menuju Kuta mandalika 
-

🙏🏻Terimakasih  atas kepercayaannya sudah menggunakan kami sebagai jasa transportasi di lombok.🏝️
-
Sambutan hangat dan pelayanan terbaik tentunya👍🏻 
travel lombok airport menerima jasa:
💠•Hantar jemput airport🛬
💠•paket wisat lombok🏝️
💠•Paket Haneymone👩‍❤️‍💋‍👨
💠•paket snorkeling🐠
💠•sewa mobil lepas kunci🚙🔑
💠•tiket🛫
-
Nex info:
📞+6289 676 963 255
-
Aman,amanah,murah terpercaya👌✅
-
#travellombok #travellombokairport #airporttransfer",72,0.017870439314966492
mandalika,4400000000,611,2,0,0,2026-06-01 13:29:21+00:00,Decant Mandalika Perfume #parfumviral #parfumcewek #mandalikaparfum,2,0.0032733224222585926
mandalika,4400000000,858,25,0,1,2026-05-28 03:17:31+00:00,siapa nih yang penasaran harga sepatu roda para siswa di Mandalika inline skate 🤩🔥 #inlineskate #skateindonesia #mandalikainlineskate #konikotamataram #belajarsepaturoda,26,0.030303030303030304
mandalika,4400000000,607,35,4,1,2026-05-28 23:26:55+00:00,"done ya Mandalika, info selanjutnya min #fyp #foryou #touringto #mandalika",40,0.06589785831960461
mandalika,4400000000,915,2,0,0,2026-05-27 20:00:21+00:00,"mandalika versi decant
#mandalikaversidecant #mandalika #decant #decantmandalika",2,0.002185792349726776
mandalika,4400000000,893,40,2,0,2026-05-30 06:04:34+00:00,"Fly over Mandalika Circuit
#mandalikacircuit 
#lombok 
#robinson 
#R66",42,0.04703247480403135
mandalika,4400000000,47400,4561,66,302,2026-05-29 15:44:53+00:00,saat kelamak🥶🤣#fyp #lombok #dingin #saatini #bypass,4929,0.1039873417721519
mandalika,4400000000,708,3,0,0,2026-05-31 04:16:02+00:00,Jangan lupa lokasi riders mandalika lah #LombokViral #promomakangajian ##tiktokgogempar,3,0.00423728813559322
mandalika,4400000000,2135,18,0,0,2026-05-30 13:42:38+00:00,"coba liat lagi yang bener…

OPEN EVERYDAY
11.00 - 17.00 = 20.000/jam
18.00 - 03.00 = 30.000/jam

Alamat : jl. Sandubaya Mandalika No 4-5, Bertais, Mataram

Fasilitas :
- 22 meja Rasson standard Internasional
- Smoking Area
- Non-Smoking Area
- Semi-VIP area
- Suite Room
- Free Wifi

#maindigolden7 #billiardindonesia #billiardmataram #biliardlombok 
#mataram",18,0.008430913348946136
mandalika,4400000000,476,26,2,0,2026-05-26 04:28:17+00:00,"motor modif bapak keren kekinian,baru bapak kan yg presiden suka motoran 🤭🤭🤭🥰🥰🥰#jokowi #presidenjokowi #jokowidodopresidenkita #motoran #mandalika",28,0.058823529411764705
mandalika,4400000000,312,20,2,1,2026-05-29 05:23:59+00:00,Bersantai dulu sebelum darderdor 🦁 #pantaianyer #mandalikaanyer #weekendvibes #pasutribaru,23,0.07371794871794872
mandalika,4400000000,303,8,0,0,2026-05-30 16:21:54+00:00,Pasir mandalika emang beda,8,0.026402640264026403
mandalika,4400000000,654,27,2,0,2026-05-28 23:47:04+00:00,"🏍️🏍️🏍️

#mandalika #moto #motogp #aerial",29,0.04434250764525994
mandalika,4400000000,2003,24,3,0,2026-05-22 06:08:22+00:00,"Full Adrenalin! GT World Challenge Asia 2026, F4, dan Time Attack Gaspol di Mandalika

Raungan mesin dan duel kecepatan kembali memanas Sirkuit Mandalika, Lombok. GT World Challenge Asia 2026, yang berlangsung pada 1-3 Mei 2026, hadir membawa atmosfer event balap internasional yang sengit dan penuh aksi.

Dari perebutan podium mobil GT3 sampai aksi agresif para pembalap di setiap tikungan, Mandalika lagi-lagi jadi pusat perhatian motorsport. Wakil Indonesia, Sean Gelael, juga naik podium pada Race 1.

Tapi keseruannya tidak berhenti di sana. Mandalika Festival of Speed (MFoS) ikut menyulap race weekend menjadi pesta motorsport yang atraktif dan penuh adrenalin. Mulai dari BRZ Super Series hingga Kartini Race meramaikan aksi balap. 

Sesi Time Attack turut menghadirkan pertarungan best lap di antara para racer dari berbagai background. Kemunculan mobil Formula 4 juga sukses mencuri perhatian lewat sensasi mobil race single seater yang kini bisa disaksikan langsung di Indonesia.
#MandalikaFestivalofSpeed #MFoS #GTWorldChallengeAsia2026 #motorsport #BRZSuperSeries #KartiniRace #SirkuitMandalika #Lombok",27,0.01347978032950574
mandalika,4400000000,224,15,0,0,2026-06-02 12:42:35+00:00,Ketika kamu tau cara menikmati salah satu pantai tercantik di Lombok 🩵💚🤩 #mandalika #kutalombok #kutamandalika #fyp #mawunbeach,15,0.06696428571428571
mandalika,4400000000,4849,100,53,3,2026-05-30 03:38:20+00:00,walang mali sa pag lalaro ng karera basta masaya ka❤️ #dragdrivesimulator #robloxfyp #kawzakizx10r2023 #mandalikacircuit #mandalikamotogp,156,0.032171581769437
mandalika,4400000000,4016,289,19,16,2026-05-28 05:22:53+00:00,#bismillah #tuoring #desasade #lombok #mandalika,324,0.08067729083665338
mandalika,4400000000,265700,1912,45,42,2024-10-01 03:17:54+00:00,"Bikin kaget motor Marc Marquez terbakar di MOTOGP Mandalika! 😱

APAR Mandalika yang digunakan untuk memadamkan kebakaran di motor Marc Marquez malah memperburuk keadaan, begini kronologinya kebakaran Mandalika simak dulu yuk!

#marcmarquez #mandalika #motogp #apar #marquez #kebakaran #kebakaranmotor #motor #kebakaranmandalika #aparmandalika #aparmotogp",1999,0.0075235227700414
mandalika,4400000000,413,9,0,4,2026-05-27 12:28:13+00:00,"Wangi yang bikin orang nengok dua kali😍 temukan aroma favoritmu di Mandalika Parfume✨Confidence
dimulai dari aroma yang tepat
pakai Mandalika, biar harimu makin berkesan✨ #mandalika #mandalikaperfume #parfumtahanlama
#promomakangajian
#tiktokgogempar",13,0.031476997578692496
mandalika,4400000000,406800,6532,208,43,2023-10-15 09:54:43+00:00,"Mandalika sekarang bagus banget, Ges 🥹❤️

Dengan diadakannya event MotoGP, Mandalika semakin meningkatkan pengembangannya khususnya di bidang infrastruktur. Menurut kamu apa lagi yang baru dari Mandalika? Tulis di kolom komentar, ya! 🙌

#IndonesiaGP #MandalikaGP #MotoGPIndonesia #Injourney #MotoGPMandalika #kstudio",6783,0.016674041297935104
mandalika,4400000000,1154,90,5,0,2026-05-26 02:35:37+00:00,Akhirnya bisa sampai juga 🥹 #mandalika #kkngoestojavamandalika #2stroke #ninjassr #nttpride🏝🔥,95,0.08232235701906412
mandalika,4400000000,1306,19,3,0,2026-06-02 07:42:55+00:00,lokasi sapi mandalika,22,0.016845329249617153
mandalika,4400000000,556200,25000,1673,4616,2026-06-01 12:25:10+00:00,lokasi sapi dds idul adha #fyp #advgamers #roblox #rdid #dragdrivesimulator,31289,0.056254944264653
mandalika,4400000000,1964,107,18,3,2026-05-25 03:06:52+00:00,#stitch dengan @Mandalika Now tambah banyak PHK #fffyyyppp🔥🔥🔥 #fffffffffffffffffffffffffyyyyyyyyyyyyypp #fffffyyyyyppppppppppppppppppp #fyp🇮🇩🇲🇾,128,0.06517311608961303
mandalika,4400000000,205500,10200,203,1337,2025-10-01 14:35:50+00:00,sound of Mandalika 🎧🔊 Welcome Back To Wonderful Indonesia 🇮🇩 kasih coment Rider jagoan kalean #motogp2025 #mandalikacircuit #fyppppppppppppppppppppppp #Rider #lombok,11740,0.057128953771289535
mandalika,4400000000,127900,7941,115,55,2025-10-04 04:35:43+00:00,"@marcobez72 flies to pole with a first 1:28:83 at Mandalika 🇮🇩🙌🔥 @MotoGP™ 

#Aprilia #IndonesianGP #SimplyTheBez #MB72",8111,0.06341673182173573
mandalika,4400000000,64900,834,45,49,2026-03-09 10:01:48+00:00,"Membalas @Fahriazhx ini Brok, produk baru yang gada obat 🤘🏻
#gitarlistrik #gitarelektrik #mandalikamusic",928,0.014298921417565485
mandalika,4400000000,2600000,28800,1424,1322,2026-01-13 09:16:59+00:00,"Ukulele dari @Mandalikamusic 
El Khanza ngamen pake lagu kau lah ibukuuu 🗿",31546,0.012133076923076924
mandalika,4400000000,7174,613,6,25,2026-02-12 23:08:42+00:00,You caught me👀#westafrican #africantiktok #mandingo #fulani #viral,644,0.08976860886534709
mandalika,4400000000,28900,200,3,6,2025-10-05 00:16:18+00:00,"Begini rasanya VIPFriday Mandalika 🤩
#motogpmandalika",209,0.007231833910034602
mandalika,4400000000,1064,57,4,5,2026-05-27 06:26:05+00:00,Bahas soal Penalaran Analitis TIU SKD #kedinasan #ipdnjatinangor #stan #cpns2026 #pns,66,0.06203007518796992
likupang,52700000,12500,670,31,33,2026-05-28 12:49:59+00:00,"The water clarity is not a paid actor. 😭 Put Likupang on your 2026 bucket list immediately!

📍Likupang, North Sulawesi
Cr/ Wonderful Indonesia

#WonderfulIndonesia #Likupang #NorthSulawesi",734,0.05872
likupang,52700000,530,34,0,6,2026-05-13 00:21:45+00:00,#likupang #minut #bapontar #savana #sulut_manado,40,0.07547169811320754
likupang,52700000,8283,333,2,99,2026-05-11 23:59:03+00:00,#likupang #minut #bapontarsulut #sulut #rekomendasi,434,0.05239647470723168
likupang,52700000,14000,247,34,34,2026-02-17 11:00:25+00:00,"LIKUPANG II. 
Kabupaten Minahasa Utara. Torang pasiar di paling ujung Utara dulu. @PEMKABMINUT #likupang #likupang2 #minut #minahasautara",315,0.0225
likupang,52700000,429000,11900,215,758,2026-04-25 01:39:08+00:00,"So apa leh ini? 
MSM punya koteen tu jalan Trans Likupang? Torang kira Pemerintah for Rakyat! 

#msm #likupang #rakyat",12873,0.030006993006993006
likupang,52700000,6723,93,11,15,2026-02-21 10:58:04+00:00,Desa MUNTE Kecamatan Likupang Barat. Kira-kita ini vidio so sampe dimana? #likupang #likupangbarat #likbar #munte #indah,119,0.01770043135504983
likupang,52700000,9762,225,27,17,2026-03-04 10:45:23+00:00,"Desa TARABITAN Kecamatan Likupang Barat, Kabupaten Minahasa Utara. Kalu bicara pemandangan kita akui memang Gaga skali pe skali Men. #tarabitan #likupangbarat #desa #pemandangan",269,0.027555828723622208
likupang,52700000,106400,2373,231,278,2026-04-07 06:41:33+00:00,"Jalan Termahal di Sulawesi Utara ""Likupang - Bitung""
#fyp #jalan #promomakanharian #likupang #bitung",2882,0.027086466165413534
likupang,52700000,944300,8070,657,245,2025-05-21 09:27:31+00:00,"Likupang, Sulawesi Utara bukan sekadar destinasi pantai biasa.
Di sini, kamu bisa island hopping ke pulau-pulau eksotis, naik perahu tradisional yang masih dipakai warga lokal, hingga snorkeling di perairan sebening kaca.
Buat yang cari pengalaman bahari dengan sentuhan lokal dan suasana tenang, Likupang bisa jadi pilihan liburan yang cocok…..

📍 Likupang, Minahasa Utara, Sulawesi Utara
#WonderfulIndonesia #Likupang #ExploreSulawesi #DiIndonesiaAja #WisataBahari",8972,0.009501217833315683
likupang,52700000,56100,2071,68,983,2025-10-25 09:50:53+00:00,📍Private Beach Likupang #privatebeach #likupang,3122,0.055650623885918
likupang,52700000,47600,930,16,269,2025-05-18 09:45:30+00:00,"Hidden Gem yang belum banyak orang tahu… 🤫

Pantai Likupang, permata tersembunyi di ujung Sulawesi Utara. Air sebening kaca + pasir putih = 😍🌴

#HiddenGemIndonesia #PantaiLikupang #ExploreSulut 
#HiddenParadise",1215,0.025525210084033613
likupang,52700000,27000,2385,38,479,2026-05-06 11:12:40+00:00,"hidden gem di Likupang 🤩😍 
#fyp #beranda #manado #alam",2902,0.10748148148148148
likupang,52700000,4066,74,3,29,2025-12-25 23:50:59+00:00,Lihaga seruuu #lihagaisland #likupangtorang🔥 #likupang #manado #sulut,106,0.026069847515986226
likupang,52700000,18100,580,5,122,2026-01-13 13:28:14+00:00,jangan lupa staycation disni teman-teman😍 #paradise #Likupang #manado,707,0.03906077348066298
likupang,52700000,29400,1648,44,228,2026-05-23 10:34:05+00:00,🙏🤣,1920,0.0653061224489796
likupang,52700000,5290,431,0,45,2026-05-08 09:49:21+00:00,@Raim Laode #likupang #sunrise #fypシ゚ #manado #fyp,476,0.08998109640831758
likupang,52700000,87400,2413,57,444,2026-05-29 05:15:00+00:00,"Jalan Nasional Girian - Likupang Bitung Putus, Akses Jalan Ditutup Sementara",2914,0.03334096109839817
likupang,52700000,3058,54,4,5,2026-04-14 02:48:57+00:00,"Lihaga yuk 
#lihagaisland #beach #sulut_manado #likupang #manado",63,0.020601700457815567
likupang,52700000,60600,2405,115,454,2024-03-09 03:27:26+00:00,"Pante Paal Likupang memanggil 💕
Mo explore likupang nda puas klo cuma 1 hari krna dpe tmpa wisata melimpah kong pastinya memanjakan mata💕

#likupang #minut #minahasa #minsel #mitra #manado #beach #summer #aesthetic #fyp #foryou #fypシ゚viral #fypシ #bapontar #sulawesi #pesonaindonesia #beachoutfit #indonesia #beachvibes",2974,0.049075907590759076
likupang,52700000,3041,51,2,1,2026-05-11 23:53:54+00:00,#pajeko Likupang #fypage,54,0.01775731667214732
likupang,52700000,227900,7116,74,138,2023-07-14 12:04:56+00:00,"Yuk torang perjuangkan infrastruktur! Pilar utama penopang ekonomi adalah dari infrastruktur yang kokoh.💪
#andhikabaramuli #likupang #fyp",7328,0.03215445370776657
likupang,52700000,83400,5877,309,1453,2024-05-23 06:21:55+00:00,"Tag ngni pe tamang2 yang cuma banya deng planning2 mar nd pernah pigi🤣🤣🫠🫠

📍Pall Beach, Marinsow Likupang

#pallbeach #likupang #kotamanado #exploremanado #pesonaindonesia #folkssulut",7639,0.09159472422062351
likupang,52700000,611200,17700,407,183,2023-02-17 10:29:53+00:00,Mana nih temen temen likupang? #fyp #likupang #visvalgowestosulawesi @visval,18290,0.02992473821989529
likupang,52700000,8527,20,3,3,2024-07-22 13:37:25+00:00,"Likupang indah banget ya😍
Siapa yang pernah jalan-jalan ke likupang? Yang pernah coba di bawah ya!! 

Jangan sampai kelewatan perjuangan cinta Loka dan Ananta di #filmlokananta 8 Agustus nanti! 

#lokananta #filmlokananta #Jakarta #Manado #Likupang #Indonesia",26,0.003049138032133224
likupang,52700000,214,15,3,22,2026-05-30 11:16:57+00:00,"LIKUPANG 🔥🔥🔥 #eksplor #eksplorhoror #hiburantiktok #hororindonesia #gsg  @GHOST SEEKER GENERATION @OFFICIAL GSG  @Nestor Funk  @𝗧𝗔𝗟𝗔𝗟𝗨_𝗠𝗔𝗡𝗜𝗦   @SIMON'Gsg  @host__y't  @@OMG. GSG🤗  @Mey💜🐰GSG👻  @Ivan GSG  @El.zico,  @14 SEPTEMBER GSG  @PETONG OFC _ G S G  @Jessica'GSG  @ALES.GSG  @14 SEPTEMBER GSG @Roy Panjaitan GSG @Bontot GSG",40,0.18691588785046728
likupang,52700000,182100,6104,34,570,2025-08-11 13:58:17+00:00,#fypシ゚ #moots? #manado #fyppppppppppppppppppppppp #cewemanado🔥 #manadosadap #trending #velocity #fypage #manado_sadap🔥❤️ #xyzbca #likupang #masukberanda,6708,0.03683690280065898
likupang,52700000,20800,353,14,27,2024-11-24 11:40:06+00:00,LIKUPANG MANADO #fyp #dikmata #44,394,0.018942307692307692
likupang,52700000,35600,2556,18,393,2026-02-14 23:48:07+00:00,"pulau burung desa marinsow, kecamatan Likupang Timur Sulawesi Utara",2967,0.08334269662921348
likupang,52700000,56700,3391,75,182,2025-06-24 15:10:00+00:00,sore-soree main ke Pantai Pulisan🌅🐚 #kknppmugm #kknugm #NiskalaLikupang #fyp,3648,0.06433862433862433
likupang,52700000,470,20,2,1,2023-10-31 19:08:33+00:00,Konektivitas Transportasi Likupang #MenghubungkanIndonesia #TransmatePenghubungIndonesia #Likupang @Transmate Indonesia @Kementerian Perhubungan RI,23,0.04893617021276596
likupang,52700000,50200,1666,28,231,2026-05-22 13:55:24+00:00,"POV: Ngoni lagi nyantai di balkon kamar sambil dapa view seger bbgini. 😍 Dari pelayanan check-in yang gercep sampe dpe kamar mandi mewah yang ada bathtub, ini sih fix rating 10/10! Yang mo staycation mewah mar tetap homey, langsung gass kemari jo! @Paradisehotelgolf&resort 🚀 #paradiseresort #staycationmanado #genztravel #hiddengem #likupangbeach",1925,0.038346613545816734
likupang,52700000,22800,757,33,70,2026-04-28 12:41:23+00:00,"Likupang Dua (atau Likupang II) adalah salah satu desa di Kecamatan Likupang Timur, Kabupaten Minahasa Utara, Sulawesi Utar. Teman teman kira kira ini video so sampe mana? #likupang #likupang2 #minut #minahasautara",860,0.037719298245614034
likupang,52700000,54100,1916,44,443,2026-05-14 12:18:59+00:00,"#djiosmoaction6 
#pantaipall
#likupang
#sulawesiutara 
#wisata",2403,0.044417744916820705
likupang,52700000,133100,3184,130,960,2025-07-13 03:33:19+00:00,"Camping Di Pantai Kinunang, Likupang..Aseek Sangat Menyenangkan 

Pantai Kinunang, Likupang Timur, Minahasa Utara 

#PantaiKinunang #likupang #minut #minahasautara #sulut #sulawesiutara",4274,0.03211119459053343
likupang,52700000,876,40,0,9,2026-05-28 13:14:32+00:00,"Salah satu tempat recommended untuk menghabiskan waktu akhir pekan berada di kawasan Private Beach Likupang, tepat di sebelah Pantai Pulisan. Tempat ini menawarkan suasana pantai yang tenang dengan pemandangan indah dan cocok untuk bersantai dan bersama keluarga maupun teman. Untuk masuk ke lokasi, pengunjung dikenakan tarif Rp15 ribu per orang

#kilasmanado #beritamanado #updatemanado",49,0.05593607305936073
likupang,52700000,2072,52,9,2,2026-05-16 13:39:04+00:00,"enjoy real life no fake 
#fypppppppppp@rinondoraan punya#likupang vibes#",63,0.030405405405405407
likupang,52700000,519500,4795,26,82,2024-10-22 06:07:35+00:00,Masih jarang yg travelling ke sini padahal bagus pol 😭🫶🏻#explorelikupang #pantaipaal  #TTPetualangPro,4903,0.009437921077959576
likupang,52700000,71400,4515,36,43,2023-02-19 04:39:28+00:00,taplisii😭 #CapCut #likupang #likupangtorang🔥 #pulisan #pulisanbeach🌊 #pante #manado_sadap🔥 #manadoviral #manadobagoyang,4594,0.06434173669467787
likupang,52700000,167900,15600,144,2713,2025-10-18 14:37:14+00:00,"📍privat beach likupang

#langitsulut #likupang #beach #wisatasulut #foryou",18457,0.10992852888624181
likupang,52700000,207400,3704,62,59,2025-10-20 05:49:50+00:00,Nah kate dpa kker dia 😭 untung nd smntra bgoyang 🤣 #Ffffyyyyppp #Likupang,3825,0.018442622950819672
likupang,52700000,29100,2315,48,351,2026-04-27 14:58:11+00:00,#fyp #fypage #manado #likupangtorang🔥,2714,0.09326460481099656
likupang,52700000,384300,20100,274,750,2026-01-20 00:48:31+00:00,#likupangtorang🔥 #au #foryou #fyp bjlng miring kwa🫠,21124,0.05496747332812907
likupang,52700000,1000000,21600,892,875,2025-07-21 15:06:20+00:00,"Aksi heroik seorang lelaki bernama Abdul Rahman Agu atau yang akrab disapa Mamay menjadi sorotan di media sosial di tengah insiden kebakaran KM Barcelona VA di perairan Talisei, Kecamatan Likupang, Kabupaten Minahasa Utara, Minggu (20/7/2025).

Ia tak hanya menyelamatkan nyawanya sendiri, tetapi juga seorang anak kecil. Mamay mengaku saat terombang-ambing di lautan tiba-tiba seorang ibu meminta tolong kepadanya untuk menjaga sang anak, karena sudah tak kuat menggendong.

“Ya langsung saya tolong dengan memegang anak itu,” ucapnya.

Sang anak terlihat lemah dan sempat menangis, namun Mamay juga berusaha menghibur.
Siaran langsung Facebook yang dibagikan Mamay menjadi salah satu hal yang membantu menyelamatkan banyak nyawa.
Siarannya menjadi satu patokan bagi masyarakat maupun instansi untuk menolong usai KM Barcelona VA terbakar. Saat sedang terombang-ambing itu ponselnya juga sempat jatuh ke air.

“Beruntungnya tidak rusak,” tutupnya.
Sebelumnya diberitakan, KM Barcelona VA terbakar dalam pelayaran rute Kepulauan Talaud-Kota Manado. Kobaran api disusul kepulan asap hitam tiba-tiba muncul dari lambung kapal.

Berdasarkan data Basarnas Manado, seluruh korban berjumlah 410 orang. Jumlah tersebut berbeda dari data sebelumnya yang disebut Gubernur Sulut, Yulius Selvanus, dan sejumlah pihak, yaitu 280 orang. Kepala Basarnas Manado, George Randang, menyebut pihaknya berhasil mengevakuasi 47 orang.

Satu di antaranya meninggal dunia. “Semuanya sudah selesai dievakuasi. Namun, jika ada laporan orang hilang kami tetap akan tindak lanjuti,” tuturnya, Minggu (20/7/2025).

Sementara data terbaru dilaporkan, 568 penumpang selamat dari insiden kebakaran kapal KM Barcelona V. Informasi itu disampaikan Humas Kantor SAR Manado, Nuriadin Gumeleng.

""Jumlah korban selamat ini merupakan data yang masuk ke Posko Basarnas Pelabuhan Munte,"" kata Nuriadin dilansir Antara, Senin (21/7/2025).

#kmbarcelonava #kapal #kapaltenggelam #km #viral #fyppppppppppppppppppppppp",23367,0.023367
likupang,52700000,357,3,0,0,2024-02-28 14:57:59+00:00,"Pulisan Bay merupakan sebuah Kawasan Ekonomi Khusus (KEK) Pariwisata yang menjadi salah satu Program strategis nasional.

#kgtrip #kekpulisan #pulisanbay #puncakpulisan #explorelikupang",3,0.008403361344537815
likupang,52700000,611,14,2,3,2025-03-03 11:12:54+00:00,"just konten part 2
#manadopride #tiktokviral #kontenhiburan #loba #likupangexpression #fyp #fyp",19,0.031096563011456628
likupang,52700000,24000,1676,35,60,2026-02-28 23:39:02+00:00,Nd rawan#fypage #likupang #arab #laguacara #manadosadap_fypdongggg🤣 @IJOD,1771,0.07379166666666667
likupang,52700000,21100,920,4,11,2024-06-14 02:42:08+00:00,"WOWW... Likupang jadi Bali kedua 😍😍
#Sulut2024 #Stevenkandouw #pilkada2024 #viral #gubernursulut #stevenkandouw2024 #pilkadasulut #pilkadaserentak2024
#Cagubsulut #CalonGubernurSulut",935,0.044312796208530805
likupang,52700000,483,15,2,0,2025-03-27 01:17:49+00:00,"just konten part 5
#fyp #loba #manadopride #tiktokviral #likupangexpression #hiburan",17,0.035196687370600416
likupang,52700000,21400,898,7,84,2026-05-04 13:07:01+00:00,@Dade🫧  haa itu dia🤣🤣🤣#likupangtorang🔥 #fypage #fyppppppppppppppppppppppp #manado,989,0.046214953271028036
likupang,52700000,466200,33500,956,12800,2025-09-19 02:41:33+00:00,maju lkp😭 #fypppp #likupangtorang🔥,47256,0.10136422136422137
likupang,52700000,6188,337,7,67,2026-05-09 14:42:33+00:00,"🤣
#fypシ゚ #4u #trio #likupangtorang🔥 #pantaipall",411,0.06641887524240465
likupang,52700000,762,13,0,2,2025-03-06 12:32:03+00:00,"just konten guys
#kontenhiburan #likupangexpression #loba #tiktokviral #manadopride #fyp",15,0.01968503937007874
likupang,52700000,15200,360,7,31,2026-02-16 05:04:28+00:00,#acara🔥 #likupangtorang🔥 #fypシ #kampungkacil #kinunangstory,398,0.02618421052631579
likupang,52700000,12100,1431,8,161,2026-05-17 11:03:19+00:00,"#storymanado #katakatamanado #manadopride🏝️🔥 #likupangtorang🔥 #ktgcubexx🔥 @Syazz💢 @Hi, ini aca💨",1600,0.1322314049586777
likupang,52700000,290,12,0,0,2026-04-21 13:24:20+00:00,#creatorsearchinsights #likupang #keluargakecilku,12,0.041379310344827586
likupang,52700000,4219,87,5,15,2025-07-06 04:05:58+00:00,"Discover the Hidden Paradise of Bangka Island! 🤿✨

Ready to dive into one of Indonesia’s best kept secrets? Bangka Island, tucked away off the coast of North Sulawesi, is a serene gem where adventure meets untouched beauty. With over 40 world-class dive sites, it’s a haven for both beginners and seasoned divers alike.

Immerse yourself in vibrant soft corals, thrilling drift-dives, and crystal-clear waters teeming with marine life. Whether you crave colorful coral gardens or exciting drift adventures in pristine waters, Bangka has something for every diver.

☀️Your Bangka One Day Trip Includes:
✔️ 3 dives per day
✔️ Round-trip transport from hotels in Manado City to Likupang marina
✔️ Boat transfers to Bangka’s dive sites
✔️ Snacks, lunch & mineral water (BYO tumbler)
✔️ Dive guide
✔️ Towel
✔️ Free dive gear
✔️ Entrance fee to Bangka Island dive sites

🌊 Optional Add-Ons:
▪️ Night Dive
▪️ Nitrox

📞 Ready to dive? Book your Bangka adventure today and uncover this untouched underwater wonderland! 

Tagaroa Dive Center
Authorized PADI 5 Star Dive Centre S-29078 ⭐️⭐️⭐️⭐️⭐️
Official DAN World Business Member #3238023

Contact us for more information & booking:
🤿@tagaroadivecenter 
🌐www.tagaroadive.com
✉️ tagaroadivecenter@gmail.com 
📞+62822-800-600-88

*We accept payment by OVO, GOPay, Qris, Credit Card Mastercard/VISA (0% installment program).

#TagaroaDiveCenter #ScubaDivingIndonesia #DiveBangka #Likupang #PADI #paditravel",107,0.025361460061625977
likupang,52700000,6997,155,16,11,2025-10-28 19:07:45+00:00,"Likupang adalah kawasan pesisir di Kabupaten Minahasa Utara, Sulawesi Utara. Tempat ini dikenal sebagai salah satu Destinasi Super Prioritas Indonesia, dengan pemandangan laut tropis yang masih sangat alami.

Air lautnya berwarna biru toska jernih, pasirnya putih lembut, dan suasananya tenang. Di bawah lautnya, terhampar terumbu karang yang masih utuh dan penuh warna, rumah bagi berbagai ikan tropis, penyu, dan biota laut langka.

Beberapa tempat ikonik di Likupang antara lain:

Pantai Paal: dikenal karena pasir putihnya yang halus dan ombak tenang.

Pulau Lihaga: pulau kecil tak berpenghuni dengan laut sebening kaca.

Bukit Larata: menawarkan pemandangan laut lepas dari ketinggian dengan hamparan savana.

Ekowisata Bahoi: desa wisata dengan hutan mangrove dan snorkeling spot alami.

Fakta uniknya, Likupang sering disebut “permata tersembunyi Sulawesi” karena masih belum sepadat Bali atau Lombok, padahal keindahannya sekelas Maladewa. Selain itu, masyarakat lokal di sana masih menjaga adat dan kepercayaan tentang laut yang dianggap sakral dan penuh roh penjaga.

Secara etimologi, nama Likupang dipercaya berasal dari legenda dua kekasih bernama Likhu dan Pangkal, yang cintanya abadi di laut ini. Konon, saat matahari tenggelam dan laut berkilau jingga, itu adalah momen ketika jiwa mereka bertemu kembali.

Singkatnya, Likupang bukan cuma tempat wisata. Ia adalah perpaduan antara keindahan alam, ketenangan spiritual, dan kisah cinta yang abadi.
#CapCut #WonderfulIndonesia #GoBeyondOrdinary #CapCutAiWonders #likupang 

support by:
@CAPCUT @Kementerian Pariwisata RI @Pesona Indonesia @DMI Expo",182,0.026011147634700586
likupang,52700000,7569,236,15,22,2026-02-10 00:37:01+00:00,"Desa Palaes Likupang Barat - Minut - Sulut
#opagemoy #makaaruyen #makatana #makalelon #minahasa",273,0.036068172810146654
likupang,52700000,36100,471,16,371,2025-12-22 08:48:06+00:00,"Destinasi liburan di paradise likupang 

#paradise #likupang #hiddengems #akhirtahun #liburanseru",858,0.02376731301939058
likupang,52700000,1610,5,0,2,2022-06-26 08:43:17+00:00,"Sneek peek of Likupang, ""Sini Ke Likupang"" , Start your Journey with Likupang Tersenyum",7,0.004347826086956522
likupang,52700000,117700,3658,49,1036,2026-02-08 07:05:53+00:00,"Your Private Paradise🌴
A peaceful corner by the sea, just for you.""
#privateparadise #hiddengem #manado #likupang #fyp",4743,0.040297366185216656
likupang,52700000,30200,1899,55,56,2023-01-19 13:17:42+00:00,"moment spesial bpk President
di Manado Sulut👍",2010,0.06655629139072848
likupang,52700000,5208,80,3,18,2025-08-20 10:21:08+00:00,"Menikmati Keindahan Pantai Pall, Likupang! Wajib banget mampir kesini kalau lagi berwisata ke Minahasa Utara! Asli seindah itu!

#pantaisulawesi #pantaiminahasa #destinasiwisata #minumanmasracik #pantaipall 

@hana @KRziwolfieee",101,0.019393241167434717
likupang,52700000,148500,4599,73,1855,2026-01-26 06:24:21+00:00,"cakepp sklian bestie @ikharhyy  

resort gangga 
#pulaugangga #manado #staycation #likupang #pangbajalang",6527,0.04395286195286195
likupang,52700000,53300,1189,121,74,2026-03-05 10:49:14+00:00,"Torang Pasiar ke Desa BULUTUI. Salah satu Desa dengan pemandangan Laut. Bulutui adalah salah satu Desa yang berada di Kecamatan Likupang Barat, Kabupaten Minahasa Utara.
Kalo adalah Prang Bulutui boleh ba comment. @PEMKABMINUT #likupang #bulutui #minut #mubune",1384,0.025966228893058163
likupang,52700000,6334,177,22,9,2026-02-09 03:01:33+00:00,"Desa Tanah Putih Likupang Barat - Minahasa Utara 🫰🥰
#opagemoy #makalelon #makaaruyen #makatana #minahasa",208,0.03283864856330913
likupang,52700000,20100,345,56,15,2025-11-07 04:56:00+00:00,keseruan di sd inpres likupang 1 #likupang #sd #sdinpreslikupang1 #fyp #foryoupage,416,0.020696517412935322
likupang,52700000,16700,193,2,83,2023-03-01 08:12:53+00:00,"Likupang 🌴🌊
Surga tersembunyi di Minahasa Utara, Sulawesi Utara.
Merupakan 1 dari 5 Destinasi Pariwisata Super Prioritas, hanya #DiIndonesiaAja

#WonderfulIndonesia #PesonaIndonesia #PesonaNusantara #SulawesiUtara #MinahasaUtara #Likupang #Manado #BanggaBerwisataDiIndonesia #BBWI

@Wonderful Indonesia @Pesona Indonesia @Sandiaga Uno @Kemenparekraf",278,0.01664670658682635
likupang,52700000,52300,1216,22,296,2023-01-10 02:59:26+00:00,"Skuy Explore Wisata Super Prioritas Indonesia! 🇲🇨🔥

📍Casabaio Paradise Resort Likupang Sulawesi Utara!

#ATM #healing #holiday #staycation #likupangtorang🔥 #destinasiwisata #pariwisataindonesia #wonderfulindonesia",1534,0.029330783938814532
likupang,52700000,88500,8810,22,645,2025-01-17 06:09:32+00:00,"Don't forget to come here for the beauty of early 2025, save and share with your loved ones🤩😍

#LihagaBeachClub #GlampingGoals #SulutVibes #LikupangHiddenGem #ManadoTrip #LiburanBeda #WonderfulIndonesia #ExploreSulawesi #SkyHighVibes #LihagaViews #IslandEscape #bananaboat #sunset #oceanview",9477,0.10708474576271186
likupang,52700000,1348,63,9,2,2026-05-18 01:03:57+00:00,"Part 1 ||
Pantai Pulisan adalah salah satu destinasi wisata pantai terbaik yang terletak didesa pulisan likupang timur, kecamatan minahasa utara, sulawesi utara.
#pulisanbeach🌊 #likupang #minahasautara #sulawesiutara #fpvcinematic",74,0.05489614243323442
likupang,52700000,3059,86,5,33,2026-05-24 05:39:25+00:00,Pante @manadoparadisehotel bessstttt sihh mo staycation akg 😍 #manadoparadisehotel #likupangtimur #staycation #paradisehotel #fypage,124,0.040536122915985615
likupang,52700000,25400,829,13,314,2026-04-22 10:39:53+00:00,Healing 🌊🏝️#pulisanbeach🌊 #likupang #wonderfulplaces #sulut #minut,1156,0.04551181102362205
likupang,52700000,2093,308,7,3,2024-10-20 01:32:00+00:00,"lihaga island.
salah satu kepulauan yg ada di likupang, sulawesi utara.
pasir pantai putih.
spot snorkelingnya bagus.
#lihaga
#lihagabeachclub🏖 
#northsulawesi
#manado
#likupang",318,0.15193502150023888
likupang,52700000,10400,71,2,8,2025-07-02 00:38:25+00:00,"weekend di likupang, The Pulisan",81,0.007788461538461538
likupang,52700000,1676,31,6,9,2023-12-11 04:55:17+00:00,Replying to @zzz Cara Naik Kapal Ghanda Nusantara 13 Island Hopping di Likupang #island #islandhopping #likupang #northsulawesi #sulawesiutara #kapalgratis #aiptrip #ariefpokto,46,0.027446300715990454
likupang,52700000,30100,2525,26,371,2024-06-04 23:07:41+00:00,"UCLG ASPAC Likupang 2024 
& Likupang Tourism Festival 2024 
Di Selenggarakan pada tgl 5,6,7 Juni 2024 
Ada banyak sekali kegiatan dan lomba2 loh 
dan pastinya 
Hadirkan @fresly_nikijuluw Pada malam Puncak 
Tgl 7 Juni 2024 di Hotel Paradise Likupang Minahasa Utara 🤗🥰

Marijo torang Ramaikan acara ini..
GRATIS ❤️😊

#ltf2024 #minahasautara #likupangtorang🔥 #uclgaspac2024 
#sulut #dpsplikupang #likupangminut",2922,0.09707641196013289
likupang,52700000,3063,200,16,22,2026-02-01 02:40:29+00:00,"Pesona Mangrove Likupang, Sulawesi Utara

==========

Follow akun @keindahansulut 

==========

Courtesy of Caroline Zarni

==========

#mangrove #mangrovelikupang #mangrovesulut #wisatamangrove #wisatasulut #exploresulut #kotamanado #minahasautara #keindahansulut",238,0.07770159973881816
likupang,52700000,8698,246,32,30,2026-02-27 10:40:42+00:00,"Desa SEREI Kecamatan Likupang Barat, Kabupaten Minahasa Utara. Sulawesi Utara. @PEMKABMINUT #likupang #likupangtorang🔥 #serei",308,0.03541043918142102
likupang,52700000,167800,6068,116,1600,2023-05-13 01:39:08+00:00,Cobain Staycation di Casabaio Paradise Resort Likupang.. tempatnya cakep bgt ✨ cuma maybe pelayanan harus lebih diperhatikan 🙃 #manado_sadap🔥 #fyp,7784,0.04638855780691299
likupang,52700000,844,15,0,0,2025-02-28 17:36:47+00:00,"hanya konten jangan di tiru🤙
#manadopride #tiktokviral #loba #kontenhiburan #likupangexpression #fyp",15,0.017772511848341232
likupang,52700000,11700,733,3,86,2026-05-03 14:00:54+00:00,ohh jng coba no#fypage #likupangtorang🔥 #manado #fyppppppppppppppppppppppp,822,0.07025641025641026
likupang,52700000,37300,2248,2,524,2026-02-01 02:20:06+00:00,ngna do #fyp #quotesmanado #manadopunya #fypdongg #likupang,2774,0.07436997319034852
likupang,52700000,777,9,0,0,2025-01-14 08:37:47+00:00,#fyp #jajan #khaspapua #fyppppppppppppppppppppppp,9,0.011583011583011582
likupang,52700000,105000,9257,58,957,2026-05-25 09:00:17+00:00,#likupangtorang #fyp,10272,0.09782857142857143
likupang,52700000,90100,7412,30,673,2026-05-23 08:04:33+00:00,#storymanado #katakatamanado #likupangtorang🔥 #manadopride🏝️🔥 #ktgcubexx🔥,8115,0.09006659267480577
likupang,52700000,1026,157,2,2,2026-03-20 22:44:06+00:00,#likupangtorang🔥 #foryou #fyp #meganmoroney @Megan Moroney,161,0.15692007797270954
likupang,52700000,14600,199,6,21,2025-12-11 17:39:51+00:00,"ISS tidak hanya menjadi laboratorium ilmiah di orbit, tetapi juga berfungsi sebagai platform edukasi global melalui program ARISS (Amateur Radio on the International Space Station). Program ini menyediakan kesempatan bagi operator radio amatir di seluruh dunia untuk dapat berkomunikasi langsung dengan astronot, meski peluangnya sangat kecil karena keterbatasan waktu, jalur orbit, serta aktivitas modul radio di ISS.

Dalam kesempatan orbit tersebut, Roland memanfaatkan perangkat radio amatirnya dengan perhitungan presisi
#NA1SS #orari #orarinews #news #yc2tfb",226,0.01547945205479452
likupang,52700000,791,12,0,0,2025-01-25 10:11:21+00:00,"Guru sakti jepqng😅
#hiburan #fyp #manadopride #tiktokviral #kontenhiburan #friendtoxic",12,0.015170670037926675
likupang,52700000,5214,239,3,46,2026-05-24 13:03:40+00:00,"#storymanado #katakatamanado #manadopride🏝️🔥 #ktgcubexx🔥 #likupangtorang🔥 @Syazz💢 @Hi, ini aca💨 @chy_yx @VL",288,0.05523590333716916
likupang,52700000,39600,1099,35,114,2026-05-29 09:45:17+00:00,Terima kasih kak untuk kepercayaannya membeli unit MacBook Neo di Store kami Planet Gadget Kupang📍 #apple #kupang #nttpride🏝🔥 #kupangtiktok #fyp,1248,0.03151515151515152
likupang,52700000,79800,3177,50,170,2026-04-10 22:52:16+00:00,#CapCut,3397,0.04256892230576441
likupang,52700000,4973,70,17,36,2026-05-31 06:49:33+00:00,😝🤗 #fypp #manadopunya #xybca #likupangtorang🔥 #viraltiktok,123,0.024733561230645486
likupang,52700000,23300,438,17,159,2025-08-20 14:52:17+00:00,"Cantik memang,📍La Merry Resorts, Likupang, Minut.

#manadodronecommunity #lamerryresort #likupang",614,0.026351931330472103
likupang,52700000,65700,4091,59,171,2026-02-22 16:32:43+00:00,"Ocean calling, will you answer? 🌊✨

Located in Gangga Island, part of the Likupang tourism area in North Sulawesi, this island is celebrated for its rich marine biodiversity and clear tropical waters.

With soft white sand, calm turquoise seas, and breathtaking sunsets, Gangga Island offers the perfect tropical escape for nature lovers and ocean explorers alike.

Cr/IG: chris_simanjuntak

📍 Gangga Island, Likupang Barat, North Sulawesi

#WonderfulIndonesia #VisitIndonesia #IslandLife #ExploreIndonesia #TravelIndonesia",4321,0.06576864535768645
likupang,52700000,219000,6857,206,609,2025-09-17 12:21:28+00:00,"There’s a corner of North Sulawesi where nature still feels untouched. Here, beaches whisper calm, waters glow crystal blue, and smiles carry stories of tradition. In Likupang, adventure isn’t just an activity, it’s a feeling that flows from the sea to the hills, from the forests to the hearts of its people.

📍 Likupang , Indonesia
#WonderfulIndonesia #HiddenParadise #NatureEscape #IslandAdventure #ExploreIndonesia",7672,0.03503196347031964
likupang,52700000,272800,16500,459,4006,2024-09-19 11:46:28+00:00,Pantai Paal Likupang #pesonaindonesia #wonderfulindonesia #beachlife #manado #minut #likupang #sulawesiutara #indonesia #liburan #jalanjalan #tempatwisata,20965,0.07685117302052787
likupang,52700000,30500,326,5,359,2024-09-19 05:56:13+00:00,"Si for sea! 🌊💙

📍Pulisan Beach, Likupang, North Sulawesi

#island #vacation #snorkeling #beach #travel #travelling #travelphotography #traveltiktok #travelblogger #indonesia #northsulawesi #visitindonesia #pulisanbeach",690,0.02262295081967213
likupang,52700000,34300,320,10,110,2023-06-13 08:36:32+00:00,"Kalian harus kesini, Likupang Surga tersembunyi di Minahasa Utara, Manado, Sulawesi Utara. Merupakan 1 dari 5 Destinasi Pariwisata Super Prioritas.  #JelajahID #likupang #destinasi #wisata #pariwisata #manado #sulawesiutara",440,0.01282798833819242
likupang,52700000,2503,270,19,8,2024-09-09 16:48:38+00:00,long time no sea🌊 #lihagaisland #lihagabeachclub🏖 #likupang #manado,297,0.11865761086695965
likupang,52700000,26800,518,12,295,2026-01-27 12:35:39+00:00,"part 2 Gangga resort 

credits @ikharhyy 

#pulaugangga #likupang #manado #sulawesiutara #hiddengems",825,0.030783582089552237
likupang,52700000,34600,472,10,76,2026-03-28 03:21:24+00:00,PARADISE HOTEL GOLF & RESORT LAGI PROMO NIH HARGA START DARI 600 RIBUAN #paradiselikupang #hotelparadiselikupang #paradise #promohotel #likupang,558,0.016127167630057802
likupang,52700000,493,20,0,1,2026-04-18 10:42:56+00:00,🧡🌄 #sunrise #paradise #likupang,21,0.04259634888438134
likupang,52700000,24400,127,11,62,2024-03-29 05:47:18+00:00,#CapCut #marriott #likupangbarat #paputungan #projecthotel #fyp,200,0.00819672131147541
likupang,52700000,42200,310,27,293,2025-11-07 16:16:30+00:00,"paradise likupang hotel & resort Manado , staycation berasa ada di Bali , pemandangan indah dan fasilitasnya yang lengkap #paradiselikupang #hotelandresorts #paradisehotelgolfandresort  #hotellikupang #likupangparadise",630,0.014928909952606635
likupang,52700000,61200,1109,60,381,2025-05-15 04:49:56+00:00,"La Merry Resort, tarabitan, likupang barat, minahasa utara #lamerryresortlikupang",1550,0.025326797385620915
likupang,52700000,5217,47,3,29,2023-04-22 14:50:43+00:00,"#ganggaisland #pulauganggalikupang #manadopunya #likupang #wisatamanado #pasiarmanado #manadotiktok #manadostory #vacation #holidayvibes #staycationmanado #staycation 
#CapCut",79,0.01514280237684493
likupang,52700000,36400,450,14,82,2025-08-26 10:51:36+00:00,Staycation 📍Paradise Hotel Likupang #wisata #wisatamanado #sulut #manado #likupangtorang🔥,546,0.015
likupang,52700000,7594,195,10,50,2022-05-05 09:24:47+00:00,#manado #likupang #sulawesiutara,255,0.03357914142744272
likupang,52700000,7024,146,20,15,2026-04-07 10:47:52+00:00,"pesona ""LIKUPANG""
#lewatberanda #likupang #likupangtimur #fyppppppppppppppppppppppp",181,0.02576879271070615
likupang,52700000,8093,147,15,7,2026-02-17 12:42:38+00:00,"LIKUPANG 2 PART II
Masih dengan pemandangan yang gaga skali. Kalu bicara keindahan alam. Pak bos dan cik bos harus pasiar ke Likupang. @PEMKABMINUT #minut #minahasautara #likupang #likupang2",169,0.020882243914494007
likupang,52700000,7458,1443,1,2,2021-07-01 04:52:46+00:00,"Hayo, siapa yang suka banget sama kuliner khas Likupang ini? Share ya ke teman-teman kamu! #Kuliner #Indonesia #Food #Foodies",1446,0.19388576025744167
likupang,52700000,1000000,39200,528,465,2023-02-17 05:32:53+00:00,Salting Dengan Anak Murid🤣🤣#fyp #fyp #nttpride🏝🔥 #Tiktokkupang #smanlikupang,40193,0.040193
likupang,52700000,23600,1114,5,66,2025-07-20 14:29:14+00:00,"awal belajarnya susah tapi lama lama nagiihh😆 

#kkn #kknppmugm #ugm #niskalalikupang #likupangtimur #minahasa #minahasautara #manado #sangir #linedance #ampawayer #marinsow #pantaipaal #fyp",1185,0.05021186440677966
likupang,52700000,1955,122,1,5,2026-05-31 14:14:12+00:00,"just contenn
#likupangtorang🔥 #fyppppppppppppppppppppppp #manadostory #manadopunya #CapCut",128,0.06547314578005115
likupang,52700000,635,16,0,0,2025-03-27 14:03:03+00:00,"hanya konten ygy jgn baper
#hiburan #likupangexpression #tiktokviral #manadopride #loba",16,0.025196850393700787
likupang,52700000,410,12,0,0,2025-02-11 16:09:18+00:00,"just konten😜
#fyp #tiktokviral #likupangexpression #loba #hiburan",12,0.02926829268292683
likupang,52700000,13600,761,2,21,2026-02-04 16:05:37+00:00,ih gana e🤣#masukberanda #likupangtorang🔥 #tuluderondor #foryoupage #motss,784,0.05764705882352941
likupang,52700000,5063,492,0,92,2026-05-27 13:12:26+00:00,#storymanado #katakatamanado #manadopride🏝️🔥 #ktgcubexx🔥 #likupangtorang🔥,584,0.11534663243136481
likupang,52700000,2866,251,0,27,2026-05-31 11:45:24+00:00,so llah dg smua.#storymanado #katakatamanado #manadopride🏝️🔥 #likupangtorang🔥 #ktgcubexx🔥 @chy_yx,278,0.09699930216329379
likupang,52700000,9233,1005,2,67,2021-11-16 01:03:26+00:00,#Makanthon #manado_sadap #Likupang_torang #xyzbca #fypシ #brndatiktok,1074,0.11632188887685475
likupang,52700000,200500,14600,282,714,2024-01-05 00:15:08+00:00,#fypシ #numpanglewatfyp #masukberanda #likupangtorang #manadopunya #manadoviral,15596,0.077785536159601
likupang,52700000,80000,2459,42,161,2025-08-05 16:24:21+00:00,"Liu Kang Cosplay ❤️‍🔥

#liukang #mortalcombat #cosplay #cosplayer #bts",2662,0.033275
likupang,52700000,1500000,196900,1044,11700,2025-11-03 14:13:40+00:00,#LIUKANG - used to be my main - #fyp #viral #mortalkombat #foryoupage,209644,0.13976266666666667
likupang,52700000,132100,14400,631,3325,2025-08-07 12:07:48+00:00,"Mmg ni para hawa"" in #manado #manadopunya #fyp #omlikupang",18356,0.1389553368660106
likupang,52700000,98300,11100,93,1035,2025-12-25 00:03:54+00:00,Selamat Natal guys #manado #manadopunya #fyp #merrychristmas #omlikupang,12228,0.12439471007121058
likupang,52700000,321500,52600,164,2228,2026-05-21 23:28:36+00:00,liu kang version #foryou #fyp #mortalkombat #mortalkombat11 #liukang,54992,0.17104821150855365
likupang,52700000,7900000,1000000,2031,2501,2021-04-18 01:37:12+00:00,#acne #meme #anime #acnescars #skincare #animation #lulupang #루루팡 #밈 #여드름흉터 #피부관리,1004532,0.1271559493670886
likupang,52700000,13500000,973700,2047,1837,2021-06-27 04:38:37+00:00,#asmr #pimplepopping #pimple #acne #skincare #여드름압출 #피부관리 #애니 #animation #anime #lulupang #루루팡,977584,0.07241362962962963
likupang,52700000,8924,387,22,6,2026-03-18 13:06:52+00:00,"Nkhalo yakuvunda iyi mleke akweee 
mwanyake mlikupanga kale tuzowala twinu twambula dongosolo akweee
mkupangiska kt tileke kudombirako",415,0.04650380995069476
likupang,52700000,37400,778,42,156,2026-05-28 11:35:10+00:00,"Gama Feroh dikejar dan mengaku diintimidasi oleh Penyidik Polda NTT.
Ia dituduh sebagai admin Akun TikTok Lika Liku NTT 
@ahmadsahroni487 
#ahmadsahroni 
#kupang 
#likalikuntt",976,0.02609625668449198
likupang,52700000,15600,381,13,36,2025-11-17 00:50:58+00:00,✨ @Madu2 #casabioparadisehotel #likupang #manado,430,0.027564102564102563
likupang,52700000,21300,1270,191,33,2026-06-02 10:44:42+00:00,"Cintaku hanya kamu.. cinta sama Pantai Likupang ✨

Ges..ges.. tau gak nih kalo di Pantai Likupang kamu bisa lihat 3 warna menarik sekaligus dalam satu pandangan—biru muda, toska, dan biru tua—tanpa perlu menggunakan filter kamera. Kereeen kali yaa 🤩

📍Pantai Likupang, Minahasa Utara, Sulawesi Utara
Cr/Pesona Indonesia

#EksplorLikupang #WonderfulIndonesia",1494,0.07014084507042254
likupang,52700000,16400,202,19,129,2024-10-23 17:25:48+00:00,"Ada yang pernah ke sini?? 
#TTPetualangPro #SerunyaLiburan #PantaiPulisan #Likupang #WisataManado #TempatHealing #Viral #TripManado #Spot",350,0.021341463414634148
likupang,52700000,28400,2023,27,970,2026-01-19 03:06:12+00:00,sunset likupang #sunset #likupang #pantai #katakatamanado #sulawesiutara,3020,0.10633802816901408
likupang,52700000,18400,366,10,68,2025-10-19 00:40:53+00:00,Privatbeach#pulisan# pantaipulisan# likupang# minahasautara# manado# north sulawesi#indonesia🇮🇩,444,0.024130434782608696
likupang,52700000,24500,333,25,17,2024-07-26 11:09:22+00:00,"Replying to @Darrell06 kalo di tanya bakal balik lagi ga kesana? Absolutely! Karena view nya amazing,  suasana sekitarnya.. luar biasa 💕 
yuk bantu ramein hotelnya 😍",375,0.015306122448979591
likupang,52700000,36000,2478,13,11,2025-08-10 07:25:50+00:00,bakal kangen tiap minggu jam 9 pagi ke gerejaaaa🥹 #kknppmugm #kknugm #NiskalaLikupang #likupangtimur #fyp,2502,0.0695
likupang,52700000,29800,1693,16,204,2026-02-05 09:30:11+00:00,#fypage #penyabunghandal#likupangmain,1913,0.06419463087248323
likupang,52700000,13200,2476,27,88,2021-11-12 01:37:11+00:00,#APlus1111Dance #Likupang_torang #xyzbca #fypシ #brndatiktok,2591,0.1962878787878788
likupang,52700000,8155,212,8,62,2026-04-05 11:22:43+00:00,"Musti datang lagi kesini si kurang banget kalo cuma sebentar
#manado #ftypシ #exploresulutyuk #manadoviral",282,0.034580012262415694
likupang,52700000,4963,32,1,3,2025-09-09 14:17:58+00:00,"Tag dulu pa ningsi😭🙏🏻

Kejadian tadi pagi di likupang. Sorang nelayan Mabuk dan Perahu nya tidak di kendalikan, untung ad masyarakat melihat nya, kalau tidak so dapa sambar
Pulau, pokoknya ada tegang deng rasa lucu

Sc : Bang Djunz Ridjibu

#manado #nelayan",36,0.007253677211364095
likupang,52700000,112600,7975,238,310,2022-02-15 09:17:34+00:00,"Menuju Likupang, yaitu Destinasi Super Prioritas yang berada di Kabupaten #MinahasaUtara, #SulawesiUtara. Salah satu spot menyelam terbaik di dunia dengan keindahan wisata bawah lautnya!Kami saat ini terus berupaya  mengembangkan wisata bahari berbasis olahraga di sini, sehingga akan banyak peluang usaha tercipta, lapangan kerja terbuka dan ekonomi masyarakat sekitar bisa bangkit.Yuk ke #Likupang!",8523,0.07569271758436945
likupang,52700000,1246,58,2,3,2026-05-10 03:57:14+00:00,"Pantai Paal Likupang di Minahasa Utara, bukan hanya sekadar hamparan pasir putih dan air jernih. Destinasi ini makin populer karena beragam aktivitas seru yang bisa dinikmati berbagai kalangan.",63,0.05056179775280899
likupang,52700000,36300,1802,2,368,2026-01-12 02:42:07+00:00,"Yang akan selalu dirindukan: laut biru, angin pelan, dan tenang yang jujur 🌊 
📍Paal Beach, Likupang, Sulawesi Utara #fyp",2172,0.05983471074380165
likupang,52700000,748,100,32,3,2026-04-21 22:56:12+00:00,tempat main masa kecil #vidioviral,135,0.1804812834224599
likupang,52700000,1100000,24500,574,793,2026-02-08 13:58:43+00:00,"Pantai Paal di Likupang dikenal dengan pasir putih yang luas dan air laut yang jernih.
Cocok buat jalan santai, main air, atau sekadar menikmati pantainya.

Cr/IG: @keindahansulut

📍 Pantai Paal, Likupang, Sulawesi Utara
 
#PantaiPaal
#Likupang
#ExploreSulut
#WonderfulIndonesia",25867,0.023515454545454544
likupang,52700000,22500,822,8,214,2026-05-16 13:49:42+00:00,#privatebeach #pulisanbeach🌊 #likupang #minut,1044,0.0464
likupang,52700000,7135,265,37,15,2026-02-03 23:41:02+00:00,Membalas @@putra sgndg #likupang #sulawesiutara #manadotiktok #minahasautara #fyp,317,0.044428871758934826
likupang,52700000,3375,78,5,25,2023-05-28 07:58:43+00:00,"A day in my life part 4 liburan ke Likupang yang dimana merupakan salah satu surga terindah yg harus tetap kita jaga kebersihannya dan menjadi salah satu destinasi yang wajib banget dikunjungi ketika ke Manado Minahasa Utara,Sulawesi Utara #serunyaliburan #likupang #pantaipaal #bukitpulisan #minahasautara #sulawesiutara #manado #fyp #traveltiktok #minivlog",108,0.032
likupang,52700000,19100,333,10,92,2026-04-11 05:28:04+00:00,"Surga tersembunyi di Manado !!

#staycationsantaiapril #hiddengem #minahasautara #sulawesiutara #likupang",435,0.022774869109947644
likupang,52700000,1901,52,13,2,2025-12-21 11:44:18+00:00,"🏝 Jelajah Bahari kita saat ini ke Maluku utara.tepat nya di ⬇️
Likupang adalah kawasan pariwisata prioritas di Minahasa Utara, Sulawesi Utara, terkenal dengan keindahan alamnya seperti pantai pasir putih, laut biru jernih, dan terumbu karang yang kaya, menjadikannya tempat ideal untuk snorkeling dan diving, serta pengembangan sustainable tourism dengan dukungan infrastruktur dan UMKM untuk mendorong kunjungan wisatawan domestik dan mancanegara.
Daya Tarik Utama
Pantai Eksotis: Menawarkan pantai-pantai indah seperti Desa Wisata Pulisan, Pantai Paal, dan pulau-pulau kecil seperti Pulau Bangka dan Pulau Talise untuk suasana yang lebih tenang.
Bawah Laut Memukau: Surga bagi penyelam dan snorkeler dengan terumbu karang yang sehat dan biota laut yang beragam.
Trekking Hutan: Jalur pendakian menawarkan pemandangan alam spektakuler.
#pesonaindonesia 
#wonderfulindonesia #creatorsearchinsight #aigemini",67,0.035244608100999476
likupang,52700000,15000,2210,14,242,2021-11-14 13:08:55+00:00,awkwk#Makanthon #manado_sadap #Likupang_torang #xyzbca #fypシ #brndatiktok,2466,0.1644
likupang,52700000,21600,310,12,100,2026-02-12 11:44:22+00:00,"Pedals & Paradise, Repeat.
Where every ride feels like a little escape.

#pedals #bicycle #manado #likupang #fyp",422,0.019537037037037037
likupang,52700000,20700,1874,0,105,2021-11-28 12:22:25+00:00,cnda.#OPPOA95PerformaAndalanmu #brndatiktok #manado_sadap #Likupang_torang #xyzbca #fypシ #brndatiktok,1979,0.09560386473429952
likupang,52700000,3623,179,3,5,2026-01-09 01:47:19+00:00,Kita somo cinta deng Manado ❤️ #pantaipaal #manado #pesonaindonesia #wisatasulut #likupang,187,0.0516146839635661
likupang,52700000,10300,254,3,56,2026-04-13 06:17:28+00:00,"Staycation sambil healing di pulau Lihaga ✨💦🏖️

#hotelhunterid #pulaulihaga #staycation #hiddengem #likupang",313,0.030388349514563106
likupang,52700000,2977,110,0,13,2026-06-01 13:55:21+00:00,@manadoparadisehotel #staycationmanado #paradisehotellikupang #hotelier #creatorsearchinsights #fypシ,123,0.04131676184077931
likupang,52700000,634,46,2,0,2026-05-10 06:26:49+00:00,"Masyaaallah Pantai Timur secakep ini, Kaya mimpi bisa Liburan ke daerah sini dan tinggal disini😭😂

#manado #lihagaisland #pantai",48,0.07570977917981073
likupang,52700000,6498,238,0,56,2026-04-19 16:06:41+00:00,"📍Pantai Paal Likupang
#manadopunya #pantaipaalmarinsowlikupang #fyp #tiktoksulut",294,0.04524469067405355
likupang,52700000,2045,124,3,7,2024-11-19 02:13:33+00:00,Setua itukah kelahiran 1997 😂 #fyp #fypage #viral #trend,134,0.06552567237163814
likupang,52700000,5582,192,3,31,2023-03-15 00:21:58+00:00,"Pantai apa lagi ya? 🌊

#pantaipall #likupang #manado #sulut #explore #exploremanado #exploresulut #traveltiktok #exploreindonesia #beachvibes #beach #nature #landscape #aerial #minahasautara #minut #sulawesi #video #drone #videoviral #viral",226,0.040487280544607665
likupang,52700000,21100,219,14,81,2023-10-26 01:46:10+00:00,"Dengan Rp. 25.000 Bisa Keliling 3 Pantai Cantik di Likupang 
Sekarang bisa hemat travelling ke Likupang, mendarat di Bandara Sam Ratulangi Manado, tinggal naik @DAMRI KSPN Likupang. Harganya cuman Rp. 25.000 saja. 

Saya pergi ke Pantai Pulisan, Pantai Paal dan Casabaio Paradise Resort. Maksimal happy nya karena mudah banget, tinggal duduk manis di Damri yang adem ber-AC lalu mengunjungi 3 destinasi wisata. 

Damri KSPN Likupang melayani 3 Rute yaitu
1.Bandara Sam Ratulangi - Zero Point Minut - ParadiseResort - Pantai Paal - Pantai Pulisan (118 km)
2.Bandara Sam Ratulangi - Pusat Kota Manado - Likupang -Pelabuhan Penyeberangan Munte (137 km)
3.Pelabuhan Penyeberangan Lembe Bitung - Terminal Tipe A Tangkoko - Pantai Paal - Pantai Pulisan - Paradise Resort -Pelabuhan Penyeberangan Munte (175 km)

Harganya Rp. 25.000 aja karena disubsidi @kemenhub151 untuk mendukung pariwisata dan perekonomian setempat. 
Kalau ke Likupang, Naik Damri aja! 
#menghubungkanindonesia #transmatepenghubungindonesia",314,0.014881516587677725
likupang,52700000,33800,499,3,5,2024-06-11 07:31:12+00:00,"Halo Manado! 

Torang pe kota ini bagus skali, mimin sampe berat skali pulang dari sini
Ini kota paling ujung utara Indonesia yang mimin kunjungin
Menurut mimin ini lebih mirip kaya Kuta Bali bisa jadi lebih bagus. Kota nya asyik, orang orang nya seru, angkot sudah kaya night club, makanan nya beraneka ragam dari yg halal sampai extreme, view nya keren, view sunset nya juga apalagi sampe bikin mimin terpana
.
.
Mimin jalan ke Pantai Paal di ujung atas Likupang buat berburu Sunrise, pasir nya lembut putih bersih (kaya kulit torang manado katanya) sama view sunrise nya juga bagusss
.
Abis itu mimin melipir ke Pasar Beriman Tomohon buat nyariin teman yang nitip congor naga. Tapi sayangnya yang jual lagi libur, jadi mimin cuman nemu penjual daging ular, babi hutan, kelelawar sama an**ng, ah mimin jadi berkata kotor lah
.
Setelah itu mimin juga main ke air terjun Tekaan Telu yang juga bagus, adem dan masih asri, temen mimin bilang ini air terjun paling bagus yg dia pernah lihat
.
Sore nya kita hunting sunset di Gunung Tumpa, disini mimin sampe merinding lihat view sunset nya yang tjakeph bangeth, belum lagi pas mimin kesini sepi banget udah kaya satu gunung punya sendiri. Ngerasain sepi nya sore hari ditemani suara burung burung aneh yang lagi bercakap sambil mata memandang turun nya senja dari atas gunung itu hal yang tidak bisa mimin lupakan dari sini
.
Jadi menurut mimin Manado ini top tier gaes! Harus masuk checklist travelling kalian kalo sudah bosan dengan Bali selatan yang (kabarnya) overtourism. Manado ini tempat yang masih santuy dengan alam yang jauh lebih bagus daripada Bali selatan
.
Deng tentu saja kalo ngoni pasiar kamari jangan lupa singga pa mimin pe teman @rhynn2697 di Batik Indra Loka di Metro Manado Town Square 3 lantai 1 neh gaes, disini torang ada promo special price 295k yang kalo beli 2 gratis 1! Murah skali gaes! Kapan Le mo ba beli batik sambil ditemani view cantik
#batik #batikindonesia #batikpria #batikwanita #batikcouple #batiksarimbit #batikanak #heritage #manado #batikunik #batikmodern #batikindraloka #tomohon #bunaken #tondano #likupang #bitung #tumpa #batikseragam #custommade #batikpremium #visitindonesia #travel #fyp",507,0.015
likupang,52700000,6286,202,6,7,2025-10-02 03:55:19+00:00,om moo gass🤐🙏🏻#manadosadap🔥 #likupangtorang #smplikupangtimur,215,0.034202990773146674
likupang,52700000,155700,3952,308,1225,2026-01-26 10:16:01+00:00,#kebakaranhutan🔥 #fypシ #bukitlaratakinunang #likupangtorang🔥,5485,0.03522800256904303
likupang,52700000,102600,3038,107,277,2026-05-24 15:59:41+00:00,digoyang malam malam waktu live 😭 #gempa manado,3422,0.033352826510721245
likupang,52700000,21500000,730500,2244,36200,2025-11-16 08:18:27+00:00,"The Real Cause of Bad Breath… Hiding Here 🤢 
입 냄새의 진짜 범인😱 #편도결석 
#입냄새 #입냄새원인 #편도결석제거 #구취제거 #tonsilstones #tonsilstoneremoval #lulupang",768944,0.035764837209302326
likupang,52700000,274800,5261,629,363,2026-02-22 08:06:18+00:00,"The Philippines Made a Law for this Song?!

#philippines #law #fyp  #nationalanthem #lupanghinirang",6253,0.022754730713245998
likupang,52700000,194800,6718,148,74,2026-05-09 23:19:09+00:00,Replying to @Bigjefe Liu Kang was a stand out character in Mortal Kombat 2 and he has to be the lead character in the next mortal kombat! #liukang #mortalkombat #mortalkombat2 #mortalkombat1,6940,0.035626283367556466
likupang,52700000,434900,42600,227,1224,2025-10-15 21:45:12+00:00,I remember watching this for the first time in the movies | #lifong #lifongedit #karatekidlegends #karatekidlegendsedit #fyp,44051,0.10128995171303748
likupang,52700000,352500,54800,76,2492,2025-12-20 16:12:26+00:00,#liukang #liukangmk1 #mortalkombat #mk1 #fyp,57368,0.16274609929078016
likupang,52700000,623500,89200,188,5433,2026-05-27 17:06:06+00:00,#laufey #laufeytour #philippines,94821,0.1520785886126704
likupang,52700000,167100,6742,765,2490,2025-12-09 01:56:58+00:00,"LAGU TIGA KUPANG
#NEWSONG #SUNOAI #WORLDTIKTOKFORYOUPAGE #NASIHATPEDAS #SIMPULMATI",9997,0.059826451226810295
likupang,52700000,591900,26600,181,1371,2026-03-15 08:57:55+00:00,"“Bái huyện rượu cũ tình huynh đệ,
Theo bước Lưu Bang dựng Hán triều.”
#LưuBang",28152,0.047562088190572734
likupang,52700000,244800,22500,115,403,2026-05-02 13:38:23+00:00,should've kept this scene in | scp: @ckstudent 🍉 | #karatekid #karatekidlegends #karatekidlegendsedit #lifong #lifongedit,23018,0.09402777777777778
likupang,52700000,3300000,330600,5728,60400,2026-04-25 11:33:36+00:00,"disrespecting the Philippine national anthem, ""Lupang Hinirang,"" is prohibited under Republic Act No. 8491 (Flag and Heraldic Code of the Philippines) and Commonwealth Act No. 634. Violators face fines of ₱5,000 to ₱20,000 or imprisonment up to one year, with stricter penalties for repeat offenses. Respectful conduct, such as standing at attention and saluting, is mandatory when the anthem is played. kabataan pa nga ba ang pag asa ng bayan?#fyp #nationalanthem #xyzbcafypシ #foryoupage #justiceforalyssa",396728,0.12022060606060606
likupang,52700000,610,52,2,0,2026-02-08 22:33:24+00:00,"Not all so Chii song and a lazy edit... Let me introduce you all to my new hyperfixation, pls read Liguang's Team Ocean SR card story...
#18trip #luliguang #chihironatsuyaki #エイトリ #鹿礼光 #edit #夏焼千弥 #rarepair 
idk what to call them",54,0.08852459016393442
likupang,52700000,1000000,86000,552,3252,2025-07-15 17:08:20+00:00,He is Fire #karatekidlegends #karatekid #lifong #lifongedit #benwang  #edit #fyp,89804,0.089804
likupang,52700000,4154,61,3,10,2026-05-05 10:16:46+00:00,"manado rasa Bali 🥰🥰😍😍😍

#pangbajalang #marijobajalang #hiddengem #likupang #manadopunya",74,0.01781415503129514
likupang,52700000,1583,79,1,0,2025-07-23 04:38:02+00:00,Calm🌫️ #pulisanbeach #likupang #cewekcantik #cewemanado🔥 #fyppppppppppppppppppppppp,80,0.05053695514845231
likupang,52700000,715,22,0,3,2026-02-19 10:35:03+00:00,"edisi double date ala ala ✨

#privatebeachlikupang #foryourpage #manadobeach #manadoviral #fyppppppppppppppppppppppp",25,0.03496503496503497
likupang,52700000,181700,4085,70,898,2025-03-17 02:16:20+00:00,Liburan bareng keluarga di hotel Dengan pemandangan yang indah😍😍#hotelparadiselikupang #likupangtimur #sulawesiutara #manado #fyp #fyppppppppppppppppppppppp,5053,0.027809576224545954
likupang,52700000,11100,659,12,74,2026-04-19 10:06:55+00:00,Atorr🤣 #fypシ゚ #masukberanda #katakatamanado #likupangtorang🔥 #juskonten✌🏻,745,0.06711711711711711
likupang,52700000,1423,106,3,0,2026-01-31 04:29:37+00:00,"beach🌊🌊🌊
#likupang #beach #fyp",109,0.07659873506676036
likupang,52700000,16800,117,5,71,2025-12-31 08:14:27+00:00,"Rekomendasi hotel di sulawesi utara kenalin Casabaio Likupang Paradise Resort, booking kamarnya klik tag lokasi di video ini📍#cocomihunting #casabaioparadiseresort #minahasa #minahasautara #sulawesiutara",193,0.011488095238095238
likupang,52700000,15900,241,12,33,2026-04-25 05:51:42+00:00,"Membalas @Tommy_Qribsss  orang likupang mana suaranyaa?? 
hotel megah ini dilihat dari atas jg cantik😍 #marriothotel #marriothotellikupang #minut #sulut #manado",286,0.017987421383647798
likupang,52700000,2837,735,2,1,2026-02-17 08:14:08+00:00,#manadopunya #pallbeachlikupang #pantaipall,738,0.2601339443073669
likupang,52700000,91100,1716,22,311,2025-06-01 11:34:39+00:00,#pantaipall #manado #staycation #wisatamanado #pallbeachlikupang,2049,0.022491767288693742
likupang,52700000,8493,178,2,109,2025-10-21 14:34:05+00:00,"📍pulisan

#langitsulut #minut #likupang #beach #foryou",289,0.0340280230778288
likupang,52700000,18300,217,0,247,2024-04-10 06:10:36+00:00,🏝️ #beach #fyp #manado #likupang #paalbeach #manadopunya,464,0.0253551912568306
likupang,52700000,1805,27,2,3,2025-01-30 03:24:49+00:00,#pariwisatalikupang #kalinaunbeach #sulutviral #drone,32,0.01772853185595568
likupang,52700000,395,11,0,0,2026-05-26 11:39:34+00:00,#pantaipulisan #pantaipulisanlikupang #menikmatiindahnyapantai,11,0.027848101265822784
likupang,52700000,6488,799,7,5,2024-11-24 03:44:49+00:00,"#likupangtorang🔥 
#fyp",811,0.125
likupang,52700000,731,47,2,1,2026-05-13 15:15:44+00:00,"🌺🌊🐚
#paalbeach #wisatamanado #fyp #likupang #beach",50,0.06839945280437756
likupang,52700000,3879,110,5,17,2026-05-19 08:36:11+00:00,"Torang main ke pante dulu 🏖️🌊

#paalbeach 
#explore 
#likupang 
#pantai 
#holiday",132,0.03402938901778809
likupang,52700000,1900000,226300,3639,4261,2025-01-11 08:09:51+00:00,#CapCut I wish  for them to keep animation YouTube alive #fyp #fypシ #foryoupage #animationyoutube #animationyoutubers #jaidenanimations #theodd1sout #illymation #emirichu #somethingelseyt #letmeexplainstudios #timtom #haminations #domics #ellcartoons #theamaazing #cypherden #youtubers #boys12,234200,0.12326315789473684
likupang,52700000,79600,12200,0,2061,2026-05-25 22:32:17+00:00,"𖹭  ∘  ֗ ִ 🧋^᪲ ໒  𝓝ᧉᥕ  𝓟𝘰𑂘𝘵  ֗ ֶ֢  ˙ 𓈒 ᩧ ꒰っ𖹭´  `⑅ ꒱᪲ ˙ ∘ 🩷 ᰍ 𓈒 ᩙ⤿ 𝓣𝘢𝘨 𝓘𝘧 𝓤𝘴𝘦𝘥 ‹𝟹 ‎ׅׅ ˙ ౿ ִ ࣪  ⃝✿ . ﾟ♡ ˳ ꪒꪒ  ֗ ִ 𓊆 why is it that whenever I say I wna quit my actives get higher but when im actually motivated I flop so hard💀💀 anyways that boy I used to like says that he knows naoya and likes him, all my classmates are supporting my obsession, crazy shii 𓊇 . ᳥ ᳦  ˳˚ 𔓘 𝃜 ֢ׄ  Ი𐑼 ⑅ ֗ ִ 𖹭 𓈒 ∘ 𝓣𝘳𝘢𝘥𝘦: 🚫 ﾟ🍥 ֢ᩙ ˙∘˚ ֶ֢  ੭୧  ֶ֢  ࣪ . ꒰ 𔓘 ꒱ ˙ 𐙚͏ ྀི𓈒 ©᪲ 𐒄⃨i𝝰ӄ͠yᥳ֪ѵ🝌s̫ 𝃜  ֢ׄ ˑ  ა᪲ ˖ ࣪ ✿⃘ֹ  ۫ 𖹭 #miakyuvcs #freevcs #comunidadesoft #kirby #boba ১^᪲",14261,0.17915829145728643
likupang,52700000,1535,90,19,1,2026-05-31 16:33:24+00:00,Replying to @sarah.mathias94,110,0.07166123778501629
likupang,52700000,274500,25800,1762,386,2026-02-26 07:25:50+00:00,"Tepat pada pedalaman Kupang, Nusa Tenggara Timur, Pak Agustinus telah mengabdi selama 23 tahun sebagai guru honorer dengan gaji Rp600.000 per bulan.

Baru-baru ini, gajinya dipotong karena kebijakan efisiensi, dari Rp600.000 menjadi hanya Rp223.000 per bulan.

Kondisi serupa juga dialami beberapa guru honorer lain di wilayah tersebut. Pak Wesli contohnya, mendapatkan upah Rp100.000 per bulan sebagai kepala sekolah. Upah yang mereka terima jauh dari cukup untuk memenuhi kebutuhan dasar keluarga sehari-hari.

Melihat realita ini, kami memutuskan untuk memberikan bantuan seumur hidup berupa dukungan finansial dan bantuan materi kepada Pak Agustinus dan Pak Wesli.

Mereka telah mendedikasikan hidupnya untuk mencerdaskan anak bangsa, namun tidak mendapatkan penghasilan yang layak untuk bertahan hidup.

Dengan penghasilan Rp100.000 hingga Rp223.000 per bulan, mustahil kebutuhan pokok satu keluarga terpenuhi. Dan ketika kebutuhan dasar saja tidak tercukupi, bagaimana mungkin mereka bisa fokus mendidik generasi masa depan?
@Sulianto Indria Putra 
#suli #suliantoputra #nagake10 #AtensiUntukGuru",27948,0.10181420765027323
likupang,52700000,2697,305,38,20,2026-05-19 20:13:41+00:00,"I’m in a movie with Keke Palmer! I Love Boosters in theaters May 22. Honored to work with Boots Riley and stars like Keke, Demi Moore, LaKeith Stanfield, and Don Cheadle. Support Black filmmakers. Support Black women-led movies. Support Asian representation in TV and film. #iloveboosters #bootsriley #filmtok #movietok #asianrepresentation",363,0.13459399332591768
likupang,52700000,163400,5265,19,39,2026-05-22 10:29:03+00:00,"Trong màn đêm tối nhưng vẫn có những tiếng nói được lắng nghe!

Sau khi kết thúc lịch trình tham dự khai mạc Lễ hội và trên đường di chuyển đến Kupang vào khuya hôm qua, Phó Tổng Thống Indonesia đã nhìn thấy một nhóm sinh viên đứng tụ họp rất đông bên vệ đường mà Ngài ấy đi qua. 

Thay vì chạy lướt qua hay để cán bộ xử lý thì Ngài đã trực tiếp hạ lệnh dừng xe để xuống hỏi rõ sự tình và trò chuyện cùng.
 
Các sinh viên thuộc địa phương đó đã đứng chờ đoàn xe của Ngài đi qua để mong thu hút được sự chú ý của Ngài. Và cuối cùng tiếng nói của các bạn ấy cũng đã được Ngài lắng nghe. 

Sau khi nghe sự trình bày miệng, sau đó là cả một sấp tài liệu đã được các sinh viên soạn sẵn. Nội dung bao gồm các vấn đề từ y tế, giáo dục, giao thông đường sá, cầu đường,... 

Phó Tổng Thống đã trực tiếp lắng nghe, xem qua tài liệu, hỏi về các vấn đề bất cập thực tế và thậm chí còn ghi chú lại bằng sổ tay của mình.

Sau cùng là cái bắt tay ôn hoà chủ động từ phía Phó Tổng Thống dành cho các bạn sinh viên. 

Dù đang di chuyển trên đường tối om nhưng Ngài đã không vội lướt qua đoàn người đang đứng trông chờ mình bên vệ đường - nơi chỉ có bóng tối và vài chiếc xe qua lại. 

Sự lắng nghe trực tiếp từ Ngài chính là sự hồi đáp thực tế, uy lực của một lãnh đạo giữa tiếng lòng của người dân!

 #gibranrakabuming #gibran #indonesia🇮🇩 #viral",5323,0.032576499388004894
likupang,52700000,101700,15200,12,1003,2026-03-17 12:18:37+00:00,🥹 #fypシ゚ #storysad #kupangtiktok #nttpride#fyppppppppppppppppppppppp,16215,0.15943952802359881
likupang,52700000,751700,168600,609,5281,2026-05-17 08:40:10+00:00,"The way people reacted to Tian Xuning at Cannes... he was definitely the main event.​That security guard's face is going to be legendary 😂
#tianxuning #xuningxlorealpariscannes #田栩宁 #foryou #viral",174490,0.23212717839563657
likupang,52700000,23400,788,5,42,2026-05-09 11:23:09+00:00,#hansotranghung #luubang #lichsutrungquoc,835,0.03568376068376068
likupang,52700000,4201,254,1,4,2026-04-06 18:23:08+00:00,Get yours at P190@Binky & Lopang #tinahmaphane #viral,259,0.06165198762199477
likupang,52700000,877300,64600,150,211,2021-08-30 08:35:44+00:00,#틱톡뷰티 #makeup #메이크업 #anime #animation #애니메이션 #lulupang #fyp #화장 #asmr,64961,0.0740465063262282
likupang,52700000,70500,5813,28,88,2026-05-20 07:19:44+00:00,"Tian showed a yellow engagement/wedding ring on his finger Dec 7, 2025 and around March 2026 he started acting as though he was missing a ring there when he had to appear publically. In the BKT live, he counts to two on his fingers starting up from the bottom so he touches that finger. In the Guvet live, when he counts on his fingers he starts from the top. I think he’s deliberately hinting. #tianziyu #leipeng99 #revengedlove #leipeng #lp99",5929,0.08409929078014185
likupang,52700000,49700,3774,38,1042,2026-03-09 23:34:34+00:00,📌 Lao Peng You #chicagofood #chicagorestaurants #laopengyou #chicagofoodie #chicagocreator,4854,0.09766599597585512
likupang,52700000,1420,79,2,5,2025-07-11 02:54:41+00:00,"spot favorit #gunungsumbing para konten kreator, salah satunya disini",86,0.06056338028169014
likupang,52700000,5578,481,13,7,2026-05-28 14:53:47+00:00,"fakta yang tertunda,akhirnya terbukti kan itu suara tian🤭🤭#fypage #leipeng99 #tianziyu #cpreal一战 #sweetcorn",501,0.08981713875941198
likupang,52700000,1210,70,8,4,2025-07-20 01:30:47+00:00,"bukan tempat #wisata , hanya jalan dengan view #gunungsumbing",82,0.06776859504132231
likupang,52700000,126000,7711,60,431,2025-06-18 09:10:22+00:00,#kupang #kupangpunyadong🔥 #nttpride🏝🔥,8202,0.0650952380952381
likupang,52700000,1593,158,2,0,2026-03-31 10:59:28+00:00,"❤️ Li Pei Yang
# 李沛洋 #LiPeiYang",160,0.10043942247332077
likupang,52700000,38200,1873,47,113,2026-01-09 08:15:45+00:00,"Pulau Lembeg,Kota Bitung
#pulaulembeh 
#likupangbarat 
#exploremanado 
#exploresulawesiutara",2033,0.05321989528795811
likupang,52700000,16900,262,15,115,2025-07-11 13:15:53+00:00,"Deteksi mata air di Pulau Bangka Likupang 
#pulaubangka #sulawesiutara #minut #carisumbermataair #likupang #fypシ゚viral",392,0.02319526627218935
likupang,52700000,80600,8631,218,2854,2026-05-20 10:15:02+00:00,"The unseen realm is real… 👁️✝️ and most people walk through life never knowing what’s around them. ⚠️ If you’ve felt heavy 😣, distracted 📱, tempted 🧠, attacked in your mind 💭, or drained for “no reason”… this is your sign to get covered 🛡️.
Ephesians 6:10-18 says to “be strong in the Lord and in the power of His might” 🙏🔥 because our fight isn’t just physical.
So I’m choosing to put on the FULL ARMOR OF GOD 🛡️✨:
the Belt of Truth 🧷 (no more lies ❌),
the Breastplate of Righteousness ❤️‍🔥 (guard my heart),
the Shoes of the Gospel of Peace 👟🕊️ (walk steady, not shaken),
the Shield of Faith 🛡️ (to extinguish every fiery dart 🔥➡️),
the Helmet of Salvation 🪖 (protect my mind),
and the Sword of the Spirit, which is the Word of God 🗡️📖 (fight back with Scripture),
praying “at all times” ⏳🙏 and staying alert 👀.
COMMENT “AMEN” 🙌 if you’re putting the armor on today, then LIKE + RE-SHARE ❤️🔄 this to everyone you know!!!
In this cinematic faith-based scene 🎥✨, I asked the Lord to let me see the unseen world… and the veil “snaps” open ⚡👁️ as a dramatic, symbolic roleplay to illustrate spiritual warfare and God’s protection through His Word 🛡️📖.
TikTok reviewers: this video is purely my personal faith-based creative expression; it’s not intended as a literal prediction or factual claim, and it is presented as a cinematic roleplay/illustration. Thank you for understanding ✅🙌
#Jesus #SpiritualWarfare #ChristianTikTok #JesusChrist #jesusisking",11703,0.1451985111662531
likupang,52700000,1300000,53600,230,1787,2026-01-07 14:33:51+00:00,Hán Sở Tranh Hùng - 4 | VietsubMovieVault | #Hansotruyenky #hansotranhhung #Luubang #Hangvu #xuhuong #fyp,55617,0.04278230769230769
likupang,52700000,467400,22700,515,282,2026-05-23 09:21:35+00:00,"Kunjungan penuh kepedulian ditunjukkan Wakil Presiden Gibran Rakabuming Raka saat menyambangi Kecamatan Amfoang Barat Daya, tepatnya di Desa Manubelon, Dusun 3 Lapangan Umum Oelamopu, Kabupaten Kupang.
Di luar agenda resminya ke Kabupaten Rote Ndao, Wapres memilih datang langsung setelah menerima aspirasi mahasiswa terkait kondisi Amfoang yang masih memprihatinkan, khususnya akses jalan dan jembatan penghubung yang belum memadai.
Dalam kunjungan tersebut, Wapres meninjau langsung kondisi Jembatan Termanu yang menjadi penghubung Amfoang dan Fatuleu Barat, serta Jembatan Kapsali yang juga menjadi akses vital masyarakat.
Menurut Reni Margaritha Nesi, warga Amfoang, kehadiran Wapres bukan untuk seremoni, melainkan bentuk kepedulian nyata terhadap masyarakat yang membutuhkan perhatian pemerintah.
Kesederhanaan juga terlihat, saat Wapres menolak dikenakan selimut adat khas Amfoang seperti aluk dan pilu yang telah disiapkan masyarakat. Ia hanya menerima satu selendang yang dikalungkan oleh Wakil Bupati Kupang sebagai simbol penghormatan dan kearifan lokal.
Kunjungan ini menjadi harapan baru bagi masyarakat Amfoang agar pembangunan infrastruktur segera mendapat perhatian serius. 🙏
#RRI #RRIKupang #Amfoang #KabKupang #Gibran #NTT #Infrastruktur #SuaraRakyat #IndonesiaMaju",23497,0.05027171587505349
likupang,52700000,590,18,3,2,2026-05-06 09:30:21+00:00,🤣 Đi giao Lưu Lụm đc 🤣,23,0.03898305084745763
likupang,52700000,262000,5176,103,88,2026-05-20 17:50:20+00:00,"HÁN VŨ ĐẾ
nước cờ sai lầm của ĐẠI UYỂN 
#tanthuyhoang #luubang #hanvude #chunguyenchuong #chude",5367,0.02048473282442748
likupang,52700000,435800,14100,360,419,2026-05-30 03:00:02+00:00,"sekecil apapun, kalau dari ayang pasti happy gak sih? 😆🥰
🎬 Meteor Garden (Barbie Hsu, Jerry Yan)
#meteorgarden #drachin #jerryyan #barbiehsu #tomingse",14879,0.03414180816888481
likupang,52700000,71500,3206,18,92,2026-04-10 08:02:42+00:00,Ziyu trying to covertly explain he’s a lil gay now but just for one guy haha #tianziyu #leipeng99 #ziyu #tianxuning #revengedlove,3316,0.04637762237762238
likupang,52700000,40900,1351,66,78,2024-01-29 00:40:59+00:00,"#CapCut 
Lelogama Beach ❎
RSS Baumata Beach ❤‍🔥
#lelogama #nttpride🏝🔥 #storykupang #ntt #fyp",1495,0.03655256723716382
likupang,52700000,1061,79,7,0,2026-02-12 10:14:29+00:00,🤗🫠,86,0.08105560791705937
likupang,52700000,4500000,515200,1331,6956,2025-07-25 15:05:00+00:00,"""Little"" - Li Fong (""Karate Kid:Legends"") Edit | MENTE MÁ (Slowed)
-
#karatekid #karatekidedit #cobrakaiedit #cobrakai #karatekidlegends #lifong #fyp #edit",523487,0.11633044444444444
likupang,52700000,1900000,30200,1061,7458,2026-03-09 02:04:51+00:00,"Elite Gymnast Balance & Strength Circuit
1. Handstand Hold Against Wall – 4 sets of 20-30 seconds
2. L-Sit to Pike Leg Raises (on floor or parallettes) – 3 sets of 10 reps
3. Single-Leg Glute Bridge – 3 sets of 12 reps per leg
4. Elevated Pike Stretch Hold – 3 sets of 30 seconds
5. Pike Push-Ups (to build shoulder strength) – 4 sets of 8-12 reps
6. Hamstring Curls on Stability Ball – 3 sets of 15 reps
Training Tips:
Focus on slow, controlled movements to improve balance and flexibility. Prioritize form over speed, especially during handstands and leg lifts to",38719,0.02037842105263158
likupang,52700000,1700000,10800,1266,939,2023-10-27 14:04:48+00:00,本視頻揭示了中國前總理#李克強去世 不尋常的逝世消息。年僅68歲的#李克強 於今年退休不久後便因心臟病突發而去世，令人感到震驚。通常，中共高層官員享有高水平的醫療保障，例如隨時隨地的醫療小組陪伴，因此心臟病對他們來說不應該是致命的威脅。以往類似重要人物的逝世消息，通常由新華社首先報導，然而這次的消息卻顯得匆忙，並由多家新聞平台同時發佈，顯示出消息的異常與可能存在的中共內部權力鬥爭的影子。這一不尋常的事件勾勒出中共高層的醫療保障與政治格局的微妙變化，為觀眾展示了一幕幕背後不為人知的故事。#王志安 #王局拍案,13005,0.00765
likupang,52700000,665900,23500,375,435,2026-02-08 01:52:42+00:00,Trần đạo minh nhân vật lưu bang #hansotranhhung #luubang ##xuhuong #trending,24310,0.03650698303048506
likupang,52700000,8200000,762400,2099,7007,2025-07-21 15:54:30+00:00,"The legendary One-Inch Punch ☠️🔥 #karatekidlegends #karatekid #thekaratekid #lifong #li #victorlipani #victor #conorday #conor #fakeall #fakescene #fakesituation #karatekidedit 

Karate Kid: Legends - © 2025 CTMG. All rights reserved.",771506,0.0940860975609756
likupang,52700000,27100,2772,0,293,2021-11-13 05:52:58+00:00,#Likupang_torang #xyzbca #fypシ #brndatiktok,3065,0.11309963099630996
likupang,52700000,1241,57,3,11,2025-07-10 04:44:59+00:00,"adem ayem urip ning ndeso
#butuhkaliangkrik",71,0.057211925866236905
likupang,52700000,1113,53,2,11,2025-07-17 01:02:25+00:00,"Alkhamdulilah tiap hari kamis cerah, weekend full mendung
#gunungsumbing",66,0.05929919137466307
likupang,52700000,252,4,2,0,2026-05-26 06:50:56+00:00,"🙅‍♂️Msiwauzie/kuwatangazia uzuri wa kuta na sakafu, wauzieni/watangazieni hisia za matokeo ya kuishi kwenye nyumba zenu.

Na hizi chini ndio matokeo au mahitaji mawili makubwa always huwa wanayaangalia pindi wanapokuja kupangisha,

1.✅UTULIVU WA MAISHA YA KILA SIKU WATAKAO UPATA PINDI WATAKAPOKUJA KUPANGA.

Watangazieni kuwa;

“Nyumba zenu zimefungwa mifumo ya ulinzi automatic ya kisasa ya usalama inayowalinda masaa 24/7 bila wao kuhangaika wakiwa nyumbani, kazini au hata wakiwa safarini.

2.✅CONVENIENCE/URAHISI WATAKAO UPATA PINDI WATAKAPOKUJA KUPANGISHA

watangazieni kuwa;

“Kwenye nyumba zenu mna mfumo wa geti unaowapa uhakika wa usalama wanapoingia na kutoka, hivyo hawana haja ya kushuka kwenye gari usiku au kwenye mvua.

🙏Na good news ni kwamba, hayo mahitaji yao makubwa yote ya wapangaji wenu sisi @smatek_solution tunayatoa kwa ufanisi wa hali ya juu,

Karibuni tuwafungie “fensi ya umeme” kuhakikisha utulivu wa maisha ya wapangaji wenu, na…

kuwafungia  Gatemotar ili kuwapa convenience/urahisi wanapoingia na kutoka getini

Call/whatsapp us; 0675 744 022
.
.
.
.
.
#electricfencetanzania #electricfence #realestate #gatemotartz #realestateagent",6,0.023809523809523808
likupang,52700000,508000,44400,471,1981,2026-03-17 15:14:32+00:00,"""But they are just allegations"" allegations that 2 of the companies HAVEN'T adress, the company didn't take legal actions against ""fake rumors"" to protect the debut of their groups? Weird, the company would have taken legal actions if it was fake. There is not a single proof that they are innocents but a lot of proof of what they did, I would rather belived a possible liar than a possible grapist and yall ignored because ""they ate"" ""they are hot"" THERE ARE A LOT OF BG TO STANNNNN, yall defend these guys and they debut like a month ago #fyp #viral #dailydirection #boysplanet #idid",46852,0.09222834645669291
likupang,52700000,10200,283,7,19,2025-10-26 08:18:30+00:00,Setia samua lehh😇🙏🏻 #katakata #anaktambang #likupang #tokatindunggoldmineproject #fypviralシ,309,0.030294117647058822
likupang,52700000,6060,163,1,31,2025-04-18 05:07:19+00:00,Likupang Timur 🔥#likupangtorang🔥 #likupang #fyppppppppppppppppppppppp #fypp #fypppppppppppppp #manado,195,0.03217821782178218
likupang,52700000,285,39,3,24,2026-04-16 14:03:17+00:00,#likupangtorang🔥 #fypシ゚ #fypjo #likupangtimur,66,0.23157894736842105
likupang,52700000,67400,3163,123,191,2024-05-12 10:11:54+00:00,#manadopunya #manado #likupangtorang🔥 #oranglikupang #manadotiktok ser likupang,3477,0.05158753709198813
likupang,52700000,329,48,1,0,2026-01-30 22:57:29+00:00,modeAnak pulau #CapCut #fypage #likupangtimur #Desaehe,49,0.14893617021276595
likupang,52700000,9652,99,7,6,2025-05-23 11:17:05+00:00,Munte Likupang #minahasautara #masukberanda #tiktoksulut #fyppppppppppppppppppppppp #kotamobagu #bolmong #minahasa #manado,112,0.011603812681309573
likupang,52700000,6985,140,10,14,2026-05-13 07:31:48+00:00,"rekomendasi pantai wisata area likupang di pantai pulisan gays🙏
owner PARIS LUMANGKIBE 
#semuaorang #sorotan #jangkauanluas #fyp #tiktoklive",164,0.023478883321403007
likupang,52700000,564,19,2,0,2026-05-10 17:10:39+00:00,😊😉😘 #foryoupage #pantaipall #likupang #exploresulut,21,0.03723404255319149
likupang,52700000,1200000,79700,506,1919,2024-05-11 02:03:23+00:00,cuma lia2 jo so bahagia 🙃 #CapCut #laportemanteman #infocuaca #fyp #cuaca #manado #indonesia #fyppppppppppppppppppppppp #laporpemirsa #infocuacahariini #paradisehotelgolfandresort #paradise,82125,0.0684375
likupang,52700000,9838,203,18,10,2026-02-19 11:30:47+00:00,Masih seputaran Likupang. Kali ini torang lia Kampung Ambong. #likupang #minut #minahasautara,231,0.02348038219150234
likupang,52700000,1145,51,5,1,2026-03-12 11:01:13+00:00,"📍Desa Batu, Likupang Selatan, Minahasa utara
#motovlog #fyptiktokviral #fypシ゚viral #fyppppppppppppppppppppppp #jalanjalan",57,0.04978165938864629
likupang,52700000,1405,43,4,8,2026-05-09 13:44:11+00:00,"Hidden gems,,

loc : Pantai Canada, Likupang Timur",55,0.03914590747330961
likupang,52700000,120300,3253,53,256,2025-10-22 18:38:06+00:00,#kitana #liukang #moryalkombat #satinevictoria,3562,0.029609310058187864
likupang,52700000,275500,7053,62,51,2022-09-26 14:42:30+00:00,"Dirly pulang kampung di Kokoleh, Likupang Selatan, Minahasa Utara. #dirly #idol #bitung",7166,0.026010889292196006
likupang,52700000,10900,49,1,78,2023-10-26 09:53:53+00:00,"Marijoo gyss torang ke PANTAI KENJIRON 😍
Lokasi di Desa Rinondoran/Rondor
Kec . Likupang Timur , Minahasa Utara ..

Pantai Khenjiro pantai pribadi (Mksd, tanah dan properti milik pribadi) hanya menerima tamu reservasi, jika tidak ada reservasi, pantai khenjiro tutup, Mohon maaf 🙏🏻

Langsung joo gass nyausah pake rem 🤭😅

Bisa Reservasi untuk :: 
party , meeting , selfie² , nongki² manja dan mandi² 😁
yang mo tanya² :: 
hubungi di nomor Team Khenjiro Beach +6281244477733",128,0.011743119266055046
likupang,52700000,16200,1038,30,18,2025-02-24 04:09:03+00:00,Morning view #pantaikinunanglikupang,1086,0.06703703703703703
likupang,52700000,240700,19800,77,1079,2023-11-12 18:34:59+00:00,🙏😜 #storymanado🤙🔥 #manadosadap #likupang_torang #xyzbca #iyan #fypシ゚viral #fouryoupage,20956,0.08706273369339426
likupang,52700000,328,37,6,0,2025-07-26 01:13:10+00:00,"เธอมันเจ้าชู้ 🥺😔 #เธอมันเจ้าชู้เธอมันหลายใจ🥺 เธอมันหลายใจ🖤 #เธอบอกใครต่อใครว่ารัก 
#lukpa #ฟีฟายที่รัก",43,0.13109756097560976
likupang,52700000,3500000,406200,5183,23700,2022-12-06 02:08:35+00:00,angel mencoba untuk estetik:v #gagal #CapCut #foryoupage #foryou #fyp #meme #manado #manadopunya #likupang,435083,0.12430942857142857
likupang,52700000,107700,1500,102,303,2025-03-20 06:57:49+00:00,"Kejari Minut Resmi Tetapkan Tersangka Hukum Tua Desa Paputungan Terkait Pengelolaan Keuangan Desa

Manadosulutnews.comMINUT--Kejaksaan Negeri (Kejari) Minahasa Utara, resmi menetapkan tersangka Pengelolaan Keuangan Desa pada Desa Paputungan Kecamatan Likupang Barat Tahun Anggaran (TA) 2023, kepada Hukum Tua Desa Paputungan Cherly Tatia bersama Kaur Keuangan Herman Lahope dan Kaur Umum dan Perencanaan Raynold Ambar Djulluan, Kamis (20/3), siang tadi. 

Dimana, bahwa Anggaran Pendapatan dan Belanja Desa Paputungan TA. 2023 sebesar Rp. 1.044.186.682,00.

Peran dari Cherly Tatia selaku Hukum Tua  melakukan proses pencairan keuangan Desa Paputungan TA. 2023 dan telah mengambil kewenangan Harmer Lahope selaku Kaur Keuangan, dengan menyimpan Dana Desa (DD) berupa Dana Pembangunan Fisik langsung dibelanjakan ke Toko dan sisa dana Harian Ongkos Kerja (HOK) serta biaya material yang tidak ada di Toko

Bahwa Harmer Lahope memalsukan tanda tangan pada 8 (delapan) kwitansi, tidak membuat laporan pertanggungjawaban kegiatan dan tidak membuat bukti dukung realisasi anggaran, melakukan permintaan pembayaran kegiatan tanpa Surat Permintaan Pembayaran (SPP) dan tidak melakukan pemotongan pajak dan tidak melakukan penyetoran pajak pertambahan nilai (PPN)

Bahwa Raynold Ambar Djulluan memalsukan nota-nota belanja Desa Paputungan yang bercap SAMUDERA LIKUPANG.

Dengan telah adanya 2 alat bukti yang merujuk dari putusan Mahkamah Konstitusi No. 21/PUU-XII/2014 sebagaimana termuat dalam pasal 184 KUHAP yang telah di periksa sebagai saksi sebanyak 17 (tujuh belas) orang saksi dan Alat bukti ahli yang melakukan penghitungan kerugian keuangan negara, alat bukti ahli yang melakukan penghitungan volume kegiatan fisik dan Laporan Hasil Pemeriksaan Inspektorat Kabupaten Minahasa Utara Atas Dugaan Penyimpangan Pengelolaan Keuangan Desa Paputungan Tahun 2023 Nomor : 05/LHP-PDTT/X/2024 tanggal 15 Oktober 2024 sebesar Rp. 257.474.499,00 (dua ratus lima puluh tujuh juta empat ratus tujuh puluh empat ribu empat ratus Sembilan puluh Sembilan rupiah).

Setelah memperoleh bukti yang cukup, Kejaksaan Negeri Minahasa Utara telah melakukan penetapan tersangka pada tanggal 20 Maret 2025 dan melakukan penahanan pada hari ini tanggal 20 Maret 2025 selama 20 (dua puluh) hari kedepan. Penahanan ini dilakukan guna memastikan proses hukum berjalan dengan lancar dan untuk mencegah tersangka melarikan diri atau menghilangkan barang bukti

Perbuatan para Tersangka melanggar Primair Pasal 2 ayat (1) Jo. Pasal 18 Undang-Undang Nomor 31 Tahun 1999 tentang Pemberantasan Tindak Pidana Korupsi sebagaimana diubah dengan Undang-Undang Nomor 20 Tahun 2001 tentang Perubahan atas Undang-Undang Nomor 31 Tahun 1999 tentang Pemberantasan Tindak Pidana Korupsi Jo. Pasal 55 ayat (1) ke-1 KUHP Subsidair Pasal 3 Jo. Pasal 18 Undang-Undang Nomor 31 Tahun 1999 tentang Pemberantasan Tindak Pidana Korupsi sebagaimana diubah dengan Undang-Undang Nomor 20 Tahun 2001 tentang Perubahan atas Undang-Undang Nomor 31 Tahun 1999 tentang Pemberantasan Tindak Pidana Korupsi Jo. Pasal 55 ayat (1) ke-1 KUHP. 

Saat dikonfirmasi, Kejari Minut  I Gede Widhartama SH MH mengatakan, penahan ketiga orang oknum desa tersebut telah beradasarkan proses penyidikan. 

""Dan tim penyidik berkesimpulan terhadap ketiga tersangka, ditemukan bukti yang cukup atas dugaan pasal yg disangkakan,"" jelasnya. 

Kepala Kejaksaan menegaskan, hal tersebut merupakan wujud komitmen pihaknya untuk tetap profesional dalam menuntaskan pemberantasan korupsi dalam segala aspek. 

""Kami juga menghimbau kepada seluruh pihak untuk tidak percaya apabila ada oknum-oknum yang mengaku bisa membantu proses penegakan hukum di kejaksaan dan kami tetap berkomitmen untuk berintegritas memberantas korupsi khususnya di bumi tonsea yang sama-sama kita cintai ini,"" tandasnya. 

Penulis :( Yeremia/**)",1905,0.017688022284122563
likupang,52700000,8341,87,5,30,2024-05-01 13:54:10+00:00,Ber’abu2🌫️,122,0.014626543579906486
likupang,52700000,196900,27500,581,5585,2025-07-26 08:23:44+00:00,Bgmn kwa matahari so 3 di Manado #manado #manadopunya #fyp #omlikupang,33666,0.1709801929913662
likupang,52700000,277000,5194,46,151,2026-04-30 16:06:18+00:00,"This is a Feng Shui compass (Luopan), which was used as a prop in the movie Candle in the Tomb (Gui Chui Deng)，It is made of 925 sterling silver and weighs approximately 110g.#magic #pendant #chinese #mysticism#freemasons",5391,0.019462093862815884
likupang,52700000,8578,586,38,61,2026-05-27 19:38:30+00:00,might delete later 🥰#fypシ #xybca,685,0.07985544415947773
likupang,52700000,36100,2792,18,442,2026-05-04 08:22:28+00:00,"Eps 7 | anak rantau explore NTT. Salah satu Spot buat liat sunset yang bagus di kota kupang! ☀️🕶️
Akses jalan masuk nya gampang kok, cuma jaga kebersihanya aja yang sulit 🙏🏼

#nntpride🏝️🔥 #ntt #kupang #fyppppppppppppppppppppppp",3252,0.09008310249307479
likupang,52700000,220500,14800,60,2690,2026-05-02 13:27:08+00:00,"Salah satu spot sunset watching di Kupang 🌅🌊🚢

Betah duduk lama disini sambil lihat berbagai macam kapal lewat, dengerin musik, lihat orang orang tangkap ikan, terus ditutup sama sunset Kupang yang nggak pernah gagal 🧡✨
Pelayanannya oke, makanannya masih affordable, tapi rasa makanannya perlu di-upgrade lagi sih biar makin mantap.

📍 Tebing Cafe & Bar, Alak, Kupang

#sunsetview #NTTpride #tebingcafe #rekomendasikupang #explorekupang",17550,0.07959183673469387
likupang,52700000,52100,1357,25,103,2025-09-30 10:20:43+00:00,"#SMP5
#KupangNTT",1485,0.028502879078694816
likupang,52700000,522700,19600,270,652,2026-03-19 03:47:42+00:00,"Đoạn này rất hay nhưng mình không hiểu hết được ý nghĩa ẩn dụ trong đó. cầm đuốc và nhảy cùng đó có ý nghĩa gì nhỉ, anh em khai sáng giúp tôi
#lưubang",20522,0.03926152668834896
likupang,52700000,78200,1968,141,310,2026-05-08 06:12:08+00:00,#lagulampung #pantailampung #pantaipugung #pesisirbarat,2419,0.030933503836317135
likupang,52700000,2315,93,14,30,2026-03-01 03:43:41+00:00,@Jevend Laamor,137,0.0591792656587473
likupang,52700000,1580,91,9,8,2025-07-31 22:58:11+00:00,suasana pagi pedesaan,108,0.06835443037974684
likupang,52700000,40000,1105,64,8,2026-02-14 22:13:07+00:00,#tiktoklive #livehighlights,1177,0.029425
likupang,52700000,6837,658,29,8,2026-05-27 09:46:22+00:00,kekuatan cinta couple kesayang'q gak usah diragukan lagi🥰🥰#tianziyu #leipeng99 #cpreal一战 #sweetcorn #fyppp,695,0.10165277168348691
likupang,52700000,156000,5261,63,124,2026-03-08 00:44:00+00:00,Làm đàn ông phải có khí phách như thế này! 🔥  Dáng vẻ mà đàn ông nên có #đạitầnđếquốc #luubang #hạngvu #hansotranghung,5448,0.034923076923076925
likupang,52700000,482,20,0,0,2025-01-21 14:07:14+00:00,"Edisi papa deng anak👌
semoga terhibur..🙏
#hiburan #manadopride #tiktokviral #kontenhiburan #fyp",20,0.04149377593360996
likupang,52700000,284700,68000,127,2391,2025-11-26 09:41:22+00:00,"ik they're so sick of their boss and i can prove it lmao

#liwang #gangzi #chicheng #guochengyu #revengedlove",70518,0.24769230769230768
likupang,52700000,34500,926,10,17,2026-04-26 13:24:19+00:00,Replying to @ieyna289 alhamdulillah.. Dapat sepasang.. 🤗❤️,953,0.0276231884057971
likupang,52700000,5048,198,13,3,2026-05-12 23:47:03+00:00,Li Fong | Karate Kid: Legends x Money Trees | inspired by @Anatomic #karatekidlegends #karatekidlegendsedit #karatekid #lifong #lifongedit,214,0.04239302694136292
likupang,52700000,34800,771,17,20,2024-09-22 02:54:51+00:00,Mama timur pu mulut piso parang ju kurang tajam #fypシ゚viral #viralkupang #storykupang #kupangpunyadong🔥 #nttpride🏝️🔥,808,0.0232183908045977
likupang,52700000,40600,1750,28,87,2026-03-19 03:27:14+00:00,"Salah satu Menu Hongkong Favoritku,Akar teratainya Krenyes-krenyessss😋.
Cin Lingau Peng/Goreng daging Ayam cincang dan Akar teratai.(tambahkan ikan asin cincang jika suka)
Bahan:Ayam fillet tanpa kulit,Akar teratai dan udang.
Bumbu:Jahe parut 1sdt,2buah Bawang merah,1 sdm Saus tiram,1sdm kecap asin,1sdt Ketumbar bubuk,1sdt Bawang putih bubuk,1sdt Gula pasir,1sdt minyak wijen,1sdm minyak goreng,3sdm tepung maizena/taufen,sedikit Merica bubuk dan 1sdt Kaldu bubuk.
Bentuk adonan seperti dividio,simpan dikulkas selama 30menit lalu goreng.
💡Jangan terlalu lama menyimpan adonan yang sudah jadi didalam kulkas karena adonan bisa mengeras(wui Ngan).
#masukberanda #tkwhongkong #fypdong #fypdong #fypシ゚",1865,0.045935960591133
likupang,52700000,460,8,0,0,2025-04-09 13:56:02+00:00,tight puku lanja,8,0.017391304347826087
likupang,52700000,38900,2015,41,61,2026-05-26 12:58:41+00:00,wheheh pemul🙏 #pelarisiput,2117,0.05442159383033419
likupang,52700000,1996,105,0,4,2026-01-06 04:49:36+00:00,Lupan,109,0.05460921843687375
likupang,52700000,308900,5426,4829,158,2026-01-11 15:28:29+00:00,"Ternyata jasa jastip-nya sudah skala nasional!

#pandjipragiwaksono #Jastip #thefounders #standupcomedyindonesia  #viral",10413,0.03370993849142117
likupang,52700000,338600,3586,34,184,2026-03-27 03:28:37+00:00,Lopunny girl🤎 Would you add me to your party? #gothgirl #cosplay #lopunny,3804,0.011234494979326638
likupang,52700000,249,63,4,0,2026-06-01 01:28:56+00:00,#padahariini,67,0.26907630522088355
likupang,52700000,1120,5,1,2,2026-05-30 11:57:19+00:00,"Trend viral Lu Kenal Veronika Ko
Lagi viral! Lu Kenal Veronika Ko tren terbaru
Semua orang ikut tren Veronika Om Strom
Trend lucu Veronika Ko
Pakai satu foto buat video tren terbaru Facebook
Lagu timur hits 2026 | lagu timur viral
NTT viral | Kupang viral | tiktok viral 2026
Full lirik lagu Lu Kenal Veronika Ko | full lirik | lirik lagu viral
Velocity edit mudah untuk tren Veronika Ko | velocity edit
Tutorial edit CapCut tren yang lagi booming | CapCut | CapCut template | CapCut tutorial
AI dance | AI lipsync | AI video | meta ai
lipsync trend | dance trend | baby trend | Cute AI baby lipsync lagu hits ini
anak Om Strom
official music video | penyanyi asli | marion jola | karaoke
lagu Veronika Ko | trend Veronika Ko
edit viral Indonesia | video edit kekinian
#AlDance #LipsyncTrend  #capcut #capcutpioneer #capcutnow",8,0.007142857142857143
likupang,52700000,3500000,18900,712,5772,2025-08-03 07:19:08+00:00,suasana syahdu,25384,0.0072525714285714285
likupang,52700000,3400000,251900,2735,4331,2025-07-15 16:43:52+00:00,"Li Fong’s martial arts knowledge 😮‍💨🧠 #karatekidlegends #karatekid #thekaratekid #lifong #li #lifongkaratekid #kungfu #boxing #karate #cobrakai #cobrakai🐍 #cobrakaichop 

Karate Kid: Legends - © 2025 CTMG. All rights reserved.
 
Cobra Kai - © 2025 Sony Pictures Television Inc. All rights reserved.
@Karate Kid: Legends",258966,0.0761664705882353
likupang,52700000,379300,91700,435,3065,2026-05-15 11:20:17+00:00,He arrived at the hotel ❤️‍🔥🥹🫶🏻#tianxuning #田栩宁 #fypシ゚ #leipeng99 #cannesfilmfestival,95200,0.25098866332718167
likupang,52700000,9752,192,37,15,2025-12-04 14:27:11+00:00,#dating for room #needsupport,244,0.02502050861361772
likupang,52700000,4900,597,49,4,2026-05-21 06:33:43+00:00,Idk I’m bored. #tianziyu #leipeng99 #revengedlove #leipeng #lp99,650,0.1326530612244898
likupang,52700000,545000,27100,166,852,2026-03-15 11:27:31+00:00,Lưubang nói khi nào lúa chín con sẽ về #háncaoto #luubang hansotranhhunh,28118,0.05159266055045872
likupang,52700000,123100,9080,185,511,2025-10-09 11:41:27+00:00,Li Fong phantom edit | What next? comment. | 4K 60Fps | #lifong #cobrakai #karatekid #karatekidlegends #capcut #.nivvo #nivvoaep #lumix #edit #lifongedit #afterefftcts #ae #aftereffects #aftereffectsproject #phantom #lifongphantom,9776,0.07941510966693745
likupang,52700000,1820,45,1,4,2025-07-23 08:43:47+00:00,"seindah ini jalanan #kampung, dilereng #gunung #sumbing, saat cuaca cerah",50,0.027472527472527472
likupang,52700000,6800000,131600,1603,52000,2026-02-06 02:00:00+00:00,"この「磁石」の歌が、なんと13週間もトップチャートにランクイン🎉
この振り付けも流行らせてくれてありがとう！

This song “Magnet” has amazingly stayed on the top charts for 13 weeks 🎉
Thank you so much for making this choreography go viral too!

京都＆静岡のライブのチケットが始まったよ！
京都は僕の地元公演です＾＾

ぜひお祝いに来てね！
（いつもより申込期間が、短いので、ご注意ください！）

僕らの「磁石」の歌「池袋サンシャイン」で知ってくれた方も
ぜひきてね＾＾

そして、東京ドームシティホールのチケットは
今、一般でも買えるチケットもファンクラブチケットも両方始まっています。
ファンクラブは月額500円だよ！
ぜひ、シロセに生で会いに来てね（^o^）

静岡公演も残り少なくなってきてるよ！

【全国ツアー】
WHITE JAM 東京ドームシティホール
&全国ツアー決定

宮城　1/10 土　ソールドアウト
香川　1/31 土　ソールドアウト
北海道　2/7 土　ソールドアウト
広島　2/14 土　ソールドアウト
福岡　2/28 土　ソールドアウト
大阪　3/21 土　ソールドアウト
愛知　3/28 土　ソールドアウト
静岡　3/29 日　追加公演🎉
京都　5/5 火・祝　追加公演🎉

2026.4.25(土)
東京ドームシティホール
whitejam.jp/sunshine

▪ライブに行く
whitejam.jp/sunshine

▪ファンクラブに入る(iPhone)
https://apps.apple.com/jp/app/white-jam-app-fanclub/id1642286808

▪ファンクラブに入る(アンドロイド)
https://play.google.com/store/apps/details?id=com.crayon.whitejam&hl=ja&pli=1

WHITE JAM 3,000-Person Live Confirmed!!
& Nationwide 8-City Tour
2026 Tour

Miyagi　1/10 (Sat) 　SOLDOUT
Kagawa　1/31 (Sat)　SOLDOUT
Hokkaido　2/7 (Sat)　SOLDOUT
Hiroshima　2/14 (Sat)　SOLDOUT
Fukuoka　2/28 (Sat)　SOLDOUT
Osaka　3/21 (Sat)　SOLDOUT
Aichi　3/28 (Sat)　SOLDOUT
Shizuoka 3/29 (Sun)　🎉New🎉
Kyoto 5/5 (Tue)　🎉New🎉

Grand Finale
Tokyo Dome City Hall (Kanadevia Hall)
2026.4.25(SAT) 

👉 Join the Live
https://whitejam.jp/sunshine

#磁石
#Tattoo
#SHIROSE
#シロセ
#WHITEJAM

＠",185203,0.027235735294117647
likupang,52700000,480,44,2,0,2026-02-28 21:09:12+00:00,"Огромное спасибо всем! ❤️
 #tiktoklive #livehighlights #livegift #yurt #travelwithyou",46,0.09583333333333334
likupang,52700000,5534,179,11,3,2026-02-05 17:51:02+00:00,#tiktoklive #livehighlights kerja Amerika,193,0.034875316226960607
danautoba,7800000000,1154,67,2,4,2026-05-29 10:39:51+00:00,"Siapa yang udah pernah main ke hidden gem ini ? 

Private trip Danau Toba? Dm @wonderland.toba 
#danautoba",73,0.0632582322357019
danautoba,7800000000,57800,1998,10,431,2026-05-28 05:37:12+00:00,Cakep kali berenang view danau Toba #hoteltercantikdanautoba #danautoba #hiddengemdanautoba,2439,0.04219723183391003
danautoba,7800000000,241100,5569,137,150,2026-05-26 01:43:08+00:00,"#danautoba#
#keajaibandunia#
#fyp #viraltiktok",5856,0.02428867689755288
danautoba,7800000000,294400,21900,196,2201,2026-05-31 05:50:00+00:00,"Kalian Harus Cobaian Salah Satu Pantai Di Danau Toba yang Vibes nya Seperti Pantai Laut🍃
-
Privat Trip Danau Toba DM 
#danautoba #danautobasumut #wisatasumut #viral",24297,0.08253057065217391
danautoba,7800000000,2492,212,1,3,2026-05-25 11:45:24+00:00,"ini yang kamu dapatkan ketika kamu luangkan waktu untuk melihat keindahan Danau Toba 🍃🙌

Mau Privat Trip Danau Toba?DM atau chat whatsapp mimin di bio yahhh🫰🫰🫰

#danautoba #tripdanautoba #samosir #losttriplostinparadise #travelling",216,0.08667736757624397
danautoba,7800000000,18300,960,71,47,2026-05-25 05:21:55+00:00,"kapan liburnya 
#danautoba #foryoupage #samosir",1078,0.058907103825136614
danautoba,7800000000,17600,442,25,19,2026-05-25 11:34:57+00:00,"Sudah pernahkah ke sibandang guys?
#wisatataput #tapanuliutara #pulausibandang #danautoba #sejarahbatak @Jonius Taripar Hutabarat JTP",486,0.027613636363636365
danautoba,7800000000,2432,97,2,7,2026-06-01 07:15:34+00:00,"masih ada yang belum ke danau toba 😭🤣

#danautoba #ujungsilalahi 
#silalahi #wisatasumut 
#paropo",106,0.04358552631578947
danautoba,7800000000,1645,125,0,2,2026-06-01 23:20:30+00:00,"2026 belum ke Danau Toba ? Gas langsung booking trip disini ✨😍

Private Trip Danau Toba ? DM 📩

#danautoba #fyp #tiktok #samosir",127,0.07720364741641338
danautoba,7800000000,1475,210,0,6,2026-05-29 04:44:47+00:00,"Libur lah kelen we, danau Toba udah melambai-lambai itu, masak kelen cuekin?""#danautoba #parapatdanautoba #parapat #jalanjalantraveling #danautobasumut",216,0.1464406779661017
danautoba,7800000000,18900,721,37,87,2026-05-31 06:43:09+00:00,Cara baru menjelajahi keindahan Danau Toba ✨😎 #phinisidanautoba #danautobasamosir #pesonaindonesia #mokshapradana #fypシ゚viral,845,0.04470899470899471
danautoba,7800000000,37500,2618,71,175,2026-05-12 03:37:09+00:00,Guide & Documentation booking @TOBATIME | ig:@amiruddinkombih dm or wa 082297530352 #samosir #danautoba #drone,2864,0.07637333333333333
danautoba,7800000000,3165,712,1,3,2026-05-30 01:29:20+00:00,"Holiday's coming! Riding the waves of Lake Toba like there's no tomorrow, start with perfect combination @JETSKI PARAPAT SEADOO and your best Lake Toba hotel @khasparapathotel 💗

#khasparapathotel #fyp #danautoba #jetski #fyppppppppppppppppppppppp",716,0.22622432859399685
danautoba,7800000000,73200,4846,62,442,2026-05-26 12:38:57+00:00,"Ambil lah cuti klennnn weee, pas lagi cantik cantik nya danau Toba ini #danautoba #samosir #fypシ",5350,0.07308743169398907
danautoba,7800000000,474,37,1,0,2026-05-27 13:52:48+00:00,"PULAU SAMOSIR
(DANAU TOBA)
#danautoba #pulausamosir 
#medan #jalanjalan 
#danau",38,0.08016877637130802
danautoba,7800000000,7627,738,2,103,2026-06-01 07:45:12+00:00,"Danau Toba bagian Premium 🤩
-
#danautoba",843,0.11052838599711551
danautoba,7800000000,231800,13800,470,783,2026-05-23 05:54:55+00:00,"😜🤪

#danautoba #liburan #dirumahaja",15053,0.06493960310612597
danautoba,7800000000,2649,231,29,21,2026-06-01 05:24:34+00:00,"jadi kapan main ke Danau Toba, Sumatera Utara, Indonesia? 🇮🇩🤭
#fyp #fypシ #danautoba",281,0.10607776519441299
danautoba,7800000000,2162,77,8,11,2026-06-02 06:28:21+00:00,"Salah satu tempat kemping keluarga yang keren di Kab Karo, tapi ada Danau Toba nya 😁🍃

#danautoba #tongging #camping #tiktokgogempar",96,0.04440333024976873
danautoba,7800000000,7858,1265,5,23,2026-06-02 11:49:34+00:00,"Holbung, Medan — tempat yang mengajar kita untuk berhenti seketika, menikmati angin, dan menghargai keindahan ciptaan Tuhan. ⛰️💙

Terima kasih Medan atas kenangan yang takkan dilupakan. 🇮🇩

#Holbung #MedanTrip #LakeToba #DanauToba #ExploreIndonesia",1293,0.1645456859251718
danautoba,7800000000,125600,6724,283,1091,2026-05-28 01:27:40+00:00,"malah tes endang
#lewatberanda #danautoba #fyp",8098,0.06447452229299364
danautoba,7800000000,5575,380,10,25,2026-06-02 04:19:01+00:00,kapan lagi #cewerxking #fyp #healing #danautoba #foryou,415,0.07443946188340807
danautoba,7800000000,451500,35600,187,2497,2026-05-31 01:51:58+00:00,Sama indahnyaa ✨ #samosir #fyp #danautoba #xybca,38284,0.08479291251384274
danautoba,7800000000,2826,554,7,13,2026-06-01 01:18:50+00:00,#dantob #tobaisland #danautoba,574,0.20311394196744514
danautoba,7800000000,708700,46500,232,3063,2026-05-29 05:47:14+00:00,#danautobasamosir #bataktiktok #danautoba #batak,49795,0.07026245237759278
danautoba,7800000000,332200,24300,195,7295,2026-05-31 13:55:29+00:00,oala kak kak ga naseb kelen lah ke danau toba ini #fyp #danautoba,31790,0.0956953642384106
danautoba,7800000000,99600,7523,74,232,2026-05-25 16:49:42+00:00,Danau toba seindah ini masi milih di rumah aja kalian🤣#danautoba #fyp,7829,0.07860441767068273
danautoba,7800000000,666,57,3,1,2026-05-28 08:35:28+00:00,memang pemandangan danau Toba gak ada obat nya😍#danautoba #tonggingdanautoba #kabupatenkaro #bcaxyz,61,0.0915915915915916
danautoba,7800000000,228500,5949,21,213,2026-05-18 16:31:08+00:00,Danau Toba 😍#danautoba #samosir #fyppppppppppppppppppppppp #xybca,6183,0.027059080962800876
danautoba,7800000000,39400,3448,45,79,2026-05-29 11:56:25+00:00,😭😭#foryoupage #lewatberanda #danautoba #fypage,3572,0.09065989847715736
danautoba,7800000000,339400,36200,78,1478,2026-05-23 08:22:49+00:00,"POV : Menikmati keindahan Danau Toba dari atas Ferry! 🍃✨

📹 IG : pemudaagabut
#danautoba #samosir #wisatasumut #sumut #fyp",37756,0.11124337065409547
danautoba,7800000000,34300,2011,13,379,2026-05-08 01:37:15+00:00,"danau toba seindah ini, tp kamera nya yg krg bagus😭 

#vibesdanautoba #danautoba #keindahanalam #keindahandanautoba #jalanjalankedanautoba",2403,0.07005830903790088
danautoba,7800000000,402100,28600,69,968,2026-05-24 00:58:25+00:00,"see yaa Danau Toba 

#batak #samosir #danautoba",29637,0.07370554588410844
danautoba,7800000000,3800000,269300,1783,33200,2024-12-19 12:53:02+00:00,"Destinasi terbaik di barat Indonesia 😍 siapa yang pengen kesini? 

 #toba #danautoba #samosir #silalahi #sumaterautara",304283,0.08007447368421053
danautoba,7800000000,93200,5725,12,231,2026-04-30 07:48:04+00:00,#vibes #danautoba #lewatberanda #pemandanganalam #fyppppppppppppppppppppppp,5968,0.0640343347639485
danautoba,7800000000,527200,64300,273,3384,2026-05-03 03:52:05+00:00,"Welcome to Lake Toba 🍃

📹 IG : agungasmara_s
#danautoba #wisatasumut #sumut #fyp",67957,0.12890174506828528
danautoba,7800000000,4317,321,9,3,2026-05-07 03:27:38+00:00,"My first flight Antigravity A1 @insta360 official 🚀

#antigravity #AntigravityA1 #insta360 #DanauToba",333,0.07713690062543432
danautoba,7800000000,811100,62300,351,2927,2024-11-23 06:41:53+00:00,Akhirnya sampe di Toba! Cantik banget 😭✨ #danautoba #toba #sumut #samosir,65578,0.08085069658488472
danautoba,7800000000,17600,718,36,52,2026-05-26 18:40:10+00:00,"masyaallah 🥹🥹
#danautoba",806,0.04579545454545455
danautoba,7800000000,13300,498,2,16,2026-05-24 08:46:52+00:00,Horas#danautoba #manortor #sigalegale,516,0.03879699248120301
danautoba,7800000000,312800,37000,123,1757,2026-05-15 11:58:44+00:00,#masukberandafyp #xybca #danautoba #turing #berastagi,38880,0.12429667519181585
danautoba,7800000000,2705,335,31,8,2026-06-02 12:00:45+00:00,#danautoba #samosir,374,0.13826247689463955
danautoba,7800000000,1344,12,0,0,2026-05-15 12:37:23+00:00,"#danautoba 
#medan 
#bukitholbung",12,0.008928571428571428
danautoba,7800000000,316,25,0,0,2026-05-30 15:21:58+00:00,#danautoba,25,0.07911392405063292
danautoba,7800000000,3803,240,62,174,2026-04-08 04:40:00+00:00,"Kapan terakhir kali ke danau toba??
#fyp #danautoba #view #pemandangan #trending",476,0.12516434393899553
danautoba,7800000000,629200,42100,310,3481,2025-06-06 03:37:54+00:00,"coba banyangin di pinggiran danautoba nya nga ada bangunan tersebut 😭😭
ya tuhan HEAVEN✨✨
-
#danautoba #indonesia 

Sewa tenda camping paropo. Whatsapp : 081222840115 -gogo",45891,0.0729354736172918
danautoba,7800000000,1500000,132000,748,9239,2025-08-07 10:51:43+00:00,Danau Toba! Kamu cantik sekali🥹🤍 @pariwisatasumatera @Pesona Indonesia #toba #danautoba #medan #explorsamosir #samosir,141987,0.094658
danautoba,7800000000,3400000,183300,1274,27100,2025-11-02 03:40:08+00:00,"Au + Ho= danau toba, pultak ma pemandangan I 🤣 #danautoba #liketoba #samosir #sibeabea #bataktiktok",211674,0.06225705882352941
danautoba,7800000000,259,19,1,1,2026-06-02 13:16:40+00:00,🤣#icca12 #iccasitanggang #healing #marmutikinggiringgir #danautoba,21,0.08108108108108109
danautoba,7800000000,2508,52,2,0,2026-05-28 05:35:15+00:00,"Lake Toba is a breathtaking volcanic lake surrounded by green hills and peaceful villages.
Its crystal clear water and cool mountain air create a calm and magical atmosphere.
The beauty of the lake becomes even more enchanting during sunrise, when golden light reflects across the water.
In the heart of the lake lies Samosir Island, a charming island rich in Batak culture and natural beauty.
Lake Toba is a perfect destination for travelers seeking peace, nature, and unforgettable scenery. #danautobasamosir #laketoba #sumatra #indonesia🇮🇩 #danautoba",54,0.0215311004784689
danautoba,7800000000,366,49,4,3,2026-05-29 02:47:11+00:00,#sunset #fyp #danautoba,56,0.15300546448087432
danautoba,7800000000,223,8,5,0,2026-06-01 09:56:45+00:00,"Kerja mulu, sini aku kasih tau ya... ini yang namanya danau toba #danautoba #healing #laketoba #samosir",13,0.05829596412556054
danautoba,7800000000,37700,10100,0,944,2026-05-31 14:12:34+00:00,"I'll be on a boat, you're on a plane.                                                  #danautoba #4u",11044,0.29294429708222813
danautoba,7800000000,564600,31900,185,6016,2026-02-06 01:49:04+00:00,"Kalian suka vibes yang mana? 

Private trip Danau Toba? Dm @wonderland.toba 
#danautoba",38101,0.06748317392844491
danautoba,7800000000,415,35,0,0,2026-05-30 08:33:50+00:00,"Danau Toba Versi İzmir 
#danautoba #turkish #izmir #happiness #denizcanaktaş",35,0.08433734939759036
danautoba,7800000000,36800,6527,11,234,2026-03-31 17:45:29+00:00,beauty cars with beauty spot from the largest lake in Southeast Asia.  #samosir #bmw #danautoba #f30,6772,0.1840217391304348
danautoba,7800000000,1300000,117400,558,9902,2026-03-24 12:05:47+00:00,#danautoba,127860,0.09835384615384615
danautoba,7800000000,234,11,1,0,2026-06-01 05:51:35+00:00,I like the view  #danautoba#fyp,12,0.05128205128205128
danautoba,7800000000,144800,5090,24,1518,2026-05-07 10:28:22+00:00,"Setiap sudut Danau Toba memiliki keindahan yang berbebeda-beda, jadi 5 hari terasa singkat untuk menjelajahi semua tempat yang ada di Video ini! 🍃
-
Private Trip Danau Toba? Silahkan DM atau WA +6281930336617 #danautoba #tripdanautoba",6632,0.04580110497237569
danautoba,7800000000,665,25,1,2,2026-04-20 06:40:29+00:00,"Toba Dream 🚤

#danautoba #sumut #sumutexplorer #fy #fyppppppppppppppppppppppp",28,0.042105263157894736
danautoba,7800000000,74000,2227,41,188,2026-05-07 06:13:54+00:00,Best view🌈 #danautoba #sumaterautara #pesonaindonesia #fypシ #trendingvideo,2456,0.033189189189189186
danautoba,7800000000,17400,2217,33,145,2026-05-30 15:24:52+00:00,JeTski Danau Toba wishlist checked✅ best giler! #medan #samosir #jetskidanautoba #explore #fyp,2395,0.13764367816091955
danautoba,7800000000,179100,16500,43,749,2026-04-21 23:46:56+00:00,#danautoba,17292,0.09654941373534338
danautoba,7800000000,615000,62100,303,9625,2026-04-08 11:20:10+00:00,"Tahun ini kita keliling Danau Toba! 🍃
-
#danautoba",72028,0.11711869918699187
danautoba,7800000000,4406,339,7,13,2026-06-01 04:47:18+00:00,"Danau Toba + Sunset

📹 IG : tholhastampubolon
#danautoba #wisatasumut #sumut #fyp",359,0.08147980027235588
danautoba,7800000000,95000,9005,42,636,2026-03-20 12:18:12+00:00,adem kali vibes nya😍 #fyp #danautoba #parapat  #healing #viral,9683,0.10192631578947368
danautoba,7800000000,1034,44,7,4,2026-05-26 12:14:58+00:00,"Jetski therapy
#danautoba #laketoba #indonesia #vacation #fyp #fypシ",55,0.05319148936170213
danautoba,7800000000,9224,290,2,18,2026-05-29 03:07:13+00:00,Jika beruntung bisa melihat dua view sekeren ini sekaligus. Lucky i am to see this view in the same timeeeee huhu❤️‍🔥❤️‍🔥 #fyppppppppppppppppppppppp #danautobasamosir #samosir #danautoba,310,0.03360797918473547
danautoba,7800000000,326,30,4,0,2026-06-02 11:18:33+00:00,"disudut mana pun selalu indah❤️‍🔥
#fypagee #fypp #batak #fypppppppppppppp#danautoba",34,0.10429447852760736
danautoba,7800000000,100400,2132,54,149,2026-05-25 14:16:45+00:00,Babon lagi🤙🔥#fyppppppppppppppppppppppp #danautoba #fyp #fyu #fyppppppppppppppppppppppp,2335,0.023256972111553784
danautoba,7800000000,6454,204,5,6,2026-04-13 07:07:46+00:00,pesona strike ikan nila danau toba 🤙#pemancing #danautoba #pemancingdanautoba #anglerdanautoba #fyp,215,0.033312674310505115
danautoba,7800000000,10400000,2700000,1301,197100,2026-01-29 14:58:24+00:00,#danautoba #samosirisland,2898401,0.27869240384615385
danautoba,7800000000,12600,330,3,10,2026-05-24 00:50:59+00:00,Danau Toba with u @Rinishands  💖 #danautoba #promomakanharian #fypシ゚,343,0.02722222222222222
danautoba,7800000000,101800,7302,93,601,2026-05-21 09:53:44+00:00,"Aturlah teman😂
#udaradingin
#danautoba #danautobasamosir...",7996,0.07854616895874263
danautoba,7800000000,255100,23400,537,509,2026-05-31 01:37:11+00:00,Danau Toba Full senyum #danautoba #bataktoba #fypb #CapCut,24446,0.09582908663269306
danautoba,7800000000,6767,1108,3,4,2026-05-30 04:42:04+00:00,"Apaa ga pengen ikut nortor bareng sambil nyawer atas kapal lek
#samosir #danautoba #tarian  #manortor #parapat",1115,0.16477020836411999
danautoba,7800000000,10800,1552,9,10,2026-05-26 08:13:49+00:00,Thanks to @kitabertualangmedan Kondisi Danau Toba sedang gacor ketua! #medan #danautoba #bukitcinta,1571,0.14546296296296296
danautoba,7800000000,3652,683,0,1,2026-05-27 12:44:43+00:00,#touring #danautoba #mytripmyadventure,684,0.18729463307776562
danautoba,7800000000,3706,109,4,1,2026-06-01 08:26:55+00:00,"Tepian Danau Toba 🍃

#danautoba #glamping #promomakangajian #camping",114,0.03076092822450081
danautoba,7800000000,12200,406,4,35,2026-05-28 23:50:19+00:00,next time👋🏻#fyppppppppppppppppppppppp #danautoba#4u,445,0.03647540983606557
danautoba,7800000000,115700,6176,96,290,2026-05-21 12:40:39+00:00,#ninja🥷🏿🤣 #danautoba,6562,0.05671564390665514
danautoba,7800000000,207500,24200,137,1116,2026-05-28 14:15:33+00:00,🥶🥶##danautoba #healing #fyp #udaradingin,25453,0.12266506024096385
danautoba,7800000000,500,38,9,33,2026-05-24 17:09:35+00:00,Masakan khas Batak Toba SAKSANG #masakansimple #danautoba #batak #Indonesia #asia @Hertati simangunsong(JMA) @Ranny situmeang(JMA) @ƁṢ̌ã WNI❤️ @Apa X Rupanya_manurung😡🔨JMA,80,0.16
danautoba,7800000000,113300,12300,98,845,2026-05-29 01:52:02+00:00,#fyp #danautoba,13243,0.11688437775816417
danautoba,7800000000,13100,860,42,6,2026-05-29 01:13:02+00:00,"produkk SIMALUNGUN🤩

#simalungun #horas #fyp #danautoba #borusimalungun",908,0.06931297709923664
danautoba,7800000000,750600,16800,286,597,2025-07-17 13:29:39+00:00,"Danau Toba memiliki banyak manfaat, terutama sebagai sumber air, pembangkit listrik tenaga air, destinasi pariwisata, dan area perikanan. Selain itu, danau ini juga berperan dalam menjaga keseimbangan ekosistem dan menjadi bagian penting dari kehidupan masyarakat sekitar. 
#danautoba #danautobasamosir #wisata #toba #destinasiwisata #wisataalam #flora #ekosistem #save #savedanautoba #sumut",17683,0.023558486544098055
danautoba,7800000000,114200,8701,67,552,2025-08-02 02:55:18+00:00,"Welcome to danau toba

Vt/@safarnst_

#berkelanasumut_ #sumut #danautoba",9320,0.08161120840630473
danautoba,7800000000,773600,106400,399,7580,2026-04-09 06:19:20+00:00,#fyp #silelahi #danautoba #medan #fyppppppppppppppppppppppp,114379,0.1478528955532575
danautoba,7800000000,4208,509,46,10,2026-05-27 11:30:22+00:00,danau Toba 🏞️🥰##kamboja🇰🇭##indonesia🇮🇩##cambodia🇰🇭#danautoba,565,0.1342680608365019
danautoba,7800000000,11000,394,4,94,2026-04-25 04:57:47+00:00,Obat sakit hati danau Toba ni 🔥🔥#danautoba #jalanjalan,492,0.04472727272727273
danautoba,7800000000,126800,23800,6,286,2026-04-02 13:03:18+00:00,"Danau Toba pertahankan pesonamu, tunggu aku kembali bersama orang yang ga kalah indah darimu #CapCut #danautoba #parapat #samosir #indonesia🇮🇩",24092,0.19
danautoba,7800000000,7556,2949,3,10,2026-05-29 14:42:33+00:00,99x panggilan sudah terjawab dari danau toba🤩 #CapCut #fyp #brandatiktok #vario #danautoba,2962,0.39200635256749605
danautoba,7800000000,3203,62,2,5,2026-01-06 16:41:47+00:00,"😍
#danautoba #viewdanautoba #danautobasumut #healing #kapanlagi",69,0.021542304089915705
danautoba,7800000000,2700000,293600,1005,12400,2025-05-18 05:16:04+00:00,Bukan sembarang semak belukar #fyp #fypage #fyppppppppppppppppppppppp #fypシ゚ #fypp #fypdong #fyppp #fypシ゚viral🖤tiktok #hiddengemdanautoba #bukitcinta #danautobaviral #dibaliksemakdanautoba #medan #medantiktok #medanviral #medanfyp #medanhits,307005,0.11370555555555556
danautoba,7800000000,407500,46300,94,2172,2026-04-26 04:54:37+00:00,"pagi pagi disuguhin pemandangan secantik ini🤩✨
#danautoba #samosir",48566,0.1191803680981595
danautoba,7800000000,18100,1511,26,178,2026-03-14 19:04:03+00:00,"jgn wancana aja
#danautoba 
#wisatasumut 
#fyp",1715,0.09475138121546961
danautoba,7800000000,528,30,3,2,2026-06-02 11:19:29+00:00,#danautoba #samosir #sumut #batak,35,0.06628787878787878
danautoba,7800000000,2288,32,1,4,2026-05-30 20:57:09+00:00,#fyp #tiktokgo #tiktokviral #trending #danautoba,37,0.016171328671328672
danautoba,7800000000,8794,476,0,16,2026-05-28 01:20:33+00:00,🥶🥶 #danautoba #fyp #4u,492,0.05594723675233113
danautoba,7800000000,696,164,0,19,2026-05-29 03:27:38+00:00,aww#weelcome#danautoba#wisatasumut,183,0.2629310344827586
danautoba,7800000000,53400,6407,85,289,2026-05-10 14:49:55+00:00,"tes tes main wkwkwk
.
.
.
.
.
.
.
.
.
.
.
.
.
.
.
.
#sesipotret #balige #drone #videocinematic #danautoba",6781,0.12698501872659176
danautoba,7800000000,262,20,1,0,2026-06-02 12:53:32+00:00,Nice ☕️#samosir #coffee #danautoba #rocknroll #cafe,21,0.08015267175572519
danautoba,7800000000,2568,244,1,4,2026-05-26 23:00:00+00:00,#danautoba,249,0.0969626168224299
danautoba,7800000000,278,18,0,0,2026-06-02 13:43:44+00:00,masyallahh💙#samosir #danautoba,18,0.06474820143884892
danautoba,7800000000,280,15,2,1,2026-06-02 10:55:43+00:00,Hy danautoba tunggu aku kembali lagi dengan seseorang yg tak kalah indahnya darimu #danautoba #fypage #xbyzca #fypシ゚viral🖤tiktok #fypシ゚,18,0.06428571428571428
danautoba,7800000000,322,12,0,0,2026-06-02 12:51:34+00:00,#danautoba #danautoba,12,0.037267080745341616
danautoba,7800000000,288,32,1,0,2026-06-02 09:13:52+00:00,#danautoba,33,0.11458333333333333
danautoba,7800000000,212,9,0,0,2026-06-02 04:43:49+00:00,#sunset #goldenbrown #danautoba #sunsetvibes,9,0.04245283018867924
danautoba,7800000000,306,18,2,0,2026-06-02 02:35:48+00:00,#danautoba,20,0.06535947712418301
danautoba,7800000000,1149,77,1,0,2026-06-01 05:58:25+00:00,#danautoba #samosir #fypシ,78,0.06788511749347259
danautoba,7800000000,12800,1712,10,11,2026-05-30 18:36:21+00:00,#tripmedan #danautoba,1733,0.135390625
danautoba,7800000000,2638,315,10,10,2026-05-29 14:17:52+00:00,#danautoba #SamosirToBA,335,0.1269901440485216
danautoba,7800000000,1800000,52700,726,18500,2026-01-21 12:01:00+00:00,#ikanmas #danautoba,71926,0.03995888888888889
danautoba,7800000000,8665,211,13,74,2026-01-28 09:30:35+00:00,Tempat nongkrong baru di danautoba#CapCut #danautoba #fyp,298,0.03439122908251587
danautoba,7800000000,254500,26700,136,2506,2026-03-24 06:12:21+00:00,"Danau Toba dari sudut manapun selalu indah 🥹🫶
#danautoba #desameatbalige #fyp",29342,0.11529273084479372
danautoba,7800000000,303300,13000,161,2568,2025-10-25 02:42:05+00:00,Wajib cobain main kesini cuman bayar 5 ribu aja uda dapat view adem dan mandang dantob !! #Fyp #fypage #danautoba #sumaterautara #sipinsur,15729,0.0518595450049456
danautoba,7800000000,641900,69100,337,4904,2025-07-07 15:53:09+00:00,"Salah satu desa ter-indah sekawasan danau toba,ada yang tau dimana,atau sudah pernah kesini? #danautoba #samosir #fyp",74341,0.11581398971802462
danautoba,7800000000,33600,2366,13,72,2026-02-12 01:10:40+00:00,Kecelakaan kapal di#danautoba #fyp #kapal,2451,0.07294642857142856
danautoba,7800000000,258100,6140,150,309,2025-12-30 04:54:08+00:00,"KMP Wira Toba, Kapasitas 250 Penumpang & 40 Unit Mobil
#danautoba #kmpwiratoba",6599,0.025567609453700117
danautoba,7800000000,265900,31700,161,2439,2026-03-09 14:02:40+00:00,#danautoba #berastagi #samosir #udaradingin #fyp,34300,0.128995863106431
danautoba,7800000000,2997,12,1,4,2026-04-17 15:12:50+00:00,"sebuah bangunan di daerah pinggiran danau Toba amblas
#fyp #danautoba 
#bencanaalam",17,0.005672339005672339
danautoba,7800000000,581600,63800,305,3158,2024-11-15 02:05:56+00:00,"View Danau Toba dengan Drone
#toba #danautoba #samosir #holbung #sumut #pesona #drone #cinematic #fyp #viralvideo #wakmron",67263,0.11565165061898212
danautoba,7800000000,51100,3854,37,330,2025-12-11 14:58:10+00:00,"Emang g ada bosan nya memandang keindahan danau toba dri ketinggian ✌️ 

 

#danautoba #wisatasumut #danautobasamosir #fypgakni #lewatberanda",4221,0.0826027397260274
danautoba,7800000000,189900,20100,162,1204,2026-01-11 03:42:09+00:00,#danautoba #lewatberanda #fyp #udaradingin,21466,0.11303844128488678
danautoba,7800000000,6700000,395100,3385,47000,2026-04-24 22:20:40+00:00,"bisa apa bg😭 @ejaaak15

sg ejaak15. 
#danautoba #meme #fyp #toleransiberagama #4u",445485,0.06649029850746269
danautoba,7800000000,34500,3325,24,283,2026-02-01 15:28:17+00:00,danau toba is calling 📞📞 #danautoba #sumut #karo #fyppppppppppppppppppppppp,3632,0.10527536231884058
danautoba,7800000000,2400000,296400,1167,37700,2026-01-20 06:37:05+00:00,#danautoba #samosir,335267,0.13969458333333334
danautoba,7800000000,771000,45500,233,3149,2025-08-12 13:12:16+00:00,"beautiful view😍

#bobocabinpatraparapat #danautoba 
#danautobasumut #fyp",48882,0.06340077821011673
danautoba,7800000000,19600,721,5,35,2026-04-15 03:34:53+00:00,#danautoba #paropo #masukberanda #foryoupage #fypppppppppppppppppppppppppppppp,761,0.0388265306122449
danautoba,7800000000,1991,176,3,3,2026-03-26 08:18:26+00:00,#fyppppppppppppppppppppppp #danautobasamosir #danautoba #danautobasumut #sumut,182,0.09141135107985937
danautoba,7800000000,85600,3390,171,163,2026-02-22 06:19:57+00:00,#sibeabea #danautoba #fpy,3724,0.04350467289719626
danautoba,7800000000,299300,41800,129,1665,2026-03-11 01:44:55+00:00,"aku, kamu + danau toba. cocok bang? #danautoba #trend #fypage #moots?",43594,0.14565319077848313
danautoba,7800000000,9055,188,5,18,2026-03-31 06:38:07+00:00,#danautoba #semuaorng,211,0.023302043070127003
danautoba,7800000000,621,15,0,4,2026-06-02 12:57:13+00:00,masihol au #danautoba #munculberanda #fyp,19,0.030595813204508857
danautoba,7800000000,208,7,0,0,2026-06-02 06:59:44+00:00,"#danautoba 
#aboutyou 
#gamon #fyppppp",7,0.03365384615384615
danautoba,7800000000,216,12,0,0,2026-06-02 13:10:04+00:00,#fyp #foryoupage #samosirisland #danautoba,12,0.05555555555555555
danautoba,7800000000,688,21,9,0,2026-06-01 06:26:28+00:00,"Solo ride again

#roadbike #health #danautoba #adventure #fyp",30,0.0436046511627907
danautoba,7800000000,283,41,0,1,2026-06-02 11:34:46+00:00,#masukberanda #danautoba Indahh kalii dekk😂,42,0.14840989399293286
danautoba,7800000000,353,9,0,0,2026-06-01 22:35:09+00:00,Gemeter tapi seru #meat #danautoba  #takemyhandcloseyoureyes,9,0.025495750708215296
danautoba,7800000000,417,22,5,5,2026-06-02 06:30:36+00:00,"Comel sangat satu family ni bercuti dekat Medan dengan Excapism 💛

Korang yang nak bercuti secara private ke Medan pun boleh contact kami ya!

Private trip available any date. Jadi korang boleh pilih date yang korang available.

Dapat video drone sekali taw! 😄

Contact kami utk book slot korang okie!

#medan #excapism #bukitholbung #danautoba #sipisopiso",32,0.07673860911270983
danautoba,7800000000,1239,38,1,0,2026-06-02 04:09:35+00:00,#danautoba #,39,0.031476997578692496
danautoba,7800000000,6094,108,7,23,2026-05-30 04:17:32+00:00,"beneran gabut berangkat jam 4 sore dari Siantar, jam 5 an sampe sini jam 8 malam pulang😭🙏🏻 

#siantar #danautoba #laketoba #exploredanautoba #simalungun",138,0.022645224811289794
danautoba,7800000000,299200,30800,120,1021,2026-04-29 10:37:35+00:00,masyallah😍✨🫶🏻❤️#danautobaview #fyp #sumut,31941,0.10675467914438502
danautoba,7800000000,138500,16000,411,946,2026-05-02 12:34:53+00:00,"✨💛

#wondersumut #sibeabea 
#danautoba #xybca",17357,0.12532129963898916
danautoba,7800000000,242900,22900,126,2076,2025-09-07 16:56:21+00:00,🍃🍃🍃#pangururan #danautoba #sumaterautara #samosir,25102,0.103342939481268
danautoba,7800000000,1900000,70100,3643,6728,2026-02-13 14:44:12+00:00,"merengut semua, 
#danautobasamosir",80471,0.04235315789473684
danautoba,7800000000,4861,914,0,1,2026-03-22 17:27:53+00:00,ga bosen”ke wisata 🏖️🍃😍#danautoba#fyp#wisata#prapat#viral,915,0.18823287389426044
danautoba,7800000000,9188,334,9,36,2025-10-05 10:11:05+00:00,Holiday🫶🏻 #fyp#fyppppppppppppppppppppppp#danautoba,379,0.041249455811928605
danautoba,7800000000,217,3,0,0,2026-05-17 09:51:07+00:00,pandangan langsung ke danau toba,3,0.013824884792626729
danautoba,7800000000,69200,1511,27,17,2023-08-01 01:27:01+00:00,Membalas @FansRere inilah asal usul danau toba..#fyp #fypシ #misteri #story #danautoba #lagenda #sejarah #ceritarakyat,1555,0.022471098265895953
danautoba,7800000000,562600,23300,384,1233,2024-03-18 04:54:21+00:00,"Udah keren, cantik2 pulak, naik jetski lagi!🔥🔥🔥🔥.#jetskisamosir #danautoba #jetski #samosir #samosirindah #situmurunwaterfall #fyp",24917,0.044289015286171345
danautoba,7800000000,969,18,0,9,2026-05-24 14:44:11+00:00,#creatorsearchinsights #fyp #vibes #desameatdanautoba,27,0.02786377708978328
danautoba,7800000000,3779,117,4,0,2024-09-15 09:43:56+00:00,#samosir #シ゚viral #sepakbola #fyp #tanahlapang #bupaticup #REMGASFC,121,0.032019052659433715
danautoba,7800000000,235,4,0,1,2026-05-17 10:02:50+00:00,iklannya hotim cream,5,0.02127659574468085
danautoba,7800000000,3700000,318000,11800,57200,2026-05-01 20:56:07+00:00,#fyp #danautoba #fyp #fyppppppppppppppppppppppp,387000,0.1045945945945946
danautoba,7800000000,916900,63900,261,1665,2026-04-17 10:23:49+00:00,sampai bertemu lagi toba...#danautoba #fyp #bollywood #koimilgaya #indiasong,65826,0.07179190751445087
danautoba,7800000000,4367,77,1,0,2026-05-29 07:35:10+00:00,✈️🇩🇪🇮🇩|| Edisi pulang kampung 🫶🏻 Terbaik 🙌 #danautoba #samosir  #batak #fyppppppppppppppppppppppp,78,0.017861231967025416
danautoba,7800000000,991300,19800,242,3823,2025-09-02 12:16:48+00:00,"Khas Parapat - Danau Toba
#danautoba 
#parapat 
#lake
#khasparapathotel
#hotel",23865,0.02407444769494603
danautoba,7800000000,437200,10400,69,835,2026-02-11 11:49:17+00:00,Akhirnya trend ini terealisasikan bareng merekaa meskipun masih banyak tempat disamosir yang belum dikunjungi ✨🤍 #samosir #danautoba  terima kasih untuk @JASA DRONE BUKIT CINTA&HOLBUNG cakepp kali memangg #fyp #boruniraja #bukitcinta,11304,0.02585544373284538
danautoba,7800000000,107900,4641,92,1244,2026-05-23 15:38:28+00:00,"jangan mati dulu sebelum main paddle board di danautoba 🙈🙈
-
pemesanan whatsapp : 081222840115 - gogo / DM

#gogocamp #paddleboard #campgogo #danautoba #paroposilalahi",5977,0.05539388322520852
danautoba,7800000000,12100,714,12,4,2026-05-25 03:19:49+00:00,"Enakny jadi anak Samosir, bebas menikmati full Danau Toba ❤️ #danautoba #samosir #fyp",730,0.0603305785123967
danautoba,7800000000,287000,13300,78,1951,2026-01-14 04:10:49+00:00,Gak pernah bosen kalau ke danau Toba ini  #tongging #danautoba #fyp #trending #wisatasumut,15329,0.053411149825783974
danautoba,7800000000,496200,29300,355,3550,2026-05-18 03:52:39+00:00,@B A L ??#fyp #danautoba #samosir #yourpage #sumut,33205,0.06691858121725111
danautoba,7800000000,24500000,3700000,13800,194000,2026-01-21 11:19:59+00:00,"From mountain views to Lake Toba’s endless calm. ✨
If you’ve been here, what moment stayed with you the most?

Cr/ig: jonesdospy18
📍 Lake Toba, North Sumatra - Indonesia
#WonderfulIndonesia #ExploreSamosir #LakeToba #VisitIndonesia #natureindonesia",3907800,0.15950204081632652
danautoba,7800000000,1423,235,0,6,2026-05-05 19:17:15+00:00,#danautoba,241,0.16936050597329586
danautoba,7800000000,44100,329,35,19,2026-05-02 06:24:43+00:00,"uji coba sepeda drone di Danau Toba nih, kayak pake baling-baling bambu ya

#drone #danautoba #sepeda #fyp #viral",383,0.008684807256235827
danautoba,7800000000,128800,9156,48,547,2026-05-17 02:16:17+00:00,Switzerlandnya sumut 😍 Guide & Documentation @TOBATIME | ig:@amiruddinkombih dm or wa 082297530352 #samosir #danautoba #drone,9751,0.07570652173913044
danautoba,7800000000,249700,5217,58,463,2025-10-12 04:50:59+00:00,"Jadi kapan bareng bestie kalian kesini ? 

Private Trip Danau Toba DM @arbiyusril_ 
~ Day One 
~ 2 Day 1 Night 
~ 3 Day 2 Night
~ 4 Day 3 Night
~ 5 Day 4 Night 

Dokumentasi Drone DM 
📞 Whatsapp : +6282276839609 

#privatetrip #danautoba #samosir",5738,0.022979575490588707
danautoba,7800000000,867300,85600,279,4806,2026-01-02 08:08:42+00:00,"Sound khusus Danau Toba sudah ketemu nih….
_

Jom Join direct dengan saya ‼️
Tanpa orang tengah ‼️
_
Info details pakej PRIVATE TRIP
Wasap : +62821 6653 4636

#DanauToba #Medan #PakejMedan #Samosir #TravelTikTok",90685,0.10456012913640032
danautoba,7800000000,3126,258,3,8,2026-05-24 08:33:05+00:00,"Pesona Silalahi Ujung Danau Toba Sumatera Utara Indonesia

📹 IG : thomasgintingsoeka
#silalahi #danautoba #wisatasumut #sumut #fyp",269,0.08605246321177223
danautoba,7800000000,263400,6012,35,542,2026-05-17 01:18:03+00:00,"Manusia ke pajak ikan 🤣 @sel 
#fyppppppppppppppppppppppp #sikam #samosir #danautoba",6589,0.025015186028853456
danautoba,7800000000,260600,17700,167,4143,2026-04-11 04:54:59+00:00,"Nemu kursi dengan view terindah 😍
_
Jom Join direct dengan saya ‼️
Tanpa orang tengah ‼️
_
Info details pakej PRIVATE TRIP
Wasap : +62821 6653 4636

#Danautoba #Pakejmedan #medan #pakejtourmedan",22010,0.08445894090560245
danautoba,7800000000,437600,22400,227,1292,2024-10-28 10:09:37+00:00,"Pesona Samosir, Danau toba 🏔️ #danautoba #samosir #apt #visitsumut #sibeabea",23919,0.05465950639853748
danautoba,7800000000,1832,90,2,0,2026-05-28 23:32:26+00:00,Gak pernah bosan 🥹🫶🏻 #danautoba,92,0.05021834061135371
danautoba,7800000000,198600,8295,217,411,2026-05-25 07:11:09+00:00,"Plis jgn perang dulu, mana belum kawin😭🫣
#pesawattempur #waterfrontcitypangururan #samosir #danautoba",8923,0.044929506545820744
danautoba,7800000000,5068,234,12,23,2026-05-26 14:26:46+00:00,Dalam misi mencari cianku😍 #samosir #danautoba #running,269,0.05307813733228098
danautoba,7800000000,75000,10100,31,808,2026-05-25 03:04:47+00:00,Salah satu perasaan terindab bila sampai ke salah satu lokasi terbaru danau toba bonan dolok #bonandolok,10939,0.14585333333333333
danautoba,7800000000,6875,119,4,11,2026-05-18 09:59:48+00:00,Coba rasakan jalan ini wkwk #danautoba #samosir #traveling #fypp #longsor,134,0.01949090909090909
danautoba,7800000000,238400,3189,79,242,2026-03-28 08:18:19+00:00,#danautoba##pantaisalbe#bananaboat#tigarasdanautoba,3510,0.014723154362416108
danautoba,7800000000,244000,23500,568,550,2026-02-11 11:48:59+00:00,"Gk pernah bosan sama silalahi😩🫶🫶 

#creatorsearchinsights #silalahi #fyppppppppppppppppppppppp #pageforyou_🔥 #danautoba",24618,0.10089344262295082
danautoba,7800000000,18900,1057,43,44,2026-01-07 06:46:49+00:00,#danautoba,1144,0.06052910052910053
danautoba,7800000000,189300,2772,8,424,2026-04-20 13:12:27+00:00,"Banyak kali tempat yg belum d kunjungi
@Sukma SR 𓆤 🫶",3204,0.01692551505546751
danautoba,7800000000,3184,110,3,20,2026-04-06 10:19:47+00:00,my very first time parasailing 🪂 SERU BGT!! omg 🥹❤️ seeing the world’s largest volcanic lake from the sky!🌊 #parasailing #laketoba #danautoba #danautobasamosir #samosir,133,0.0417713567839196
danautoba,7800000000,64200,5048,74,69,2026-05-26 03:20:50+00:00,"Welcome to huta hatubuan 😘🥰
#danautoba #batak #borubatak #fypシ #fyp",5191,0.08085669781931464
danautoba,7800000000,1800000,61700,761,1128,2024-03-12 13:47:35+00:00,"Danau Toba terbentuk dari tiga letusan besar Gunung Toba. Letusan pertama menghasilkan kaldera di sisi selatan, letusan kedua membentuk kaldera di sisi utara, letusan ketiga yang terbesar mengubah Gunung Toba menjadi Danau Toba.

Toba adalah kaldera Kuarter terbesar di bumi dan sebagian diisi oleh Danau Toba, terlihat di sini pada citra satelit Landsat NASA (N ke atas). Kaldera berukuran 35 x 100 km ini terbentuk selama empat letusan besar pembentuk ignimbrite pada zaman Pleistosen, yang terbaru terjadi sekitar 74.000 tahun yang lalu .

lokasi terletak di Provinsi Sumatera Utara, Indonesia. Danau ini merupakan danau terbesar di Indonesia dan Asia Tenggara. Di tengah danau ini terdapat sebuah pulau vulkanik bernama Pulau Samosir.
#danautoba #danau #danautobasamosir #sumatra #supervulcano #vulcanosqd🌋 #vulcano #gunungapi #indonesia #ringoffire #mountain #earth #words #tiktok #geo #geography #geology #geologist #geologi #geologyrocks #fyp #geoxplorasi",63589,0.035327222222222225
danautoba,7800000000,619600,21500,330,2354,2026-03-30 16:39:41+00:00,aku kamu&bukit cinta🏞️@Tannnnnn te #danautoba #pulausamosir #bukitcinta jasadrone@gembirapasaribu0,24184,0.03903163331181407
danautoba,7800000000,795500,47100,483,7302,2026-03-31 16:20:07+00:00,"Desa singkam, salah satu yg tercantik di samosir apalagi sedang di green season

#samosir #danautoba #desasingkam",54885,0.06899434318038969
danautoba,7800000000,25200,2253,62,140,2026-05-27 10:16:55+00:00,Ayo la bang #wacana #trend #danautoba #fypシ,2455,0.09742063492063492
danautoba,7800000000,328500,14400,148,5317,2026-03-26 04:22:38+00:00,"Udah pernah ke sini belummm? Goa nya cantik kali ternyata wee 
#danautoba #wisatabarudanautoba",19865,0.060471841704718414
danautoba,7800000000,80300,9286,35,1015,2026-05-23 06:09:58+00:00,#danautobasamosir,10336,0.1287173100871731
danautoba,7800000000,303,11,0,0,2026-05-29 13:13:53+00:00,dantob🤩 #fyp #danautoba,11,0.036303630363036306
danautoba,7800000000,10400,197,9,17,2026-04-04 12:30:19+00:00,Nggak pernah bosan melintas di jalan ini. #tongging #danautoba #danautobasumut #wisatadanautoba #wisatasumut,223,0.02144230769230769
danautoba,7800000000,30400,2695,3,88,2026-05-13 02:35:40+00:00,seindah itu Danau Toba😍,2786,0.09164473684210526
danautoba,7800000000,1100000,56200,253,8140,2025-11-24 04:45:28+00:00,"Nikmati pengalaman lengkap di Hotel Carolina:
Kolam renang, restoran, spot foto cantik, suasana tenang, dan view terbaik Danau Toba

#laketoba #foryoupageofficiall #fyppppppppppppppppppppppp #carolinacottage #danautobasamosir",64593,0.05872090909090909
danautoba,7800000000,75200,3802,74,832,2026-06-01 14:35:59+00:00,"Pie lek
#fyp #samosir #danautoba",4708,0.06260638297872341
danautoba,7800000000,972200,84200,168,3146,2026-03-13 14:51:21+00:00,Amin paling kenceng #danautoba #lebaran #greenscreen #fypage #samosir,87514,0.09001645751902901
danautoba,7800000000,30200,828,9,78,2026-03-13 22:37:19+00:00,wonderful sumut #CapCut #soundviral #fyp #danautoba #laguviral,915,0.030298013245033114
danautoba,7800000000,4599,400,21,5,2026-05-19 06:04:25+00:00,"Silalahi 🍃

#silalahidanautoba 
#paropo 
#danautoba 
#sumut 
#fyp",426,0.09262883235485975
danautoba,7800000000,3300000,229000,1433,18300,2024-06-21 03:48:22+00:00,Info healing danau toba? #danautoba #samosir,248733,0.07537363636363636
danautoba,7800000000,451500,32800,116,1178,2024-04-13 04:59:49+00:00,#danautoba,34094,0.07551273532668881
danautoba,7800000000,3500000,103100,957,20200,2025-10-16 01:15:40+00:00,"Ada penginapan baru nih di sekitaran danau toba 😍
#fyp #mvilla #tiktokgo #danautoba",124257,0.035502
danautoba,7800000000,941,71,4,3,2026-05-29 09:37:16+00:00,"vibes kapalan di danau toba
#fyp #fypシ #danautoba",78,0.08289054197662062
danautoba,7800000000,273500,11100,218,1406,2026-03-16 10:53:02+00:00,"Ferry penyebrangan udah ready, kalian aja yg belum

Ada yg udah beli tiket?
#wiratoba #ajibata #ambarita #danautoba #CapCut",12724,0.046522851919561244
danautoba,7800000000,641,33,0,0,2026-05-14 10:17:07+00:00,#fyp #danautoba,33,0.0514820592823713
danautoba,7800000000,1200000,84900,414,9945,2026-04-27 13:55:37+00:00,"Jadi kapan kita jetskian di Danau Toba seperti ini? 😄

Private Trip Danau Toba? DM @pemudaagabut_
More information link in bio.",95259,0.0793825
danautoba,7800000000,8674,538,9,19,2026-03-21 16:09:11+00:00,"danau toba😍🍃
#danautoba #fyp #viral #masukberanda #healing",566,0.06525247867189302
danautoba,7800000000,1558,50,20,6,2026-05-29 12:35:27+00:00,"nunggu 1 thn untuk 4 harii🥺🤏🏻
#fypシ゚ #fyppppppppppppppppppppppp #ldr #xyzabc #danautoba",76,0.04878048780487805
danautoba,7800000000,554,48,2,0,2026-05-30 12:04:06+00:00,#foryou #fypage #lewatberanda #danautoba #meat,50,0.09025270758122744
danautoba,7800000000,6080,375,311,59,2026-05-16 07:55:26+00:00,Bantu follow ya guys 🥰#akunbaru #follow #fyp #danautoba #music,745,0.1225328947368421
danautoba,7800000000,1700000,128900,383,10400,2026-01-18 11:36:32+00:00,"aku, kamu + danau toba 
#danautoba #paroposilalahi",139683,0.0821664705882353
danautoba,7800000000,115800,2835,17,162,2026-03-24 16:56:27+00:00,#danautoba #jetski @widirananti,3014,0.026027633851468047
danautoba,7800000000,2100000,190300,695,13100,2026-01-16 14:02:29+00:00,Danau Toba + Lagu Marsada = Candu🍃#samosirisland #danautoba #marsadaband,204095,0.09718809523809524
danautoba,7800000000,2948,89,21,2,2026-02-01 08:32:59+00:00,danau toba #videoviral #fyp #bellapukimawati #bella #danautoba,112,0.037991858887381276
danautoba,7800000000,1367,45,1,5,2026-06-01 04:03:15+00:00,kita kasih jj nya dulu🤪#fyp #foryou #danautoba,51,0.03730797366495977
danautoba,7800000000,58000,347,16,478,2023-12-20 21:29:01+00:00,#fy #fyp #romania #viral #bucurești #guta #nicolaeguta #danaroba,841,0.0145
danautoba,7800000000,1198,39,2,0,2026-05-16 07:33:02+00:00,"can’t be bored of this scenery 😻 
#danautoba #wisatasumaterautara #xybca #foryou #laketoba",41,0.034223706176961605
danautoba,7800000000,28100,4584,8,1107,2026-02-22 12:14:02+00:00,"Udah berkali” kali kesini dan selalu amaze🫶🫶.

#danautoba #tongging #fyp",5699,0.20281138790035588
danautoba,7800000000,84500,5586,17,360,2023-08-22 13:34:04+00:00,#danautoba #medan #fyp,5963,0.0705680473372781
danautoba,7800000000,1020,82,2,0,2026-01-10 16:24:31+00:00,#fypシ゚viral #danautobasamosir #danautoba #tiktok #fypdongggggggg,84,0.08235294117647059
danautoba,7800000000,205500,21500,59,1462,2026-05-18 03:41:41+00:00,#CapCut #danautobasamosir,23021,0.11202433090024332
danautoba,7800000000,4067,626,2,12,2025-04-07 12:06:37+00:00,view jalanan danau toba gak ada obat#danautoba,640,0.1573641504794689
danautoba,7800000000,102700,3747,69,334,2026-05-23 14:06:07+00:00,yang belum kebagian buat video drone pasangan Di persilahkan. #jasadroneholbung #jasadronedanautoba #fyp,4150,0.04040895813047712
danautoba,7800000000,6532,416,15,46,2026-05-24 05:01:17+00:00,#danautoba#xbyzca,477,0.0730251071647275
danautoba,7800000000,37300,1079,32,35,2026-05-28 03:54:35+00:00,"Kondisi Terkini Stadion Teladan Medan 

Vt/@safarnst_

#berkelanasumut_ #danautoba #medan #medantiktok",1146,0.030723860589812333
danautoba,7800000000,429300,21500,278,278,2026-04-23 05:27:28+00:00,"Dalam ma tongon 😂 
.
.
.
#danautoba #CapCut",22056,0.051376659678546474
danautoba,7800000000,27100,840,45,3,2026-05-27 09:47:55+00:00,begitu yah #golonganhitam #indonesia #explore #danautoba,888,0.032767527675276756
danautoba,7800000000,310600,30600,101,1420,2026-02-02 02:03:07+00:00,#pesonaindonesia #danautoba #sipisopiso #sumaterautara,32121,0.10341596909207984
danautoba,7800000000,5600000,158300,3597,4967,2026-04-08 09:46:53+00:00,"kejadian di danau toba, tenggelam nya ikan di danau toba..

#fypシ  #danautoba",166864,0.02979714285714286
danautoba,7800000000,8534,270,1,20,2026-04-03 15:39:27+00:00,Gak tau lagi aku membilang kan nya dek #promomakanharian #danautobasamosir #fyppppppppppppppppppppppp,291,0.03409889852355285
danautoba,7800000000,20200000,1200000,6829,11600,2022-12-09 14:33:04+00:00,"#dramabatak_bersejarah 
#danautoba 
perkenalan suku batak pakek marga bukan pakek nama ☺️👍",1218429,0.06031826732673267
danautoba,7800000000,5515,561,13,25,2026-05-31 13:34:28+00:00,View nya🤩#desasingkam #danautoba #fypシ゚viral #danautobasamosir #lewatberandamu,599,0.1086128739800544
danautoba,7800000000,4563,97,14,13,2026-05-27 04:00:22+00:00,Ayok kaka booking skrng sblm kehabisan🔥🔥#travelkisaran #fyp #privattripdanautoba #kisaranasahan #danautoba,124,0.02717510409818102
danautoba,7800000000,2567,42,4,5,2026-05-26 06:36:06+00:00,#fyp #danautoba,51,0.019867549668874173
danautoba,7800000000,2584,200,4,5,2026-05-29 04:30:47+00:00,"View di Tepian Danau Toba 🍃

📹 IG : ma_gints
#danautoba #samosir #wisatasumut #sumut #fyp",209,0.08088235294117647
danautoba,7800000000,2794,109,4,10,2026-05-28 09:31:09+00:00,#siallagan #samosir #danautoba,123,0.04402290622763064
danautoba,7800000000,579,213,16,1,2026-05-29 14:43:51+00:00,"Selamat malam
#danautoba #fypdanautoba #beranda #xyzbca #pyf",230,0.39723661485319517
danautoba,7800000000,11800,746,8,3,2026-05-31 08:44:46+00:00,#medan #danautoba #holiday #parapat,757,0.06415254237288136
danautoba,7800000000,187800,16600,50,566,2026-05-26 13:36:27+00:00,"see you next time danau toba
#danautoba #wisatasumut #simalungun",17216,0.09167199148029818
danautoba,7800000000,242,24,0,1,2026-06-02 13:41:57+00:00,serpihan surga di danau toba 🍃#fyp #danautoba,25,0.10330578512396695
danautoba,7800000000,3864,532,32,1,2026-05-28 03:29:58+00:00,Danau Toba##kamboja🇰🇭##indonesia🇮🇩##cambodia🇰🇭##danautoba,565,0.1462215320910973
danautoba,7800000000,7546,513,2,3,2026-05-31 00:51:11+00:00,Mang gak obat#danautoba #waterfrontcitypangururan #danautobasamosir #lewatberandamu,518,0.0686456400742115
danautoba,7800000000,707300,46900,436,6409,2026-03-02 15:20:50+00:00,next kemana lagi👋🏻.                       #fyp #danautobasamosir #binahalindahresort,53745,0.07598614449314293
danautoba,7800000000,419800,42100,112,1478,2025-11-02 15:39:32+00:00,"IG @jonesdo

#danautoba 
#samosir 
#laketoba 
#thisissumut 
#fyp",43690,0.10407336827060505
danautoba,7800000000,680600,27200,66,1262,2026-05-07 04:03:45+00:00,#tuktukjetski #sewajetskisamosir #sewajetskidanautoba #jetskiseadoo #danautobasamosir,28528,0.04191595650896268
danautoba,7800000000,1400000,211300,324,8579,2025-11-05 04:55:31+00:00,"IG @barseee👣 

#danautoba 
#samosir 
#laketoba 
#thisissumut 
#fyp",220203,0.15728785714285715
danautoba,7800000000,512,32,1,0,2026-05-30 10:26:49+00:00,"Masya allah, the best view i’ve ever seen 🩷🫶🏼

#fyp #view #medan #danautoba #bukitcinta",33,0.064453125
danautoba,7800000000,62300,3234,32,177,2026-02-08 11:21:45+00:00,Vibes Danau Toba💃🏻🤙🏻 #fyp #foryou #foryoupage,3443,0.05526484751203852
danautoba,7800000000,206800,3085,18,150,2026-01-15 07:23:45+00:00,"Tag dan ajak bestimu bikin trend di Danau Toba 😍

Private Trip Danau Toba ? DM📩

#danautoba #wisatasumut #fypシ゚viral #trend",3253,0.015730174081237912
danautoba,7800000000,469700,9496,115,5289,2026-01-31 10:07:33+00:00,"Lokern sekarang makin cakep woy, padahal harga masuk nya tetap sama cuman 20k 
#danautoba #berastagi",14900,0.031722375984671064
danautoba,7800000000,842,58,0,2,2026-05-31 12:43:16+00:00,"Samosir, here we come⛴⛴

@Surya andriyani 
#danautoba #samosirindah",60,0.07125890736342043
danautoba,7800000000,2000000,194500,583,7053,2025-11-30 11:43:32+00:00,Lagu India juga yang menang! WKWKW 🫵😂 #danautoba #danautobasamosir #omaahi #danausidihoni #laguindia,202136,0.101068
danautoba,7800000000,687,49,9,0,2026-05-17 09:03:13+00:00,#danautoba #SenangKalauKitaBersama,58,0.08442503639010189
danautoba,7800000000,4400000,166700,1806,9524,2025-11-02 02:06:05+00:00,"Siapa yang pengen buat video kaya gini disini ? 😍

Private Trip Danau Toba ? DM 📩

#onethreehill #danautoba #viral #trending #fypシ゚",178030,0.040461363636363636
danautoba,7800000000,839300,36500,315,10000,2025-11-08 10:21:21+00:00,"Danau Toba sudah memanggil, yuk agendakan liburanmu sekarang juga! 🍃
-
Private Trip Danau Toba? DM atau WA +6281930336617 #danautoba",46815,0.05577862504468009
danautoba,7800000000,21700,2753,19,176,2026-03-24 07:24:48+00:00,#dantob #fypp #bantulike #fyp100kviews #danautobasamosir,2948,0.13585253456221197
danautoba,7800000000,11200,624,30,74,2026-04-28 15:17:50+00:00,"yang lagi virall goa didanau toba😍😍   📍danau toba,pantai salbe😍🫶🏻✨🌊 #danautobaview",728,0.065
danautoba,7800000000,287600,7742,40,441,2026-02-05 04:41:38+00:00,"Speedboat Danau Toba Parapat
📲 0821-6549-6411

#speedboatdanautoba #tripdanautoba #khasparapat #parapatdanautoba #watersportdanautoba",8223,0.028591794158553546
danautoba,7800000000,230600,7559,46,1407,2026-02-12 12:11:22+00:00,"An infinity pool, a quiet morning, and the timeless beauty of Lake Toba🌊",9012,0.03908065915004336
danautoba,7800000000,460100,58600,279,6153,2026-01-24 04:53:00+00:00,"Switzerland kah?
#danautoba #medan #sumut",65032,0.1413431862638557
danautoba,7800000000,38000,1277,26,30,2026-05-27 08:41:09+00:00,danauu tobaaaa guyss#creatorsearchinsights #fypシ゚ #trending #danautoba,1333,0.03507894736842105
danautoba,7800000000,9739,317,7,46,2026-05-15 16:18:46+00:00,"Batu Passa Liang Sipogu✨

#Samosir #danautoba #sumaterautara #liburan #pemandanganalam",370,0.03799158024437827
danautoba,7800000000,41900,725,31,64,2026-01-04 08:17:22+00:00,"soundnya candu😍
#danautoba #soundviral #tahunbaru #2026",820,0.019570405727923627
danautoba,7800000000,386,16,0,0,2026-05-30 05:47:51+00:00,#wonderfulindonesia #danautoba #fyp #fyppppppppppppppppppppppp,16,0.04145077720207254
danautoba,7800000000,9350,164,0,264,2026-01-07 12:10:09+00:00,Nah mentahan buat prank temen 😂#fyp #danautoba #hiling #mentahanvideohiling#sounddanautoba,428,0.04577540106951872
danautoba,7800000000,1500000,46900,411,7711,2026-01-10 04:07:19+00:00,"Yakin ga pengen buat video gini ? ☺️🍃

Private Trip Danau Toba ✅
Dokumentasi Drone Danau Toba ✅
Sewa Mobil & Driver ✅

Info / Booking 👇
Whatsapp : +6281375341183

#danautoba #dronedanautoba #fyp #pakejmedan #travelmedan #bukitholbung #samosir #laketoba #tripmedan 

@Nama baruu",55022,0.03668133333333334
danautoba,7800000000,2000000,183900,752,27300,2026-04-06 13:26:05+00:00,"ikutan trend
#trending #danautoba #foryou #fyp #fypシ",211952,0.105976
danautoba,7800000000,58200,1357,52,372,2026-03-21 12:11:14+00:00,menikmati keindahan dari Judita cottage🥰🥰🏖️🌸#sunset #danautoba #liburancheck #danautobaview #fyf,1781,0.030601374570446736
danautoba,7800000000,3500000,237300,638,5748,2026-03-23 14:39:27+00:00,#danautoba,243686,0.06962457142857142
danautoba,7800000000,535600,29200,860,698,2026-03-16 11:33:56+00:00,"#foryourpage #danautobaview 
#fypppppppppppppp",30758,0.05742718446601942
danautoba,7800000000,427200,16500,76,526,2026-04-04 07:36:20+00:00,"huaaaa🤩
#danautoba #fyyyyyyyyyyyyyyyy",17102,0.040032771535580526
danautoba,7800000000,13200,155,0,25,2026-01-28 02:34:47+00:00,#danautoba #holliday #fyp,180,0.013636363636363636
danautoba,7800000000,3090,196,5,17,2026-05-14 01:06:09+00:00,#fyp #meme #danautoba,218,0.07055016181229773
danautoba,7800000000,1300000,76500,411,2420,2026-03-26 00:46:29+00:00,#danautoba,79331,0.06102384615384615
danautoba,7800000000,95900,7839,64,822,2026-03-26 15:36:44+00:00,"💯💯
#danautoba #roadtrip #camp #fyp #wisataindahsippan",8725,0.09098018769551616
danautoba,7800000000,324,23,0,0,2026-05-30 20:58:31+00:00,Info Danau toba #4upage #danautoba #sumut #views #brastagi,23,0.07098765432098765
danautoba,7800000000,33700,4114,113,54,2026-04-26 02:36:20+00:00,When danau Toba with you 😝#danautoba #JJ,4281,0.1270326409495549
danautoba,7800000000,115800,3542,106,178,2026-05-11 03:13:49+00:00,#fyppppppppppppppppppppppp #danautoba #dantob #haranggaolhorisan #simalungun,3826,0.03303972366148532
danautoba,7800000000,42500,4005,38,1602,2026-04-18 18:27:29+00:00,cemana dek?#danautoba #sumut #beranda #fyp #4u,5645,0.1328235294117647
danautoba,7800000000,862500,97000,57,7430,2026-05-24 03:36:37+00:00,#quotestory #katakata #fypシ゚viral🖤video #danautobasamosir,104487,0.12114434782608696
danautoba,7800000000,760900,60600,222,3176,2026-03-25 12:27:43+00:00,#danautoba,63998,0.0841082928111447
danautoba,7800000000,199000,3556,49,133,2026-05-22 10:46:36+00:00,"Memasuki musim angin kencang di Danau Toba 🌪️
#danautoba #anginkencang #tongging #fyp",3738,0.01878391959798995
danautoba,7800000000,268700,22300,648,10500,2026-03-18 16:01:02+00:00,"maap lah dek
#parlay #fyppp #danautoba",33448,0.12448083364346856
danautoba,7800000000,8221,566,22,6,2026-05-31 19:14:09+00:00,"O benerrr, pantesan ngerayain anniversarynya di Danau Toba. Ternyata pernah pacaran sambil berdayung sampan di Danau Toba 😂 #milada7 #valenda7 #milen #indosiar #danautoba",594,0.07225398370027977
danautoba,7800000000,1328,69,3,0,2026-05-26 09:34:28+00:00,"Apa gak galak kali bisa terbang di Danau Toba 🔥

📹 IG : herieljk92
#danautoba #samosir #wisatasumut #sumut #fyp",72,0.05421686746987952
danautoba,7800000000,31000,2278,24,106,2026-04-27 07:55:37+00:00,🚮 #danautoba,2408,0.07767741935483871
danautoba,7800000000,1695,74,3,14,2026-05-21 02:57:25+00:00,Koneng bagian premium ini lek #parapatdanautoba #samosir #danautobasamosir #danautoba,91,0.05368731563421829
danautoba,7800000000,8120,420,64,28,2026-05-29 10:43:10+00:00,😀 #fyp #danautoba #fyppppppppppppppppppppppp,512,0.06305418719211822
danautoba,7800000000,16600,196,12,17,2026-04-23 04:04:23+00:00,finallyy💨                                                  #transitiontiktok #danautoba #xybca #healing #fyppppppppppppppppppppppp,225,0.01355421686746988
danautoba,7800000000,735,232,17,4,2026-05-27 11:44:04+00:00,"Menikmati senja di danau Toba🌴🌴🌴🌄🌅
#danautoba #sunsetlover #kelapa #trend #viraltiktok",253,0.3442176870748299
danautoba,7800000000,80100,1682,44,222,2026-05-28 21:18:21+00:00,Punya ke indahan tersendiri #danautoba #danausiais #danaugayambang#viral#fyppage,1948,0.02431960049937578
danautoba,7800000000,1717,92,0,2,2026-05-29 11:05:06+00:00,"Danau Toba seindah itu dari udara!

#weirdgenius #danautoba #tiktokgogempar #paralayang #sibeabea",94,0.054746651135701804
danautoba,7800000000,64400,4732,73,1470,2026-03-28 07:47:21+00:00,#danautoba #samosir #foryoupage #masukberanda,6275,0.09743788819875776
danautoba,7800000000,163300,5172,78,395,2026-05-31 08:55:51+00:00,"INI LOH WEEEE POKOK KALAPO YANG VIRAL ITU 🤣
View Danau Tobanya cantekk, bukitnya ijo, udaranya adem kali… suasananya tenanggg. Cocoklah buat yang penat2 sama hidup, kerjaan, atau notif pinjol eh 🤣😭

 
💸 HTM : 5ribu/orang📍Desa Meat Balige

Yang udah pernah kesini coba komen dulu pengalaman kelen 🥰👇🏻

JAJAN TEROSSS ENGKOL!Eh… kali ini healing terosss engkooolll 🤣🤣

#DesaMeat #Balige #DanauToba #WisataSumut #healingmurah",5645,0.03456827924066136
danautoba,7800000000,34700,651,58,292,2026-05-22 05:09:40+00:00,🫣🫣🫣💦💦#fyppppppppppppppppppppppp #danautoba #jetski #seadoo,1001,0.028847262247838616
danautoba,7800000000,2808,193,7,0,2026-05-15 09:17:32+00:00,luvv bgt sama danau toba#foryoupage #simalungun #danautoba #views,200,0.07122507122507123
danautoba,7800000000,608,59,2,0,2026-03-25 23:52:30+00:00,"morning di danau toba, view nya bagus banget😍
#parapatdanautoba #danautoba",61,0.10032894736842106
danautoba,7800000000,39600,1474,52,37,2026-03-24 08:28:15+00:00,🤤#mbg #danautoba #silalahi,1563,0.03946969696969697
danautoba,7800000000,4300000,663300,1462,10700,2026-05-24 17:28:29+00:00,Brazilll #dano,675462,0.15708418604651161
danautoba,7800000000,246,23,1,0,2025-09-03 13:59:05+00:00,"Ayo berwisata ke Danau Toba..bersama Kami ""Nikolas Tour Travel""
Kami akan mengajak ke destinasi wisata favorite di Danau Toba. 
""Perjalanan nyaman, Kenangan tak terlupakan""
#turdanautoba #tourdanautoba #traveldanautoba #indahdanautoba #liburandanautoba",24,0.0975609756097561
borobudur,1700000000,28500,288,27,31,2026-06-01 12:30:00+00:00,"Ribuan lampion diterbangkan di langit Candi Borobudur dalam Festival Lampion Perdamaian Waisak 2026, Minggu (31/5/2026).

Sebanyak 2.570 lampion dilepas dalam setiap sesi dan disaksikan sekitar 25.000 pengunjung. Momen ini menjadi simbol harapan, kedamaian, dan doa umat Buddha.

#Okezone #waisak #borobudur #lampion",346,0.012140350877192983
borobudur,1700000000,117700,5864,203,1013,2026-05-31 22:23:19+00:00,"✨ VIRAL! Langit Borobudur kembali dihiasi ribuan lampion saat perayaan Waisak 2026. Momen penuh harapan, doa, dan kedamaian ini sukses membuat netizen terpukau. Siapa yang ingin menyaksikan langsung keindahan lampion Waisak di Borobudur? 🏮🌙
💬 Tulis pendapatmu di kolom komentar!
#HASHTAG
#Waisak2026 #LampionWaisak #Borobudur #Magelang",7080,0.060152931180968566
borobudur,1700000000,10600,367,64,46,2026-05-31 10:49:07+00:00,"Yang terakhir ke Candi Borobudur waktu SMP CUNG 🙌🏻 

#fyp #travel #candiborobudur #jogja #travellife",477,0.045
borobudur,1700000000,1064,40,2,1,2026-06-01 12:44:19+00:00,"A sea of lanterns lighting up the night sky, carrying thousands of wishes, hopes, and prayers into the darkness ✨

One of those rare moments that feels almost unreal — peaceful, magical, and unforgettable.

📍Borobudur, Indonesia

#Borobudur
#Waisak2026
#TravelTok
#IndonesiaTravel
#FYP",43,0.040413533834586464
borobudur,1700000000,35500,5827,65,633,2026-06-01 04:13:31+00:00,"Like a scene straight out of a fairytale ✨🏮
Every Vesak, thousands of lanterns illuminate the night sky above Borobudur Temple in a moment of reflection and peace.

📍Borobudur Temple, Magelang, Central Java
Cr/WonderfulIndonesia

#Vesak #Borobudur #WonderfulIndonesia",6525,0.18380281690140846
borobudur,1700000000,11500,201,5,1,2026-06-02 13:30:00+00:00,"Ribuan umat Buddha Indonesia berkumpul di kompleks Candi Borobudur, Magelang, pada Minggu (2/6) untuk memperingati Hari Tri Suci Waisak 2570 BE, yang mengenang kelahiran, pencerahan, dan wafatnya Gautama Buddha. Rekaman menunjukkan para biksu dan umat berkumpul di candi sejak pagi dan menaruh bunga di depan patung Buddha sebelum upacara utama. 

#metrotv #tiktokmetrotv #beritaviral #fyp #viral #buddha #borobudur #indonesia #umatbuddha",207,0.018
borobudur,1700000000,26200,2244,52,37,2026-06-02 14:51:08+00:00,"MINI VLOG👀 pertama kali liat festival lampion di Candi Borobudur, bener-bener indah banget🥹",2333,0.08904580152671755
borobudur,1700000000,35600,2600,22,78,2026-06-01 11:00:00+00:00,"Biar gak sekadar ikut tren FOMO, ini jawaban logis kenapa Waisak identik dengan lampion dan kenapa pusatnya wajib di Candi Borobudur. Menerbangkan cahaya di malam hari ternyata punya makna mendalam untuk melepas ego negatif manusia demi menyebarkan kedamaian dunia. Pengalaman berharga menikmati sisi edukatif Waisak di #kuliahlapangan #dosentraveler #lampion #borobudur #yogyakarta",2700,0.07584269662921349
borobudur,1700000000,179400,20900,166,2925,2026-05-31 18:19:41+00:00,"Happy Vesak Day 2026 🪷 
#Vesak2026 #Borobudur #DroneShow #Waisak",23991,0.13372909698996654
borobudur,1700000000,400100,81800,260,14000,2026-05-31 13:01:18+00:00,"Pelepasan lampion waisak di candi borobudur ✨
- Paket wisata jogja
- Sewa mobil+driver jogja
- Private trip
#sewamobiljogja #paketwisatajogja #wisatajogja #waisak2026 #candiborobudur",96060,0.24008997750562358
borobudur,1700000000,332300,55700,152,18000,2026-05-31 13:13:52+00:00,"tahun depan janji ya kita liat lampion bareng🥹

#lampionborobudur #lampionwaisak #fyp",73852,0.22224495937405958
borobudur,1700000000,1386,112,1,9,2026-06-02 11:06:57+00:00,the beauty of slowly ticking off your bucket lists 🥹,122,0.08802308802308802
borobudur,1700000000,18500,342,18,83,2026-05-31 08:10:32+00:00,"Save buat kalian yang dateng ke Lampion Borobudur 2026, btw ini video tanun lalu dan keinget masih punya footage akhirnya aku edit dan baru uploud!! Hihihi semoga bermanfaat!

#candiborobudur #waisak #lampionborobudur #magelang #tiktokgogempar",443,0.023945945945945946
borobudur,1700000000,18100,277,7,111,2026-06-01 00:21:01+00:00,"Pelepasan Lampion Waisak di Candi Borobudur 2026 ✨

Tahun ini bisa kesini lagi, semoga tahun besok bisa ikut memeriahkan lagi juga. Sabbe Satta Bhavantu Sukhitatta, Semoga Semua Makhluk Berbahagia 😇

Happy Vesak Day 🪷

#lampionborobudur #lampionwaisak #candiborobudur #waisak2026 #magelang24jam",395,0.021823204419889504
borobudur,1700000000,31500,2753,22,348,2026-05-31 14:03:57+00:00,"Lampion di Candi Borobudur‼️
Siapa nih yang nonton langsung ke sini ?

#harirayawaisak #waisak #borobudur 
#lampion #borobudurtemple",3123,0.09914285714285714
borobudur,1700000000,9312,600,11,111,2026-06-01 14:27:11+00:00,"always have a thing for lanterns — finally made it to experience this lantern festival at Borobudur on Vesak Day 🥹

ada banget terharunyaaaa. it was so pretty and magical 🖤",722,0.07753436426116839
borobudur,1700000000,775700,184200,358,139300,2026-06-01 09:01:48+00:00,Indahnya langit borobudur dengan taburan lampion#lampionborobudur #lampion #waisakborobudur #waisak2026 #borobudur,323858,0.41750418976408404
borobudur,1700000000,556,45,0,1,2026-06-01 09:44:33+00:00,"def gonna be one of my 2026 highlights

the Borobudur lantern festival is something everyone should experience at least once in their lifetime 🏮✨

#borobudurtemple #borobudur #candiborobudur #lanternfestival #vesak",46,0.08273381294964029
borobudur,1700000000,8996,428,5,42,2026-05-31 17:36:59+00:00,"acara 1 tahun sekali yang war tiket nya susah ini kesampean juga akhirnya 🥹 hello wajib banget ini cantik indah banget guys 🌌

#waisakborobudur  #lampionborobudur #waisak2026 #festivallampion #lanternfestival",475,0.05280124499777679
borobudur,1700000000,1058,73,0,2,2026-06-02 08:27:15+00:00,"🔥 Lagi ada Promo 6.6 dari Insta360!

Aku lagi pakai insta360 x5 di borobudur dan sejauh ini bikin proses bikin konten jadi lebih mudah. 😍

Nah kebutul Diskon sampai 30% berlaku 1–14 Juni!

#Insta360 #inst360x5 #borobudur",75,0.07088846880907372
borobudur,1700000000,284500,24300,388,479,2026-06-01 07:28:31+00:00,"Semalam saya menghadiri Dharmasanti Tri Suci Waisak Nasional 2570 B.E. di Kawasan Candi Borobudur, Magelang, Jawa Tengah. Saya mangajak umat Buddha terus menjadi pelopor perdamaian, memperkuat toleransi, dan menjaga persaudaraan lintas agama sebagai fondasi penting pembangunan bangsa.

Nlai-nilai luhur Buddha seperti cinta kasih (metta), kasih sayang (karuna), dan kebijaksanaan (panna) sangat relevan dalam menjawab berbagai tantangan kehidupan yang semakin kompleks seperti saat ini.

🙏🇮🇩",25167,0.08846045694200351
borobudur,1700000000,1200000,116400,319,5170,2026-05-31 13:12:47+00:00,huru-hara mau nonton Festival Lampion Borobudur😭,121889,0.10157416666666666
borobudur,1700000000,29300,3043,32,147,2026-05-31 14:48:06+00:00,"Waisak, 2026. 🪷",3222,0.10996587030716723
borobudur,1700000000,1400000,263100,984,18500,2026-05-31 13:12:49+00:00,A magical view at Borobudur🥹,282584,0.2018457142857143
borobudur,1700000000,12200,689,2,34,2026-05-31 23:14:00+00:00,"Lampion Waisak Borobudur🔮✨

#festivallampion #lanternfestival #waisak #waisakborobudur #candiborobudur",725,0.05942622950819672
borobudur,1700000000,2558,137,0,7,2026-05-31 13:57:55+00:00,"The eyes can’t lie about the beauty of it. Menurut aku 1 tahun sekali harus banget nonton lampion di hari waisak ! 

Super bagus banget ! Dan super worth it (sekali seumur hidup)  

#jogja #borobudur #magelang #waisakborobudur #borobudurtemple",144,0.05629397967161845
borobudur,1700000000,33100,1412,89,21,2026-06-01 05:07:25+00:00,I hope to come to Borobudur again.       I'm very happy   Thank you to everyone who has always encouraged and supported me🙏🏻🙏🏻🙏🏻😇😇😇🥰🥰😋😋🛫🛫🛫,1522,0.04598187311178248
borobudur,1700000000,1204,50,2,4,2026-06-01 03:17:21+00:00,"Last night, thousands of lanterns lit up the sky above Borobudur for the annual Vesak Lantern Festival ✨🏮

Held as part of the Vesak celebrations, this beautiful tradition symbolizes peace, hope, and prayers for the future. Set against the backdrop of the iconic Borobudur Temple, it’s one of the most magical cultural moments to witness in Indonesia 🇮🇩💛

Missed it this year? Add it to your future Indonesia bucket list 👀

Read more for all the info on the link on our bio 👆🏼",56,0.046511627906976744
borobudur,1700000000,49100,4677,94,858,2026-05-31 13:19:06+00:00,Waisak lantern festival #waisak #Indonesia walk for peace #thudong2026 #Bali to Borobudur,5629,0.11464358452138493
borobudur,1700000000,29600,2305,42,158,2026-05-31 15:25:23+00:00,"Definisi magical day yang beneran nyata🪷🪔🌕✨

Mulai dari stay di The Setumbu Experience, sunrise-an di Punthuk Setumbu, ngopi santai di Kopi Mpat, ditutup dinner cantik di Enam Langit by Plataran, sampai liat ribuan lampion menghiasi langit Borobudur. 

Manifesting buat bisa wujudin itinerary ini tahun depan. Save dulu biar nggak lupa🫶🏻",2505,0.08462837837837837
borobudur,1700000000,35700,723,5,42,2026-05-31 13:09:40+00:00,"Puncak perayaan Tri Suci Waisak Nasional 2570 BE/2026 berlangsung khidmat di Candi Borobudur, Magelang, Minggu sore, tepat pada pukul 15.44.44 WIB. Sebelum memasuki momen Detik-detik Waisak, ribuan umat Buddha mengikuti kirab dari Candi Mendut menuju Candi Borobudur dengan membawa Air Berkah, Api Dharma, serta berbagai persembahan suci untuk Sang Buddha.

Perayaan ditandai dengan meditasi bersama yang dipimpin YM Bhante Wongsin Labhiko Mahathera, dilanjutkan blessing oleh Bhikkhu Sangha, renungan Waisak, dan doa bersama. Dalam pesannya, Bhante Wongsin mengajak umat untuk memperkuat persatuan, menjaga kerukunan, serta menumbuhkan sikap saling menghargai dan menolong. Rangkaian Detik-detik Waisak ditutup dengan ritual pradaksina mengelilingi Candi Borobudur sebanyak tiga kali sebagai simbol penghormatan dan refleksi nilai-nilai perdamaian, kasih sayang, dan welas asih.

#waisak #waisak2026 #waisak2570be #walubi #borobudur",770,0.021568627450980392
borobudur,1700000000,9105,272,6,28,2026-04-25 21:09:54+00:00,"The WORLD’S LARGEST Buddhist temple 😮👇🏼

First stop in Indonesia is Yogyakarta to spend the next week exploring temples and active volcanoes - I am sooo excited to see what the island of Java has in store 🫶🏼

Say hello to …

📍 Borobudur Temple, Indonesia 

This is the world’s largest Buddhist temple, surrounded by jungle and such a sight to behold - make sure to PRE-BOOK as you won’t want to miss out on this one 📸

📲 Follow @explorefordays for more South East Asia travel inspo, guides and recommendations as I finish my travels 😚

—————————————————————————————-

indonesia travel, indonesia itinerary, java itinerary, things to do in yogyakarta  

#indonesiatravel #indonesiatrip #javaisland #borobudur #yogyakarta",306,0.03360790774299835
borobudur,1700000000,12800,2559,16,139,2026-06-01 04:20:59+00:00,Borobudur lantern festival 2026✨ #waisak2026 #borobudur,2714,0.21203125
borobudur,1700000000,129200,13000,64,1173,2026-05-31 16:41:44+00:00,"Drone Show #lampionborobudur2026 
#borobudur #magelang #candiborobudur",14237,0.11019349845201239
borobudur,1700000000,120400,10600,51,3369,2026-05-31 05:41:31+00:00,"Siapa yang nanti malam datang ke Candi Borobudur buat nerbangin Lampion?

#candiborobudur #waisak #waisak2026 #lampionborobudur #magelang",14020,0.11644518272425249
borobudur,1700000000,6516,637,2,6,2026-06-01 10:57:29+00:00,Borobudur Temple #droneshow #waisak2026 #lanternfestival #borobudur #fyp,645,0.09898710865561694
borobudur,1700000000,74400,3613,75,632,2026-05-30 15:56:46+00:00,Malam Meditasi/H-1 Waisak di Candi Borobudur Magelang   #waisak #waisak2026 #candiborobudur #borobudurtemple,4320,0.05806451612903226
borobudur,1700000000,1186,85,0,2,2026-05-31 16:47:55+00:00,"31 mei 2026 at Borobudur ❤️❤️ 
#lampionborobudur #vesak2026 #mbmi",87,0.0733558178752108
borobudur,1700000000,963,56,2,5,2026-06-02 09:27:53+00:00,Ini namanya Festival Lampion Borobudur ya kakk🙏🏻,63,0.06542056074766354
borobudur,1700000000,2734,442,13,14,2026-06-02 08:26:01+00:00,mbak token & mas rak sepatu😋 #firstlove #fyp #lampionborobudur #borobudur,469,0.17154352596927577
borobudur,1700000000,7211,386,5,67,2026-06-01 05:10:35+00:00,What a magical night ✨ Akhirnya kesampean juga menyaksikan lampion di Candi Borobudur. Happy Vesak Day to everyone who celebrates 🤍 #transition #transitions,458,0.06351407571765358
borobudur,1700000000,12100,422,20,47,2026-05-28 09:58:04+00:00,"Part 2 (28 Mei 2026) , Perjalanan kaki menuju Candi Borobudur.

Record : @BuddhaZine @Indonesia Walk For Peace 2026 

Indonesia Walk For Peace 2026

#indonesiawalkforpeace2026 
#iwfp2026 
#borobudur 
#waisak",489,0.04041322314049587
borobudur,1700000000,4962,217,12,25,2026-06-01 05:15:00+00:00,CANDI PRAMBANAN: PalASANGAN BOROBUDUR YANG LEBIH TINGGI & GAGAH! Mahakarya Hindu Terbesar 🇮🇩#candiprambanan #MisteriSejarah #faktaunik #sejarahindonesia #fyp,254,0.051189036678758564
borobudur,1700000000,5559,411,1,50,2026-05-31 18:05:06+00:00,Happy Vesak Day from Candi Borobudur🏮,462,0.08310847274689692
borobudur,1700000000,43000,1322,30,68,2026-05-30 16:19:47+00:00,"Suasana H-1 Puncak Waisak 2026 di Candi Borobudur😍✨

📍Borobudur Temple

- Paket wisata jogja dan sekitarnya
- Sewa mobil+ driver jogja
- Private trip
- custom itinerary
- dll
 #wisatajogja #privatetripjogja
#sewamobiljogjamurah #driverjogja",1420,0.03302325581395349
borobudur,1700000000,79500,14700,63,2206,2026-05-31 12:28:43+00:00,"Kapan lagi bisa liat ini😭

#Lampion #lampionborobudur #candiborobudur #fyp",16969,0.21344654088050313
borobudur,1700000000,5450,363,8,90,2026-05-31 13:49:49+00:00,#buddhist☸💫 #buddhism #waisakborobudur #lampionborobudur #vesak2026,461,0.08458715596330275
borobudur,1700000000,3615,189,6,31,2026-05-31 23:39:54+00:00,"happy vesak day 2026

#candiborobudur #vesakday #droneshow #2026 #semuamakhlukberbahagia",226,0.06251728907330567
borobudur,1700000000,287,30,0,5,2026-06-02 10:46:34+00:00,Semuanya harus di cekrek 🫶😛 #borobudur #waisak #jogja #arin,35,0.12195121951219512
borobudur,1700000000,13900,1057,73,112,2026-05-05 06:37:56+00:00,"I didn’t expect this inside the world’s largest Buddhist temple…

Built over 1,200 years ago, Borobudur Temple isn’t just a monument—it’s a journey.

Every step you take follows the same path pilgrims walked centuries ago.
Every wall tells a story carved by hand.

And at the top…
there’s a silence you don’t really understand until you’re there.

It’s not just something you see.
It’s something you feel.

Save this for your next Indonesia trip 🇮🇩
Would you visit this place? 

#borobudur #ind#indonesiaa#travelindonesias#visitindonesiample",1242,0.08935251798561152
borobudur,1700000000,24000,1477,14,91,2026-06-01 03:35:48+00:00,"MERINDINGGGG‼️😱
ribuan drone terbang dilangit candi Borobudur😍‼️ 
#candiborobudur #waisakdiborobudur #waisak #droneshow #drone",1582,0.06591666666666667
borobudur,1700000000,522,42,3,3,2026-06-02 06:05:50+00:00,"one of my bucket list ✅
Borobudur Waisak 2026💗 #lanternfestival #waisakdiborobudur",48,0.09195402298850575
borobudur,1700000000,4822,443,32,16,2026-06-02 00:03:34+00:00,This is one of the wonders of the world at Borobudur  yogyakarta in Indonesia #waisak day #thudong2026 #Indonesia Walk for Peace #Bali to Borobudur,491,0.1018249688925757
borobudur,1700000000,4091,176,0,16,2026-05-31 17:33:42+00:00,"📍Candi Borobudur, 2026

#candiborobudur #jogjakarta #waisak2026 #waisakborobudur",192,0.04693229039354681
borobudur,1700000000,3418,147,1,33,2026-05-31 18:21:14+00:00,"one night at Candi Borobudur
#waisakborobudur #borobudur #waisak2026",181,0.05295494441193681
borobudur,1700000000,389,31,1,0,2026-06-02 01:13:40+00:00,"Festival lampion waisak 2026 .
#festivallampionborobudur #waisakborobudur #vesaksay #borobudur #magelang",32,0.08226221079691516
borobudur,1700000000,1800,74,11,14,2026-03-07 10:57:00+00:00,"🪷BOROBUDUR TEMPLE & PRAMBANAN TEMPLE🪷
#indonesia #borobudur #prambanan #fyp #travelcouple",99,0.055
borobudur,1700000000,12800,2693,3,72,2026-05-31 18:52:16+00:00,"One night, thousands of lights, endless memories ✨🏮
 #borobudur #vesakday #magelang #borobudurtemple",2768,0.21625
borobudur,1700000000,11100,399,12,104,2026-05-31 20:02:35+00:00,"magical moment of festival lampion waisak borobudur, minimal sekali seumur hidup harus kesini🥹 #waisakborobudur #lampionborobudur #lampionwaisak #lanternfestival",515,0.046396396396396394
borobudur,1700000000,727,63,1,3,2026-06-01 12:11:10+00:00,#lanternfestival2026 #vesak2026 #borobudurtemple,67,0.0921595598349381
borobudur,1700000000,128900,10900,37,172,2026-05-31 17:25:50+00:00,Borobudur waisak 2026 ✨ #dikesabrina #dike,11109,0.08618308766485648
borobudur,1700000000,27300,379,17,14,2026-06-01 01:26:14+00:00,"Langit di atas Candi Borobudur dipenuhi cahaya dari ribuan lampion yang dilepaskan peserta Festival Lampion Perdamaian Waisak 2026, Minggu (31/5/2026). 

Momen tersebut menjadi salah satu bagian yang paling dinantikan dalam rangkaian perayaan Waisak Nasional 2570 B.E/2026.

Ada sekitar 2.570 lampion yang diterbangkan, sedangkan pengunjung diperkirakan mencapai 25.000 orang.

🎥: Kompas.com/Intan Maharani

Penulis: Intan Maharani
Kreatif: Jessica Meisya Kurnia
Produser: Yuna Fikry

~J #Waisak #Borobudur #Cut",410,0.015018315018315019
borobudur,1700000000,27200,2668,24,354,2026-05-31 18:31:22+00:00,Drone show borobudur puncak waisak 2026 #waisakborobudur #waisak2026 #borobudur,3046,0.11198529411764706
borobudur,1700000000,8492,518,18,17,2026-06-02 10:01:29+00:00,DAY 3: Melihat lampion yang sangat AMZING bareng @Alodia Tour #lampion #borobudur #yogyakarta #dosentraveler #kuliahlapangan,553,0.06512011304757419
borobudur,1700000000,232700,10000,291,192,2026-05-30 02:06:47+00:00,"#indonesiawalkforpeace2026 
#toleransi 
#borobudur",10483,0.045049419853889126
borobudur,1700000000,586,48,0,1,2026-06-02 06:33:46+00:00,#borobudurlanternfestival #borobudur #fyp,49,0.08361774744027303
borobudur,1700000000,42800,1123,50,165,2025-12-29 01:14:24+00:00,"Borobodur Temple This 1,200-Year-Old Temple Was Lost for Centuries #borobudur #ancienthistory #Indonesia #ancientwonders #historytok",1338,0.031261682242990654
borobudur,1700000000,10000,1446,18,45,2026-06-02 01:36:32+00:00,lantern✨ #waisakborobudur #lantern #lampionborobudur,1509,0.1509
borobudur,1700000000,2894,114,8,2,2026-05-08 05:27:07+00:00,"Peaceful morning in the biggest Buddhist temple in the world✨🌚 highly recommend to take a sunrise tour to enjoy the tranquility and mysterious atmosphere of this place
#borobudurtemple #candiborobudur #yogyakarta #indonesia #travel",124,0.04284727021423635
borobudur,1700000000,28700,446,6,41,2026-05-31 10:52:35+00:00,"Lampion sesi 1 akan diterbangkan pukul 17.30 - 19.30 
Lampion sesi 2 akan di terbangkan pukul 21.30 - 23.00 
Di Marga utama Yard Lumbhini Park Area 

#tiktokgogempar #waisakborobudur #waisak2026 #lampion #candiborobudur",493,0.017177700348432055
borobudur,1700000000,15600,698,40,13,2026-05-28 23:17:40+00:00,"#Repost @buddhazine 
——
Rasa haru dan bahagia tidak hanya menyelimuti para Bhante saat tiba di Candi Borobudur. Kebahagiaan yang sama juga dirasakan para relawan Walk For Peace Bali–Borobudur yang selama berhari-hari setia bekerja dalam senyap, sejak pagi hingga larut malam.

Di balik setiap langkah para Bhante, ada ketulusan para relawan yang menyiapkan kebutuhan perjalanan, menjaga kelancaran acara, dan mendampingi dengan penuh pengabdian. Lelah yang mereka rasakan seakan terbayar lunas ketika melihat rombongan Bhante akhirnya tiba di Borobudur dengan selamat.

Bagi para relawan, momen itu bukan sekadar akhir perjalanan panjang, melainkan buah dari kebersamaan, pengorbanan, dan cinta kasih yang tumbuh sepanjang perjalanan Walk For Peace.
Thankyou Ko @angkimnie 🙏🙏🙏🪷🪷🪷

#IWFP2026 #Waisak2026 #buddhistmonks #fyp",751,0.04814102564102564
borobudur,1700000000,27700,2240,184,177,2026-05-06 06:14:14+00:00,"Things NOT to miss when visiting Yogyakarta 🇮🇩✨

Prambanan Temple — towering, detailed, and full of timeless beauty.
Borobudur Temple — an ancient masterpiece that feels powerful the moment you arrive.
Plaosan Temple — quiet, peaceful, and often overlooked but truly special.
Sunrise at Punthuk Setumbu 🌄 — watching the mist rise over the temples is pure magic.

Yogyakarta is a place where history, culture, and nature all meet in one unforgettable experience ✨

Save this for your next Indonesia trip 🇮🇩

#Yogyakarta #IndonesiaTravel #Borobudur #Prambanan #travelbucketlist",2601,0.09389891696750903
borobudur,1700000000,6928,889,7,127,2026-06-01 09:06:22+00:00,"A little throwback to these magical moments from last year 🪔🏮✨, Happy Vesak Day 🤍",1023,0.14766166281755197
borobudur,1700000000,397200,38400,200,1803,2026-05-28 11:52:07+00:00,"akhirnya hari ini para Bhante Thudong dari berbagai negara telah sampai di candi Borobudur! ada yang ikut menyambut? 

#bhante #waisak #borobudur",40403,0.10171953675730111
borobudur,1700000000,141300,8723,337,535,2026-05-28 23:47:52+00:00,Borobudur with my friends #Indonesia walk for peace#thudong2026 #Bali to Borobudur,9595,0.06790516631280963
borobudur,1700000000,1429,66,5,1,2026-06-01 10:37:49+00:00,"Sebuah kehormatan dan kebanggaan tersendiri bagi YGS Production yang menggunakan all system by HZ Pro bisa menjadi bagian dari Borobudur Peace & Prosperity 2026 ✨️🙏

Di jantung kedamaian dunia, Candi Borobudur, bersama merayakan Waisak dan menerbangkan pesan damai untuk alam semesta 🏮🕊

#waisak #borobudur #magelang #hzpro #audiosystem",72,0.05038488453463961
borobudur,1700000000,146700,40900,141,1480,2026-06-01 06:56:37+00:00,one day nanti kesana😍 #y2kcrew #pestalampion #candiborobudur #fypシ゚viral #fypシ,42521,0.2898500340831629
borobudur,1700000000,352800,28500,208,1864,2026-04-22 07:35:43+00:00,"วัดพุทธที่ใหญ่ที่สุดในโลก ในดินแดนที่คนนับถือศาสนาพุทธไม่ถึง 1% 
“บุโรพุทโธ“ ประเทศอินโดนีเซีย 🇮🇩 

#peemwong #บุโรพุทโธ #borobudur #ประวัติศาสตร์",30572,0.08665532879818594
borobudur,1700000000,23600,1080,33,67,2025-12-10 12:00:08+00:00,"If you’re wondering what to do when you’re in Yogyakarta, visiting the Borobudur Temple was definitely a life changing moment for us, we had so much fun learning about its history!!                                                                                                                                                   #yogyakarta #borobudur #temple #travel #indonesia",1180,0.05
borobudur,1700000000,16200,697,34,225,2025-04-03 23:00:00+00:00,"Exploring Borobudur Temple – Yogyakarta’s Timeless Wonder

Just an hour from Yogyakarta, Borobudur stands as a symbol of Indonesia’s ancient glory. Built in the 9th century, this UNESCO World Heritage Site is made of over 2 million stone blocks, designed in the form of a massive mandala.

Its nine levels represent the spiritual path toward enlightenment. As you walk through the terraces, you’ll pass over 500 serene Buddha statues and thousands of intricate relief panels, each telling stories from Buddhist teachings and ancient life.

Surrounded by lush hills and volcanoes in the distance, the peaceful atmosphere invites reflection and awe. It’s not just a temple—it’s a living journey through art, history, and spiritual wisdom.

#borobudur #yogyakarta #borobudurtemple #unescoheritage #buddhisttemple #ancientarchitecture #travelindonesia #discoverindonesia #exploreindonesia #discoverindo",956,0.05901234567901235
borobudur,1700000000,481400,31200,752,5479,2026-05-12 05:21:46+00:00,"𝐋𝐀𝐍𝐓𝐄𝐑𝐍𝐒 𝐎𝐅 𝐄𝐍𝐋𝐈𝐆𝐇𝐓𝐄𝐍𝐌𝐄𝐍𝐓 🏮✨

Thousands of glowing lanterns rise above the ancient stone stupas of Borobudur during the sacred Waisak Festival — a breathtaking Buddhist celebration honoring peace, enlightenment, and the journey of Buddha. As prayers echo through the night and lights fill the sky, one of the world’s most spiritual spectacles transforms Indonesia’s most iconic temple into a scene that feels almost unreal.

📍 Magelang, Central Java, Indonesia

🇺🇸 Waisak Lantern Festival
🇮🇹 Festival delle Lanterne Waisak
🇪🇸 Festival de Linternas Waisak
🇫🇷 Festival des Lanternes Waisak
🇩🇪 Waisak-Laternenfestival
🇷🇺 Фестиваль фонариков Весак
🇨🇳 卫塞节灯笼节
🇯🇵 ワイサック・ランタンフェスティバル
🇸🇦 مهرجان فوانيس ويساك
🇵🇹 Festival das Lanternas Waisak
🇹🇷 Waisak Fener Festivali
🇵🇱 Festiwal Latarni Waisak
🇰🇷 와이삭 등불 축제
🇳🇱 Waisak Lantaarnfestival

#borobudur  
#festival 
#lantern 
#indonesiatravel 
#buddhist",37431,0.07775446614042376
borobudur,1700000000,6272,167,17,69,2025-07-29 11:31:34+00:00,borobudur #PAYDAYJULI #GOalsCreatorChallenge #Meago #wibiardi #gowinajabarengtiktokgomea #JelajahWiken #GmvMelejitLiburanTerbit #TikTokGoMEA,253,0.040338010204081634
borobudur,1700000000,118800,2236,335,1786,2024-05-28 12:04:32+00:00,"TIPS How to get Waisak tickets in Candi Borobudur. SAVE and SHARE now if you want to join our 2025 trip! I do open trips and provide tickets as well!

Follow me now on Carita Nara!
———-
Mau tau cara dapat tiket ke Borobudur untuk acara Waisak? Yuk intip gimana caranya! Follow me now biar bisa dapet tiket di 2025! 

SAVE for future references!

#waisak #waisak2024 #borobudurtemple #candiborobudur #yogyakartaistimewa #jogjakarta #opentrip #jogjakartaistimewa #lanternfestival",4357,0.03667508417508417
borobudur,1700000000,3200000,505700,876,51500,2025-05-12 13:18:30+00:00,"Vesak at Borobudur 
#waisak #vesak #vesakday #borobudur #lampion #lampionborobudur #festivallampion #fyp",558076,0.17439875
borobudur,1700000000,2462,168,13,8,2026-05-31 18:46:36+00:00,"Drone Show di Candi Borobudur
#waisak 
#waisak2026 
#trisuciwaisak2570 
#droneshowindo 
#candiborobudur",189,0.07676685621445979
borobudur,1700000000,11000,904,19,107,2026-05-14 16:33:27+00:00,"Borobudur was built in the 8th and 9th century during the rule of the Sailendra Dynasty in Central Java, Indonesia. The temple is often associated with King Samaratungga, who is believed to have played an important role in its construction.

The monument was created as a Buddhist temple and spiritual symbol. Its walls contain thousands of stone reliefs that tell stories about human life, karma, suffering, and enlightenment. Hundreds of Buddha statues were placed across the structure, while the highest part of the temple represents spiritual liberation in Buddhist belief.

After centuries, Borobudur was abandoned and slowly covered by volcanic ash and jungle. In 1814, the site was rediscovered during the British administration in Java under Thomas Stamford Raffles. Restoration efforts continued for many years until Borobudur became one of the most important historical monuments in the world.

Today, Borobudur is recognized as a symbol of ancient Javanese civilization and one of the largest Buddhist temples ever built.#temple mple#borobudur#candiborobudur#19201930s#indonesia",1030,0.09363636363636364
borobudur,1700000000,2300000,81400,956,5337,2026-05-11 12:54:00+00:00,"BOROBUDUR KALAH BESAR?? : SITUS ADAN ADAN,
Mahakarya yang Disembunyikan Alam ? 

Candi Borobudur memang megah, tapi bagaimana jika ada mahakarya leluhur yang ukurannya berpotensi jauh lebih besar... namun sengaja disembunyikan oleh amarah alam? 🌋

Selama berabad-abad, sebuah mahakarya purba tertidur lelap di bawah tebalnya abu vulkanik Gunung Kelud. Inilah Situs Adan-Adan di Kediri. Bukan sekadar reruntuhan biasa, pahatan Makara dan Kala raksasa di sini menjadi saksi bisu peradaban tingkat tinggi Nusantara yang tiba-tiba terhenti.

Siapa dalang di balik kemegahan ini? Dan rahasia besar apa yang membuat mahakarya ini ditinggalkan begitu saja sebelum selesai? Mari telusuri jejak kebesaran leluhur yang menolak untuk dilupakan!

Meski begitu , hingga kini para peneliti masih mempelajari terkait ukuran dan nilai sejarahnya,

Situs ini menjadi bukti bahwa sejarah kita sangat luas dan selalu menyisakan ruang untuk penelitian lebih lanjut. Tentu masih banyak kepingan masa lalu yang menunggu untuk disatukan oleh para ahli. 

Tonton sampai habis, dan tulis di kolom komentar: Menurutmu, rahasia apa lagi yang masih tertidur di tanah Kediri? 👇

 Catatan Penting (Disclaimer):
Visual dalam video ini diilustrasikan menggunakan bantuan teknologi AI (Kecerdasan Buatan) untuk menghidupkan alur cerita dan merekonstruksi bayangan kemegahan masa lalu. Gambar-gambar ini adalah ilustrasi sinematik dan bukan dokumentasi lokasi asli Situs Adan-Adan saat ini. 
1 cuplikan dokumentasi asli saat penggalian situs, diambil dari instagram @kawankediri ,
Untuk melihat bentuk asli ekskavasi dan artefaknya, teman-teman dapat merujuk pada publikasi resmi dari instansi arkeologi atau sumber sejarah terpercaya.

bukan merupakan referensi akademik atau sejarah formal. Mari hargai setiap versi cerita sebagai kekayaan warisan leluhur kita. 🇮🇩

📚 SUMBER REFERENSI & LITERATUR SEJARAH:
Video ini disusun berdasarkan data kesejarahan dan hasil ekskavasi arkeologi resmi, dengan rujukan utama:

1. Penelitian Arkeologi Resmi (BRIN/Puslit Arkenas)
Ekskavasi Situs Candi Adan-Adan telah dilakukan sejak tahun 2016 oleh Pusat Penelitian Arkeologi Nasional (Puslit Arkenas)—yang kini berada di bawah Badan Riset dan Inovasi Nasional (BRIN)—dengan ketua tim penelitian, Dra. Sukawati Susetyo, M.Hum.

2. Publikasi Jurnal Ilmiah Berkala Arkeologi
Rujukan detail arsitektur candi didasarkan pada jurnal ilmiah ""Makara of Adan-Adan Temple: the Art Style During the Kaḍiri Period"" yang dipublikasikan dalam Jurnal Berkala Arkeologi (Vol. 40 No. 1, 2020) terbitan Kemdikbud RI.

3. Bukti Material Sejarah (Fakta Lapangan)
Ditemukannya struktur batu andesit berlapis bata merah, Arca Makara raksasa (terbesar di Indonesia saat ini), Arca Dwarapala, dan jejak corak Buddha Mahayana. Situs ini dibuktikan secara geologis terkubur oleh abu vulkanik dahsyat dari erupsi Gunung Kelud di masa lampau.

4. Pengelolaan Cagar Budaya
Data situs dikelola dan didampingi oleh Dinas Pariwisata dan Kebudayaan (Disparbud) Kabupaten Kediri sebagai salah satu cagar budaya peninggalan era Kerajaan Kadiri/Panjalu (Abad ke-11).

Cuplikan dokumentasi asli
📷 kawankediri 👏

#situsadanadan #adanadankediri #kediri #candi #gurah",87693,0.03812739130434783
borobudur,1700000000,14000,323,3,66,2025-02-14 12:25:25+00:00,"Would you visit the largest Buddhist temple in the world? 🛕🌏 

📍Borobudur Temple, Indonesia 🇮🇩 

#travel #traveltiktok #indonesia #placestovisit #temple",392,0.028
borobudur,1700000000,61000,921,30,1078,2024-03-27 03:22:20+00:00,"Authentic Buddhist temple Borobudur 🇮🇩

✍️ DM to chat and suggest interesting places
📹 Subscribe for more travel videos

#indonesia #java #borobudur #jogja #yogya #yogyakarta",2029,0.033262295081967215
borobudur,1700000000,4254,933,43,41,2026-06-01 03:46:07+00:00,"Aku Sangat bersyukur pada Tuhan semesta alam,karna diberikan hadiah yang istimewa dihari ulang tahunku 31 Mei tepatnya di Hari raya Waisak,aku bisa merayakan Ulang tahunku di candi borobudur bersama kawan2ku.
Selamat Hari Raya Waisak dan Selamat Ulang tahun untuk diriku,kiranya Seluruh mahluk didunia berbahagia,
Amiin🙏🤲❤️💙
#selamatharirayawaisak2026 
#HariRayaWaisak2026Candiborobudur 
#waisak2026 
#waisakborobudur",1017,0.2390691114245416
borobudur,1700000000,53200,2247,137,362,2025-07-05 12:32:48+00:00,"pradaksina di pelataran Candi Borobudur dalam rangka Indonesia Tipitaka Chanting dan Asalha Mahapuja 
#borobudurtemple #magelang #candiborobudur #pilgrime #culturalspiritualinclusive #meditation #buddhatemple #pilgrimage #bimasbuddha #dharmayatra #kemenag_ri #kemenag_ri #mantra #buddhism #wisatareligi #lebihdekatmelayaniumat #borobudur #ditjenbimasbuddha #melanglangmagelang #buddhist #legiyogunaviro",2746,0.051616541353383456
borobudur,1700000000,905,32,0,0,2026-05-18 23:51:09+00:00,"Secandu ini menikmati pedesaan magelang bareng keluarga :)

#magelang #viralmagelang #magelangbanget #kotamagelang #desa #perantau #magelang_raya #magelanginfo #sudutmagelang #pedesa #Vwborobudur #vwmagelang #vwsafariborobudur",32,0.03535911602209945
borobudur,1700000000,13200,651,0,64,2024-02-18 00:58:02+00:00,"Isso não faz sentido -Templo de Borobudur, na Indonésia
#borodudur #misterios #teoria #deusesastronautas #civilizacoesantigas",715,0.05416666666666667
borobudur,1700000000,10600,283,4,8,2025-06-01 12:40:48+00:00,Fakta Candi Borobudur ✨#fyp #fakta #unik #random #menarik #borobudur #30detikfakta,295,0.027830188679245284
borobudur,1700000000,725900,18700,369,306,2023-06-04 10:57:23+00:00,"Biksu yang menolak makanan dari warga bukannya sombong tapi sedang dalam perjalanan religi. #MariKitaBahas lebih detail pada video ini. 

Selamat Hari Raya Waisak 2023 untuk saudaraku umat Budha. Semoga selalu diberikan kedamaian dan ketenangan menuju kebahagiaan abadi. 

#nct #biksuthailand #biksujalankaki #candiborobudur #hariwaisak #waisak #oscardarmawan",19375,0.026691004270560682
borobudur,1700000000,6579,61,20,46,2023-02-07 00:00:15+00:00,"Borobudur dimalam hari dilihat dari pelataran

Indahnya Indonesiaku ❤️

#fypシ゚viral #fypシ #borobudur #magelang #jateng",127,0.019303845569235447
borobudur,1700000000,155100,2450,326,367,2026-05-31 09:38:28+00:00,#creatorsearchinsights #borobudur #hariwaisak2026 #borobudurnews,3143,0.02026434558349452
borobudur,1700000000,3387,90,10,14,2026-05-31 12:30:14+00:00,"Pelepasan Lampion di Candi Borobudur untuk merayakan Tri Suci Waisak,,(31/5/2026)#fyp #borobudur #indonesiawalkforpeace2026 #foryoupage #fypviralシ",114,0.03365810451727192
borobudur,1700000000,79200,3674,159,211,2026-05-31 14:28:40+00:00,"Wapres gibran hadiri pelepasan lampion waisak 2026 di borobudur

#gibran",4044,0.05106060606060606
borobudur,1700000000,30600,1420,23,53,2026-05-31 06:19:29+00:00,"Langkah Suci Menuju Puncak Keheningan 🕊️✨

Saat Langit dan Doa Menyatu di Borobudur, kemegahan Candi Borobudur tampak begitu magis di pagi yang berkabut. Momen sakral detak perayaan Tri Suci Waisak, saat barisan para Bhante melangkah khidmat, mendaki satu demi satu undakan batu menuju stupa utama.

⚠️ Drone footage captured with official flight permits

#indonesiawalkforpeace2026 #borobudur #buddha #Waisak2026 #thudong  #wisatamagelang  #toleransiindonesia  #bhinnekatunggalika  #wonderfulindonesia  @_wonderfulljawatengah @DJI Official @dji.indonesia @jawatengah_viral @jawatengah_news @magelangku_ @magelangnews @infoborobudur_  @buddhazine",1496,0.04888888888888889
borobudur,1700000000,7765,365,36,52,2025-07-29 23:59:14+00:00,"Borobudur adalah tempat dimana batu bisa bercerita
#CandiBorobudur  #wisata #sejarah #keajaibandunia",453,0.0583386992916935
borobudur,1700000000,2263,345,5,136,2025-06-13 12:05:43+00:00,nikmati kebersamaan di Candi Borobudur #borobudur#wisatamagelang#magelanghits#magelangviral#magelang24jam#wisatajogja#jogja24jam#fypシ゚viral @triwijiastuti87,486,0.2147591692443659
borobudur,1700000000,2495,401,142,148,2025-08-06 15:48:39+00:00,"Bukan cuma cerita, ini nyata! Yuk ke Borobudur sekarang!
#fyp #mainserudulu",691,0.2769539078156313
borobudur,1700000000,130900,2321,15,994,2026-05-31 02:24:42+00:00,Buat kalian yang bingung kalau mau nginep di kaliurang gas kesini aja 🤩 #jogja #wisatajogja #placetogokaliurang #kaliurangjogja #jogja24jam,3330,0.025439266615737203
borobudur,1700000000,30,4,0,0,2026-06-02 15:22:20+00:00,"Releasing our first lantern! 🏮 

Happy can’t even describe it! I met an amazing group of photographers and has such a great night! So thankful for them!

#indonesia🇮🇩 #solotravel #backpacking #waisakdiborobudur #waisak",4,0.13333333333333333
borobudur,1700000000,380900,40800,205,4617,2026-02-13 11:44:21+00:00,"Where the sun greets the stones. 🌄

Borobudur rises with the morning light — mist drifting through ancient stupas, Mount Merapi standing quietly in the distance, and centuries glowing in gold.

In this corner of Central Java, time doesn’t pass. It lingers. ✨

Cr/IG: ingo.piepers

📍 Borobudur, Central Java
#WonderfulIndonesia #Borobudur #ExploreJava #CulturalHeritage #TravelIndonesia",45622,0.11977421895510633
borobudur,1700000000,734,52,0,1,2026-06-01 09:54:48+00:00,"A night full of wishes, warmth, and the people who matter the most🤍🏮
#borobudur #waisak #lanternfestival #indonesia #exploreindonesia",53,0.07220708446866485
borobudur,1700000000,4863,1481,7,35,2026-06-02 05:39:20+00:00,"tunggu aku kesana langsung yaa🥹😍
#y2kcrew #fypp #pestalampion #borobudur #lewatberanda",1523,0.3131811638906025
borobudur,1700000000,75300,23600,72,597,2026-06-01 05:40:10+00:00,indah banget lampion nya dan day 1 Acep ikut ngonten 🤩#lampoinborobudur#y2kcrew#fypmglng24jam#gsky @acepp_0y @kakaaaa @𝙍𝙨𝙨𝙡𝙡⚡ @sltnmhsa_ @aa ngkass😵‍💫 @Praditya Bobby,24269,0.32229747675962817
borobudur,1700000000,66800,7933,67,490,2026-06-01 07:01:39+00:00,"Menyaksikan ribuan lampion membubung majestik membelah langit Borobudur memancarkan pesona menakjubkan tentang indahnya perdamaian dan toleransi di Indonesia. Momen suci Waisak ini menjadi bukti nyata bahwa perbedaan mampu melebur dalam harmoni yang sejuk, dan saya berkesempatan mengabadikan perjalanan magis ini bersama @Alodia Tour #kuliahlapangan #yogyakarta #borobudur #vesak #dosentraveler",8490,0.12709580838323353
borobudur,1700000000,17400,608,19,107,2026-05-31 09:10:19+00:00,"Prosesi Waisak di candi Borobudur. 31 mei 2026.

#waisak #borobudur #doa #puja #sadhu",734,0.04218390804597701
borobudur,1700000000,86100,2848,414,116,2026-05-28 08:25:43+00:00,"Pasti para Bhante Senang,,terharu campur aduk,,dengan tetesan keringat mereka tiap hari berjalan kaki dari Pulau Bali sampai ke Candi Borobudur,,akhirnya sampai  tujuan,,#indonesiawalkforpeace2026 #thudong2026 #borobudur #fyp #fypviralシ",3378,0.03923344947735192
borobudur,1700000000,6854,720,22,90,2026-06-01 13:42:01+00:00,seru bgttt jujur😭🌻✨ @Arrofi ramadhan @annsekar🌻 #waisakborobudur,832,0.12138896994455792
borobudur,1700000000,366,26,2,1,2026-06-02 01:46:01+00:00,"The beautiful Borobudur temple at sunrise. A stunning masterpiece built around 800. Lost for many years and found under ash from Mt Merapi around 1815! 

#indonesia🇮🇩 #solotravel #backpacking #waisakdiborobudur #waisak",29,0.07923497267759563
borobudur,1700000000,82700,2863,153,807,2025-09-06 09:55:33+00:00,"BOROBUDUR
1.200 anni di storia scolpiti nella pietra. Borobudur non è solo un tempio, ma un mandala tridimensionale che racconta la via verso l’illuminazione. Patrimonio UNESCO che lascia senza fiato

#borobudur #java #indonesia #buddhisttemple #unesco",3823,0.0462273276904474
borobudur,1700000000,19400,850,187,158,2026-05-31 01:20:28+00:00,"Candi Borobudur By: Elz (me). -🇮🇩 ib: all

#fyp #brookhaven #borobudur #roblox #foryou",1195,0.0615979381443299
borobudur,1700000000,1500000,64400,1152,8042,2025-03-21 12:26:05+00:00,"Borobudur: A Timeless Wonder in the Heart of Indonesia 🏯✨

Nestled in the heart of Central Java, Indonesia, Borobudur stands as the world’s largest Buddhist temple and a true wonder of ancient architecture. Built in the 9th century, this UNESCO World Heritage site is a symbol of faith, wisdom, and artistic brilliance. 

As Borobudur focuses on developing sustainable tourism, efforts are in place to preserve its cultural and natural heritage, ensuring that future generations can continue to experience its magnificence.

Let’s travel with purpose—respect the heritage, support local communities, and leave only footprints! 👣💚 
Tag someone you’d explore this wonder with! 🌅💛

📍 Borobudur Temple, Central Java
🎥 IG ingo.piepers

#WonderfulIndonesia #Borobudur #CulturalHeritage #WorldWonder #SustainableTourism",73594,0.049062666666666664
borobudur,1700000000,66600,6685,52,155,2026-05-29 05:17:47+00:00,Yash Kwinnn  Borobudur Biru @jj  acc 💅🏻🩷#fyp #jj #putriindonesia,6892,0.10348348348348348
borobudur,1700000000,119500,16300,68,1510,2025-11-03 23:26:12+00:00,"BOROBUDUR TEMPLE 1983
Borobudur Temple is a magnificent Buddhist monument located in Central Java, Indonesia. Built in the 9th century, it is the largest Buddhist temple in the world and a UNESCO World Heritage Site. The temple’s design represents the path to enlightenment, with thousands of reliefs and Buddha statues adorning its terraces. Today, Borobudur stands as a symbol of Indonesia’s rich history and spiritual heritage.
#borobudurtemple #wonderfulindonesia #fyp #fyppppppppppppppppppppppp #fypシ゚",17878,0.14960669456066947
borobudur,1700000000,17500,863,38,34,2025-10-25 16:01:57+00:00,ich fands toll lol hoffe das checkt man #yogjakarta #indonesia🇮🇩 #bule #borobudur #erasmus,935,0.05342857142857143
borobudur,1700000000,145800,4800,91,1395,2026-03-28 22:56:06+00:00,💢BELI TIKETNYA DENGAN KLIK TAG LOKASI #creatorsearchinsights #borobudur #borobudurtemple #borobudurmagelang #magelang24jam,6286,0.04311385459533608
borobudur,1700000000,1900000,84800,1112,2950,2024-12-28 11:46:49+00:00,"Candi Borobudur, salah satu keajaiban arsitektur dunia, diduga dirancang dengan konsep bunga padma (lotus), simbol kesucian dan pencerahan dalam budaya Buddha. Di tengah perdebatan antara peneliti arkeologi dan geologi, bukti yang masih minim menunjukkan bahwa kawasan sekitar Borobudur pada masa lampau kemungkinan merupakan sebuah danau. Dalam kondisi ini, Borobudur akan terlihat seperti bunga lotus yang mengapung di atas air, mempertegas makna simbolis candi sebagai pusat pencerahan dan harmoni alam.

Teori ini diperkuat oleh studi dari Van Bemmelen, seorang ahli geologi Belanda, yang menemukan bahwa tanah di sekitar Borobudur memiliki lapisan sedimen yang menunjukkan keberadaan danau purba. Selain itu, relief di dinding candi juga menggambarkan perahu dan kehidupan air, mendukung hipotesis bahwa Borobudur dulunya dikelilingi oleh air. Namun demikian, sampai sekarang belum ditemukan prasasti yang menyatakan keberadaan danau tersebut.

Sumber bacaan : Natgeo Indonesia ""Candi Agung di Tubir Danau, Di Balik Perdebatan Telaga Borobudur""

#CandiBorobudur #BungaPadma #DanauPurba #KeajaibanDunia #BorobudurMystery #SejarahIndonesia #WarisanDunia #ArsitekturBuddha #HarmoniAlam #JejakPeradaban",88862,0.04676947368421053
borobudur,1700000000,1637,126,6,13,2026-05-28 09:22:49+00:00,Iziiin 🥹👍🏻👍🏻 #borobudur,145,0.0885766646304215
borobudur,1700000000,25500,768,41,331,2025-09-04 02:01:57+00:00,Sunset di Borobudur 🌅 #travel #jogja,1140,0.04470588235294118
borobudur,1700000000,3400000,147500,2508,8048,2025-05-10 11:52:46+00:00,"Biksu Thudong sampai di Puncak Candi Borobudur
#meditasi #mantra #buddha #wisatareligi #pilgrimage #meditation #buddhatemple #buddhist #paritta #candiborobudur #lebihdekatmelayaniumat #spiritualtourism #melanglangmagelang #borobudurtemple #borobudur #dharmayatra #magelang #biksujalankaki #thudong #biksuthailand",158056,0.04648705882352941
borobudur,1700000000,10600,96,11,11,2025-04-25 12:24:26+00:00,Borobudur Temple 😍 #ootd #temple #indonesia #travel #traveltiktok #outfitinspo,118,0.011132075471698113
borobudur,1700000000,224900,13400,63,4855,2026-02-03 10:32:31+00:00,"Hidden Gem Cafe estetik ala pinterest di daerah Borobudur !

Vibes cafe nya ghibli bangett, sejuk dan enak buat ngelamun. Ga kalah asik pemiliknya juga super ramah 🙌🏻

📍EloProgo Art House

#fyp #borobudur #placetogo #explorejogja",18318,0.08144953312583371
borobudur,1700000000,45700,2231,52,275,2026-01-11 19:13:23+00:00,l’immense Borobudur #histoire #documentaire #reportage,2558,0.05597374179431072
borobudur,1700000000,710100,11500,819,138,2025-10-16 10:39:22+00:00,MashaAllah bagus bgt view nya 😍🤏🏻#elvyaabdullah #borobudur,12457,0.017542599633854388
borobudur,1700000000,60600,4811,496,168,2025-04-23 08:12:47+00:00,Le plus grand temple bouddhiste du monde 🤩 #indonesia #java #borobudur #temple #backpacking,5475,0.09034653465346534
borobudur,1700000000,397200,3699,0,1986,2026-01-31 07:19:41+00:00,"Borobudur seindah itu tapi trauma udah enak2 pakai sepatu disuruh ganti sendal jepit 😭
#borobudur #indonesia #trauma",5685,0.014312688821752266
borobudur,1700000000,28300,454,18,161,2022-10-20 15:32:22+00:00,"It’s the largest Buddhist Temple in the world! This sunrise will never leave my brain. It was the most magical experience being on top of it as the sun came over the mountain!

#borobudur #temple #indonesia #yogyakarta #travel #traveltiktok #traveltips #buddhist",633,0.022367491166077738
borobudur,1700000000,111400,8583,156,978,2026-05-02 10:44:09+00:00,Raumom  #fypシ゚ #borobudur #magelang24jam #fypage,9717,0.0872262118491921
borobudur,1700000000,429100,36600,142,15000,2026-04-13 10:57:24+00:00,"Jl. Borobudur- Ngadiharjo, Bumisegoro, Borobudur 56553, Kab. Magelang

Daily Open 7Am- 9.30 pm (last order)
Reservation +6285540488840

#magelang24jam #cafemagelang #borobudurtemple #kulinermagelang #borobudur",51742,0.1205826147751107
borobudur,1700000000,164500,3666,140,1864,2026-04-11 16:03:58+00:00,mending amanin tiket kalian sekarang sebelum kehabisan !! 👀 #lampionborobudurwaisak #waisakborobudur #waisak2025 #borobudurtemple #yogyakarta,5670,0.03446808510638298
borobudur,1700000000,4902,182,5,27,2025-12-25 08:50:15+00:00,magical borobudur view 🥹 #magelang,214,0.04365565075479396
borobudur,1700000000,38,19,1,2,2026-03-14 16:45:22+00:00,"Borobudur, situé sur l'île de Java en Indonésie, est le plus grand temple bouddhiste au monde ! 📍

Nous sommes partis de Yogyakarta en taxi, environ 1h de route, tout dépend de la circulation évidemment 😅

Pour l’entrée elle nous a coûté 455k par personne, elle comprend l’entrée sur le site et la visite guidée ( qui était vraiment super ). C’est vraiment un immanquable si vous êtes de passage dans la région ✨

#indonesia🇮🇩 #java #borobudur #borobudurtemple #temple",22,0.5789473684210527
borobudur,1700000000,524,40,0,1,2026-06-01 07:38:48+00:00,Waisak Borobudur Rapunzel’s  Lantern Festival IRL 😍✨ Twas surreal to partake in and witness #vesak #candiborobudur #indonesia,41,0.07824427480916031
borobudur,1700000000,1400000,147800,1216,5352,2026-05-21 14:55:45+00:00,#borushiki #boruto #borutonarutonextgenerations #anime #animeedit,154368,0.11026285714285715
borobudur,1700000000,27900,673,26,69,2026-05-28 14:16:03+00:00,"Part 4 (28 Mei 2026) , Para Bhikkhu sudah tiba di Candi Borobudur.

Record : @BuddhaZine @Indonesia Walk For Peace 2026 

Indonesia Walk For Peace 2026

#indonesiawalkforpeace2026 
#iwfp2026 
#borobudur 
#waisak",768,0.027526881720430108
borobudur,1700000000,4435,90,5,20,2025-11-08 02:14:00+00:00,The easiest way to buy Borobudur Temple ticket. Just click the location tag in my video #superbrandgoatraksi #indonesia #magelang #yogyakarta #tipsandtricks,115,0.02593010146561443
borobudur,1700000000,1044,127,0,1,2026-06-01 14:37:06+00:00,bagus banget🪷✨ #waisak #lampionborobudur #fyp #harirayawaisak #candiborobudur,128,0.12260536398467432
borobudur,1700000000,13500,757,23,119,2026-06-01 02:04:03+00:00,"Sekali seumur hidup kalian harus liat view se unreal ini👀‼️
#waisak #waisakdiborobudur #lampion #yogyakarta #festivallampionjogja",899,0.06659259259259259
borobudur,1700000000,731500,7579,123,1076,2026-01-02 11:41:47+00:00,Gapapa fomo lawong cuma 19k #borobudur #fomo #candiborobudur #magelang #BTG,8778,0.012
borobudur,1700000000,2300000,203000,1046,8770,2026-05-20 09:05:35+00:00,Selamat sampai tujuan biksu❤️ #biksu #borobudurtemple #nganjuk24jam #nganjukkotaangin #budha,212816,0.0925286956521739
borobudur,1700000000,1189,33,1,0,2026-06-02 07:31:45+00:00,"Ahhhhh the time has come! Preparing the lanterns to light up the sky!

#indonesia🇮🇩 #solotravel #backpacking #waisakdiborobudur #waisak",34,0.028595458368376788
borobudur,1700000000,19000,6490,8,199,2026-06-01 08:04:42+00:00,ketika y2k dan Acep liat pesta lampion dan drone show di candi borobudur,6697,0.35247368421052633
borobudur,1700000000,9981,524,29,42,2026-06-01 05:43:29+00:00,"Lampion Waisak puja.  di candi Borobudur. tgl 31 mei 2026. 
#waisak #borobudur #puja #lampion #buddha",595,0.059613265203887385
borobudur,1700000000,8379,314,1,0,2026-06-01 17:25:35+00:00,"Wow! The temple is stunning! I sat in the back so I can use my tripod and get nice videos of the lanterns flying 🤪

#indonesia🇮🇩 #solotravel #backpacking #waisakdiborobudur #waisak",315,0.03759398496240601
borobudur,1700000000,49500,2275,49,650,2026-02-16 14:00:50+00:00,#didyouknow #fyp #history #borobudur #science,2974,0.06008080808080808
borobudur,1700000000,22100,625,35,69,2026-05-29 03:12:59+00:00,"doa di candi Borobudur bulan Waisak 2026.
#waisak #buddha #borobudur #doa #monk",729,0.032986425339366514
borobudur,1700000000,788,69,18,2,2026-06-02 14:54:44+00:00,"SPOTTINGNYA TUNDA DULU GES, JADI VOLUNTEER LAMPION BOROBUDUR DULU WKWKWK🔥  
@MBMI_Pusat 

#penerbangan #lampionwaisak #mbmi #borobudur",89,0.11294416243654823
borobudur,1700000000,11400,681,42,7,2026-05-30 11:00:57+00:00,At Borobudur #Indonesia Walk For Peace #thudong2026 #Bali to Borobudur,730,0.06403508771929825
borobudur,1700000000,77200,5727,132,82,2026-06-01 02:52:44+00:00,"Mas Wapres menghadiri Puncak Peringatan Hari Tri Suci Waisak 2570 B.E / 2026  di Kawasan Candi Mendut dan Candi Borobudur, Magelang #gibranrakabumingraka #gibranrakabuming #wapresgibran #wapres",5941,0.0769559585492228
borobudur,1700000000,4624,61,3,9,2026-05-31 19:21:18+00:00,"Niatnya pengen estetik, malah jadi penampakan 😭🙏 #borobudur #lampionborobudur #waisakborobudur",73,0.01578719723183391
borobudur,1700000000,11500,247,4,18,2026-06-01 01:52:28+00:00,"vlog amatiran, waisak 2026 seruu!

#waisakborobudur #lampionborobudur2026",269,0.023391304347826086
borobudur,1700000000,389000,13300,231,6363,2026-05-28 15:08:20+00:00,"Dalam rangka Hari Raya Waisak 2570 BE, area Bundaran HI dihias dengan instalasi bunga, stupa, cahaya, sampai instalasi Buddha raksasa yang menyala indah di tengah kota.

Save videonya dan share ke keluarga dan teman kalian buat diajak kesini 😍

#jakartaspotseeker #bundaranhi",19894,0.0511413881748072
borobudur,1700000000,22600,636,20,36,2026-05-31 05:59:35+00:00,Mengenal lebih dekat lagI BOROBUDUR #LouisseScarlettFamily #MamiGlowingIndonesia #loewyAxell #LondonKingston #Goviral,692,0.030619469026548673
borobudur,1700000000,1112,48,5,6,2026-05-30 03:11:59+00:00,"para Bhikkhu Naik ke Puncak Candi Borobudur untuk Melakukan Pradaksina Bersama,,(30/5/2026)#indonesiawalkforpeace2026 #thudong2026 #borobudur #fyp #fypviralシ",59,0.053057553956834536
borobudur,1700000000,392800,77100,433,3047,2026-05-21 00:50:05+00:00,"Guanyin is  believed to embody limitless compassion for all beings, not just followers of one religion or culture. The idea is that compassion does not discriminate  suffering is universal, so mercy is universal too. Because of this, many Buddhists believe sincere prayers, cries for help, or acts of faith can be heard regardless of who a person is. Even beyond the supernatural meaning, the teaching is also “true” in the sense that compassion itself can transform people: when someone turns toward hope, kindness, humility, or love in a moment of suffering, it can bring peace, strength, and healing to the heart.

#fyp #foryoupage #buddhism #guanyin #viral",80580,0.20514256619144602
borobudur,1700000000,7900000,408000,3921,19200,2025-03-07 03:59:43+00:00,"Candi Borobudur dan segala kenangannya 
Minimal sesekali kalau liburan di Jogja 

➡️ Sewa mobil dan driver Jogja 
➡️ Paket wisata Jogja 
➡️ Private trip
➡️ Dll
#sewamobiljogja #wisatajogja #jogja #paketwisatajogja #candiborobudur",431121,0.054572278481012655
borobudur,1700000000,11100,2068,28,46,2026-06-02 09:29:15+00:00,"Namo Buddhaya! 🙏

Perayaan Hari Trisuci Waisak 2570 BE bersama Kamadhis UGM telah berlangsung dengan penuh makna. Mulai dari rangkaian ibadah di Candi Borobudur hingga berbagai momen kebersamaan yang penuh sukacita🥰

Yuk, simak perjalanan dan keseruan perayaannya melalui video di atas!

Selamat Hari Trisuci Waisak 2570 BE 🤗",2142,0.19297297297297297
borobudur,1700000000,288600,62500,608,2769,2026-05-22 13:12:12+00:00,#fyppppppppppppppppppppppp #xyzbca #viral #buddhism #guanyin,65877,0.22826403326403327
borobudur,1700000000,5089,158,5,7,2026-06-01 03:39:40+00:00,"Borobudur sebagai Situs Ziarah (judul Belanda: De Borobudur als bedevaartsoord).   Lukisan ini merekonstruksi suasana Candi Borobudur sebagai kuil Buddha Mahayana pada masa kejayaannya di Pulau Jawa, kemungkinan pada abad ke-9 pada masa Dinasti Syailendra.  Tanda tangan pelukis terdapat di bagian kanan bawah dengan tulisan G.B. Hooijer (Gijsbert Brandt Hooijer). Nomor inventaris karya ini adalah TM-75-2. Media yang digunakan adalah kertas dengan teknik cat tempera.  Lukisan ini dibuat sekitar tahun 1910-an (sebelum tahun 1919). Pada tanggal 1 Oktober 1919, karya tersebut disumbangkan kepada Wereldmuseum di Amsterdam.

#enggisartchives #lukisan #sejarah #art #seni #cerita #borobudur #yogyakarta",170,0.033405384161917864
borobudur,1700000000,25900,681,28,10,2026-05-31 03:38:14+00:00,Naik Turun keatas bawah 3 x liat keindahan candi borobudur #LouisseScarlettFamily #MamiGlowingIndonesia #tiktokgogempar #papiGlowingIndonesia #Fyp,719,0.02776061776061776
borobudur,1700000000,922200,2312,109,398,2025-07-15 11:22:16+00:00,terakhir ke Borobudur pemesanan tiket masih offline.. sekarang udah bisa by tiktok.. seneng banget.. #borobudur #xyzbca #bcaxyz,2819,0.003056820646280633
borobudur,1700000000,261,15,1,0,2026-06-01 16:45:41+00:00,"We have made it to the Borobudur temple complex. Finally met up with the group. We still have about an hour before the ceremony starts

#indonesia🇮🇩 #solotravel #backpacking #java #asia",16,0.06130268199233716
borobudur,1700000000,7582,140,19,6,2026-06-02 05:39:31+00:00,"NEW NEW NEW
CC BOROBUDUR
0.33gr 300rb
Sz 11-18",165,0.02176206805592192
borobudur,1700000000,981,74,10,3,2025-08-05 10:00:27+00:00,Borobudur vibes#borobudur #magelang #wisataborobudur #fypage #video #fypforyoupage,87,0.08868501529051988
borobudur,1700000000,100900,9584,181,410,2026-02-07 12:53:42+00:00,INDONESIA||CANDI BOROBUDUR #fyp #borobudur #darktriad #edit#indonesia,10175,0.10084241823587711
borobudur,1700000000,77900,5164,402,197,2026-05-28 10:41:59+00:00,"Arrived at the destination at Borobudur #Thank you very much for your encouragement and support all the time #thank you everyone #indonesia walk for peace #thudong2026
#Bali to Borobudur",5763,0.07397946084724005
borobudur,1700000000,395,31,2,3,2026-06-01 06:02:58+00:00,A night full of light and wishes.🌌 #fyp #waisak #waisakborobudur2026 #waisakborobudur #candiborobudur,36,0.09113924050632911
borobudur,1700000000,301,13,0,0,2026-05-31 16:58:38+00:00,"Zwei UNESCO-Weltkulturerbe Tempel an nur einem Tag 🇮🇩✨

Borobudur am Morgen & Prambanan zum Sonnenuntergang - und dazwischen eine komplett andere Welt. ☀️

Borobudur Temple ist der größte buddhistische Tempel der
Welt, gebaut im 8.-9. Jahrhundert mit über 2.600 Reliefs, die ganze Lebensgeschichten erzählen. Hier bietet sich eine Führung an, Weil man nur zu bestimmten Zeiten auf den
Tempel darf.
Prambanan Temple ist der größte hinduistische Tempelkomplex Indonesiens, mit Türmen bis zu 47 Metern Höhe, gewidmet den drei Hauptgöttern Shiva, Vishnu und Brahma.

Beide liegen nahe Yogyakarta - aber unterscheiden sich komplett in Energie, Architektur und Gefühl.

📍Route-Tipp:
Start früh morgens Borobudur → 1,5-2h Fahrt → Prambanan
am späten Nachmittag/Sunset

Das ist kein „Sightseeing"". Das ist Zeitreise zwischen zwei Religionen, zwei Architekturen, zwei Welten.

📌Speicher dir den Post für dein nächstes Indonesien Abenteuer ✈️

#prambanantemple #backpacking #indonesien
#unescoweltkulturerbe #borobudur",13,0.04318936877076412
borobudur,1700000000,93700,14300,51,2809,2026-03-08 13:00:39+00:00,"Spending the Afternoon with Pusakata , Layung Senja Borobudur 🍃 
#borobudur #pusataka #layungsenja",17160,0.1831376734258271
borobudur,1700000000,2260,209,14,12,2025-12-03 19:01:48+00:00,"Teil 11 | Teil 30 Borobudur ist ein monumentales buddhistisches Bauwerk auf Java, erbaut vermutlich im 8.–9. Jahrhundert, jedoch ohne jede Bauinschrift, ohne Erbauer, ohne Weihetext und ohne eindeutige Datierung. Die gesamte Chronologie basiert lediglich auf Stilvergleichen, was für ein Megaprojekt dieser Größe extrem ungewöhnlich ist. Der Tempel besteht aus 55.000–60.000 m³ vulkanischem Andesitstein, über 2 Millionen Steinblöcken und einem geschätzten Gesamtgewicht von mehr als 3,5 Millionen Tonnen. Die Struktur umfasst neun Ebenen, 504 Buddha-Statuen, 72 durchbrochene Stupas und 2.672 Reliefplatten mit einer Gesamtlänge von rund 5 Kilometern.

Borobudur ist als dreidimensionales Mandala konzipiert und stellt den spirituellen Aufstieg durch drei Daseinsbereiche dar: Kāmadhātu (Begierde), Rūpadhātu (Form) und Arūpadhātu (Formlosigkeit). Die geometrische Präzision, die astronomische Ausrichtung und das komplexe kosmologische Design deuten auf fortgeschrittene Vermessungstechniken hin. Viele Forscher wundern sich darüber, wie eine vorindustrielle Kultur diesen präzisen Megabau logistisch umgesetzt hat. Der Transport, Zuschnitt und die perfekte Verzahnung der Steinblöcke sind bis heute nicht vollständig erklärt.

Ein besonderes Rätsel bilden die unteren Kāmadhātu-Reliefs, die vollständig mit Stein verdeckt wurden. Offizielle Erklärungen sprechen von Stabilitätsproblemen, während alternative Interpretationen von religiöser Tabuisierung oder bewusster Geheimhaltung ausgehen. Das gesamte Monument stand später jahrhundertelang verlassen im Dschungel und unter dicker Vulkanasche – vermutlich aufgrund von Merapi-Ausbrüchen, politischen Verschiebungen oder tiefgreifenden Katastrophen im 10.–11. Jahrhundert.

Alternative Geschichtstheorien vermuten, dass Borobudur auf einer älteren Kultstätte steht oder ein Relikt einer vergessenen Hochkultur sein könnte. Einige Forscher verweisen auf auffällige Parallelen zu mesoamerikanischen Stufenpyramiden, kosmischen Symbolsystemen und megalithischen Traditionen. Auch lokale Legenden beschreiben den Ort ursprünglich als „Berg der Götter“, nicht als buddhistischen Tempel.

Zwischen 1973 und 1983 wurde Borobudur in einer der größten Restaurierungsaktionen des 20. Jahrhunderts Stein für Stein demontiert, gereinigt und neu aufgebaut – ein erneutes Zeugnis für die technische Komplexität der Anlage.

Borobudur bleibt ein rätselhaftes Bauwerk: ein gigantisches Steinkosmos-Modell ohne klare Baugeschichte, mit verborgenen Reliefs, perfekter Symbolik, astronomischer Ausrichtung, möglicher Katastrophenvergangenheit und Strukturen, die weit über das Erwartbare einer regionalen Kultur des 8. Jahrhunderts hinausgehen. #geschichte #tempel #rätsel #fürdich",235,0.10398230088495575
borobudur,1700000000,13400,592,11,63,2026-05-31 15:22:01+00:00,"Feeling magical bgt malam ini 🥺 kalian ada yg dateng ke pelepasan lampion Borobudur juga kah tadi?

#borobudur #vesakday #waisak #lampionborobudur #waisak2026",666,0.04970149253731343
borobudur,1700000000,907,31,1,0,2026-01-14 10:56:44+00:00,"TOP TIP For Visiting Borobudur Temple in Java, Indonesia 🛕 🇮🇩 #borobudur #borobudurtemple #javetravel",32,0.03528114663726571
borobudur,1700000000,1515,75,0,6,2026-05-31 14:39:44+00:00,First time nonton lantern di Borobudur & bagus bangett🥹🫶🏻 #waisak #borobudur #2026,81,0.053465346534653464
borobudur,1700000000,1590,56,1,0,2026-06-02 11:52:02+00:00,Waisak 2026 sungguh mengagumkan. Untuk beli tiket bisa langsung cek di akun resmi TW Candi Borobudur. #borobudurpark,57,0.035849056603773584
borobudur,1700000000,453,41,0,1,2026-06-02 13:49:03+00:00,"POV : one of your bucket list dreams finally come true 🥺✨🏮

Vesak night at Borobudur. 
A thousand wishes in the sky, and one of them was mine ✨

#lampionborobudur 
#lampionwaisak 
#borobudur #waisak2026",42,0.09271523178807947
borobudur,1700000000,29600,721,4,359,2026-04-17 08:55:27+00:00,"Jl. Borobudur- Ngadiharjo, Bumisegoro, Borobudur 56553, Kab. Magelang

Daily Open 7Am- 9.30 pm (last order)
Reservation +6285540488840

#magelang24jam #cafemagelang #borobudurtemple #kulinermagelang #borobudur",1084,0.03662162162162162
borobudur,1700000000,112800,3129,75,2044,2026-04-18 01:26:30+00:00,"Ngeramen dengan tempat aestheticnya📸🍜🍃
#fyp #ramen #magelang24jam #borobudur #genz",5248,0.04652482269503546
borobudur,1700000000,5200000,131600,1275,4959,2026-05-29 12:16:26+00:00,❤️❤️👍,137834,0.02650653846153846
borobudur,1700000000,372,42,0,1,2026-06-01 02:24:14+00:00,"so grateful✨️✨️, finally bisa liat langsung

#lampion #borobudur #waisak",43,0.11559139784946236
borobudur,1700000000,25700,2375,31,439,2026-05-31 10:40:22+00:00,"Something you've wanted for a long time had finally become a reality 😍😍 

this is my 2023 vesak in #candiborobudur #laternfestival #waisak2026 #lampionwaisak #festivallampion",2845,0.11070038910505836
borobudur,1700000000,602000,20600,441,2529,2026-03-04 09:13:32+00:00,"Candi Borobudur tempo dulu sekitar tahun 1976

#nostalgia #borobudur #kenangan #fyp #creatorsearchinsights",23570,0.039152823920265784
borobudur,1700000000,1400000,90000,735,5651,2025-11-02 07:41:28+00:00,"Salah satu candi terbesar di Indonesia yg masih menjadi favorit wisata
Minimal sesekali kalau di Jogja 
➡️Paket wisata Jogja	
➡️Sewa mobil dan Driver Jogja 	
➡️Private trip Jogja 	
➡️Antar jemput AirPort	
#paketwisatajogja #wisatajogja #jogja #candiborobudur",96386,0.06884714285714286
borobudur,1700000000,33800,3738,10,48,2025-11-13 08:18:49+00:00,"Classic, serene, and gracefully timeless.
Borobudur Suite presents a refined harmony between modern classic design and tropical tranquility — a peaceful sanctuary embraced by the Menoreh jungle.
Comprising spacious, beautifully crafted rooms, each corner invites stillness and comfort, opening toward gentle morning light and the quiet majesty of Borobudur in the distance.
A true expression of understated luxury, where heritage and elegance meet.
Embrace serenity at Villa Borobudur Resort.
Reserve your stay and experience timeless comfort.
..
Klasik, tenang, dan penuh keanggunan.
Borobudur Suite menghadirkan harmoni sempurna antara desain modern klasik dan kenyamanan tropis — sebuah sanctuary yang dilingkupi hutan Menoreh yang hijau dan damai.
Setiap ruang yang luas dan tertata indah mengundang ketenangan, dengan cahaya pagi yang lembut serta panorama Candi Borobudur yang membingkai setiap sudut.
Ekspresi kemewahan yang abadi, di mana warisan budaya bertemu dengan elegansi yang berkelas.
Rasakan ketenangan di Villa Borobudur Resort.
Rencanakan masa inap Anda dan nikmati kenyamanan yang abadi.
.
.
📞085100525520
📩info@villaborobudur.com
📍Villa Borobudur Dusun Pete
.
.
#villaborobudurresort#tastejava#sinarhill#borobudur#luxurytravel",3796,0.1123076923076923
borobudur,1700000000,49700,1170,56,82,2026-05-28 12:12:06+00:00,"Bhikkhu Thudong Indonesia Walk for Peace telah tiba di Borobudur pada pukul 14.45 hari ini, 28 Mei 2026.
 #indonesiaWalkforPeace2026
#BhikkhuthudongBaliBorobudur2026
#biksuthudongwaisakborobudur2026 #waisakborobudur2026#BiksuThudongBerjalanKakiKeBorobudur2026",1308,0.02631790744466801
borobudur,1700000000,9686,18,3,3,2026-01-02 02:24:23+00:00,"POV: you’re constructing a temple hidden in the jungle
Would you climb every level?

#history #pov #borobudur",24,0.0024778030146603344
borobudur,1700000000,855,95,4,24,2026-05-31 13:22:08+00:00,"My ""Tangled"" moment😭🫶🏻
Finally seeing the lights... Thousands of lanterns lighting up Borobudur sky.
Absolutely breathtaking!✨#vesak #borobudur #lanternfestival #indonesia #fyp",123,0.14385964912280702
borobudur,1700000000,617500,10600,179,376,2026-05-26 02:31:49+00:00,"berangkat ke Borobudur untuk Waisak tgl 31 mei 2026.

#jalanjalan #perjalanan #otw  #monk #jubah",11155,0.01806477732793522
borobudur,1700000000,277,23,1,0,2026-06-02 03:30:24+00:00,"Takjub sekali 🥹💖💖 

#foryourpage #waisakborobudur #borobudurtemple",24,0.08664259927797834
borobudur,1700000000,4981,239,7,95,2026-05-31 18:43:12+00:00,"Tri suci waisak Candi Borobudur 2026 

#fyp #lampion #waisak2026 #borobudur",341,0.06846014856454527
borobudur,1700000000,576,49,4,2,2026-06-01 21:12:23+00:00,"Under the night sky of Borobudur, thousands of lanterns rise carrying hopes, prayers, and wishes. ✨🏮

May every light find its way to the universe, bringing peace, compassion, and happiness to all beings.

Happy Vesak Day. 🌕
#Waisak #Borobudur #LanternFestival #LightOfHope #festivallampion",55,0.0954861111111111
borobudur,1700000000,4224,277,19,27,2026-06-02 11:24:31+00:00,婆罗浮屠Borobudur,323,0.07646780303030302
borobudur,1700000000,316,37,0,2,2026-06-02 07:41:26+00:00,"Candi Borobudur in a whole new light. still not over how beautiful the Vesak altar was 🥹✨

#candiborobudur #waisakborobudur #vesak #waisak #jogjakarta",39,0.12341772151898735
borobudur,1700000000,439600,2007,91,279,2026-03-20 13:58:28+00:00,Gaskeuuun ke Borobudur mumpung tiket cuma 18.000 guys. Beli tiketnya klik tag lokasi di bawah #rayakankepulangan #rayakanlebaranseru #borobudur #magelang24jam #wisatamagelang,2377,0.0054071883530482255
borobudur,1700000000,10100,223,8,44,2026-01-05 21:54:12+00:00,This Ancient Temple Was Buried for Centuries | Borobudur Indonesia,275,0.027227722772277228
borobudur,1700000000,418,26,0,0,2026-06-02 04:10:16+00:00,Langitnya bagus banget. Bersinar sesuai harapan 😍 #vesak2026 #vesakday2026 #borobudurtemple #borobudur,26,0.06220095693779904
borobudur,1700000000,376,29,1,0,2026-05-31 23:36:53+00:00,"Happy Trisuci Waisak, everyone! 

#fyp #lantern #waisak #borobudur #indonesia",30,0.0797872340425532
borobudur,1700000000,647,57,1,1,2026-06-01 14:54:51+00:00,"Jauh-jauh ke Borobudur demi moment ini dan beneran WORTH IT BANGET! Suasananya syahdu, damai, tapi bikin goosebumps pas lampionnya mulai terbang bareng-bareng. Ada yang kesini juga kemarin? Absen di kolom komentar dong! 🏮

#VesakDay2026 #Waisak #FestivalLampion #BorobudurTemple #FYP",59,0.09119010819165378
borobudur,1700000000,4,3,0,0,2026-06-02 15:48:27+00:00,#fyp #foryoupage #mwah,3,0.75
borobudur,1700000000,252200,9038,238,1903,2025-06-11 02:11:33+00:00,"This Giant Temple Was Buried for Centuries – Until They Dug It Out | Borobudur, Indonesia 🇮🇩 #borobudur #indonesia #ancienttemple #travel #bucketlist #buddhism #architecture #traveltok #lostworld",11179,0.044325931800158605
borobudur,1700000000,2400000,165400,1440,14700,2023-07-17 20:14:39+00:00,The Fascinating Mystery of Borobudur 🤯 #joerogan #unexplained #mystery #storytime #amazing #unsolved,181540,0.07564166666666666
borobudur,1700000000,3249,243,6,32,2026-04-13 14:19:32+00:00,"Borobudur Temple- Yogyakarta, Indonesia 🇮🇩 #temple #borobudur #buddhism #yogyakarta #indonesia",281,0.08648815020006156
borobudur,1700000000,105500,2132,59,489,2025-02-12 05:55:11+00:00,"Candi Borobudur
#fyp #fypage #beranda #candiborobudur #explore #magelang #magelang24jam #jawatengah #borobudur #borobudurtemple",2680,0.025402843601895736
borobudur,1700000000,708,17,0,0,2026-06-02 01:55:00+00:00,"Puncak perayaan Hari Raya Tri Suci Waisak 2026 ditutup dengan tradisi sakral penerbangan lampion perdamaian di kawasan Candi Borobudur, Minggu malam (31/5/2026).

Ribuan cahaya lampion tampak menghiasi langit malam, menciptakan suasana magis sekaligus penuh ketenangan. Momen ini menjadi bagian puncak dari rangkaian perayaan Waisak 2570 BE yang diikuti oleh umat Buddha serta masyarakat umum dari berbagai daerah.

Penerbangan lampion memiliki makna mendalam, yakni sebagai simbol pelepasan hal-hal negatif dari dalam diri manusia. Dalam tradisi Buddhis, cahaya lampion juga dimaknai sebagai lambang pencerahan batin, harapan, dan perdamaian.

Selain sebagai ritual keagamaan, tradisi tahunan ini juga menjadi daya tarik wisata unggulan. Ribuan wisatawan, baik dari dalam negeri maupun mancanegara, turut hadir untuk menyaksikan langsung keindahan dan kekhidmatan perayaan Waisak di Borobudur.

#info #peristiwa #kejadian #news #berita #beritaterkini #viralvideo #viral #fypツ #fyp #fyppppppppppppppppppppppp #indonesia #global",17,0.02401129943502825
borobudur,1700000000,4543,417,4,9,2026-05-14 08:18:32+00:00,"Witness the beauty of a majestic sunrise at the world-renowned Borobudur Temple, a UNESCO Heritage site.
#Borobudur Sunrise Tour
#Borobudur Matahari Terbit",430,0.09465111160026414
borobudur,1700000000,278,26,0,1,2026-06-02 07:57:09+00:00,soon ikut nerbangin lampion borobudur 🥹🙏🏻✨ beli tiketnya di tag lokasi aku yaa #candiborobudur #borobudurtemple #lampionborobudurwaisak #lampionborobudur #borobudurtempleindonesia,27,0.09712230215827339
borobudur,1700000000,287,27,0,1,2026-06-01 00:42:55+00:00,Welcome June❤️‍🔥#lampion #borobudurlampion #waisak,28,0.0975609756097561
borobudur,1700000000,474,36,0,0,2026-06-01 17:31:07+00:00,pelepasan lampion di borobudur waisak 31 mei 2026 #fyp #waisak #lampion #borobudur #waisakdiborobudur,36,0.0759493670886076
borobudur,1700000000,190300,4621,69,157,2025-05-12 19:31:38+00:00,another bucket list checked😍 #lanternfestival #festivallampion #yogyakarta #borobudurtemple #candiborobudur #vesakday #vesak #waisak #indonesia,4847,0.025470310036784027
borobudur,1700000000,242,12,2,0,2026-06-02 05:00:18+00:00,Hope I can see this next year! #borobudur #festivallampionborobudur #waisak2026 #fyp #lanternfestival,14,0.05785123966942149
borobudur,1700000000,3099,75,1,16,2026-05-31 12:16:00+00:00,waisak 2026 #waisak #borobudur #magelang #lampion #fyp,92,0.02968699580509842
borobudur,1700000000,12200,768,10,15,2025-07-19 11:33:43+00:00,#borobudurtemple #indonesia🇮🇩,793,0.065
borobudur,1700000000,1750,43,0,9,2026-01-04 05:00:35+00:00,Borobudur Tample With Famz #borobudurtemple #tiktoktrend #borobudur,52,0.029714285714285714
borobudur,1700000000,1300000,86000,1061,3076,2025-05-29 14:29:07+00:00,Penasaran juga beliau ikut pegang stupa di Candi Borobudur. kira-kira wish beliau apa ya? - Vi #letkolteddy #seskabri #tedskyfriends #fyp #fypdong #teddyindrawijaya,90137,0.06933615384615385
borobudur,1700000000,503,70,1,2,2026-06-02 02:23:51+00:00,"Healing my inner child under thousands of lanterns at Borobudur🏮✨
Beruntung bgtt bisa dpt tiket last minute. Makasih banyak Kakak yang udah jual tiketnyaaa plus ditukerin jugaa, jadi kita tinggal masuk ajaaa.. 

I’m soooo happyyy🫶 Lantern Festival di Candi Borobudur benar-benar magis, hangat dan jauh lebih indahh dari yang kubayangkan.🤍✨🥹
 #waisak2026 #lanternfestival #tangled #fyp",73,0.14512922465208747
borobudur,1700000000,534,44,0,0,2026-06-01 06:18:05+00:00,"Drone Show 
#droneshow #waisakborobudur #waisak2026 #CapCut",44,0.08239700374531835
borobudur,1700000000,377800,39100,335,7106,2025-05-11 14:01:04+00:00,"Lentera Waisak Candi Borobudur 
#lenterawaisak #borobudur #waisakborobudur #borobudurtemple #magelang24jam #lampionwaisak #fypシ゚viral #beranda #fyp #tiktok #masukberandafyp #foryourepage",46541,0.12318951826363155
borobudur,1700000000,496,33,0,2,2026-05-31 17:50:45+00:00,"🥹🤍Happy waisak!
My wish come true 
📍Candi Borobudur

#waisakborobudur #waisakborobudur2026 
#vesakday",35,0.07056451612903226
borobudur,1700000000,366,16,0,0,2026-06-01 05:53:35+00:00,"✨ Ribuan lampion terbang membawa harapan, doa, dan pesan perdamaian dari langit Borobudur. 🏮

Momen sakral Festival Lampion Waisak 2570 BE di Borobudur kembali menyihir dunia. Saat ribuan cahaya menerangi malam, setiap lampion menjadi simbol harapan untuk kehidupan yang lebih damai dan penuh kebijaksanaan.

Siapa yang ingin merasakan langsung keajaiban ini tahun depan? Tulis di kolom komentar! 👇

🏮✨ Borobudur, Indonesia
🌕 Waisak 2570 BE / 2026
🙏 Semoga semua makhluk berbahagia.

#FestivalLampion #Waisak2026 #Borobudur #WaisakBorobudur #LampionWaisak",16,0.04371584699453552
borobudur,1700000000,10300,243,4,67,2026-02-04 10:00:00+00:00,"Spending time in Borobudur, means waking up to a majestic sunrise, where heritage meets tranquil landscapes. This is more than a vacation, it’s a moment of healing, where nature, culture, and serenity come together in perfect harmony.

#borobudur #magelang #breakfast #vacation #holiday #travel",314,0.030485436893203884
borobudur,1700000000,2801,147,2,3,2026-05-28 07:21:57+00:00,"Borobudur is the largest Buddhist temple in the world build in the 9th century, situated in the country with the largest Muslim population, I love that fact and that religions can just co-exist together. ✨ 
The temple is located on the island Java close to the city Yogyakarta. The temple is really impressive and I wouldn’t skip it. Even though the sunrise ticket is more expensive than the normal day ticket I would recommend cause even if you don’t get to see the proper sunrise due to the clouds I thought it was super magical with the fog over the Merapi volcano and mountains.✨ #travel #indonesia #bali #borobudur #javaindonesia",152,0.05426633345233845
borobudur,1700000000,9606,338,15,78,2026-05-28 12:41:28+00:00,"Part 3 (28 Mei 2026) , Para Bhikkhu sudah tiba di Candi Borobudur.

Record : @BuddhaZine @Indonesia Walk For Peace 2026 

Indonesia Walk For Peace 2026

#indonesiawalkforpeace2026
#iwfp2026
#borobudur
#waisak",431,0.044867790963980844
borobudur,1700000000,1532,100,1,32,2026-06-01 11:27:32+00:00,"Pohonnya boleh minggir dulu ngga😌☹️
#droneshow #vesakday #borobudur",133,0.08681462140992167
borobudur,1700000000,11200,112,7,7,2026-05-31 15:18:31+00:00,"Puncak Perayaan Malam Waisak Dihiasi Pelepasan 2.570 Lampion

Hari Raya Waisak menjadi momentum perayaan suci umat Buddha yang diselenggarakan di kawasan Candi Borobudur dan Candi Mendut. 

Dimulai dengan acara Pradiksana pada Sabtu (30/05) dengan mengelilingi 3 kali Candi Mendut sambil membawa air suci yang didatangkan dari Umbul Jumprit Temanggung. 

Perayaan puncak ditutup dengan pelepasan lampion yang berisi harapan. Di tahun ini sesuai tahun Buddhis Era (BE), lampion yang dilepaskan juga berjumlah 2.570. 

Selamat Hari Raya Waisak bagi umat Buddha di Indonesia🙏

Boim/PR Jateng

#HariRayaWaisak #CandiBorobudur",126,0.01125
borobudur,1700000000,4498,189,5,18,2026-05-31 12:25:15+00:00,Lampion Festival 2026 at Borobudur Temple Sesi 1 #lampionfestival #waisak #waisak2026 #lampionfestivalborobudur #lampionborobudur2026,212,0.04713205869275233
borobudur,1700000000,3565,184,5,27,2026-06-01 05:30:26+00:00,"Salah satu WISHLIST tahun ini 
pengen lihat Lampion di Candi Borobudur, done!!! 😍✅

Pertama kali datang lewat jalur undang masyaallah🥹🫶🏻",216,0.0605890603085554
borobudur,1700000000,60600,1012,54,93,2026-05-02 04:37:49+00:00,"Tahukah kamu… candi raksasa ini dibangun dari lebih dari 2 juta batu tanpa semen, tanpa besi… tapi bisa bertahan lebih dari 1000 tahun?! 🤯

Ini adalah Borobudur, mahakarya dari masa Kerajaan Sriwijaya dan Dinasti Syailendra yang bukan sekadar bangunan… tapi “kitab batu” raksasa yang menceritakan perjalanan hidup manusia menuju pencerahan. Setiap tingkatnya punya makna… dari dunia keinginan, hingga kebebasan jiwa ✨

Tapi yang bikin merinding…
candi ini pernah hilang ratusan tahun, tertutup abu dan hutan, seolah dilupakan dunia 😱

Dan sekarang… Borobudur kembali berdiri megah, jadi salah satu warisan dunia yang bikin siapa pun takjub. Setiap langkah di sini bukan cuma wisata… tapi perjalanan memahami kehidupan.

Jadi menurut kamu…
gimana cara nenek moyang kita membangun ini tanpa teknologi modern? 👇

#Borobudur #FaktaSejarah #SejarahIndonesia #ViralIndonesia #jawa",1159,0.019125412541254126
borobudur,1700000000,8017,528,5,17,2026-06-01 18:46:58+00:00,What a day visiting the second largest temple in the world #temple #hinduism #vlog,550,0.06860421604091306
borobudur,1700000000,14000,1053,13,275,2026-06-01 14:04:03+00:00,"🪔🇱🇰 Tonight, Sri Lanka shines.

Millions of lanterns illuminate the island in one of the world’s most beautiful celebrations.

Honouring the birth, enlightenment, and passing of Gautama Buddha, Vesak is a time for peace, compassion, and reflection.

A night of hope. A light that unites us all. ✨

🌍 Where are you watching from?

#vesak #srilanka #visitsrilanka #travelsrilanka #srilankatravel",1341,0.09578571428571428
borobudur,1700000000,282200,20500,64,916,2026-05-28 11:57:28+00:00,"On this sacred Saga Dawa, may peace fill our hearts and compassion guide our path 🌙🕊️ #sagadawa #buddhist #trending #fyppppppppppppppppppppppp #allovertheworld",21480,0.07611622962437987
borobudur,1700000000,27700,249,3,6,2026-04-28 03:44:00+00:00,"🏯 Borobudur Temple | Indonesia 🇮🇩

Built in the 8th century during the Sailendra Dynasty, Borobudur is the largest Buddhist temple in the world and one of Asia’s greatest historical masterpieces.

Constructed with over 2 million volcanic stone blocks, this giant stepped monument features 9 stacked platforms, 72 stupas, and thousands of carvings telling stories of Buddhist teachings.

Buried under volcanic ash for centuries and later rediscovered, Borobudur remains one of the world’s most incredible ancient constructions.",258,0.009314079422382672
borobudur,1700000000,205300,4001,317,197,2026-05-31 23:53:51+00:00,"PERINGATAN HARI WAISAK - FULL PIDATO WAPRES GIBRAN DI HARI RAYA WAISAK BOROBUDUR - PELEPASAN LAMPION BOROBUDUR
-------
REFLY HARUN MERAYAKAN ULANG TAHUN BARENG ANAK ANAK
-------------

FRAMING BURUK NANDANG SUTRISNA TERHADAP WAPRES GIBRAN
----
SUAMI PUAN MAHARANI TERLIBAT KORUPSI BTS? 
---
KLARIFIKASI PUAN MAHARANI MICK BOCOR HIDUP JOKOWI
DITANYA MIKROFON MICK DASCO BOCOR PUAN MAHARANI MIRINGKAN MULUT. APA MAKSUDNYA? 
----
KUNJUNGAN KERJA KE NUSA TENGGARA TIMUR WAPRES GIBRAN MENDARAT DITENGAH HUJAN LEBAT NTT
_
KUNJUNGAN KERJA WAPRES GIBRAN KE NUSA TENGGARA TIMUR NTT  PULAU NIAS
---
APAKAH SUFMI DASCO AKAN KLARIFIKASI TERKAIT DUGAAN TERLIBAT JUDI ONLINE? 
----
BENARKAH SUFMI DASCO TERLIBAT BISNIS JUDOL JUDI ONLINE DI KAMBOJA?
---
APAKAH WAPRES GIBRAN AKAN BERTEMU DASCO SETELAH INSIDEN MICK BOCOR - APA RESPON WAPRES GIBRAN UCAPAN DASCO JANGAN TERIAK HIDUP JOKOWI? 

MIK MIKROFON BOCOR SUFMI DASCO SAAT SIDANG PARIPURNA DPR, BICARA ASAL JANGAN TERIAK HIDUP JOKOWI DI DEPAN PRABOWO DAN ANGGOTA DPR
---
SUFMI DASCO KLARIFIKASI UCAPAN JANGAN TERIAK HIDUP JOKOWI ? 

GEMPAR, SUFMI DASCO AHMAD MELARANG TERIAK HIDUP JOKOWI. APA MAKSUDNYA??
---
SPEKER MICK BOCOR SUFMI DASCO MELARANG ORANG TERIAK HIDUP JOKOWI 
---
REVIEW BELANJA SEMBAKO MURAH DI KOPERASI MERAH PUTIH
---
CEK HARGA DI KOPERASI DESA MERAH PUTIH, BENERAN MURAH DAN BEBAS PARKIR
---
BELANJA SEMBAKO MURAH, GAS, BERAS, GULA, MINYAK DI KOPERASI DESA MERAH PUTIH. PRESIDEN PRABOWO MENINJAU KOPERASI MERAH PUTIH, REVIEW HARGA DI KOPERASI MERAH PUTIH
---
JAKARTA TETAP MENJADI IBU KOTA NEGARA. BAGAIMANA NASIB IKN IBU KOTA NUSANTARA ? 
------
Ichsanuddin Noorsy MENGATAKAN ANIES DIPASARKAN ISRAEL YAHUDI, BENARKAH? 
BENARKAH ANIES BASWEDAN ITU AGEN YAHUDI
----
KUNJUNGAN KERJA WAPRES GIBRAN 
---
JALAN KEBUT SEMALAM CANDI RORO JONGGRANG PROVINSI LAMPUNG SEBELUM KUNJUNGAN WAPRES GIBRAN
----
ANIES BASWEDAN MENGAKU MEMBANGUN JEMBATAN DIMANA-MANA
---
KUNJUNGAN KERJA WAPRES GIBRAN DI PAPUA, RAJA AMPAT, TIMIKA DAN NABIRE
----
PAK DUDUNG DAN PAK LUHUT BINSAR COCOK JUGA JADI MENTRI PERTAHANAN INDONESIA.
----
DEMO WURI HANDAYANI WURI BARET CALEG GAGAL PKS
----
SITI ZUHRO, SAIFUL MUJANI, DAN FERI AMSARI. 3 PNS PEGAWAI NEGERI SIPIL. BAGAIMANA SIKAPNYA DENGAN PRESIDEN DAN WAPRES? SAIFUL MUJANI MAKAR? 
----
SAIFUL MUJANI BERKATA LAGI, PRESIDEN HARUS TURUN?? MAKSUDNYA APA? 

-
SEPI JOB PANJI PRAGIWAKSONO SENGGOL JOKOWI LAGI - 

ANIES BASWEDAN KOREKSI PEMERINTAHAN PRABOWO?
---
JUSUF KALLA PUJI ANIES BASWEDAN, COCOK JADI PEMIMPIN KATANYA...
---
JUSUF KALLA BICARA HUTANG NEGARA
---
JUSUF KALLA KRITIK KEBIJAKAN PEMERINTAH JOKOWI
--+
FERI AMSARI KRITK PRABOWO. 
--
HASIL SURVEI POLTRACKING TERBARU  PRABOWO UNGGUL CAPRES. GIBRAN UNGGUL CAWAPRES JAUH MENINGGALKAN AHY DAN ANIES BASWEDAN.
----
JUSUF KALLA, CUMA RIBUAN, KITA TERIMA PENGUNGSI ROHINGYA.
---
2029 PRABOWO TINGGALKAN GIBRAN? PILIH AHY SEBAGAI CAWAPRES? BENARKAH? SANGGUP EMANG
---
SITI ZUHRO: JANGAN SAMPAI TERJADI NEPALISASI TERHADAP PRESIDEN PRABOWO. APA MAKSUDNYA? 
---
SAIFUL MUJANI: BERKOAR LAGI, YANG BISA TURUNKAN PRABOWO, RAKYAT TURUN KE JALAN SEPERTI TAHUN 1998!? 
---
PRIYO BUDI WAKIL KETUA ICMI SETUJU BBM NAIK? 
---
ADIK KANDUNG JUSUF KALLA KORUPTOR?
--
HALIM KALLA, ADIK JUSUF KALLA DIDUGA KORUPSI TRILYUNAN PROYEK PLTU KALBAR.
----
LAPORAN JUSUF KALLA TERHADAP RISMON DITOLAK KARENA SUARA AI
---
MIKHAEL SINAGA DAN RISMON SIANIPAR MEMBUAT SURAT DAN MENGIRIM BUKU GIBRAN END GAME DENGAN TUJUAN DAPAT UANG DARI PAK JOKOWI? BENARKAH? MIKHAEL SINAGA AKAN DILAPORKAN KEPOLISI?

--
LAPORAN JK DIPELAJARI --
JK MELAPORKAN RISMON DAN 4 YOUTUBERS TERKAIT PENCEMARAN NAMA BAIK - DIDUGA LAPORKAN BLUNDER
----
PIDATO BAPAK JOKOWI: PEMERINTAH TEPAT TIDAK MENAIKAN HARGA BBM. JANGAN MEMBUAT GADUH NEGARA DENGAN MENYEBAR HOAX NEGARA AKAN RUSUH DAN KEOS - JOKOWI SINDIR JUSUF KALLA? 
----
ADIK JUSUF KALLA BERNAMA HALIM KALLA KORUPSI PLTU KALBAR SENILAI 1.3 TRILYUN. APAKAH JUSUF KALLA TERLIBAT KORUPSI? 

----
SIAPA 'CHARLIE CHAPLIN' YANG DIDUGA PENYANDANG DANA KASUS DUGAAN IJAZAH PALSU JOKOWI? 
---
#kdm   
#wapresgibran #koperasimerahputih #jokowi #prabowo",4515,0.021992206527033608
borobudur,1700000000,29900,11700,32,409,2026-06-01 06:42:15+00:00,"wawww kerenn bangettt drone show dan lampionnya, pemandangan nya ngga kalah indah dengan orangnya, bantu salin tautan #borobudurmagelang #gskylovers👹 #y2kcrew #gasukaskip📵 #xyzbca 

@y2k.crew_real @𝙍𝙨𝙨𝙡𝙡⚡ @kakaaaa @sltnmhsa_ @aa ngkass😵‍💫 @acepp_0y",12141,0.4060535117056856
borobudur,1700000000,357800,51800,120,4113,2026-05-27 16:44:45+00:00,"""Emotions are merely guests; let them visit... but do not cling to them.""

​— Lord Buddha

#buddhism #buddha #facts #quotes #fyppppppppppppppppppppppp",56033,0.15660424818334265
borobudur,1700000000,564400,140800,331,6880,2026-04-11 06:47:50+00:00,#monastery #meditation #retreat #tempel #thailand,148011,0.2622448618001417
borobudur,1700000000,810300,207600,342,8572,2026-05-13 04:29:27+00:00,Buddhism is so pretty🪷#buddhism #buddha #religions #foryou#fypage,216514,0.2672022707639146
borobudur,1700000000,462500,30000,697,1107,2026-05-16 03:12:45+00:00,"✨Visited the most magical place in Da Nang — the famous “Golden Bridge” with the giant Hands of God ✨
And not only enjoyed the views, but also filmed that viral Chinese trend here 😁
This place looks even more unreal in person: clouds, mountains, and massive stone hands floating in the sky.
If you ever visit Da Nang, make sure to add Ba Na Hills to your must-visit list 🪷🌉🙏🏻🌬️🇻🇳 #danang #vietnam #banahills #chinesetrend #goldenbridge",31804,0.0687654054054054
borobudur,1700000000,968,67,2,0,2026-06-01 06:42:36+00:00,"Semburat cahaya di Borobudur hari ini menjadi saksi bisu khidmatnya perayaan Dharma Santi Waisak 2026. Di sela relief candi yang menyimpan sejarah, kita belajar kembali tentang arti kedamaian yang melampaui segala batas dan sekat yang ada.

Karena sejatinya, persatuan adalah benang emas yang mengikat keberagaman kita menjadi satu bangsa yang teduh. Selamat merayakan hari Waisak, salam damai untuk Indonesia. 🇮🇩

#KemenparRI #WonderfulIndonesia #Waisak2026",69,0.07128099173553719
borobudur,1700000000,616500,142400,577,6831,2026-04-25 21:50:54+00:00,feeling spiritual✌️ #CapCut #buddhism #spirituality #buddha #peaceandlove,149808,0.24299756690997568
borobudur,1700000000,5459,181,1,88,2026-02-28 01:47:59+00:00,"🎈พิธีกรรม Meluket  คือพิธีชำระล้างจิตวิญญาณร่างกายและจิตใจของชาวฮินดูในบาหลีตามความเชื่อเพื่อขจัดสิ่งชั่วร้ายพลังงานลบและกรรมไม่ดี 💦   

☀️สถานที่ในภาพคือ Pura Tirta Empul หรือวัดน้ำพุศักดิ์สิทธิ์ในชื่อที่คนไทยเรียกกัน  ถ้าเพื่อนเพื่อนมีโอกาสมาเที่ยวบาหลีสนใจไปเที่ยวสถานที่นี้หรือไปทำพิธี แหม่มแนะนำให้ได้นะค่ะ

🚘 แหม่มมีบริการท่องเที่ยวในบาหลีทุกรูปแบบไว้บริการเพื่อนๆ นะคะ บริษัททัวร์แหม่มตั้งอยู่ที่บาหลีเลยค่ะประสบการณ์ดูแลคนไทยมา 18 ปี

ติดต่อบ้านเขียว  : @mambali (มี @นำหน้าด้วยนะคะ )

บ้านฟ้า : เที่ยวบาหลีไปกับแหม่ม

👩‍💻บริการของเรา
🧰 แพ็คเกจทัวร์แบบ private 3 วัน 2 คืน 4 วัน 3 คืน 5 วัน4 คืน 👉🏼 แบบนี้รวมค่ารถ ไกด์ พาเที่ยวและช่วยถ่ายรูป ค่าอาหารทุกมื้อ ที่แหม่มเลือกสรรร้านดังและอร่อยไว้ให้ค่าเข้าชม มีทั้งแพคเก็จรวมที่พักตั้งแต่ 3 ดาว 4 ดาว 5 ดาวหรือแพคเก็จแบบไม่รวมที่พัก เพราะเพื่อนๆ ต้องการจอง ที่พักมาเองก็ได้นะคะ 🏢

🚘 รถเช่าพร้อมคนขับพร้อมน้ำมัน

🏝️ ทริปไปเที่ยวเกาะNusa Penida

🏄🏽‍♀️ รับจองกิจกรรมต่างๆในบาหลีทุกรูปแบบ ATV /Rafting /Sunrise Mt.Batur /ชมปลาโลมาที่เมืองโลวิน่า /เรียน Surf

🌟 ทริปบุโรพุทโธ Borobudur

⛰️ ทริป Bromo - Kawah ijien

🚌 และบริษัทเรารับจัดคณะใหญ่ที่ต้องการมาสัมมนา และเป็นแลนด์ให้กับ Agent ด้วยนะคะ

#เที่#เที่ยวต่างประเทศล#บาหลี่#เที่ยวบาหลีีวิ#รีวิวบาหลี่#เที่ยวบาหลีด้วยตัวเอง",270,0.049459607986810775
borobudur,1700000000,295100,36300,401,2033,2026-05-31 03:16:51+00:00,"උපාධි නැති කලා ගාර🤍🕊️✨
#vesak #buddha #srilanka #beutiful #trending",38734,0.1312572009488309
borobudur,1700000000,26500,4991,34,64,2026-05-12 18:45:10+00:00,"recién caigo que tal vez el pedía la reencarnación en general pero weno 😜🫰🏻

#budismo #desarrollopersonal #spirituality #espiritualidad",5089,0.1920377358490566
borobudur,1700000000,677700,231500,552,5184,2026-05-17 01:45:48+00:00,The Air Nomads are primarily inspired by the monastic societies of Tibetan Buddhism and ancient Shaolin Monks.#idklilbrojustlikethevideoandscroll #fyp #avatarthelastairbender #airnation #monks,237236,0.35006049874575773
borobudur,1700000000,5584,316,4,4,2026-05-09 11:00:00+00:00,there is no phenotype for spirituality 🪷 #buddhism #stereotypes #londongirl #whitegirl #buddhist,324,0.058022922636103154
borobudur,1700000000,4439,371,23,143,2026-06-01 08:02:16+00:00,"Hue these days is so peaceful and beautiful. Come with me to see a colorful the 2026 Vesak season filled with flowers, lanterns, flags where the ancient beauty of the city blends with the solemn atmosphere of the big festival. May each of us find peace and diligence on our spiritual path. Wishing everyone the best and most peaceful things #bachiemsuohue #hue #phatgiao #lephatdan #vesak2026",537,0.12097319216039648
borobudur,1700000000,864,129,0,5,2026-06-02 13:28:41+00:00,Kyoto | Japan ⛩️🪭🏮#kyoto #tempel #nature #beautifuldestinations #arda,134,0.1550925925925926
borobudur,1700000000,1300000,126300,397,3869,2026-03-26 17:59:37+00:00,"Why is There a Fat Buddha and a Skinny Buddha? 

#religion #history #buddhism #learnontiktok",130566,0.10043538461538462
borobudur,1700000000,129000,13600,378,3717,2026-05-16 14:01:22+00:00,#buddism #buddha #christianity #christiantiktok #fyp,17695,0.13717054263565892
borobudur,1700000000,3548,211,10,8,2025-05-21 04:32:36+00:00,coba cerita kan pengalaman mu ke borobudur#fyp #4u #masukberanda#borobudur,229,0.06454340473506201
borobudur,1700000000,58900,6060,291,637,2025-10-03 18:40:36+00:00,"🇮🇩 Borobudur – El templo perdido entre la niebla y el tiempo
En el corazón de Java Central, emerge Borobudur, una joya del siglo IX esculpida con más de 2.600 relieves y 500 estatuas de Buda.
Alineado con las estrellas y oculto por siglos bajo la selva, este templo sigue desafiando toda lógica moderna.
¿Cómo lograron levantarlo sin tecnología, con semejante precisión y simbolismo?
💬 Déjame tu opinión y apoya con un sticker si disfrutas descubrir estos misterios.Muy pronto comenzaremos a publicar videos en formato 16/9, pensados para televisores, proyectores y pantallas grandes, con contenido exclusivo solo en YouTube.www.youtube.com/@relatosocultiostech
🔗 Enlace #Borobudur #Indonesia #TemplosAntiguos #RelatosOcultosTech #MisteriosAntiguos #ArquitecturaSagrada #Historia #Budismo #Curiosidades #Arqueología",6988,0.11864176570458404
borobudur,1700000000,989600,98600,1147,2596,2023-04-30 05:57:06+00:00,"Borobudur is just one of these places that are absolutely mysterious. Numerology in the math of the construction everywhere results in the shape of a lotus flower or Mandala. It is said the people that climb this temple are reaching enlightenment. It is also so interesting how no one really knows who constructed it, when or why. Java itself is an island filled with mystery. It is long proposed there was a large high culture on this island in Indonesia. Perhaps at a time when Indonesia was still all together, and not separate islands. I truly feel wonder when I look at this temple, even through a screen. 
Have you ever heard of this beautiful temple?

#borobudur #java #indonesia #temple #ancienthistory #mystery #buddhism",102343,0.10341855295068715
borobudur,1700000000,24400,2206,324,664,2026-06-01 06:19:10+00:00,"#dedimulyadi  Sejarah#fotografi🕋  dimulai dari penemuan konsep kamera obscura (abad ke-5 SM) hingga terciptanya foto permanen pertama oleh [Joseph Nicéphore Niépce] pada 1826/1827 menggunakan proses heliografi. Fotografi berkembang pesat dari Daguerreotype (1839) hingga kamera digital modern, dengan Indonesia mulai mengenalnya pada 1840-an melalui fotografer Eropa. Universitas Atma Jaya Yogyakarta +3 Berikut adalah poin-poin penting perkembangan sejarah fotografi: Era Kamera Obscura (Sebelum Masehi - 1800-an): Prinsip dasar kamera lubang jarum dicatat oleh Mo Ti (Cina, 470 SM) dan Aristoteles (Yunani, 384 SM). Al-Hazen dan ilmuwan lain mengembangkan kamera obscura, yaitu kotak gelap yang memproyeksikan gambar luar ke dalam. Kelahiran Fotografi (1820-an - 1839): 1826/1827: Joseph Nicéphore Niépce berhasil membuat foto permanen pertama, ""View from the Window at Le Gras,"" menggunakan pelat timah berlapis bitumen. 1839: Louis Daguerre memperkenalkan Daguerreotype di Perancis, yang diakui sebagai awal komersialisasi fotografi, memungkinkan gambar detail di atas pelat tembaga berlapis perak. 1830-an/1840-an: Henry Fox Talbot menemukan proses Calotype, yang menghasilkan gambar negatif pada kertas, memungkinkan penggandaan foto. Perkembangan Teknologi (Abad ke-19 - 20): 1888: George Eastman meluncurkan kamera Kodak pertama, membawa fotografi ke masyarakat luas dengan slogan ""You press the button, we do the rest"". Abad 20: Revolusi fotografi warna, kamera SLR, dan munculnya fotografi instan (Polaroid). Fotografi Digital (Akhir Abad 20 - Sekarang): Pergeseran dari film ke sensor digital membuat fotografi instan, mudah disunting, dan dibagikan secara global melalui internet dan ponsel pintar. Sejarah Fotografi di Indonesia: 1840-an: Fotografi masuk ke Indonesia (Hindia Belanda) untuk dokumentasi bentang alam dan tanaman. 1857: Studio foto pertama dibuka oleh Woodbury & Page di Batavia. 1872: Cephas menjadi fotografer pribumi pertama yang terkenal dengan karya foto Candi Borobudur. Fotografi berasal dari bahasa Yunani, yaitu photos (cahaya) dan grafo (melukis/menulis), yang berarti melukis dengan cahaya. DJKN BAB II SEJARAH DAN PERKEMBANGAN FOTOGRAFI Sejarah fotografi di Indonesia dimulai pada tahun 1857,pada saat 2 orang juru foto Woodbury dan Page membuka sebuah studio foto di Harmonie,Batavia. Masuknya fo... Universitas Atma Jaya Yogyakarta 3m Sejarah Fotografi, Dari Era Sebelum Masehi Sampai Cetak Foto Pakai ... YouTube·Foto & Video Untirta Pengertian Fotografi - Djkn.kemenkeu.go.id Sedangkan menurut Wikipedia fotografi berasal dari Bahasa Inggris yaitu 'photography' yang mana berasal dari Bahasa Yunani yaitu 'photos' artinya cahaya dan 'Gr... DJKN Sejarah Fotografi - Asal Usul Fotografi hingga Saat Ini 1826–1827 – Foto Pertama: Heliograf Niépce. 1826–1827 – Joseph Nicéphore Niépce menciptakan foto permanen pertama, ""Pemandangan dari Jendela di Le Gras,"" menggu... Alan Ranger Photography Sejarah Fotografi: Dunia dan Indonesia [Update 2026] Sejarah fotografi di Indonesia dimulai pada abad ke-19 dengan kedatangan para fotografer dari Eropa. Pada tahun 1840-an, ada seorang petugas medis dari Belanda ... Bukunesia Store PERKEMBANGAN FOTOGRAFI - IMAJI - Institut Kesenian Jakarta Johan Zahn. (1685–1686) membuat kamera obscura fleksibel dengan diafragma, kaca pantul, dan lensa yang dapat digerakkan maju mundur. Gambar 1. Camera Obscura – ... Institut Kesenian Jakarta (IKJ) Pengertian dan Sejarah Singkat Fotografi Sejarah Fotografi dimulai pada abad ke-19. Tahun 1839 merupakan tahun awal kelahiran fotografi. Pada saat itu, di Perancis dinyatakan secara resmi bahwa fotogra... WordPress.com Sejarah Fotografi – BINUS DKV MALANG Fotografi mulai dikenal pada abad ke – 19 . Pada abad ini , fotografi hanya dikenal sebagai media untuk dokumentasi aja , tapi seiring berkembangnya zaman dan p... BINUS UNIVERSITY Sejarah Fotografi di Indonesia Karya foto pertama cephas menggambarkan objek candi borobudur yang dibuat pada tahun 1872. #fyp #goviral",3194,0.1309016393442623
borobudur,1700000000,3200000,688600,1800,37300,2026-04-14 21:37:49+00:00,"Buddhism is a religious, philosophical and non-theistic lifestyle tradition, based on the teachings of Siddhartha Gautama, the Buddha, who lived in the sixth century BC. Focuses on overcoming human suffering (Dukkha) and the search for enlightenment (Nirvana) through meditation, ethics and compassion, without worshiping a creator God.

Founder: Siddhartha Gautama (Buddha), a prince who renounced wealth to understand suffering.

What is the Buddha: The word means ""awake"" or ""enlightened"". Buddha is not considered a God, but a human being who has achieved the understanding of reality.

The Goal (Nirvana): Overcome the cycle of rebirths and suffering (Samsara) to achieve a state of peace, wisdom and total liberation.

.
.
.
.
#budismo #buda #ginsengstrip2002 #foryou",727700,0.22740625
borobudur,1700000000,117500,23300,132,1203,2026-05-23 15:54:06+00:00,"This comes from the spirit of the Ksitigarbha Bodhisattva Pūrvapraṇidhāna Sūtra and expresses his vow to remain helping suffering beings before entering final Buddhahood himself.

#buddha #buddhism #fyp #foryoupagе #viral",24635,0.2096595744680851
borobudur,1700000000,221000,51100,69,1832,2026-05-14 17:41:14+00:00,#archive #oldweb #2000s #buddhism #vintage,53001,0.2398235294117647
borobudur,1700000000,954300,64200,1460,2292,2025-05-12 08:17:22+00:00,"On this sacred Vesak Day, we reflect on the teachings of the Buddha — compassion, mindfulness, and the pursuit of enlightenment. 🕊️🪷

May this day inspire peace within ourselves and harmony among all beings. Let us honor the light of wisdom and continue to walk the path of kindness and understanding.

Wishing you a meaningful and peaceful Vesak.

📸 Ig: @gunarto_song
📍Borobudur, Indonesia 

#WonderfulIndonesia
#VesakDay
#Borobudur
#Indonesia",67952,0.07120611966886724
borobudur,1700000000,3300000,567600,6967,53200,2026-05-26 03:42:14+00:00,"This is what I’ve been up to the last few months here in China. I’m living at a Buddhist temple in the mountains with Shaolin monks and training in martial arts. Here is a little taste of what that looks like. 👊🏼

A big shout-out to my Shifu back home in Orange County @oc_shaolin_kungfu_usa for preparing me for this journey.  謝謝你的一切 🙏🏻

#chinesemartialarts #shaolinkungfu #lifeinchina #shaolinlatina #shaolinmonks",627767,0.19023242424242423
borobudur,1700000000,662,35,3,1,2026-05-03 13:00:00+00:00,"The Citadel of Molten Mercury 🌇🌇🌇
Borobudur Temple, Indonesia 🌇🌇🌇

#fyp #viral #aesthetic #bali #indonesiatiktok #borobudur",39,0.05891238670694864
borobudur,1700000000,2724,48,3,1,2026-06-01 11:51:59+00:00,"Momen Dian Sastrowardoyo Rayakan Waisak di Borobudur

Aktris Dian Sastrowardoyo turut dalam khidmat perayaan Hari Waisak di Candi Borobudur, Magelang, Jawa Tengah, pada Minggu, (31/5). Di momen suci bagi umat Buddha tersebut, Dian pun merasa terharu karena ia teringat dengan almarhum sang ayah.

Ayah Dian adalah Ariawan Rusdianto Sastrowardoyo, yang memeluk agama Buddha. Di perayaan Waisak di Candi Borobudur itu, Dian pun menulis surat untuk sang ayah.

“This one is for you, Bapak. Selamat Hari Waisak. Semoga semua berbahagia,” tulis Dian di Instagramnya, Senin, (1/6).

Dian juga turut menerbangkan lampion yang menghiasi langit Magelang pada Minggu malam tersebut bersama seluruh umat Buddha yang hadir.

Naskah & Editor Video: MI/Fathurrozak

#Waisak
#DianSastrowardoyo
#CandiBorobudur
#Magelang
#Buddha",52,0.01908957415565345
borobudur,1700000000,3925,24,0,0,2026-06-02 09:00:34+00:00,"Kehadiran Dian Sastrowardoyo dalam perayaan Hari Raya Waisak di kawasan Candi Borobudur viral setelah dia membagikan momen reflektif melalui media sosial. 

Aktris tersebut terlihat mengikuti berbagai rangkaian kegiatan Waisak bersama sejumlah rekan artis.

Termasuk Sissy Priscillia dan Adinia Wirasti, mulai dari menulis doa hingga pelepasan lampion. 

Namun, perhatian terbesar tertuju pada pesan haru yang ditujukan kepada mendiang ayahnya dalam unggahan Threads.

Dian mengungkapkan rasa rindu sekaligus ucapan Selamat Hari Waisak. 

“Ini untukmu, Bapak. Selamat Hari Waisak. Semoga semuanya berbahagia,” tulis Dian Sastro.

Kehadirannya di Borobudur berkaitan dengan penghormatan dan kenangan terhadap sang ayah yang beragama Buddha.

Klik follow biar nggak kudet! IG, TikTok, YouTube, dan FB Nyata Media

#nyatamedia #epapernyatamedia #nyatamediaonline #diansastrowardoyo #waisak",24,0.006114649681528662
borobudur,1700000000,6786,424,12,14,2026-06-02 13:34:36+00:00,tidak semudah itu perguso #borobudur #waisak #kuliahlapangan #dosentraveler #kampus,450,0.06631299734748011
borobudur,1700000000,285600,43200,103,10800,2026-03-10 12:46:26+00:00,"Sunset, Borobudur, and a Peaceful Iftar 🍃

#borobudur #iftar #sunset",54103,0.1894362745098039
borobudur,1700000000,525800,58900,281,17200,2025-12-21 00:22:31+00:00,can't wait for Vesak 2026 *Magelang #magelang #borobudur #waisak #magical,76381,0.145266260935717
borobudur,1700000000,28500,4045,8,58,2026-05-31 15:59:46+00:00,Waisak di Borobudur 🤩 #borobudur #vesakday #waisak #masukberandafyp #fyppppppppppppppppppppppp,4111,0.14424561403508773
borobudur,1700000000,5894,174,8,16,2026-05-31 02:00:00+00:00,"Mumpung lagi liburan Waisak kalian bisa mampir ke beberapa rekomendasi spot hilling lainnya
Ini aku kasih recommend yang tempatnya cakep dan taste approved by aku !!
Bahkan beberapa tempat udah jadi top mind ku
Dan mostly disini paling jauh cuma 10 menit dari Kawasan Candi
Kalian udah kemana aja nih ??

Masih banyak sebenernya rekomendasi 
Jangan lupa share ke bestie/doi kalian 😍
Dan jangan lupa follow akun mimin buat referensi cafe/resto selanjutnya 🥰

#magelang #magelang24jam #borobudur #waisak2026 #magelangkotasejutabunga",198,0.033593484899898204
borobudur,1700000000,13200,171,15,27,2026-04-07 15:09:50+00:00,Zain Make'Up,213,0.016136363636363636
borobudur,1700000000,86800,7784,1375,2471,2026-06-01 06:24:30+00:00,"#dedimulyadi  Sejarah#fotografi🕋  dimulai dari penemuan konsep kamera obscura (abad ke-5 SM) hingga terciptanya foto permanen pertama oleh [Joseph Nicéphore Niépce] pada 1826/1827 menggunakan proses heliografi. Fotografi berkembang pesat dari Daguerreotype (1839) hingga kamera digital modern, dengan Indonesia mulai mengenalnya pada 1840-an melalui fotografer Eropa. Universitas Atma Jaya Yogyakarta +3 Berikut adalah poin-poin penting perkembangan sejarah fotografi: Era Kamera Obscura (Sebelum Masehi - 1800-an): Prinsip dasar kamera lubang jarum dicatat oleh Mo Ti (Cina, 470 SM) dan Aristoteles (Yunani, 384 SM). Al-Hazen dan ilmuwan lain mengembangkan kamera obscura, yaitu kotak gelap yang memproyeksikan gambar luar ke dalam. Kelahiran Fotografi (1820-an - 1839): 1826/1827: Joseph Nicéphore Niépce berhasil membuat foto permanen pertama, ""View from the Window at Le Gras,"" menggunakan pelat timah berlapis bitumen. 1839: Louis Daguerre memperkenalkan Daguerreotype di Perancis, yang diakui sebagai awal komersialisasi fotografi, memungkinkan gambar detail di atas pelat tembaga berlapis perak. 1830-an/1840-an: Henry Fox Talbot menemukan proses Calotype, yang menghasilkan gambar negatif pada kertas, memungkinkan penggandaan foto. Perkembangan Teknologi (Abad ke-19 - 20): 1888: George Eastman meluncurkan kamera Kodak pertama, membawa fotografi ke masyarakat luas dengan slogan ""You press the button, we do the rest"". Abad 20: Revolusi fotografi warna, kamera SLR, dan munculnya fotografi instan (Polaroid). Fotografi Digital (Akhir Abad 20 - Sekarang): Pergeseran dari film ke sensor digital membuat fotografi instan, mudah disunting, dan dibagikan secara global melalui internet dan ponsel pintar. Sejarah Fotografi di Indonesia: 1840-an: Fotografi masuk ke Indonesia (Hindia Belanda) untuk dokumentasi bentang alam dan tanaman. 1857: Studio foto pertama dibuka oleh Woodbury & Page di Batavia. 1872: Cephas menjadi fotografer pribumi pertama yang terkenal dengan karya foto Candi Borobudur. Fotografi berasal dari bahasa Yunani, yaitu photos (cahaya) dan grafo (melukis/menulis), yang berarti melukis dengan cahaya. DJKN BAB II SEJARAH DAN PERKEMBANGAN FOTOGRAFI Sejarah fotografi di Indonesia dimulai pada tahun 1857,pada saat 2 orang juru foto Woodbury dan Page membuka sebuah studio foto di Harmonie,Batavia. Masuknya fo... Universitas Atma Jaya Yogyakarta 3m Sejarah Fotografi, Dari Era Sebelum Masehi Sampai Cetak Foto Pakai ... YouTube·Foto & Video Untirta Pengertian Fotografi - Djkn.kemenkeu.go.id Sedangkan menurut Wikipedia fotografi berasal dari Bahasa Inggris yaitu 'photography' yang mana berasal dari Bahasa Yunani yaitu 'photos' artinya cahaya dan 'Gr... DJKN Sejarah Fotografi - Asal Usul Fotografi hingga Saat Ini 1826–1827 – Foto Pertama: Heliograf Niépce. 1826–1827 – Joseph Nicéphore Niépce menciptakan foto permanen pertama, ""Pemandangan dari Jendela di Le Gras,"" menggu... Alan Ranger Photography Sejarah Fotografi: Dunia dan Indonesia [Update 2026] Sejarah fotografi di Indonesia dimulai pada abad ke-19 dengan kedatangan para fotografer dari Eropa. Pada tahun 1840-an, ada seorang petugas medis dari Belanda ... Bukunesia Store PERKEMBANGAN FOTOGRAFI - IMAJI - Institut Kesenian Jakarta Johan Zahn. (1685–1686) membuat kamera obscura fleksibel dengan diafragma, kaca pantul, dan lensa yang dapat digerakkan maju mundur. Gambar 1. Camera Obscura – ... Institut Kesenian Jakarta (IKJ) Pengertian dan Sejarah Singkat Fotografi Sejarah Fotografi dimulai pada abad ke-19. Tahun 1839 merupakan tahun awal kelahiran fotografi. Pada saat itu, di Perancis dinyatakan secara resmi bahwa fotogra... WordPress.com Sejarah Fotografi – BINUS DKV MALANG Fotografi mulai dikenal pada abad ke – 19 . Pada abad ini , fotografi hanya dikenal sebagai media untuk dokumentasi aja , tapi seiring berkembangnya zaman dan p... BINUS UNIVERSITY Sejarah Fotografi di Indonesia Karya foto pertama cephas menggambarkan objek candi borobudur yang dibuat pada tahun 1872. #fyp #goviral",11630,0.13398617511520738
borobudur,1700000000,348,48,12,3,2026-05-25 16:39:44+00:00,"Have you ever visited a sacred space outside your own tradition and felt completely at home? Tell me in the comments. 🙏 

I visited the Kathok Tibetan Buddhist Meditation Centre, and from the moment I stepped inside, there was this stillness that just wrapped around me. I made my way to Green Tara’s shrine. She’s the embodiment of compassion in action, a divine feminine energy that leaps to your aid the moment you call on her. I chanted her mantra, Om Tare Tuttare Ture Soha. 

Then I walked the outer temple, spinning the prayer wheels surrounding the Buddha. Each spin is said to carry the prayer outward, into the world. There’s something so moving about that. 

I lit a candle at the Buddha shrine, and then I found the Golden Shrine Wishing Garden, where I wrote my wish on a red ribbon and tied it up with all of the other ribbons.

I don’t think the sacred lives in just one place or one tradition. I think it shows up wherever we’re willing to slow down and receive it. #GreenTara #TibetanBuddhism #SacredSpaces #DivineFeminine #SpiritualJourney",63,0.1810344827586207
borobudur,1700000000,14500,2182,15,24,2026-04-14 16:59:51+00:00,Becoming a Buddhist episode 3 #buddhism,2221,0.15317241379310345
borobudur,1700000000,26400,6368,430,264,2026-05-04 07:54:28+00:00,"A Historic First on U.S. Soil! A Landmark Phenomenon of Faith ✨
​The Sacred Relics of Lord Buddha, specially invited and transported directly from Sri Lanka, will be enshrined for public veneration and worship at Huong Dao Vipassana Bhawana Center, Texas.
​📅 Dates: May 2 – 10, 2026

ครั้งแรกบนแผ่นดินสหรัฐอเมริกา! กับปรากฏการณ์แห่งศรัทธาครั้งประวัติศาสตร์

​""พระบรมสารีริกธาตุ"" อันศักดิ์สิทธิ์ ซึ่งอัญเชิญส่งตรงจากประเทศศรีลังกา เพื่อมาประดิษฐานให้สาธุชนได้สักการบูชา ณ วัด Huong Dao Vipassana Bhawana Center รัฐเท็กซัส
​📅 ระหว่างวันที่: 2 – 10 พฤษภาคม 2569",7062,0.2675
borobudur,1700000000,108100,6973,411,243,2026-05-11 23:27:01+00:00,"🔊 ▪︎  𝗥𝗲𝗽𝗹𝗶𝗰𝗮 𝘁𝗲𝗺𝗽𝗹𝗲𝘀 𝗮𝗻𝗱 𝗿𝗲𝗮𝗹 𝗧𝗲𝗺𝗽𝗹𝗲𝘀   🤭       

#អង្គរវត្ត #Cambodia #original #thailand #copy",7627,0.07055504162812211
borobudur,1700000000,8580,491,9,23,2025-07-14 06:34:58+00:00,"borobudur 

#fyp #viral #yogyakarta #borobudur #wisata #budayaindonesia",523,0.06095571095571096
borobudur,1700000000,507900,13600,513,3174,2026-05-31 02:24:27+00:00,三步一拜 朝山拜愿 #wesakday #tiktok新闻,17287,0.03403622760385903
borobudur,1700000000,14700,1108,55,325,2025-07-04 07:32:32+00:00,The Temple That Vanished for 500 Years  Long Title： Borobudur – A 9-Story Volcanic Stone Mountain Lost in the Jungle #losttemple #borobudur #ancientmystery,1488,0.10122448979591837
borobudur,1700000000,9470,1475,25,87,2026-05-16 00:01:22+00:00,Budai!! #buddhism #budai #china #foryou#fypage,1587,0.1675818373812038
borobudur,1700000000,122400,27900,131,1173,2026-05-18 05:41:38+00:00,omgggg im such a spiritual baddieeee 🧘‍♀️🪷 let that shit goooo larp larp larp sahaur #hinduism #buddism #larp #fyp #southeastasia,29204,0.23859477124183007
borobudur,1700000000,1856,61,2,8,2026-05-30 21:27:23+00:00,"POV: Vesak in Kalutara feels like this ✨💛

#vesak #kalutara #fyp #thoran #vesak2026",71,0.03825431034482758
borobudur,1700000000,22000,1406,154,41,2026-06-02 04:36:53+00:00,DAY 12 - Mengunjungi Pria Kuning ! @rifayyyy10 #lilomc #minecraft #minecraftindonesia,1601,0.07277272727272727
borobudur,1700000000,1287,56,6,0,2025-05-06 11:21:08+00:00,Tag lokasi jangan lupa ya kk 😍 #borobudur #borobudurtemple #borobudurmagelang #hotel #hotelborobudur,62,0.048174048174048176
borobudur,1700000000,886800,92300,1823,6382,2024-02-07 22:22:11+00:00,"Not gonna lie i sat and stared at that cymatic for 30 minutes  trying to figure out where ive seen that shape before.. Every time I think I know the likits of buddhist knowledge they BorobuDUNK me into the stone age. Bravo to the ancient homies, the forsight required to construct something trhis large knowing the secret could only be decoded from the air is a humbling level of wisdom.

#borobudur #buddhism #buddhismtiktok #cymatics #cymaticvibrations #buddha #chladniplate #vibration #wakaan #ancienttechnology #sacredgeometry #spirituality #spiritual #fypシ",100505,0.11333446098331078
borobudur,1700000000,9407,1129,10,46,2026-05-22 05:35:24+00:00,even if u dont identify as a buddhist the practices of this religion will bring you so much peace. i love this religion its so beautiful 🕉️🧘🏻‍♀️#fypシ #buddhism,1185,0.12597002232380142
borobudur,1700000000,51600,1669,25,57,2026-05-28 08:46:55+00:00,"Menjelang perayaan Hari Raya Tri Suci Waisak 2570 Buddhist Era, ratusan umat Buddha melaksanakan prosesi San Pu Yi Pai dan Pradaksina di kawasan Candi Borobudur, Magelang, Jawa Tengah. Prosesi ini diawali dengan San Pu Yi Pai yang dilakukan sejumlah perwakilan majelis umat budha seluruh indonesia dan mancanegara
 
Prosesi ini diawali dengan San Pu Yi Pai, yang dilakukan dengan tiga langkah sambil melafalkan Paritta Suci dan melakukan satu kali Namaskara atau bersujud sepanjang marga utama menuju Candi Borobudur.

San Pu Yi Pai merupakan ajaran para maha guru Buddha sebagai bentuk pertaubatan sebelum merayakan Waisak. Selain San Bu Yi Bai, umat Buddha juga menjalankan Pradaksina, yaitu meditasi berjalan mengelilingi stupa utama Candi Borobudur.

📹: Adinda Vinka - Jurnalis Metro TV

#sanpuyipai #pradaksina #waisak2570BE #waisak2026 #waisakmetrotv",1751,0.03393410852713178
borobudur,1700000000,32200000,2400000,21500,123200,2025-06-12 09:27:09+00:00,Arti Candi Borobudur Lengkap Magelang Jawa Tengah #candiborobudur @Mas Bandot Shop @Mas Bandot Store,2544700,0.07902795031055901
borobudur,1700000000,1700000,152400,1735,12800,2026-05-18 06:08:55+00:00,"🚩Ini adalah Gerbang Yingtian, yang terletak di Luoyang, Provinsi Henan.

Bangunan megah dan berdesain unik dalam gambar tersebut adalah gerbang selatan kota istana Luoyang pada masa Dinasti Sui dan Tang, dan juga merupakan tempat penting bagi istana untuk mengadakan perayaan besar dan kegiatan diplomatik.

Sorotan Arsitektur dan Sejarah

""Gerbang Pertama di Bawah Langit"": Gerbang Yingtian adalah salah satu gerbang kota berstandar tertinggi di Tiongkok kuno. Struktur uniknya yang berbentuk ""U"" (menara gerbang tiga sisi ganda) merupakan puncak arsitektur Sui dan Tang dan dikenal sebagai ""Gerbang Pertama Dinasti Sui dan Tang"".

Sejarah menjadi saksi: Tempat ini menyaksikan serangkaian peristiwa sejarah besar, termasuk naiknya Kaisar Yang dari Dinasti Sui ke tahta, pembebasan Raja Baekje Buyeo oleh Kaisar Gaozong dari Dinasti Tang, dan penobatan Permaisuri Wu Zetian.

Sebuah pesta visual: Museum Situs Yingtianmen telah dipugar dengan cermat dan kini menyajikan pertunjukan proyeksi 3D yang menakjubkan setiap malam. Saat lampu menyala, Anda akan merasa seolah-olah telah kembali ke ibu kota seribu tahun yang lalu.

Saran check-in perjalanan

Lokasi pengambilan gambar terbaik: Jika Anda ingin mengambil gambar panorama ""pandangan mata Tuhan"" ini, Anda dapat pergi ke Kawasan Wisata Mingtang Paradise atau Kolam Jiuzhou yang berada di dekatnya.

Pengalaman malam hari: Pastikan untuk menunggu hingga gelap dan lampu menyala, lalu kombinasikan dengan pertunjukan proyeksi di tembok kota untuk pengalaman visual yang benar-benar menakjubkan.

Objek wisata terkait: Yingtianmen sangat dekat dengan Mingtang dan Tiantang, sehingga ketiganya dapat dikunjungi pada hari yang sama untuk merasakan budaya Dinasti Tang secara lengkap.
#negaraimpian🇨🇳💫 #negarachina🇨🇳 #negarakultivator #pesonachina #douyin #bismillahfypシ #fyp #fyppppppppppppppppppppppp",166935,0.09819705882352942
borobudur,1700000000,2138,77,1,7,2026-05-31 11:11:24+00:00,"Deep in Indonesia…
the Borobudur rises as the largest Buddhist temple in the world.

Built over 1,200 years ago from more than two million stone blocks…
Its terraces are covered with intricate carvings and hundreds of Buddha statues.

An extraordinary masterpiece of ancient engineering and spirituality.

How did ancient builders create something this massive without modern technology?

#Borobudur #AncientMystery #HiddenHistory #AncientEngineering #HistoryTok",85,0.039756782039289056
borobudur,1700000000,479,27,0,0,2026-06-01 22:16:01+00:00,"Drone show di Borobudur,
ratusan drone menghiasi langit malam puncak Waisak di candi Borobudur.
#waisak #drone #borobudur #viral #show",27,0.05636743215031315
borobudur,1700000000,102200,3953,89,266,2025-04-01 19:25:25+00:00,"1200 years old. 72 stupas. Endless wonder.🏯✨

Borobudur was lost for centuries before being restored by UNESCO! 

More than a #WorldHeritage site — it’s a spiritual journey. Would you visit for sunrise? 🌄",4308,0.042152641878669274
borobudur,1700000000,902,32,0,0,2026-06-02 01:13:13+00:00,"Damainya persawahan disekitar candi borobudur🍃 
#pesonaindonesia #fyp #jogja24jam #wisata #borobudur",32,0.03547671840354767
borobudur,1700000000,241,26,4,1,2026-06-02 01:29:24+00:00,Secuil keindahan🥰.   #CapCut #waisak #candiborobudur #bante #budaya,31,0.12863070539419086
borobudur,1700000000,1233,45,0,2,2026-06-02 00:06:59+00:00,Cantik banget langit borobudur🏮✨#waisakborobudur #waisak2026 #festivallampion #candiborobudur #borobudur,47,0.038118410381184104
borobudur,1700000000,647,51,1,42,2026-06-01 19:05:16+00:00,Lampion Waisak 2026🪷 #lampion #borobudur #vesakday,94,0.14528593508500773
borobudur,1700000000,174,21,0,0,2026-06-02 09:23:17+00:00,"umurnya seumuran Candi Borobudur
#kontencomxsuli 
#kontencom 
#tiktokgogempar",21,0.1206896551724138
borobudur,1700000000,731,78,1,5,2026-05-31 17:27:08+00:00,Indahnyaa🥹 #borobudur #borobudurtemple #waisak #magelang,84,0.11491108071135431
borobudur,1700000000,411,21,2,0,2026-06-02 03:35:52+00:00,Perjalanan biksu ke candi borobudur untuk merayakan hari raya waisak. #candiborobudur_yogyakarta #harirayawaisak2026,23,0.05596107055961071
borobudur,1700000000,279000,307,6,35,2026-04-21 07:43:18+00:00,"Guys, I think I've found the most beautiful place to stay near Borobudur — and I'm a little obsessed 🛕

Hotel Le Temple is a boutique villa resort where every single detail feels intentional. Stupa-inspired villas, private pools, spa rituals, and the kind of slow mornings that make you forget what day it is ☕️

But my absolute favorite moment? Afternoon tea. Sweet and savory bites with the most perfect cup of tea or coffee — it genuinely felt like a little ceremony. Book directly at hotelletemple.com and use code TEATIME to get it as a complimentary gift 🍵

If you're visiting Borobudur, this is exactly where you want to stay. Save this one! 🌿

#traveltiktok #TravelGoals #TravelTikTok",348,0.0012473118279569893
bangkabelitung,7600000000,3709,57,1,1,2026-06-02 13:35:46+00:00,"Nilai Ekspor Bangka Belitung April 2026 Merosot, Ekspor Timah Turun Hampir 40 Persen",59,0.0159072526287409
bangkabelitung,7600000000,54200,2509,32,704,2026-06-01 15:21:17+00:00,#fyp #tambangTimah#bangkabelitung #film,3245,0.059870848708487086
bangkabelitung,7600000000,15000,223,16,5,2026-06-01 07:25:12+00:00,"proses penyemprotan tanah produksi.
#tambang #timah #bangkabelitung",244,0.016266666666666665
bangkabelitung,7600000000,8909,212,2,11,2026-06-02 01:27:45+00:00,#fy #zimong🍉 #bangkabelitung,225,0.025255359748568865
bangkabelitung,7600000000,531,47,5,2,2026-06-02 11:24:54+00:00,masyaallah cantik sekali😍🤍 #foryoupage #fyppp #berandatiktok #bangkabelitung,54,0.1016949152542373
bangkabelitung,7600000000,2617,220,13,7,2026-06-01 08:39:55+00:00,"Awal Juni✨

#bangkabelitung #pangkalpinang #fyp #foryoupage",240,0.09170806266717615
bangkabelitung,7600000000,78200,4177,140,940,2026-05-31 14:03:31+00:00,"Ada yang tau dimana? Coba komen..
#wisatabangka #bangkabelitung #bangka #wisatanusanta",5257,0.06722506393861892
bangkabelitung,7600000000,3219,55,5,6,2026-06-02 13:06:24+00:00,Yang capek kerja bisa main jetsky bersama kita... di Pulau Bangka Belitung dan mainya gak jauh kok di @PuriAnsell #orangkiry #drone #jetsky #puriansell,66,0.02050326188257223
bangkabelitung,7600000000,13100,214,11,23,2026-05-30 10:16:46+00:00,"Semoga makin banyak yang ke Pulau Leebong, 
Di kabupaten Belitung, Prov. kep.Bangka Belitung, 
Mehoa rela membuat konten sebisa waktu Mehoa, demi yang dari ♥️ karena hanya ini yang bisa Mehoa beri dari hati. 

Semoga banyak yang suka, share dan komen ❤️‍🩹❤️💕🩷💁‍♀️

Happy Long Holiday - Idul Adha - Lahir Pancasila 
@leebongisland @leebongislandresort #leebongislandbelitung @telliegozeli 

Jumat, 29 Mei 2026 

#mehoa #leebongisland #pulaupasir  #pulauleebong",248,0.018931297709923665
bangkabelitung,7600000000,664,40,0,0,2026-06-02 11:21:29+00:00,"dak apal😭🤏🏻
#pulauketawai #bangkabelitung #liburan #pantai #takemyhand",40,0.060240963855421686
bangkabelitung,7600000000,20400,884,20,12,2026-06-02 13:09:01+00:00,Latih follower obesitas di bangka belitung untuk capai badan ideal🔥💪🏽,916,0.04490196078431372
bangkabelitung,7600000000,685,24,4,3,2026-06-02 09:22:03+00:00,"Waspada & Kenali Gejalanya !!!

#creatorsearchinsights #fyp #viral #bangkabelitung #ruqyah",31,0.04525547445255475
bangkabelitung,7600000000,41200,1596,73,175,2026-06-01 04:01:16+00:00,"yauda gapapa, asal “gakebalik” #lfpb #mprri #lewatberanda #fyp #bangkabelitung",1844,0.04475728155339806
bangkabelitung,7600000000,1800,445,9,12,2026-06-01 07:54:57+00:00,🔥 #fyp #lewatberanda  #adu #gas #bangkabelitung,466,0.2588888888888889
bangkabelitung,7600000000,2396,25,1,3,2026-06-02 06:33:19+00:00,Haloow warga merawang dan simpang sunghin 🙏 see you tgl 12 hari jumat yaaakk #bangkabelitung #fyp #kuliner,29,0.012103505843071787
bangkabelitung,7600000000,695,19,2,3,2026-06-02 11:07:20+00:00,"Yeay, alhamdulillah hari ini kita sudah mengirimkan Vespa Sprint S 2020 warna Yellow Sole untuk Om Bayu ke Bangka Belitung😎

Buat Om Bayu, semoga Vespa nya diterima dengan baik sampai tujuan dan terima kasih banyak atas kepercayaannya!✨

Lagi dan lagi kami beri bukti ke kalian bahwa JBSCOOT adalah showroom vespa matic second TERPERCAYA sehingga kamu ga perlu ragu lagi untuk mencari Vespa impian bersama kami.
Jadi, langsung aja guys! Jangan sampai Vespa matic impian kalian jadi milik orang lain!

Admin Pusat JBSCOOT
0878-7802-5949",24,0.034532374100719423
bangkabelitung,7600000000,3821,110,6,2,2026-06-02 05:10:25+00:00,"hanya mengandalkan skill,slebihnya berani ambil resiko👍#bangkabelitung #smkn1bakam #ragasamania",118,0.030881968071185553
bangkabelitung,7600000000,1975,97,3,18,2026-06-01 12:21:18+00:00,"ojo tegang hidup ki cah cah...goyang sek biar gk ambyarr
#goyang #friends #tiktok #bangkabelitung #fyppppppppppppppppppppppp",118,0.05974683544303797
bangkabelitung,7600000000,47000,1510,40,225,2026-05-24 06:53:06+00:00,"Membalas @Ato_ArGas Versi Legenda Rakyat: ""Tubuh Ali"" dan Pulau LeparDalam cerita rakyat Bangka Belitung, dikisahkan tentang seorang tokoh pejuang atau bangsawan bernama Raden Ali (putra dari Raden Keling).",1775,0.03776595744680851
bangkabelitung,7600000000,538,58,2,7,2026-06-01 15:13:26+00:00,"Cukup di kenang dan tidak akan mengulang🕊️
#4u #fyp #fypシ #puncakpading #bangkabelitung",67,0.12453531598513011
bangkabelitung,7600000000,2408,7,0,3,2026-05-23 02:23:43+00:00,"DK Belstar Hotel Belitung Jl. Sriwijaya, Paal Satu, Kec. Tj. Pandan, Kabupaten Belitung, Kepulauan Bangka Belitung

#funfamilystay #dkbelstarhotelbelitung",10,0.004152823920265781
bangkabelitung,7600000000,27100,469,80,106,2026-06-01 12:13:50+00:00,@bang godek @Bang Godek @bang.godek@seperadikbangka_diusa  #tiktokviral #bangkabelitung #husnulkhotimah,655,0.024169741697416973
bangkabelitung,7600000000,251500,19600,1344,168,2026-06-01 07:03:01+00:00,Selamat dan sukses Universitas Terbuka Bangka Belitung,21112,0.08394433399602386
bangkabelitung,7600000000,55400,1894,33,667,2026-05-17 07:32:20+00:00,Gei ke aek biru bukit senja @Bangka Ethnic Universe yoo speradik kepoin tiktok E dan segera Booking #bangkabelitung #fyp #viralllllll,2594,0.04682310469314079
bangkabelitung,7600000000,33100,537,64,42,2026-05-31 16:19:22+00:00,"HARGA TBS PETANI SAWIT AMBRUK. SIAPA YANG DISALAHKAN ?. TENDER KPBN KAH, KORPORASI KAH? ATAU SPEKULAN ?
#prabowo 
#petanisawitindonesia🇮🇩",643,0.019425981873111783
bangkabelitung,7600000000,116000,11800,447,1236,2026-04-21 02:37:13+00:00,"Meleleh isi kepala 🥵🔥
#bangka #bangkabelitung 
#fyp",13483,0.11623275862068966
bangkabelitung,7600000000,159700,17800,602,884,2026-04-08 14:53:13+00:00,Keindahan Pulau Bangka Belitung begitu mempesona 🤩🤩 #pesona #bangkabelitung #babel #serumpunsebalai #wisata,19286,0.12076393237319975
bangkabelitung,7600000000,13000,244,6,24,2026-05-29 14:02:24+00:00,"Seperadik, Kita bangga punya Pulau Leebong 
Di kabupaten Belitung, Prov. kep.Bangka Belitung
@leebongisland @leebongislandresort #leebongislandbelitung @telliegozelie 

Jumat, 29 Mei 2026 

#mehoa #leebongisland #pulaupasir  #pulaupasirbelitung pulaupasirtimbul",274,0.021076923076923076
bangkabelitung,7600000000,12800,427,8,9,2026-06-02 08:18:33+00:00,"DPRD Babel Ultimatum Perusahaan Sawit, Patuhi Kesepakatan Pembelian TBS 

DPRD Provinsi Kepulauan Bangka Belitung menegaskan komitmennya dalam memperjuangkan kepentingan petani sawit. Melalui audiensi bersama APDESI Babel, DPRD meminta seluruh pabrik kelapa sawit (PKS) kembali mematuhi kesepakatan pembelian TBS yang telah disepakati bersama pemerintah daerah. 

Ketua DPRD Babel, Didit Srigusjaya, menegaskan bahwa pembelian TBS harus mengacu pada hasil kesepakatan yang telah dibuat sebelumnya guna memberikan kepastian bagi petani. DPRD juga menyoroti dugaan permainan timbangan yang dikeluhkan petani dan meminta persoalan tersebut segera ditindaklanjuti oleh instansi terkait. 

Selain itu, DPRD Babel mendorong Satgas Pangan dan aparat penegak hukum untuk melakukan pengawasan terhadap perkembangan harga sawit di lapangan agar tidak ada pihak yang dirugikan. Sebab, anjloknya harga TBS tidak hanya berdampak pada petani, tetapi juga berpengaruh terhadap daya beli masyarakat, UMKM, hingga perputaran ekonomi daerah. 

#DPRDBabel #PetaniSawit #TBSSawit #BangkaBelitung #HargaSawit",444,0.0346875
bangkabelitung,7600000000,270,16,0,1,2026-06-02 13:07:50+00:00,"Ifan Seventeen Jangan Paksa Rindu Perform on Bangka Belitung. 
#konser #ifanseventeen #kelilingwaktu #bangka #bangkabelitung",17,0.06296296296296296
bangkabelitung,7600000000,241400,9035,48,5864,2026-05-25 13:23:24+00:00,"Is this Indonesia's best-kept secret? 🤫👇

Scoot just launched direct 1-hour flights from Singapore to Belitung Island, and it’s the perfect nature escape. If you're heading down, here is why Sheraton Belitung  needs to be your base:

📍 The Location: Right on a beach surrounded by pristine turquoise water and granite boulders.
🌱 True Sustainability: Located in a UNESCO Geopark, featuring locally sourced materials and furniture handcrafted from driftwood found on their shore.
🍯 The Experience: On-site honey farming and an eco-friendly rainwater system purified with local kaolin clay.

Skip the crowded spots and experience sustainable luxury before everyone else finds out.

#belitung #sheratonbelitung #wonderfulindonesia #travel #indonesia",14947,0.06191797845898923
bangkabelitung,7600000000,928,20,1,3,2026-06-02 12:55:34+00:00,"BUPATI BANGKA TENGAH BERSAMA DINDUKCAPIL DAN DINDIK BANGKA TENGAH SERAHKAN KK BAGI SISWA YANG BARU LULUS DI ENAM KECAMATAN 
#lulus #kartukeluarga #kk #bangkatengah #bangkabelitung",24,0.02586206896551724
bangkabelitung,7600000000,401,10,0,0,2026-05-31 10:36:36+00:00,"minggu ny kita hiling
#bangkabelitung #pantaibatuketaksungailiat",10,0.02493765586034913
bangkabelitung,7600000000,66700,1069,236,470,2026-05-09 04:47:51+00:00,Bangka Belitung,1775,0.026611694152923537
bangkabelitung,7600000000,10900,2057,17,47,2026-06-01 07:59:54+00:00,"Rekomendasi pilih produk Original Sein Smartphone samsung & galaxy Wearable 
tersedia disini

#Samsungstore #pangkalpinang #bangkabelitung",2121,0.19458715596330275
bangkabelitung,7600000000,3642,93,2,35,2026-05-31 06:47:31+00:00,"main air yang bening di 📍pantai jambosag

#pantai #liburan #weekend #bangka #bangkabelitung",130,0.0356946732564525
bangkabelitung,7600000000,1414,49,0,0,2026-05-31 07:11:57+00:00,#familytrip #pesonabangkabelitung #ketawaiisland #babel #vitsea,49,0.034653465346534656
bangkabelitung,7600000000,563,14,2,0,2026-06-02 06:18:22+00:00,"Bangka ni cuaca e ngeri2 sedep, lingah dikit badai.

#bangkabelitung #cuaca #extreme #fyp",16,0.028419182948490232
bangkabelitung,7600000000,5392,211,6,10,2026-05-29 04:03:18+00:00,Panas poll🔥 #bangkabelitung #beranda,227,0.042099406528189914
bangkabelitung,7600000000,11200,98,6,30,2026-05-06 07:39:56+00:00,"Rekomendasi Hotel di Bangka Belitung dengan nuansa alami ala puncak bogor tapi menyuguhkan pemandangan pantai ala Bali 🥰
Untuk dapatkan harga murah pesannya lewat tag lokasi di Vidio ini

#wisatabangka #hotelbangka #pesonabay #bangkabelitung #sungailiat",134,0.011964285714285714
bangkabelitung,7600000000,8782,1620,2,23,2026-06-01 16:00:34+00:00,"#pantai gk berani action ,, 😅  #bangkabelitung #belitung yg penting nyobain😁😁",1645,0.18731496242313825
bangkabelitung,7600000000,3200,728,14,74,2026-06-01 08:23:24+00:00,#fyp #jj #4u #blonde #bangkabelitung,816,0.255
bangkabelitung,7600000000,488,26,3,1,2026-06-01 08:48:19+00:00,"Bangkabelitung Bagian PREMIUM🌊
📍Pulau Gelasa
Trip by : @SHARING TRIP BANGKA ⛵️🗺️ 
#bangkabelitung #batuberiga #pulaubangka #pangkalpinang #fy",30,0.06147540983606557
bangkabelitung,7600000000,1300,136,2,2,2026-05-29 03:00:32+00:00,"hy aku cwe yg kamu tinggalin dulu wkwk 🤪 
#fyppppppppppppppppppppppp #masukberanda #bangkatengah #bangkaselatan #bangkabelitung #indonesia🇮🇩",140,0.1076923076923077
bangkabelitung,7600000000,68300,1888,32,184,2026-05-28 08:03:49+00:00,"Kawasan Ekonomi Khusus [ KEK ] Tanjung Kelayang, Pulau Belitung. Ingat kah dengan lauching ttg Bali Kedua ?? 

Dari Total Luas 300 Ha [ 84 Ha utk Hotel dan Sasprasarana nya ] 

#mehoa #bangkabelitung #ayokebelitung #ayokebelitungsekarang",2104,0.03080527086383602
bangkabelitung,7600000000,5151,199,7,7,2026-05-23 05:38:43+00:00,"Pulau Batu Garuda adalah salah satu destinasi wisata ikonik dan fenomenal berupa formasi batuan granit raksasa alami yang menyerupai kepala burung Garuda, Terletak persis di lepas pantai Pantai Tanjung Kelayang, Kecamatan Sijuk, Kabupaten Belitung, Kepulauan Bangka Belitung.

Sudah pernahkah kamu kesini?

#batugaruda #belitung #bangkabelitung #indonesia",213,0.041351193942923706
bangkabelitung,7600000000,418600,19800,357,2294,2025-06-27 10:12:09+00:00,"Welcome to Bangka Island part 2

#PesonaIndonesia #TripKeBangka #pulauketawai #bangkabelitung #pulaubangka #WisataBangka",22451,0.053633540372670804
bangkabelitung,7600000000,506,27,1,0,2026-06-02 02:17:33+00:00,##pelabuhantanjungapiapi #bangkabelitung,28,0.05533596837944664
bangkabelitung,7600000000,189400,4455,192,177,2026-05-23 13:17:05+00:00,"“Pak Ahok, Pak Ahok… tolong dong Petani Sawit Bangka Belitung, waduh … serem banget Pak Ahok “
.
.
🥹🥹🥲😩😢😫😭😖☹️😞🙁
.
.
Renyek Nanggis Ase a 
Trimakasih Respon nya Pak.. Logis sih jawaban dan solusi spontan Bapak, tapi Kita coba dulu plan B ya Pak… sinmung. 
Salam sama Bapak Ibu yang kompeten di Pusat.” 🙇‍♀️🙇‍♀️🙇‍♀️🙇‍♀️🙇‍♀️

Kasian sama Petani Sawit dan Mata Rantai nya …
hanya ngarep sawit pak wooo… “

[ Puji Tuhan, bisa nyampaikan aspirasi pada Bapak @ahokkbtp @basukibtp @kawanahok @pdip_news @pdiperjuangan @pdiperjuangan.bangkabelitung @pdipkreatif @pdiperjuangan.bangkabelitung @pdipjateng @puanmaharaniri @rudiantotjenofficial @diditsrigusjaya @andreristian66 @aldynamo @rizki311 @rezekisri340 dkk

Sabtu, 23 Mei 2026 

#mehoa #bangkabelitung #pdiperjuangan #sorotan #tbssawit",4824,0.025469904963041183
bangkabelitung,7600000000,6200,316,2,19,2026-05-31 17:10:25+00:00,Di pulau toleransi tertinggi ✌️#bangakabelitung #pangkalpinang #toleransi #tranding #fyp,337,0.05435483870967742
bangkabelitung,7600000000,90000,3619,38,816,2026-05-23 16:06:35+00:00,"ladies night at @swissbelhotelpangkalpinang ✨💖
with bestie @fllajnt 🌻
.
.
.
#fyp #contentcreator #bangkabelitung #pangkalpinang #ladiesnight",4473,0.0497
bangkabelitung,7600000000,567,23,3,3,2026-06-02 04:51:20+00:00,"bangka belitung dengan matahari yang sama 🥵
#bangkabelitung #cuacaekstrem #bangkabarat #fyppppppppppppppppppppppp",29,0.05114638447971781
bangkabelitung,7600000000,289300,25300,254,4759,2026-05-11 13:06:57+00:00,Pantai di bangka indah indah ya #fyp #foryoupage #pantaivibes #pantaibangkabelitung,30313,0.10478050466643622
bangkabelitung,7600000000,70500,475,15,29,2026-05-26 04:56:40+00:00,"Harga TBS Bangka Belitung Periode 16-31 Mei 2026

#tbs #tbssawit #sawit #sawitindonesia #hargasawit",519,0.007361702127659574
bangkabelitung,7600000000,188700,7395,194,1343,2026-04-21 13:25:24+00:00,"Menjelajahi Sungai Upang Desa Tanah Bawah, Destinasi Perairan Terbersih di Pulau Bangka yang Menjaga Autentisitas Alam!

​MENDO BARAT – Laporan perjalanan lingkungan hidup menyoroti kondisi ekosistem Sungai Upang yang terletak di Desa Tanah Bawah, Kabupaten Bangka, sebagai salah satu sungai dengan standar kebersihan terbaik di wilayah tersebut. Aliran sungai ini tetap terjaga dari polusi dan sampah berkat komitmen masyarakat lokal serta pengelolaan wisata berbasis lingkungan yang konsisten. Dengan kejernihan air yang memukau serta kelestarian tumbuhan air yang unik, Sungai Upang kini menjadi rujukan utama bagi wisatawan yang mencari pengalaman wisata alam yang murni dan menenangkan. 

Dokumentasi ini merangkum keindahan visual lanskap perairan yang asri, sekaligus menjadi bukti nyata keberhasilan konservasi lingkungan di Negeri Serumpun Sebalai yang patut diapresiasi secara nasional.

​Mari kita jaga bersama kebersihan sungai kita! Pernahkah Anda merasakan ketenangan saat menyusuri jernihnya air di Sungai Upang? Bagikan pendapat Anda di kolom komentar dan kirimkan video ini kepada teman perjalanan Anda sebagai rekomendasi akhir pekan!

#bangkabelitunginfo #bangkabelitunginfonew #bangkabelitung #bangkabelitunghits #infobabelnew",8932,0.04733439321674616
bangkabelitung,7600000000,800500,52800,544,3805,2025-12-27 11:18:36+00:00,aku di belitung 😍 #fyp #bule #indonesia #bangkabelitung #pulau,57149,0.07139163023110556
bangkabelitung,7600000000,16800,964,10,64,2026-02-04 05:41:38+00:00,"Asikkkk💃💅🏻

@tirex🦖 
#bangkabelitung #pangkalpinang #fyp #foryoupage",1038,0.061785714285714284
bangkabelitung,7600000000,64700,4556,137,269,2026-05-23 14:09:40+00:00,Izin plat BE berkelana di pulau bangka🙌🏻 #bangkabelitung,4962,0.07669242658423493
bangkabelitung,7600000000,87300,1681,123,208,2026-05-26 04:32:51+00:00,Wajib tau yg klo ke Bangka ☺️#bangkabelitung #bangka #tour #bahasabangka #fypage,2012,0.023046964490263458
bangkabelitung,7600000000,71300,1349,29,23,2025-03-29 16:32:19+00:00,Replying to @sabdacambai,1401,0.01964936886395512
bangkabelitung,7600000000,24200,752,8,73,2026-02-17 08:06:29+00:00,🔥🔥🔥 #fyppppppppppppppppppppppp #cewekcantik #biduancantik #bangkabelitung #etismusik,833,0.03442148760330579
bangkabelitung,7600000000,94000,5851,149,267,2026-05-09 15:57:04+00:00,"Haloo Haii Teman SMA 👋🏻🌟

tak kenal maka tak sayang. yuk kenalan!💗
perkenalkan nama saya Hikmah Khaisya Al Faqi dari SMAN 1 Merawang, Provinsi Kepulauan Bangka Belitung siap menjadi rekan bertumbuh bagi jutaan pelajar SMA dalam mengukir prestasi dan dedikasi lewat Duta SMA 2026✨️💫

💥Visi saya:
Mendorong keterlibatan aktif pelajar SMA untuk mewujudkan generasi TUMBUH (Terampil, Unggul, Melek teknologi, Berkarakter, dan HUmanis) sebagai fondasi Generasi Emas 2045 yang mampu menginternalisasikan 7 Kebiasaan Anak Indonesia Hebat lewat sekolah dan ruang digital sebagai ekosistem belajar yang aman, positif dan berdaya.

🌟Misi yang dilahirkan:
1. Menyatukan langkah seluruh pelajar SMA untuk bergerak dan tumbuh bersama lewat GEMA (Gagas-Eksekusi-Manfaati bersama-Ajakan).

2. Mengoptimalkan pemanfaatn teknologi dan media sosial sebagai sarana 3B (Bergerak, Berkarya, dan Berbagi nilai postif).

3. Mendorong langkah generasi muda untuk mencetak visi Indonesia Emas 2045, melalui kebiasaan positif yang berkelanjutan.

“Keberhasilan bukan milik orang pintar, tetapi milik mereka yang mau berusaha.” ~B.J. Habibie
""Asak Kawa, Kite Pacak!"" ~slogan masyarakat bangka belitung💥
#DutaSMA2026

#TemanSMA #SMAMajuBersamaHebatSemua 

#PendidikanBermutuuntukSemua dan #DutaSMA2026

  ~~~~~♡~~~~~
@Direktorat SMA @OSIS SMAN 1 MERAWANG 

@Dugong terbang🦭🪽❄️🌌🎀  @h  @azirazainabi @₊˚. # 𝒜ul! ♡ ⊹ @aul @Panggil saya ndoro @fli @Tir @thalitaaaa @stranger",6267,0.06667021276595744
bangkabelitung,7600000000,8033,104,24,7,2026-06-02 10:52:42+00:00,"4 Kesepakatan antara Petani Sawit, Pengusaha dan DPRD Babel tentang Harga TBS Sawit di Bangka Belitung #kebunsawit #hargatbs #bangkabelitung",135,0.016805676584090625
bangkabelitung,7600000000,18900,189,9,81,2026-06-01 15:51:09+00:00,"Breaking News! Lakalantas terjadi di depan Jagorawi, Pangkalpinang Jalan Pangkalpinang-Koba, Senin sore, (1/6/2026).

Kecelakaan ini melibatkan mobil merah vs mobil truk. Berdasarkan video yang beredar, mobil truk diduga hendak belok kanan dari kiri, sedangkan mobil merah berada di sebelah kanan, sehingga mobil merah menabrak badan mobil truk.

Untuk masyarakat Bangka Belitung dihimbau untuk hati-hati ketika hendak bepergian.

📹 JokBangka

Hanya Followers Yang Bisa Komentar‼️

Follow @bangkabelitunginfonew Buat Kamu Lebih Tau Kabar Seputar Bangka Belitung & Sekitarnya

#bangkabelitunginfo #bangkabelitunginfonew #bangkabelitung #breakingnews #informasi",279,0.014761904761904763
bangkabelitung,7600000000,368900,25300,177,4214,2026-04-10 11:29:59+00:00,🔄#sunset #bangkabelitung #sunsetvibes #fyp #fyppppppppppppppppppppppp,29691,0.08048522634860396
bangkabelitung,7600000000,10600,197,6,75,2026-03-14 08:10:47+00:00,"Ada yang udah pernah kesini atau baru tau tempat ini?

Fix bajunya cakep semua, auto borong🙌🏻

#pangkalpinang #bangkabelitung #fashionstore #infopangkalpinang #infobangka @Intanbutikk",278,0.026226415094339622
bangkabelitung,7600000000,53200,471,0,319,2026-05-16 10:08:44+00:00,JADWAL KAPAL LAUT DARI JAKARTA #jadwaltiketkapallaut #tiktokgogempar #bangka #belitung #jakarta,790,0.014849624060150377
bangkabelitung,7600000000,38600,1808,64,956,2026-03-31 10:19:01+00:00,"Mari berpetualang bersama @rumahselambabel 

#fyp #kelapan #pulaukelapan #bangkabelitung #basel #kabupatenbangkalan #all",2828,0.0732642487046632
bangkabelitung,7600000000,263400,13800,1013,4372,2025-09-17 09:33:06+00:00,Crocodile In Bangka Islands?? #bangkabelitung #bali #crocodile #fyp #viralvideos,19185,0.07283599088838269
bangkabelitung,7600000000,90100,873,8,275,2026-03-31 04:04:10+00:00,"Dome pesona bay view hotel sungailiat✨

#pantaivibes #pantai #sungailiat #bangkabelitung",1156,0.012830188679245283
bangkabelitung,7600000000,6813,398,4,4,2026-05-31 20:41:10+00:00,"Hujan deras yang mengguyur wilayah Bangka Belitung tidak menyurutkan semangat personel Polantas Polda Babel dalam menjalankan tugas. Dengan penuh dedikasi, mereka tetap berada di lapangan untuk mengatur arus lalu lintas demi menjaga keselamatan para pengguna jalan.

Tak hanya itu, anggota Polantas juga sigap memberikan bantuan kepada pengendara yang mengalami kesulitan, termasuk mengevakuasi mobil yang terperosok. Kehadiran polisi di tengah cuaca ekstrem menjadi wujud nyata pelayanan dan kepedulian kepada masyarakat.

#polisi #polisilalulintas #polisipeduli #fyppppppppppppppppppppppp #polriuntukmasyarakat",406,0.05959195655364744
bangkabelitung,7600000000,21200,505,14,263,2026-05-29 05:40:32+00:00,"BELITUNG FUL KONSER

catatt jadwalnya jangan sampai kelewatan kapan lagi ada konser sebanyak ini di belitung. 
masih akan ada wajah baru yang akan tampil di belitung. 
#infokonser 
#bangkabelitung 
#belitung 
#belitungisland 
#konser",782,0.03688679245283019
bangkabelitung,7600000000,261300,9409,172,2976,2026-04-06 04:26:14+00:00,"Kamu Wajib Ke Pulau ini minimal sekali seumur Hidup...
#bangkabelitung #ketawai #wisatabangka #sewadronebangka #wonderfulindonesia",12557,0.04805587447378492
bangkabelitung,7600000000,12100,201,5,68,2026-04-14 04:36:07+00:00,"""Kota Pangkalpinang""
Provinsi Bangka Belitung
#pangkalpinang 
#bangka 
#belitung 
#bangkabelitungisland",274,0.022644628099173555
bangkabelitung,7600000000,440100,6356,368,647,2026-04-02 11:08:39+00:00,"Rombongan Santriwati asal Babel gagal terbang. Rombongan yang berjumlah 71 orang itu harus menghadapi situasi tak terduga saat hendak bertolak menggunakan maskapai Super Air Jet dengan nomor penerbangan IU 3823, Kamis (2/4/2026).

Rombongan yang dipimpin M. Farhan Adduha tersebut sebelumnya telah menjalani seluruh prosedur penerbangan sesuai ketentuan. Proses check-in dilakukan tepat waktu, tiket resmi telah dicetak, dan masing-masing penumpang bahkan sudah mengantongi boarding pass lengkap dengan nomor kursi.

Namun situasi mendadak berubah saat proses boarding berlangsung. Di tengah antrean menuju pesawat, pihak maskapai secara tiba-tiba menyatakan sebanyak 29 santriwati dalam rombongan tersebut berstatus “late” atau terlambat, sehingga tidak diizinkan melanjutkan penerbangan.

Pasalnya, sebagian besar rombongan lainnya—sebanyak 41 santriwati—masih berada dalam antrean boarding dan tetap diperbolehkan melanjutkan perjalanan.

Lebih membingungkan lagi, seluruh bagasi rombongan diketahui telah lebih dahulu dimasukkan ke dalam pesawat. 

Ketua rombongan, M. Farhan Adduha, menegaskan bahwa pihaknya telah mengikuti seluruh prosedur yang berlaku tanpa ada pelanggaran.

“Boarding pass sudah di tangan, seat sudah ada, dan kami berada dalam antrean resmi boarding. Tiba-tiba dinyatakan terlambat. Ini bukan sekadar persoalan teknis, tapi soal keadilan dalam pelayanan,” ujarnya dengan nada tegas.

Akibat insiden tersebut, rombongan mengalami kerugian materil yang ditaksir mencapai Rp 65 juta.

Di tengah polemik yang berkembang, hingga berita ini diturunkan, pihak Super Air Jet belum memberikan pernyataan resmi terkait insiden tersebut. Upaya konfirmasi masih terus dilakukan.

📝 selengkapnya di detikbabel.com

Hanya Followers Yang Bisa Komentar‼️

Follow @bangkabelitunginfonew Buat Kamu Lebih Tau Kabar Seputar Bangka Belitung & Sekitarnya

#bangkabelitunginfo #bangkabelitunginfonew #bangkabelitung #breakingnews #informasi",7371,0.016748466257668713
bangkabelitung,7600000000,174900,6422,120,645,2026-05-24 15:39:58+00:00,Foto nostalgia #bangkabelitung #orangbangka,7187,0.041092052601486566
bangkabelitung,7600000000,229500,19100,174,1873,2026-04-30 02:15:50+00:00,"Pandangan itu akan berubah ketika kamu menginjakkan kaki di Negeri Laskar Pelangi😍

#tambang #belitung #bangkabelitung #indonesia",21147,0.0921437908496732
bangkabelitung,7600000000,13500,537,18,106,2026-04-10 04:37:05+00:00,"""Wonderful Bangka Island. A stunning island located across Sumatra Island. Its natural wealth, along with diverse flora and fauna, makes this island a must-visit destination in our beloved Indonesia.""
#BangkaIsland #ExploreBangka #WonderfulIndonesia #VisitIndonesia #TravelBangka",661,0.048962962962962965
bangkabelitung,7600000000,60400,3288,43,1167,2026-03-26 07:22:43+00:00,"One of the most beautiful island in Bangka Belitung Islands...
Welcome to Salma Island
📍South Bangka, Bangka Belitung...
#wisatababel #pulausalma #pesonaindonesia #wonderfulindonesia #bangkabelitung",4498,0.07447019867549669
bangkabelitung,7600000000,107500,5057,60,1796,2025-12-12 10:00:30+00:00,"📍Sawah Namang, Bangka Tengah 
@Zyla group 
#fyp #bangkatengah #bangkabelitung",6913,0.06430697674418605
bangkabelitung,7600000000,13400,412,7,119,2026-05-10 08:36:07+00:00,"📍Ketawai Island, Central Bangka Regency, Indonesia🇮🇩
""A hidden Heaven on the Earth""
Captured by: Tambs_visual 
#bangkabelitung #visitbangka #explorebangka #ketawaiisland #visitbabel",538,0.04014925373134328
bangkabelitung,7600000000,60500,2894,23,832,2026-05-03 07:32:38+00:00,Pesona bay sunrise🍂#sungailiat #pesonabayresort #bangkabelitung #sunrise#pantaisungailiatbangkabelitung,3749,0.06196694214876033
bangkabelitung,7600000000,81200,1036,35,498,2025-10-08 08:29:55+00:00,"EXPLORE BANGKA BELITUNG 3D2N 🌴

Dari city tour, kulineran khas Belitung, sampai island hopping ke pulau-pulau cantik — semuanya bisa kamu explore cuma dalam 3 hari 😍

Aku pesen semua kebutuhan liburan — tiket pesawat, hotel, dan aktivitasnya — di @Traveloka karena lagi ada 10.10 Travel Sale 🔥

💰 10 Hari, 10x Untungnya! ✈️ Diskon besar untuk Tiket Pesawat 🏨 Flash Sale Hotel setiap malam 🎢 Promo Xperience & bahkan ada GRATIS Business Class ke Jepang!

Booking periode 1–10 Oktober 2025 aja ya! 
Buruan cek Traveloka, pilihan utama jelajahi dunia 💙

#TVLKTravelFriends #TravelokaBestie",1569,0.019322660098522168
bangkabelitung,7600000000,112500,5476,69,781,2026-01-19 08:43:25+00:00,"Welcome To Bangka Belitung masih banyak lagi tempat yang menarik yang bisa kalian kunjungi , kalau ada yang baru coba tag Mimin yah 
@TikTok Promosi Indonesia 
#promomakanharian #AerialCinematic #DokumentasiKegiatan #tiktoktravel",6326,0.056231111111111114
bangkabelitung,7600000000,3000000,51500,4411,2616,2026-05-11 01:42:27+00:00,#sungailiatbangkabelitung #carijodohyangserius #carijodoh #budakbangkabelitung✨ #carikerjaanyanghalalbang,58527,0.019509
bangkabelitung,7600000000,350400,49500,116,1738,2026-05-25 23:37:09+00:00,#jj #fyp #foryou #bangkabelitung,51354,0.1465582191780822
bangkabelitung,7600000000,58300,3425,32,1083,2026-03-28 05:53:20+00:00,"bingung mau makan enak sambil liat view cantik di tepi pantai?? disini ajaa udh view nya cantik harga nya affordable pula, banyak banget lagi spot buat foto aesthetic disini!✨✨ 📍TEPI PANTAI SAMBAK&CAFE. #tanjungpandan #belitung #bangkabelitung #sunset #fyp",4540,0.07787307032590052
bangkabelitung,7600000000,122500,1445,39,592,2026-05-04 02:05:09+00:00,"[Save & Share] 

Booking ? Klik tag lokasi ya 😍🥳 #wisatabangka #bangkabelitung #indonesia #hotelbangka",2076,0.016946938775510203
bangkabelitung,7600000000,33500,2993,32,540,2026-05-07 06:41:19+00:00,"Salma island, surga kecil di Bangka Belitung yang menjdi wishlist semua orang 🌴 🌊

Setiap sudutnya adalah potret keindahan alam yang menakjubkan, membuat siapa pun jatuh cinta pada pandangan pertama.

#pulausalmaisland #pulausalma #bangkabelitung #treveling #pantai",3565,0.1064179104477612
bangkabelitung,7600000000,170200,5319,225,2832,2026-04-08 08:58:31+00:00,ES ABUN BASEMENT RAMAYANA RESMI TUTUP PANGKALPINANG BANGKA BELITUNG #bangkabelitung #pangkalpinang #bangka #kulinerbangka #viral,8376,0.04921269095182139
bangkabelitung,7600000000,166300,17500,296,1380,2026-05-10 05:36:28+00:00,Kek jadi ikan asin #bangkabelitung #bangkatengah #lewatberanda,19176,0.11530968129885749
bangkabelitung,7600000000,914900,114800,73,4296,2026-04-30 08:17:59+00:00,"🥺💚
#bangkabelitung",119169,0.13025357962618866
bangkabelitung,7600000000,4444,346,5,79,2026-05-26 17:32:49+00:00,#fyp #katakata #bangkabelitung,430,0.09675967596759676
bangkabelitung,7600000000,21200,2406,31,116,2026-04-30 12:05:51+00:00,#maras #desaberbura #bangkabelitung #fyp #xyzbca,2553,0.1204245283018868
bangkabelitung,7600000000,2218,25,5,0,2025-10-08 02:31:26+00:00,"Bangka Belitung – Kasus dugaan korupsi sebesar 300 triliun rupiah yang berdampak pada kerusakan ekologis di daratan, termasuk penjualan bijih timah ilegal, masih terus bergulir. Namun, dampak lingkungan dan kerugian negara akibat aktivitas pertambangan di laut diperkirakan jauh lebih besar.

 

Menurut laporan, kerugian akibat aktivitas kapal isap produksi (KIP) dan ponton-ponton yang beroperasi selama ini, jika ditotal, bisa mencapai ratusan triliun rupiah. Investigasi tahap kedua akan segera dimulai, dengan fokus pada pertambangan di laut yang diduga memiliki nilai kerugian yang sama besarnya dengan kasus 300 triliun rupiah sebelumnya.

 

Muncul pertanyaan mengenai insiden saat demonstrasi di kantor PT Timah, di mana berkas dokumen dibuang dan laptop dihancurkan. Tindakan ini menimbulkan kecurigaan bahwa ada pihak yang memberikan perintah untuk melakukan hal tersebut.

 

Aset-aset yang terkait dengan kasus ini telah diserahkan ke PT Timah, dan dana hasil korupsi dimasukkan ke kas negara. Dana ini diperuntukkan bagi kas negara, bukan untuk kesejahteraan masyarakat atau perbaikan lingkungan Pulau Bangka.

 

Kejaksaan Agung RI menyatakan akan menindak tegas tambang ilegal di laut setelah berhasil menertibkan tambang ilegal di darat. Kepala Kejaksaan Agung RI, ST Burhanuddin, menegaskan bahwa penegakan hukum di sektor pertambangan timah ilegal belum tuntas karena baru menyentuh wilayah darat. Ke depan, penegakan hukum yang sama akan diterapkan di wilayah laut, mengingat kerugian negara dan lingkungan akibat tambang ilegal di laut tidak kalah besarnya dengan di darat.",30,0.013525698827772768
bangkabelitung,7600000000,328,9,0,0,2026-06-02 10:05:57+00:00,"Sunset di candi Prambanan, customer dari Bangka Belitung. 2 Juni 2026

𝐒𝐄𝐑𝐕𝐈𝐂𝐄 𝐊𝐀𝐌𝐈 :
➡️ Study Tour/Learning Journey
➡️ Perjalanan Dinas/Gathering
➡️ Half/Full Meeting
➡️ Study Tiru
➡️ Wisata Group & Family
➡️ Wisata Religi 
➡️ Sewa Mobil Wisata
➡️ Jeep Merapi & Gumuk Pasir
➡️ Rafting sungai Elo
➡️ VW Klasik Borobudur
➡️ Eksplorasi Gua Pindul
➡️ B2B Travel Agent

❎ 𝐍𝐎 𝐇𝐈𝐃𝐃𝐄𝐍 𝐂𝐎𝐒𝐓

𝐇𝐔𝐁𝐔𝐍𝐆𝐈 :
CV. Jogja Tour72
PT. Dipo Tour Indonesia
wa.me/6281220949972 (Dipo) 
#touryogyakarta 
#tourjogjamurah 
#cuticutimalaysia
#pakejpercutian
#pakejpercutianmurah",9,0.027439024390243903
bangkabelitung,7600000000,153100,13100,219,1511,2026-05-20 05:07:35+00:00,"menyale burit
#fyp #bangkabelitung #bangkaselatan #kepbangkablitung",14830,0.0968647942521228
bangkabelitung,7600000000,183200,5488,55,523,2026-05-31 14:05:25+00:00,"🌿 Kisah Komunitas Lanun, Penjaga Sungai Purba di Belitung Timur 🌿

Di Desa Lintang, Kecamatan Simpang Renggiang, Belitung Timur, mengalir Sungai Lenggang, sebuah sungai purba yang diperkirakan telah terbentuk sejak sekitar 65 juta tahun lalu pada era pertengahan Kenozoikum.

Di hulunya terdapat Tebat Rasau, kawasan rawa seluas sekitar 8.040 hektar yang menjadi sumber kehidupan masyarakat sekaligus habitat berbagai satwa air khas Belitung, seperti Arwana Asia, Toman Raja, dan Ikan Buntal Tutul Hijau.

Dahulu, Sungai Lenggang dikenal sebagai sungai yang kaya ikan. Masyarakat Desa Lintang dengan mudah memperoleh hasil tangkapan dari sungai ini. Namun seiring masuknya perkebunan sawit dan aktivitas pertambangan timah, kondisi lingkungan mulai berubah. Anak-anak sungai menghilang, kualitas air menurun, dan banjir yang dahulu jarang terjadi mulai mengancam kehidupan warga.

Puncaknya terjadi pada tahun 2017, ketika banjir besar melanda Belitung Timur. Peristiwa itu menjadi pengingat bahwa kerusakan hutan dan daerah resapan air di hulu sungai dapat berdampak langsung pada kehidupan masyarakat di hilir.

Dari kepedulian itulah lahir Komunitas Lanun. Bersama warga Desa Lintang, mereka berjuang menjaga Sungai Lenggang dan Tebat Rasau dari berbagai ancaman. Mereka melakukan patroli, menjaga hutan, mengembangkan ekowisata, serta mengedukasi masyarakat tentang pentingnya pelestarian alam.

Kini Tebat Rasau telah menjadi bagian dari Belitong UNESCO Global Geopark dan menjadi simbol bahwa alam yang dijaga akan memberikan manfaat bagi generasi sekarang maupun generasi yang akan datang.

Mari kita belajar dari Sungai Lenggang dan Tebat Rasau. Alam bukan hanya warisan yang kita nikmati hari ini, tetapi titipan yang harus kita jaga bersama.

🌱 Semoga banjir besar yang pernah terjadi di Belitung Timur pada tahun 2017 tidak terulang kembali.

💚 Jaga hutan. 💙 Jaga sungai. 🌿 Jaga Tebat Rasau.

Terima kasih kepada @tebatrasaulintang  yang terus berjuang menjaga warisan alam luar biasa ini untuk generasi mendatang. 🙏

📍 Tebat Rasau, Desa Lintang, Belitung Timur, Bangka Belitung

Sumber: Mongabay Indonesia, Komunitas Lanun, dan Belitong UNESCO Global Geopark.

#tebatrasau 
#sungailenggang 
#BelitungTimur 
#KomunitasLanun 
#belitonggeopark",6066,0.033111353711790394
bangkabelitung,7600000000,79200,9032,561,582,2026-04-25 02:14:34+00:00,"bangka belitung
#bangkabelitung #fyp #lewatberanda #fyppppppppppppppppppppppp",10175,0.1284722222222222
bangkabelitung,7600000000,1100000,32600,1678,6829,2024-08-08 17:09:50+00:00,"#leebongislandresort 
#privateisland 
#belitung 
#bangkabelitung #indonesia #wonderfulindonesia #clearwaterbeach #whitesand #privateresort 
video by @yudasaputralive",41107,0.03737
bangkabelitung,7600000000,15800,139,13,24,2025-12-08 08:39:42+00:00,"Berasa kayak lagi mudik ke BELITUNG jujur. Make sense sih, karena ownernya orang Bangka ternyataa. Ini rekomendasi dari aku yg kalian kudu banget cobain! Gak gitu pricey for a 4 star hotel category, with all the facilities for your family and the room size? Worth it sih. #SuperBrandGo #JelajahHepi #TravelWithAgoda #RealwayXSollMarinaXagoda #GoAcademyTravel @realwaymediaindonesia",176,0.011139240506329114
bangkabelitung,7600000000,73900,1792,1034,223,2025-09-02 00:55:01+00:00,"Buah Hutan Bangka Belitung. Gak tau di daerah lain ada gak?
Kenudok guys 😄
#Buah 
#BangkaBelitung 
#Masakecil #Bahagia #berandatiktok",3049,0.04125845737483085
bangkabelitung,7600000000,492800,24100,444,3890,2026-05-22 00:34:32+00:00,#fypシ #trending #masukberanda #sungailiat #bangkabelitung,28434,0.05769886363636364
bangkabelitung,7600000000,124200,3156,76,1076,2025-10-15 11:55:54+00:00,"Hidden Paradise di Belitung yang Gak Banyak Orang Tau!

Gue bener-bener gak nyangka…
Ada pulau sekecil ini di Indonesia, tapi vibes-nya kayak lagi di Maldives.

Namanya Pulau Leebong, private island cuma 45 menit dari Jakarta Begitu nyampe, disambut pasir putih, laut sejernih kaca, dan villa di atas laut yang super chill.

Lo bisa sepedaan keliling pulau, main kayak, stand up paddle, atau sekadar rebahan di ayunan laut sambil nikmatin sunset. 🌅
Dan yang paling keren, pulau ini bisa disewa full privat — literally kayak punya surga sendiri.

📍 Pulau Leebong, Belitung
✨ Private island rasa mega resort.
Trust me, ini hidden paradise yang beneran nyata.

#rajanyahealingoktober #pulauleebong #pulaubelitung #pulauleebongbelitung #belitong",4308,0.03468599033816425
bangkabelitung,7600000000,1300000,31900,521,8656,2025-02-16 09:05:51+00:00,"Aku tunggu di Leebong Island yaa 😆

#fyp #leebongisland #belitung #exploreindonesia #indonesia #pesonaindonesia #privateislandresort #topattraction #summervacation #belitungisland #travelwithlove #seavilla #indonesianmaldives",41077,0.031597692307692306
bangkabelitung,7600000000,479800,15000,1331,1548,2026-04-25 04:52:47+00:00,"Tolong like,comment and repost ni supaya ramai kita bukak mata atas apa yang telah berlaku !!!!!!
#pulangkandak #animalabusiveneedstostop",17879,0.037263443101292204
bangkabelitung,7600000000,8717,192,7,15,2026-06-01 13:18:39+00:00,"mari berdendang yuk 😀😀😀😀😀 @Dindaoci 
#bangkabelitung #ngerapikart #fypシ゚viral #drawingfunny #artfunny",214,0.024549730411838937
bangkabelitung,7600000000,6139,116,8,17,2026-06-01 16:00:03+00:00,"Ini kebun Authentic Seperadik.. 
lebih dari Gastronomi..
tahu dak ape reti a ??? [ maaf Seperadik, MH jg lum buka Google ttg Gastronomi ] tapi menarik banget denger Agus Pahlevi Bercerita 

Choisim itu Sayur Sawi Manis, ayo dibeli di kebun langsung, lebih murah men dikit daripada la sampai pasar, dan bisa motong sendiri sesuai keinginan.. bebas ngonten sambil dipanen tapi harge plus plus la ya 😅😅😅

Yang minat beli sambil manen sendiri dan bisa ngonten langsung, hubungi Mehoa

Semoga sehat selalu Khiwme dan Mentue Mehoa 

Same Like That Seperadik 😃😄💁‍♀️❤️‍🩹🙇‍♀️🙆‍♀️😆

Hari Libur 1 Juni 2026

#mehoa #bangkabelitung #balunijuk #kebon",141,0.02296791008307542
bangkabelitung,7600000000,15400,563,14,25,2026-06-01 12:06:26+00:00,adalah cintanya🚀#timahbangkabelitung #rajuksuntik #lewatberanda #fyp #271triliun,602,0.03909090909090909
bangkabelitung,7600000000,83700,2591,83,1141,2026-05-31 23:23:49+00:00,เปิดถ้ำนาคาวันแรกครับ บรรยากาศคึกคัก ขอให้ทุกคนมีความสุขเที่ยวให้สนุกและปลอดภัยนะครับ,3815,0.0455794504181601
bangkabelitung,7600000000,1800000,107300,4530,8595,2026-05-23 16:58:02+00:00,"Sebuah video yang memperlihatkan pohon tempat tinggal satwa endemik Papua ditumbangkan alat berat viral di media sosial setelah diunggah akun TikTok bobyyy_6.

Peristiwa yang disebut terjadi di kawasan hutan Merauke, Papua Selatan, pada Rabu (20/5/2026) itu memicu keprihatinan warganet. Dalam rekaman video, tampak beberapa ekor Kuskus Waigeo bertahan di atas pohon yang berada di tengah area hutan yang telah dibuka.

Satwa tersebut terlihat berpegangan erat pada ranting-ranting pohon sambil merangkul anggota kelompoknya. Tak lama kemudian, sebuah ekskavator menumbangkan pohon yang diduga menjadi tempat tinggal terakhir mereka di lokasi tersebut.

Momen itu menuai beragam komentar dari pengguna media sosial yang menyayangkan hilangnya habitat satwa liar akibat aktivitas pembukaan lahan.

Hingga saat ini, belum diketahui kondisi maupun nasib Kuskus Waigeo yang terekam dalam video tersebut setelah pohon tempat mereka berlindung roboh.

Untuk diketahui, Kuskus Waigeo merupakan salah satu satwa endemik Papua yang hanya dapat ditemukan di wilayah tertentu di Tanah Papua. Selain memiliki nilai keanekaragaman hayati yang tinggi, spesies ini juga berperan penting dalam menjaga keseimbangan ekosistem hutan melalui penyebaran biji dan regenerasi vegetasi alami.

Viralnya video tersebut kembali memunculkan perhatian publik terhadap pentingnya perlindungan habitat satwa liar di Papua yang terus menghadapi tekanan akibat aktivitas pembukaan lahan dan perubahan tutupan hutan.

#marsupilami #kuskuswaigeo #papua #hutandibabat #hewanlangkah",120425,0.06690277777777778
bangkabelitung,7600000000,10700,304,40,26,2026-05-21 00:56:54+00:00,"IJIN 🙏🏻🤙🏻

#desapermis #desarajik #bangkaselatan #bangkabelitung #fyppppppppppppppppppppppp",370,0.03457943925233645
bangkabelitung,7600000000,43200,1265,59,31,2026-02-13 14:00:06+00:00,#bangkabelitung,1355,0.03136574074074074
bangkabelitung,7600000000,1940,22,4,0,2026-06-02 06:38:04+00:00,Ada dubai cuwii barbara endulita nyoklat bangettt yakk #bangkabelitung #kuliner #fyp #virall #makananviral,26,0.013402061855670102
bangkabelitung,7600000000,654,16,3,0,2026-06-02 11:30:00+00:00,DPRD Babel Desak Pabrik Sawit Beli TBS Sesuai Ketentuan,19,0.0290519877675841
bangkabelitung,7600000000,2505,136,47,20,2026-06-02 03:52:03+00:00,Bikinin Trend Sama Yang Ciptain Trend😱?#freefire_lover #masukberanda #freefire #fyp #viral,203,0.08103792415169661
bangkabelitung,7600000000,133800,9584,127,358,2026-02-01 02:52:18+00:00,Lubang-keindahan bangka belitung dilihat dari atas🥹 #bangkabelitung #pangkalpinang #fypbangka #fyp,10069,0.075254110612855
bangkabelitung,7600000000,32800,2105,344,170,2026-05-23 14:32:47+00:00,#CapCut #bangkabelitung#aboutyou #4upageシ #fypage,2619,0.07984756097560976
bangkabelitung,7600000000,2300000,105500,740,22600,2026-05-28 14:40:00+00:00,"Seorang pelajar perempuan dipercayai menjadi mangsa pukul lima pelajar perempuan lain dalam kejadian di Kota Kinabalu, Sabah, minggu lalu.",128840,0.056017391304347824
bangkabelitung,7600000000,541200,13700,218,2204,2026-05-29 03:26:25+00:00,"2 orang bawa dia ke sana, lepas tu yang lain muncul ramai-ramai. Zaman KL Gangster dah lama habis dik. 😅 #kotakinabalu #pelajartingkatan1 #salahfaham #angels #whatsapp",16122,0.029789356984478935
bangkabelitung,7600000000,57800,2886,179,210,2026-03-19 04:00:34+00:00,"another “1 kata unik” di bahasa melayu belitung..
HAHAA ini tuh yg paling sering direquest temen2 krn banyak yg bingung kalo dnger org belitung bilang “mual”🤩
jadi ini dia artinyaaa hahaa🤩
#bahasamelayu #explorebangka #explorebelitung #bangkabelitung #pulaubelitung",3275,0.05666089965397924
bangkabelitung,7600000000,7000000,314800,4303,9170,2026-03-17 05:50:00+00:00,"Ribuan pemudik asal Provinsi Bangka Belitung tiba di Pelabuhan Tanjung Gudang Belinyu, Kabupaten Bangka, menaiki kapal perang KRI Semarang secara gratis.

#metrotv #tiktokmetrotv #beritatiktok #beritaviral #viral #fyp #pemudik #kapalperang #mudikgratis #bangkabelitung #pelabuhantanjunggudangbelinyu #babel #kapalperangKRI",328273,0.04689614285714286
bangkabelitung,7600000000,109900,5089,283,783,2025-08-30 12:13:50+00:00,Local life In Indonesia 🇮🇩 #bali #bangkabelitung #palmtree #fyp #goviral,6155,0.056005459508644224
bangkabelitung,7600000000,64400,2319,74,2208,2026-02-21 15:27:40+00:00,"Siap-siap kalap!🙌🏻

#pangkalpinang #bangka #infopangkalpinang #infobangka #bangkabelitung",4601,0.07144409937888199
bangkabelitung,7600000000,764900,40500,423,4622,2026-01-15 09:13:39+00:00,"SOUND NYA JADI PENGEN KELILING BANGKA😍
NEXT SEMOGA BISA KELILING PULAU BELITONG🤲

#explore  #bangkabelitung #bangka #Bangkatengah #bangkaselatan",45545,0.059543731206693686
bangkabelitung,7600000000,76300,1720,785,187,2026-05-12 17:52:43+00:00,"Followers Bangka Belitung mana ni komen komen dlu😆🙂
#koinkuno #koleksi #uangkuno #uang #fyp",2692,0.03528178243774574
bangkabelitung,7600000000,1200000,41700,414,8433,2026-01-27 11:50:43+00:00,"“Pulau kecil ini cuma muncul jelas saat laut surut…” 🌊
Namanya Pulau Gusung Asam, Bangka Tengah.
✔ Pasir putih alami
✔ Laut dangkal & jernih
✔ Terumbu karang dan biota laut
✔ Warga lokal nelayan & rumput laut
Masih alami, masih tenang, belum ramai wisata.
Kalau kamu suka laut yang tenang, tempat ini wajib masuk wishlist!
📍 Bangka Tengah – Bangka Belitung
#PulauGusungAsam #WisataBangka #ExploreBabel #PantaiBangka #HiddenGemBangka",50547,0.0421225
bangkabelitung,7600000000,114600,2613,58,1198,2026-04-25 10:21:09+00:00,#bangkabelitung #bencanaalam,3869,0.033760907504363
bangkabelitung,7600000000,27100,671,34,202,2026-03-22 17:53:18+00:00,"Mau 1000x pun,aku gak pernah akan bosen main di pantai Bangka

📍Pantai Parai,Sungailiat,Bangka

#bangka #paraibeachresort #pantaiparaibangkabelitung #pantai #cinematic",907,0.033468634686346865
bangkabelitung,7600000000,18400,611,17,95,2025-12-01 12:30:28+00:00,"Tanjung Binga terletak di Kecamatan Sijuk, Kabupaten Belitung, Provinsi Kepulauan Bangka Belitung, Indonesia. Jaraknya sekitar 20 km dari pusat Kota Tanjung Pandan

Tanjung Binga dihuni oleh masyarakat Bugis, salah satu suku asli di Sulawesi Selatan. Hampir 90 persen dari jumlah penduduknya bermata pencaharian sebagai nelayan. Disebut sebagai sentra ikan asin terbesar di Indonesia, tempat sebagian besar masyarakatnya bergantung pada industri ikan asin untuk mata pencaharian, produk ikan asin dari desa ini bahkan sudah diekspor ke beberapa negara

#tanjungbinga #sijuk #belitung #bangkabelitung #indonesia",723,0.03929347826086956
bangkabelitung,7600000000,170500,17000,172,3750,2026-04-28 11:07:27+00:00,"sunset bangka seindah itu ya
#bangkabelitung #sunset #fyp #masukberanda",20922,0.12270967741935485
bangkabelitung,7600000000,10000,755,3,74,2026-06-01 23:44:32+00:00,#fyp #bangkabelitung #palembang #bengkulu #wangcol,832,0.0832
bangkabelitung,7600000000,231300,15000,434,743,2026-05-09 10:45:14+00:00,keluar bentar eh ketemu pantai 🤩 #bangkabelitung #fyp,16177,0.06993947254647644
bangkabelitung,7600000000,65800,6748,66,1450,2026-04-15 12:15:40+00:00,"Percaya ga? Bangka belitung juga punya spot Sza ada yang tau ini dmna? Hihi🫶🏻
#sza",8264,0.12559270516717325
bangkabelitung,7600000000,81000,5651,85,614,2024-07-09 06:49:08+00:00,Beautiful forest views in the middle of Tanjung Pandan city🍃✨.                  #tanjungpandan #belitung #bangkabelitung #belitungisland,6350,0.07839506172839507
bangkabelitung,7600000000,273900,10700,390,1387,2026-04-27 08:17:44+00:00,Jujur sebagai orang luar Babel agak shick shack shock melihat kunci motor masih nyangkut di motor 🙏🏻,12477,0.04555312157721796
bangkabelitung,7600000000,601400,17300,954,1926,2026-03-11 12:46:14+00:00,"Butuh liburan sekalian nambah feed sosmed yang aestetik? Gusung Asam jawabannya! Nggak cuma healing, pemandangan di sini bisa bikin kamu lupa dari penatnya kehidupan ❤️

Cr/IG: ardiansyah.explore 
📍 Gusung Asam, Bangka Belitung

#ExploreBangkaBelitung
#GusungAsam
#WonderfulIndonesia",20180,0.033555038244097106
bangkabelitung,7600000000,97100,7624,54,2590,2026-05-09 13:30:00+00:00,"turns out bukit batok has been holding out on us 😭🌿 we got rained on, ran into sold-out menus, and somehow still had the BEST time?? the best matcha, the most insane pistachio tiramisu, and a park that made me forget i was in singapore — west side, i owe you an apology😽

🌽 @kopikiaa (the house of corn)🌽 — home-based cafe famous for their corn kopi
🍵 @Kaoyen — home-based matcha cafe that genuinely surprised me (cats included)
🍝 iO Osteria — italian-sicilian food, get the porchetta and pistachio tiramisu, trust
🐚 She Sells Seashells — madeleines that are almost too pretty to eat
🌿 Little Guilin — a park that somehow doesn't look like Singapore at all

#thingstoeatinsg #wheretogoinsg #singapore #Foodie #exploresg",10268,0.10574665293511844
bangkabelitung,7600000000,584400,11200,337,2579,2026-02-21 06:01:15+00:00,#fyp #fageforyou #bangkabelitung #kecelakaan,14116,0.024154688569472962
bangkabelitung,7600000000,48400,541,10,21,2026-06-01 10:17:07+00:00,"Harga getah karet di Kabupaten Bangka Selatan, Kepulauan Bangka Belitung, mulai mengalami kenaikan dalam satu bulan terakhir. Petani karet di Kecamatan Toboali, Mulyadi (52), mengatakan harga karet yang sebelumnya berkisar Rp10.000 hingga Rp11.000 per kilogram kini naik menjadi Rp14.500 per kilogram atau meningkat sekitar 31 hingga 45 persen, Senin (1/6/2026).Kenaikan harga tersebut menjadi angin segar bagi petani setelah sempat mengalami keterpurukan dalam beberapa tahun terakhir. Menurut Mulyadi, kondisi itu cukup membantu petani memenuhi kebutuhan operasional kebun, meski belum diketahui pasti penyebab kenaikan harga. Ia menduga berkurangnya produksi karet akibat banyak warga beralih ke perkebunan kelapa sawit menjadi salah satu faktor yang memengaruhi pasokan.Meski harga karet membaik, petani masih menghadapi tingginya biaya produksi, terutama untuk pembelian pupuk. Harga pupuk urea ukuran 50 kilogram kini mencapai sekitar Rp600 ribu per karung. Selain itu, serangan rayap juga menjadi ancaman bagi tanaman karet. Petani berharap pemerintah dapat membantu melalui penyediaan pupuk subsidi yang lebih mudah diperoleh dan sesuai kebutuhan tanaman karet.

#ti̇ktok #TikTokBerita #Tribunnews #BangkaPos #BangkaBelitung",572,0.011818181818181818
bangkabelitung,7600000000,20000,1473,50,339,2026-05-31 14:33:17+00:00,"#atemporal#aracaju#sergipe
#nordeste🌵#brasil🇧🇷",1862,0.0931
bangkabelitung,7600000000,11100,708,3,48,2026-01-08 13:11:17+00:00,"Another Aceh cuisine for today - fresh and tangy asam udeung or sambal ganja🤪🍃🦐 

I’ve been so excited to try this bc i’ve seen it a lot on my fyp and it’s definitely not the sambal I’m used to in Javanese cuisine. It’s spicy yet so fresh, I don’t even need to eat this with anything else but rice🤤

#fyp #indonesianfood #sambal #shrimp #spicyfood",759,0.06837837837837837
bangkabelitung,7600000000,2300000,151000,3908,9977,2026-02-03 09:52:54+00:00,Gokil toleransi nya warga bangka belitung patut dicontoh 👍,164885,0.0716891304347826
bangkabelitung,7600000000,148500,1800,186,259,2026-06-01 10:43:32+00:00,"Names Province in indonesia 🇮🇩❤ 
@Mapzy @Donkey 

#countryballs #viral #foryoupage #geograpy #indonesia",2245,0.015117845117845119
bangkabelitung,7600000000,14300,690,17,114,2026-02-03 07:29:29+00:00,"Tanah yang kaya, hutan yang asri, laut yang indah, Selamat datang di Pulau Bangka...
__________
📍Bangka Island - Indonesia
#masukberanda #explorebangka #wonderfulbangkabelitung #bangka #fyp",821,0.05741258741258741
bangkabelitung,7600000000,161000,12400,101,2468,2026-02-17 22:02:29+00:00,Replying to @DrSamuelMattine This is how I travelled to the Banggai islands by myself! It’s the most unreal place I’ve ever been too!! #indonesia #hiddengems #banggai #sulawesi #solotravel,14969,0.0929751552795031
bangkabelitung,7600000000,14700,489,9,24,2026-05-31 22:44:48+00:00,"1june2026, tidak terasa sudah 1tahun1bulan19hari. 
#drone #papua #puncakjaya #kabutmulia #bandaramulia",522,0.035510204081632656
bangkabelitung,7600000000,5100000,273600,10700,303500,2026-04-25 16:21:18+00:00,#fyppppppppppppppppppppppp #springvibes🌸 #belanda🇳🇱,587800,0.11525490196078432
bangkabelitung,7600000000,44500,1927,309,158,2026-06-01 12:20:30+00:00,Buatin Trend sama Pemilik Trendnya Langsung?😱@EX | OLAN #freefire_lover #masukberanda #freefire #fyp #viral,2394,0.05379775280898876
bangkabelitung,7600000000,1800000,119400,496,7416,2025-11-24 05:04:30+00:00,"aik pasang ditanjung kelayang

#fomo #viral #belitung #bangkabelitung #belitungisland",127312,0.07072888888888888
bangkabelitung,7600000000,861,37,0,0,2026-06-02 07:22:10+00:00,Jalinan pertemanan sebaik mungkin......dimanapun berada.#acesemangkabangkabelitung #semangka #petanisemangka🍉🍉 #krodong_mania_indonesia #trukkrodonglintassumatra,37,0.0429732868757259
bangkabelitung,7600000000,407,10,1,0,2026-06-02 11:30:00+00:00,"El Nino Mengintai, Warga Diminta Waspada",11,0.02702702702702703
bangkabelitung,7600000000,8869,297,8,135,2026-05-31 10:51:38+00:00,"สรุปค่าใช้จ่ายทริป Almaty 🇰🇿 แบบไม่ได้จด แต่ระลึกได้เพียงประมาณนี้ นอนสบาย กินฉ่ำ เที่ยวฉ่ำ 1x,xxx เอาอยู่
.
.
#tiktokพาเที่ยว #tiktoktravel #kazakhstan #คาซัคสถาน #เที่ยวต่างประเทศ",440,0.04961100462284361
bangkabelitung,7600000000,1669,167,0,1,2026-05-30 04:36:21+00:00,kiw💋#fyppppppppppppppppppppppp#bangkabelitung,168,0.1006590772917915
bangkabelitung,7600000000,7642,190,5,2,2026-06-02 05:19:58+00:00,"Semoga almarhum di terima di sisi allah swt 😇
#pangkalpinang 
#bangkabelitung 
#fypシ゚viralシ 
#viral 
#fyp @bang godek",197,0.02577859199162523
bangkabelitung,7600000000,428,25,2,4,2026-06-02 01:07:03+00:00,Bubarrrr bubarrrr oyyyyy#healing #tanjungpesonabeach #bangkabelitung @Amanda @escy @G,31,0.07242990654205607
bangkabelitung,7600000000,699,27,2,0,2026-06-02 09:34:31+00:00,Dekorasi Draveri #intimate #wedding #guscikwedding #bangkabelitung #muabangka,29,0.04148783977110158
bangkabelitung,7600000000,599,7,2,0,2026-06-02 14:54:30+00:00,"#beacukaipangkalpinang #ptmmm #ekspor #ilminit #satgastricakti 

Pangkalpinang - Kepala Kantor Bea Cukai Pangkalpinang, Junanto Kurniawan mengatakan, 15 kontainer bermuatan ilmenit yang akan diekspor PT Putraprima Mineral Mandiri (PMM), sudah sesuai aturan. 
‎
‎Hal itu dikatakan Junanto, saat ditemui tim Ru'ds Network Cyber (RNC) di ruang kerjanya, Selasa (2/6) sore. 
‎
‎""Sebelum pengiriman, kita sudah menerima hasil uji lab berupa ilmenit dari Sucofindo dengan kadar diatas 45%, atau sudah memenuhi syarat ekspor,"" ujar Junanto. 
‎
‎""Setelah itu, terbitlah dokumen pemberitahuan ekspor barang (PEB) ke Bea Cukai. Dan apabila semuanya sudah terpenuhi, secara sistem Bea Cukai akan menerbitkan nota persetujuan ekspor (NPE),"" lanjutnya. 
‎
‎Terkait segel, Junanto menjelaskan jika segel yang terpasang di kelima belas kontainer milik PT PMM berasal dari PT Sucofindo, Pelayaran dan Bea Cukai Pangkalpinang. 
‎
‎Dan pada saat Satgas Trisakti ingin melakukan pemeriksaan terhadap 15 kontainer milik PT PMM, Junanto mengungkapkan tidak ada masalah karena hasil uji lab PT Sucofindo dengan hasil uji lab yang dikeluarkan oleh Bea Cukai Pangkalpinang tidak berbeda. 
‎
‎""Kita sudah melakukan rapat bersama dengan Sucofindo, Satgas, Pelayaran serta PT PMM dan hasilnya tidak ada masalah. Dan saya juga bingung seperti apa kejadian penangkapan di Batam itu. Karena jika barangnya tidak sesuai aturan atau kandungan kadar ilmenit kurang dari 45%, barulah dilarang untuk di ekspor,"" jelasnya. 
‎
‎Soal narasi yang menyebut adanya kandungan zat radioaktif, mantan Kepala Kantor Bea Cukai Balikpapan itu tidak menyangkal. Akan tetapi, belum ada aturan yang menentukan persentase logam tanah jarang atau rare earth yang dilarang untuk diekspor.
‎
‎Pasalnya, kandungan rare earth atau zat radioaktif yang ikut tereskpor oleh PT PMM tak sampai 1%.
‎
‎""Semua tanah yang ada di Bangka Belitung ini mengandung LTJ karena memang itu adalah kekayaan alam disini. Hanya saja, belum ada aturan terkait berapa persen yang dilarang ekspor. Secara hasil lab, kandungan LTJ nya sangat kecil, tidak sampai 1%,"" terang Junanto. 
‎
‎""Dan yang dilarang untuk diekspor itu LTJ murni. Saya bisa pastikan yang dikirim oleh PT PMM itu bukan LTJ murni, karena saya bisa melihat jika LTJ murni warnanya kecoklatan bukan hitam pekat,"" tutupnya. 
‎
‎Sementara itu, saat tim RNC mendatangi PT Sucofindo untuk penelusuran data lebih lanjut, salah satu security mengatakan harus ada izin dari PT Sucofindo Pusat, yang berada di Jakarta. 
‎
‎""Harus izin dulu bang dari pusat, pimpinan juga tidak ada dikantor sekarang,"" ujar Security itu. (tim) 
‎",9,0.015025041736227046
bangkabelitung,7600000000,1300000,67400,1896,3250,2025-09-25 10:08:04+00:00,"Pasir putih, laut biru, dan batu granit raksasa yang menjulang gagah ✨
Inilah Tanjung Tinggi, ikon Belitung yang menyimpan harmoni keindahan alam tropis

Cr/IG: @jejaklangkahpicture

📍   Tanjung Tinggi, Belitung

#WonderfulIndonesia 
#ExploreBelitung
#TanjungTinggi
#BangkaBelitung",72546,0.05580461538461538
bangkabelitung,7600000000,167800,976,19,220,2026-04-16 13:38:41+00:00,"Penginapan di pusat kota Pangkalpinang yang worth it banget, harga ramah di kantong tapi punya fasilitas kolam renang dan tempat gym #penginapan #penginapanmurah #pangkalpinang #bangkabelitung #hotelmurah",1215,0.007240762812872467
bangkabelitung,7600000000,648900,98000,751,7136,2026-04-02 09:50:27+00:00,aliyah khansa - puteri indonesia bangka belitung 2026 #fyp #puteriindonesia #viral #bangkabelitung #fypage,105887,0.1631792263831099
bangkabelitung,7600000000,462700,34700,840,3069,2026-01-20 01:25:34+00:00,#fypシ゚viral #beranda #pangkalpinang #bangkabelitung,38609,0.08344283553058136
bangkabelitung,7600000000,44200,508,8,163,2024-06-30 00:30:28+00:00,"📌 Pangkalpinang  merupakan salah Satu Kota dengan populasi masyarakat dengan keaneragaman kerukunan budaya, agama dan ras yang sangat tinggi 
.
.#pangkalpinang #bangka #JelajahLiburan #wisatareligi #jalanaspal #jalanbangka #wisata #bangkabelitung",679,0.015361990950226244
bangkabelitung,7600000000,49800,1950,66,106,2025-11-10 10:07:55+00:00,Info Running🏃‍♀️#bangkabelitung #pangkalpinang #fyp #foryoupage,2122,0.042610441767068276
bangkabelitung,7600000000,911600,14700,856,1429,2026-05-19 10:00:17+00:00,"Wakil Gubernur Kepulauan Bangka Belitung, Hellyana, divonis empat bulan penjara dalam kasus dugaan penipuan tagihan hotel.

Putusan tersebut dibacakan majelis hakim di Pengadilan Negeri Pangkal Pinang. Suasana sidang sempat berlangsung histeris usai hakim membacakan vonis terhadap terdakwa.

Dalam pertimbangannya, hakim menyatakan Hellyana terbukti melakukan tindak pidana penipuan. Kasus ini bermula dari pemesanan kamar hotel, paket pertemuan, konsumsi, dan sejumlah fasilitas lain sejak Agustus 2023 hingga September 2024 yang disebut belum dibayarkan kepada pihak hotel.

Jaksa penuntut umum menyebut tindakan tersebut menyebabkan pihak hotel mengalami kerugian sekitar Rp22,2 juta.

Usai sidang, Hellyana dibawa ke Lapas Perempuan Kelas III Pangkal Pinang. Sementara itu, kuasa hukumnya menyatakan akan mengajukan banding atas putusan majelis hakim.

Simak video selengkapnya dan dapatkan berita terkini lainnya di www.kompas.tv serta youtube.com/kompastv #BOLDKompasTV",16985,0.018632075471698113
bangkabelitung,7600000000,7800000,39300,741,3259,2026-05-20 23:01:36+00:00,"“Guru Kembar - Pewarisan Kawisesan”
from Ogoh Ogoh Artist @sadexbatx 

Calon Arang & Ratna Manggali / Rangda & Rarung

Philosophy: Depicts the ritual of ngereh — the transfer of mystical knowledge and spiritual power from teacher to student. The lower figure represents the powerful master Calon Arang/Rangda, while the floating figure above represents her disciple Rarung/Ratna Manggali receiving the sacred knowledge. The backward-bending floating pose symbolizes the spirit leaving the body during the process of learning and spiritual transmission.

Sacred meaning: A reflection on the responsibility that comes with spiritual knowledge, not a display of power or supernatural ability. 

#nyatabali #ogohogoh #nyepi #baliculture",43300,0.005551282051282051
bangkabelitung,7600000000,22900,346,117,58,2026-04-25 10:44:20+00:00,Membalas @budakbangka07 done #capcut #desaku #fyp #creatorsearchinsight #bangkabelitung,521,0.02275109170305677
bangkabelitung,7600000000,1500000,24100,404,22400,2026-02-19 06:15:32+00:00,"Bali vibes? No passport needed. Batangas lang. 🌊🌴

#nature #travel #beach #batangas #summer",46904,0.031269333333333336
bangkabelitung,7600000000,88800,7819,44,643,2026-04-01 17:59:18+00:00,Bangka Belitung menyalaa kerenn Aliyah #puteriindonesia2026 #sashindonesia🇮🇩,8506,0.0957882882882883
bangkabelitung,7600000000,245200,13400,93,2459,2025-11-30 10:35:58+00:00,"Sebening itu airnya💦😍

#pantaiviral #tanjungkelayang #belitung #bangkabelitung #indonesia",15952,0.06505709624796085
bangkabelitung,7600000000,4958,219,4,53,2026-05-14 02:42:06+00:00,"Have you heard of Sulawesi? 👀🇮🇩 

It’s one of Indonesia’s biggest islands and home to incredible landscapes, rich cultures, stunning coastlines, and adventures that deserve way more attention 🌴✨

From underwater wonders to unique local experiences, Sulawesi is full of surprises and might just be one of Indonesia’s most underrated destinations 📍💙

Save this for your future Indonesia bucket list!

cr. Tiktok: @wonderfulid @jak.stwn @prillylatuconsina15 @tedsss11 @ridz.visuals @mata_langitku @melani_etna @1505.20s @williamnugraha @febysptri_ @faizowkee @muh_adhanirham",276,0.055667607906413875
bangkabelitung,7600000000,29500,563,27,33,2026-04-03 07:36:53+00:00,Indonesian,623,0.02111864406779661
bangkabelitung,7600000000,101800,2021,45,86,2026-01-22 11:41:30+00:00,"Part 1 - Kok bisa ?? Hidden Gems Mercusuar di Mentok Bangka Belitung yang ternyata milik palembang?? Kok bisa?? Kali ini ga Riding, tapi kita Driving dulu ya  #creatorsearchinsights #fyp #traveltiktok #roadtrip #bangkabelitung",2152,0.02113948919449902
bangkabelitung,7600000000,96900,1775,16,918,2023-08-26 01:40:27+00:00,"Embarking on a Journey through Time at GWK Cultural Park! 👀 See the giant statue in Bali 🌄🏛️ Get ready to be awestruck by the monumental Vishnu and Garuda statue, a symbol of divine protection and harmony. This iconic park in Bali not only offers an incredible view of these majestic sculptures but also treats you to a plethora of cultural experiences. 🗺️✨

Roam around lush gardens adorned with traditional Balinese architecture, each corner narrating stories of the past. 🌺🏯 The intricate craftsmanship on display is a testament to the island's rich artistic heritage. 😍🎨 And let's not forget the mesmerizing performances that take place here – from traditional dances to music that resonates with the soul. 🎶🕺

Capture the essence of Bali as you witness breathtaking sunsets through the limestone cutouts. 🌅It's the perfect blend of nature, history, and spirituality. 

Whether you're a culture enthusiast, or simply seeking to be immersed in Bali's enchanting beauty, GWK Cultural Park is a must-visit destination that will leave you inspired and captivated. 🌟📸 Don't miss out on this unforgettable adventure! ✈️🗺️ #GWKCulturalPark #BaliHeritage #VishnuAndGaruda #IndonesiaAdventures #CulturalExploration #balistatue #giantbalistatue #gwkpark #gwkculturalpark #vishnuandgaruda #carryon #carryononly #1monthinbali",2709,0.027956656346749226
bangkabelitung,7600000000,4049,50,14,0,2026-06-01 07:01:23+00:00,Trend kah? #daerahyangpernahkukunjugi,64,0.0158063719436898
bangkabelitung,7600000000,913500,11700,816,2397,2026-04-03 14:13:13+00:00,"KISRUH PENUMPANG DAN PTAMUGARI SUPER AIR JET IU820 CGK - PGK 

3 April 2026,

dalam hal ini saya pribadi sangat menyayangkan kejadian tersebut dan saya juga ada di dalam penerbangan tersebut melihat perseteruan yang terjadi,

selaku wakil rakyat, saya meminta kepada manajemen Super Air Jet segera memperbaiki sistem dan sda yang ada, ada kata-kata yang menurut saya kurang baik dalam perseteruan tersebut, marilah berbenah jangan sampai kekisruhan ini selalu terjadi,

#superairjet #bangkabelitung #iu820",14913,0.01632512315270936
bangkabelitung,7600000000,88900,10500,34,2728,2026-05-28 15:55:58+00:00,คนชอบทะเลที่เที่ยวภูเขาได้นิดหน่อย⛰️👩🏽🦋🍀🔋 #fypシ゚viral #สวิทเซอแลนด์เมืองไทย #เชียงใหม่ #ฝางเชียงใหม่ #chiangmai,13262,0.14917885264341957
bangkabelitung,7600000000,1200000,140200,767,22600,2026-02-15 20:03:32+00:00,I will never get over the Banggai islands in Indonesia🤧 Can’t wait to go back and explore entire Sulawesi!! #indonesia #hiddengems #banggai #sulawesi #solotravel,163567,0.13630583333333332
bangkabelitung,7600000000,4653,357,85,19,2026-06-02 07:18:04+00:00,"Mengantisipasi potensi meningkatnya risiko kebakaran hutan dan lahan (karhutla) akibat fenomena El Nino yang diprediksi terjadi pada tahun 2026, Polda Kepulauan Bangka Belitung menggelar Rapat Koordinasi Penanganan Karhutla di Gedung Tribrata Polda Kep. Babel, Selasa (2/6/2026).

Rapat yang dipimpin langsung oleh Kapolda Kep. Babel, Irjen Pol. Dr. Viktor T. Sihombing, S.I.K., M.Si., M.H., ini menjadi langkah awal dalam memperkuat sinergi dan kesiapsiagaan seluruh pemangku kepentingan menghadapi ancaman karhutla yang berpotensi meningkat akibat fenomena El Nino yang disebut memiliki dampak ekstrem.

Melalui rapat koordinasi ini, berbagai strategi pencegahan, mitigasi, hingga penanganan darurat dibahas secara bersama guna memastikan kesiapan personel, sarana prasarana, serta langkah-langkah terpadu dalam menjaga wilayah Bangka Belitung tetap aman dari ancaman kebakaran hutan dan lahan.

Kegiatan ini menjadi wujud komitmen bersama dalam memperkuat kolaborasi lintas sektor demi meminimalisir dampak karhutla serta melindungi masyarakat dan lingkungan di Provinsi Kepulauan Bangka Belitung.

#polri #polriuntukmasyarakat 
#poldababel #waspadaelnino 
#elnino 

@Kepala Kepolisian RI 
@Humas Polri 
@Polisi Indonesia",461,0.09907586503331184
bangkabelitung,7600000000,24300,788,6,37,2026-01-11 10:45:46+00:00,"#sorotan 
Breakbeat Mix Music - The Drum, Bangka Belitung Indonesia

#music #update #viral #music24",831,0.03419753086419753
bangkabelitung,7600000000,59100,833,103,347,2026-01-09 03:08:17+00:00,"9 januari 2026
Banjir tinggi di Lubuk lingkuk, kec.Lubuk besar, Kab.Bangka Tengah Kepulauan Bangka Belitung

Sumber: Info bencana Bangka Belitung (WA grup)",1283,0.021708967851099832
bangkabelitung,7600000000,120400,5355,98,1748,2026-05-02 11:27:11+00:00,"Kalian harus coba woi🥹, karangnya secantik itu, plis pengen kesini lagi😍🪸🍃✨

#bangkabelitung#pulaugelasa#explore#wisatabangkabelitung",7201,0.05980897009966778
bangkabelitung,7600000000,55600,697,47,461,2026-05-16 11:00:51+00:00,"65 juta aja guyss daerah dealova 
#fyppppppppppppppppppppppp #fypシ゚ #fypシ゚viral🖤tiktok #bangkabelitung #jualtanah",1205,0.021672661870503596
bangkabelitung,7600000000,104100,1780,62,882,2026-04-23 06:02:52+00:00,"Yo spradik
#bangkabelitung #kulinerindonesia #makanan #makananviral",2724,0.0261671469740634
bangkabelitung,7600000000,176400,3590,191,405,2026-04-07 08:51:02+00:00,"JAJAN KUE TRADISIONAL DI KAMPUNG BINTANG BERSAMA @Gracellykaa🌺 
.
.
TOKO KUE LIE LIE
📍Kampung Bintang,Pangkalpinang
     Bangka
#kokobedepur #bedepur #kuebasah #kuetradisional #bangkabelitung",4186,0.02373015873015873
bangkabelitung,7600000000,348600,31600,716,4479,2026-05-19 08:24:40+00:00,#fyp #meretet 🔥,36795,0.10555077452667815
bangkabelitung,7600000000,69200,4628,80,501,2026-04-09 00:59:33+00:00,"Expedisi Bangka Bagian Premium 😁
@cahya_amalia14 @tambs_visual  #bangkabelitung #explore #pesonaindonesia #bangka #belitung",5209,0.07527456647398843
bangkabelitung,7600000000,283800,29300,744,3289,2026-04-07 06:49:57+00:00,Panas bedengkeng🔥#indonesia #panas #bangkabelitung,33333,0.11745243128964059
bangkabelitung,7600000000,173900,30600,93,1863,2026-05-02 09:08:39+00:00,"konser Rony parulian 👋 

#konser #ronyparulian #bangkabelitung #fypage",32556,0.18721104082806211
bangkabelitung,7600000000,32100,465,23,169,2026-05-02 12:46:50+00:00,GUA JUGA NGILERR 🥵🥵#bangkabelitung #fypage #viraltiktok #fypage #fypシ゚,657,0.020467289719626167
bangkabelitung,7600000000,137600,6016,115,1798,2024-07-08 14:35:54+00:00,"Berlari di hamparan pasir putih Selalu Membuat hati terasa Tenang, 
Mention Temen kamu yang pengen kesini. 

#PantaiButundaru

📍Sungailiat, Bangka

#wisatasungailiat
#wisataindonesia 
#wisatabangka 
#vibespantai 
#wonderfulindonesia 
#bangkabelitung 
#bangkaisland 
#pantaibangka 
#pangkalpinang",7929,0.057623546511627904
bangkabelitung,7600000000,69600,3023,42,272,2026-02-09 06:26:08+00:00,#sunset #bangkabelitung #tanjungtinggi #fypシ,3337,0.047945402298850574
bangkabelitung,7600000000,286400,3581,99,2139,2025-06-16 08:32:03+00:00,"Room Type : Deluxe sea view 
Bayangin, pagi pagi buka tirai jendela dan kamu baru sadar kalo ini bukan cuma penginapan. Ini ""surga"" yang bisa kamu nikmatin keindahannya🌴✨ #bangkabelitungisland #xyzbca #explorebangka #paraibeachresort #pesonaindonesia #fypシ",5819,0.0203177374301676
bangkabelitung,7600000000,17400,683,67,126,2026-05-31 10:00:00+00:00,"Quem já visitou essa cidade? 🥶

#EspiritoSanto #DomingosMartins #Capixaba #TurismoES ##Viagem",876,0.0503448275862069
bangkabelitung,7600000000,61400,3186,454,463,2026-03-08 11:28:43+00:00,#fyp #pangkalpinang #babel #bangkabelitung #mobolelegendsmlbb,4103,0.06682410423452768
bangkabelitung,7600000000,2143,209,7,7,2026-05-31 13:14:52+00:00,Chiều chủ nhật đi chill chill #giaocun #vanhow #vietphucnhuhoa,223,0.10405972935137657
bangkabelitung,7600000000,291300,9573,386,603,2026-06-01 04:32:13+00:00,#kotasupai #kualalinggi,10562,0.03625815310676279
bangkabelitung,7600000000,4243,61,1,0,2026-06-02 07:01:54+00:00,"Pemerintah Kabupaten Bangka Selatan resmi menetapkan jadwal pelaksanaan Sistem Penerimaan Murid Baru (SPMB) tahun ajaran 2026 untuk jenjang TK, SD, dan SMP. Informasi tersebut disampaikan Kepala Dinas Pendidikan dan Kebudayaan Bangka Selatan, Anshori, pada Selasa (2/6/2026). Pendaftaran akan dimulai pada pertengahan Juni dengan tahapan yang berbeda sesuai jenjang dan jalur penerimaan.Anshori menjelaskan, pendaftaran jenjang TK dibuka pada 17 hingga 22 Juni 2026. Sementara untuk SD dan SMP, pendaftaran dilakukan secara daring melalui laman resmi yang telah disiapkan pemerintah daerah, dengan jadwal yang disesuaikan berdasarkan jalur afirmasi, mutasi, prestasi, dan domisili. Hari pertama masuk sekolah dijadwalkan pada 13 Juli 2026.Selain menetapkan jadwal, pemerintah daerah juga mengatur daya tampung setiap sekolah berdasarkan jumlah rombongan belajar yang tersedia. Pemkab Bangka Selatan turut melibatkan sekolah swasta sebagai sekolah penyangga guna mengantisipasi penumpukan calon murid di sekolah tertentu serta memastikan pemerataan akses pendidikan di seluruh wilayah.

#ti̇ktok #TikTokBerita #Tribunnews #BangkaPos #BangkaBelitung",62,0.014612302616073533
bangkabelitung,7600000000,1200000,36400,169,4130,2026-05-31 09:25:43+00:00,"Liburan akhir pekan sekelompok remaja asal Kota Kendari berakhir tragis saat berkunjung di destinasi wisata Pulau Bokori, Kecamatan Soropia, Kabupaten Konawe, Sulawesi Tenggara (Sultra).  Remaja berusia 18 tahun berinisial GF, tewas setelah tersengat aliran listrik dari kabel lampu hias yang terkelupas, Minggu (31/5/2026) pagi.   #remaja #tersengatlistrik #PulauBokori #Konawe #SulawesiTenggara #TribunnewsSultra #fyp #viral",40699,0.03391583333333333
bangkabelitung,7600000000,44,0,0,0,2026-06-02 14:27:08+00:00,"#indonesia
#FakeBali
#BaltimoretoBandung
#AmazingCulture",0,0.0
bangkabelitung,7600000000,203000,10800,182,3206,2026-06-01 13:23:32+00:00,"Fenomena alam langka kembali menghiasi kawasan Sembalun, Kabupaten Lombok Timur. Savana Propok tampak diselimuti kristal es pada pagi hari, menciptakan pemandangan yang memukau dan menarik perhatian warga maupun wisatawan.

Fenomena tersebut dikenal sebagai frost atau embun beku, yakni kondisi ketika embun yang menempel di permukaan rumput dan tanah membeku menjadi kristal es akibat suhu udara yang turun hingga mendekati atau bahkan di bawah 0 derajat Celsius.

Di Indonesia, fenomena ini lebih dikenal dengan sebutan embun upas. Kemunculannya umumnya terjadi di wilayah dataran tinggi saat memasuki puncak musim kemarau, ketika suhu udara pada malam hingga dini hari mengalami penurunan drastis.

Hamparan rumput yang tertutup lapisan kristal es membuat Savana Propok terlihat bak negeri musim dingin. Fenomena ini pun menjadi daya tarik tersendiri bagi wisatawan yang berkunjung ke kawasan kaki Gunung Rinjani tersebut.

Meski menawarkan panorama yang indah, embun beku juga memiliki dampak terhadap lingkungan. Suhu dingin ekstrem yang memicu terbentuknya frost dapat menyebabkan tanaman mengalami kerusakan, terutama pada tanaman pertanian yang sensitif terhadap perubahan suhu.

Wisatawan yang berencana menikmati fenomena embun beku di Sembalun pada pagi hari diimbau untuk mempersiapkan diri dengan mengenakan pakaian hangat atau jaket tebal guna menghindari paparan suhu dingin yang cukup ekstrem.

Fenomena embun upas sendiri menjadi salah satu daya tarik musiman yang kerap dinantikan masyarakat dan wisatawan setiap musim kemarau di kawasan dataran tinggi Sembalun.

#ntbupd4te #beritahariini #beritaviral #fyp #sembalun",14188,0.06989162561576355
bangkabelitung,7600000000,57700,2146,119,572,2026-05-29 15:49:03+00:00,"Quand la chaleur devient étouffante en ville, il suffit de prendre de l’altitude… Direction le Mont Rond à 1 533 m, au départ de Saint-Claude (Jura). Entre vallées verdoyantes, forêts infinies, panoramas à couper le souffle et même quelques plaques de neige encore visibles, ce vlog montre l’un des plus beaux coins du Haut-Jura. 🌲☀️

🔥 30°C en bas… sensation de fraîcheur en haut.
🌄 Des paysages qui ressemblent aux Alpes.
📸 Un spot encore méconnu qui mérite d’être découvert.

Qui aurait cru qu’un tel décor se cachait à seulement quelques minutes de Saint-Claude ? 😍

#Jura #SaintClaude #MontRond #HautJura #France",2837,0.04916811091854419
bangkabelitung,7600000000,9361,201,1,0,2026-06-02 03:54:11+00:00,"Timnas Indonesia mulai menjalani latihan intensif sebagai persiapan menghadapi Oman dalam agenda FIFA Matchday Juni 2026. Sesi latihan perdana digelar di Jakarta pada Senin (1/6/2026) malam dan diikuti sebagian besar pemain yang telah bergabung dalam pemusatan latihan.
Pelatih John Herdman tampak aktif memberikan arahan langsung di lapangan. Fokus utamanya adalah memperkuat organisasi pertahanan, berkaca pada penampilan disiplin Timnas Indonesia saat menghadapi Bulgaria. Meski demikian, Herdman menegaskan timnya tidak boleh hanya mengandalkan permainan bertahan dan harus lebih berani membangun serangan.
Laga melawan Oman dijadwalkan berlangsung pada 5 Juni 2026 di Stadion Utama Gelora Bung Karno (GBK), Jakarta. Setelah itu, skuad Garuda akan menghadapi Mozambik pada 9 Juni. Saat ini hampir seluruh pemain telah bergabung, sementara Calvin Verdonk dan Joey Pelupessy masih dalam perjalanan menuju Indonesia dan diperkirakan segera menyusul ke pemusatan latihan.

#ti̇ktok #TikTokBerita #Tribunnews #BangkaPos #BangkaBelitung",202,0.021578891144108537
bangkabelitung,7600000000,249500,6741,444,1153,2025-10-05 14:07:34+00:00,"Bahasa daerah Bangka Bangka Belitung.
Transportasi kuno jaman dulu kerito surong peninggalan warisan budaya benda.
The regional language of Bangka Belitung.
The ancient transportation of the past, the Kerito Surong, is a relic of tangible cultural heritage.
#bangkabelitung
#pangkalpinangbangka 
#bali#belitung#bangka",8338,0.0334188376753507
bangkabelitung,7600000000,126500,9511,373,1813,2026-05-21 04:00:00+00:00,"Full ver. channel YouTube Kangmoosik
#luwuk #sulawesitengah #pantaikilolima",11697,0.09246640316205533
bangkabelitung,7600000000,15200,2500,93,122,2026-06-01 13:34:21+00:00,Yas Water world 🌊🏊‍♀️#fyp #abudhabi🇦🇪 #yaswaterworld #❤️❤️❤️ #zona🇦🇪,2715,0.17861842105263157
bangkabelitung,7600000000,252300,9064,499,3422,2025-09-19 12:34:07+00:00,In The mines Such Amazing Experience in Bangka Island 🏝️ #bangkabelitung #bali #fyp #goviral #indonesia,12985,0.05146650812524772
bangkabelitung,7600000000,392000,9409,75,805,2026-05-28 10:50:45+00:00,Sapa đẹp lắm cụ thể là Topas #binhanhvlog #topasecolodge #vochongbinhanh,10289,0.026247448979591838
bangkabelitung,7600000000,90900,5974,19,1880,2026-05-31 07:21:16+00:00,"สรุปค่าใช้จ่ายหมู่เกาะสุรินทร์4วัน3คืน🌴🥥🌺🪸🫧✨

📍หมู่เกาะสุรินทร์ จ.พังงา ประเทศไทย🇹🇭
🩵 เปิด15ตุลา-15พฤษภาของทุกปี
🪸 จุดดำน้ำตื้นที่สวยที่สุดในไทย
🫧 ไฮไลท์หมู่บ้านมอแกน ชนเผ่าท้องทะเลพื้นเมือง , ออกเรือดำน้ำคนละ200 , หน้าหาดเดินไปดูนีโม่ได้ใกล้ๆ🐡✨
💵 บนเกาะใช้เงินสดเท่านั้น 

#หมู่เกาะสุรินทร์ #เที่ยวทะเล #เที่ยวไปเรื่อย #viral #นัทสะติ้ด",7873,0.08661166116611661
bangkabelitung,7600000000,6418,158,8,53,2026-03-31 17:21:24+00:00,Ubb💙#snbp #biru #universitasbangkabelitung #universitas #fyp,219,0.03412277968214397
bangkabelitung,7600000000,140300,5304,128,1159,2026-05-17 09:14:15+00:00,"Ride Kuda Santai Di Pantai UMS 
#kuda #sabahantiktokers #pantai",6591,0.04697790449037776
bangkabelitung,7600000000,24500,186,4,76,2026-01-11 06:43:12+00:00,"Curah Hujan Tinggi Picu Banjir di Tiga Kabupaten Bangka Belitung

Bangka Belitung — Banjir melanda tiga kabupaten di Provinsi Kepulauan Bangka Belitung, yakni Kabupaten Bangka Barat, Bangka Tengah, dan Kabupaten Bangka, pada Jumat, 9 Januari 2026. Banjir terjadi akibat meningkatnya debit air yang dipicu oleh curah hujan cukup tinggi dalam beberapa waktu terakhir.

Hingga saat ini, BPBD provinsi bersama BPBD kabupaten/kota masih terus melakukan pemantauan perkembangan situasi di lapangan guna mengantisipasi dampak lanjutan.

BPBD juga mengimbau masyarakat, khususnya yang berada di daerah rawan banjir, agar tetap waspada dan berhati-hati terhadap potensi peningkatan debit air. 

Warga diminta segera melaporkan kepada aparat setempat apabila terjadi kondisi darurat atau membutuhkan bantuan.
#banjir #bangkabelitung #rakyatindonesiaid",266,0.010857142857142857
bangkabelitung,7600000000,370000,12200,623,1773,2026-05-23 04:00:00+00:00,"23 May 2026: “Thought it was just a quick stop” until your car disappears 👀In Kota Kinabalu, authorities aren’t playing around when it comes to illegal parking. One wrong parking spot and it’s straight to the towing yard… meaning auto balik naik Grab 😅 Lesson of the day: park smart, or prepare for an expensive surprise. 🚗⚠️

@thesundaily
#theSun #theSunMY #KotaKinabalu #WrongParking #ParkSmart",14596,0.03944864864864865
bangkabelitung,7600000000,1799,132,1,3,2025-05-05 11:54:42+00:00,"Lanjut explore Lombok, kali ini singah di Pantai Selong Belanak. Salah satu pantai cantiknya Lombok, kondisi jg gak begitu rame turis, jd bsa puas foto2.

#travel #jalan #jalanjalan #kemanaajaboleh #pantai #beach #beachvibes #pantaiselongbelanak #lombok #ntb",136,0.07559755419677598
bangkabelitung,7600000000,40200,462,16,227,2026-02-05 12:36:16+00:00,"Danau Kaolin – Birunya Alami, Kontrasnya Nyata
Terbentuk dari bekas tambang kaolin, kini berubah jadi destinasi ikonik dengan warna air biru toska yang kontras dengan hamparan pasir putih.
📍 Lokasi detail:
Danau Kaolin
Desa Nibung, Kecamatan Koba
Kabupaten Bangka Tengah, Kepulauan Bangka Belitung
±15 menit dari pusat Kota Koba
Akses mudah kendaraan roda dua & empat

Pulau Bangka bukan cuma pantai.
Kadang, keindahan lahir dari bekas luka alam yang diberi kesempatan kedua.
@TikTok Promosi Indonesia 
@Pesona Indonesia 
@Wonderful Indonesia 
#DanauKaolin
#WisataBangka
#BangkaBelitung
#ExploreBangka
#DroneIndonesia
VisitBangka
PesonaIndonesia
HiddenGemBangka",705,0.01753731343283582
bangkabelitung,7600000000,21000,344,181,126,2026-04-24 11:21:42+00:00,"Program Timah Beriga dari PT Timah di Bangka Belitung membawa harapan baru bagi keluarga dan masa depan daerah.
#pttimah #bangkabelitung #tambangtimah #timahfu #infobangka",651,0.031
bangkabelitung,7600000000,32100,1889,60,1058,2026-06-02 02:17:12+00:00,Baru awal bulan😹 #zyykncol #bangkaselatan #bangkabarat #bangkatengah #bangkabelitung,3007,0.0936760124610592
bangkabelitung,7600000000,398,12,0,0,2026-05-26 05:33:26+00:00,cuaca bangka belitung,12,0.03015075376884422
bangkabelitung,7600000000,17100,547,12,9,2026-06-02 08:37:32+00:00,"Cek and ricek usai libur. Apel personel untuk memastikan kesiapan, kedisiplinan, dan semangat kembali dalam pelaksanaan tugas melayani masyarakat.
#polripresisi 
#polri 
#polriuntukmasyarakat 
#bangkabelitung 
#pangkalpinang",568,0.033216374269005845
bangkabelitung,7600000000,1277,46,5,0,2026-06-02 08:48:34+00:00,#bangkabelitung #tambangtimahbangkabelitung #anaktambang,51,0.039937353171495694
bangkabelitung,7600000000,22600,753,54,125,2026-05-31 14:13:30+00:00,"Membalas @shira97414 
#assalamualaikum_shbtku_semua #bangkabelitung 🫶💞 #pantai #senja #sunset 
ketika rindu",932,0.04123893805309734
bangkabelitung,7600000000,247400,2806,50,124,2026-03-31 12:48:35+00:00,#viraltiktok #bangkabelitung #dj #fyp #jogetviral,2980,0.012045270816491512
bangkabelitung,7600000000,282,25,0,0,2026-06-02 12:07:44+00:00,"🤏🏼🤏🏼🤏🏼

#belitung  #sorotan #bangkabelitung",25,0.08865248226950355
bangkabelitung,7600000000,16300,405,11,130,2026-05-31 14:26:39+00:00,"Ramee poll 🥵🙌🏻
#pulauketawai #bangkabelitung #lebaran #liburan #pantai",546,0.033496932515337426
bangkabelitung,7600000000,109800,2507,59,569,2026-02-10 10:19:46+00:00,"Terimakasih trip nya 2D1N
P. ketawai - P. Gusung asam

#Bangkabelitung #pulauketawai 
#pesonaindonesia",3135,0.028551912568306012
bangkabelitung,7600000000,38200,637,51,140,2026-05-31 05:25:58+00:00,"BUKAN SEMBARANG SAMPAH! LIMBAH TRILIUNAN YANG JADI REBUTAN MAFIA

Kalian tahu nggak, ada 'sampah' di Bangka Belitung yang harganya sampai triliunan rupiah dan sekarang lagi jadi rebutan mafia internasional?
Negara kita punya harta karun luar biasa, tapi malah diincar buat diselundupkan secara ilegal. Menurut kalian, siapa nih dalang di balik semua ini? Apakah ada kaitannya dengan perusahaan yg sedang bermasalah hukum dan viral itu? Tulis di kolom komentar ya!

#fyp #bangkabelitung  #logamtanahjarang #viral  #mafiatambang",828,0.021675392670157067
bangkabelitung,7600000000,188200,9652,190,1278,2025-06-26 02:08:58+00:00,welcome to Bangka Island #ExploreBangka #bangkabelitung #WisataBangka #PesonaIndonesia #pulaubangka,11120,0.05908607863974495
bangkabelitung,7600000000,34700,623,18,226,2026-02-09 12:12:54+00:00,"Kondisi Pantai Turun Aban yang Mulai bisa di kunjungi keindahannya oh ia disana juga ada sewapaddleboar + drone bisa booking dari sening sampe Minggu lebih ok main di sore hari kalau gak percaya coba DM Mimin
drone : DJi Mini 3
@TikTok Promosi Indonesia 
@pesonaindonesia 
@Wonderful Indonesia 
.
.
#promomakanharian 
#ExploreBangka #BangkaBelitung 
#pesonaindonesia 
#wonderfulindonesia",867,0.024985590778097984
bangkabelitung,7600000000,18700,179,18,14,2025-12-17 06:22:37+00:00,#bangkabelitung #anaktambang #kip,211,0.011283422459893049
bangkabelitung,7600000000,17000,296,22,40,2026-06-01 16:49:17+00:00,"Mehoa dapat  buah Jeruk dan Kangkung banyak banget , 

Ini kebun Authentic Seperadik.. lebih dari Kata Original .. 
Karena apa ? Karena Bos Sawi nya Akhiu dan Yang Bekerja Mindah Bibit nya Yuk Mar dan Bik Yuniar 😇😇, 
Sudah Sangat Pancasilanomic banget ini CEO Kebon SAWI, Kangkung dan Kebon Bayam nya ini 

Choisim itu Sayur Sawi Manis,

Semoga sehat selalu Khiwme dan Mentue Mehoa 

Hari Libur 1 Juni 2026

#mehoa #bangkabelitung #balunijuk #kebon",358,0.021058823529411765
bangkabelitung,7600000000,105800,1260,59,662,2026-02-19 12:25:49+00:00,"loker perkebunan sawit di bangka belitung
info lowongan kerja admin mill, admin warehouse, dan operator di perusahaan sawit terbesar di bangka babel 
mitra jaya group

#lokerpangkalpinang #lokeradmin #lokersawit #lokerbabel #fypbabel",1981,0.018724007561436672
bangkabelitung,7600000000,3597,138,0,5,2026-06-01 16:17:05+00:00,"LFPB Tingkat Provinsi Kepulauan Bangka Belitung 2026 🇮🇩

LFPB Tingkat Provinsi Kepulauan Bangka Belitung yang diselenggarakan pada 31 Mei 2026 di Pangkalpinang. Kegiatan ini diikuti oleh berbagai SMA/SMK terbaik se-Bangka Belitung, termasuk SMAN 1 KOBA.

Terima kasih kepada seluruh pelatih, pembina, dan teman-teman yang telah memberikan dukungan dan semangat. Semoga pengalaman ini menjadi langkah untuk terus berkembang, berprestasi, serta menumbuhkan jiwa disiplin, kerja sama, dan nasionalisme.

SMAN 1 KOBA — Berprestasi, Tangguh, Berahlak Hebat ! ❤️🤍

#lkbbpaskibra #bangkabelitung #paskibra #smansakoba",143,0.039755351681957186
bangkabelitung,7600000000,91000,2779,48,1713,2026-04-12 09:07:19+00:00,UBI MADU BRULEE SEBERANG KODIM JALAN SELAN PANGKALPINANG BANGKA BELITUNG #bangkabelitung #pangkalpinang #bangka #kulinerbangka #viral,4540,0.04989010989010989
bangkabelitung,7600000000,7170,61,4,38,2026-05-06 04:42:37+00:00,"📍Ketawai Island...
Hubungi yaa gaes jangan lupaa, masih ada slotnyaa....
#opentrip #tripketawai #wisatabangka #bangkabelitung #pulauketawai",103,0.014365411436541143
bangkabelitung,7600000000,113900,4730,155,2760,2026-02-28 12:23:06+00:00,"Mari ramaikan guys🔥
Tapi ini belum 100% ya🙌🏻

#bangkabelitung #agrowisata #swasembadapangan #hiddengems",7645,0.06712028094820018
bangkabelitung,7600000000,1326,274,2,5,2026-05-31 10:12:55+00:00,#bangkabelitung #bangkaselatan,281,0.2119155354449472
bangkabelitung,7600000000,170100,4601,33,3506,2025-12-15 10:17:33+00:00,"belom jadi anak gaul dipangkalpinang kalo belom tau sama coffeeshop yang satu ini! 🙌🏻

pas masuk kedalem, vibesnya tuh ngalcer abis cuy! ada sentuhan vintage yang setiap spot nya tuh fotoable banget. trs untuk menunya juga ga cuma fokus di kopi, tapi ada milk based, tea series bahkan boom soda. menu makanannya juga menarik buat dicoba!

khusus desember ini, @sevelcoffee_117 kasih diskon 10% yang syaratnya cukup follow dan tag story ke @sevelcoffee_117 🙌🏻

📍 Sevel Coffee @sevelcoffee_117 
📌 Jl. Kapten Sulaiman Arief, Masjid Jamik, Pangkalpinang 
⏰ Buka Setiap Hari (09.00-23.00)

#bangkabelitung #pangkalpinang #pangkalpinangbangka #bangka #bangkaisland",8140,0.04785420340975897
bangkabelitung,7600000000,12200,154,1,41,2026-06-01 09:11:03+00:00,"Gubernur Kepulauan Bangka Belitung, Hidayat Arsani, memimpin upacara peringatan Hari Lahir Pancasila di halaman Kantor Gubernur Babel, Senin (1/6/2026). Upacara diikuti ribuan ASN Pemprov Babel yang mengenakan seragam batik Korpri dan berlangsung khidmat di bawah terik matahari.
Dalam kesempatan tersebut, Hidayat Arsani membacakan pidato Kepala Badan Pembinaan Ideologi Pancasila (BPIP). Ia mengajak masyarakat dan seluruh ASN untuk menghormati serta memaknai Hari Lahir Pancasila sebagai momentum penting dalam mengenang sejarah bangsa Indonesia.
Menurut Hidayat, sejarah memiliki peran penting dalam menentukan perjalanan suatu bangsa sehingga tidak boleh dilupakan. Rangkaian upacara kemudian ditutup dengan pembacaan doa dan foto bersama Gubernur, jajaran kepala OPD, serta anggota Paskibraka Provinsi Kepulauan Bangka Belitung.

#ti̇ktok #TikTokBerita #Tribunnews #BangkaPos #BangkaBelitung",196,0.016065573770491802
bangkabelitung,7600000000,135200,3452,71,1151,2025-11-22 06:08:08+00:00,"Waktu hari minggu kemarin gak sengaja pengen ke pantai dipejem, dan kageeeeet banget ternyata di muara ini indaaaaah banget airnya woy, jernih bgt. Beberapa kali kesitu tapi ini yang paling indahhhhhh🥰✨
Note : dimuara ini katanya ada “buayanya”. Tp alhamdulillahnya pas kita kesana aman cong, jadi kalian yang mau kesini tetap hati hati yaa cong👌🏻
#pejem #muarapejem #belinyu #bangkabelitung #pantaiterindahdibelinyu",4674,0.03457100591715977
bangkabelitung,7600000000,94200,2997,106,638,2026-05-17 13:30:39+00:00,"tempat sunsetan di Babel lagi viral ni gesss 
📍Depan Bukit Kejora
#fyp #bangkabelitung",3741,0.03971337579617834
bangkabelitung,7600000000,103100,6306,262,680,2026-05-06 11:07:28+00:00,"udara terbersih di Indonesia 
Belitung Kepulauan Bangka Belitung #belitung #bangkabelitung #tanjungpandan #laskarpelangi",7248,0.07030067895247333
bangkabelitung,7600000000,266400,16000,211,1419,2025-11-21 05:25:04+00:00,"Dirgahayu Provinsi Kepulauan Bangka Belitung ke 25.
Bersatu Bersama untuk Babel Berjaya...
#bangka #Bangkabelitung #hutbabel #fyp #pulaubangka",17630,0.06617867867867867
bangkabelitung,7600000000,195500,12900,285,2391,2025-05-19 09:09:17+00:00,"On Pulau Ketawai, the world grows quiet. Crystal clear waters meet powdery sands, and the horizon stretches wide with promise. Here, the only rush is the ocean kissing the shore, and the only crowd is the coral dancing below.

📸 Ig: @ardian.explore
📍Pulau Ketawai, Bangka Tengah, Indonesia

#WonderfulIndonesia
#PulauKetawai
#BangkaBelitung
#TropicalSilence
#Indonesia",15576,0.07967263427109975
bangkabelitung,7600000000,603000,47500,741,2686,2025-01-07 14:33:35+00:00,20 horas de vuelos pero valió la pena 😍 @MolaMola #coraleye #bangka #bangkabelitung #coraleyeresort #indonesia #dive #diving #travel,50927,0.08445605306799336
bangkabelitung,7600000000,25900,191,21,23,2026-02-15 14:17:21+00:00,"POV :
Harta Karun
Bangka Belitung 

#hartakarun 
#timah 
#batang 
#bangkabelitung 
#fyp",235,0.009073359073359074
bangkabelitung,7600000000,93800,2731,63,2825,2026-05-08 05:32:47+00:00,COFFEE SHOP THE GARDEN BOLAK BALIK 📍SIMPANG KAMPAK (EX SAUNG AYANI) PANGKALPINANG BANGKA BELITUNG #bangkabelitung #pangkalpinang #bangka #kulinerbangka #kuliner,5619,0.05990405117270789
bangkabelitung,7600000000,138900,1603,14,462,2025-12-19 13:29:37+00:00,Save Video ini untuk kamu yang  cari Hotel Low Budget di Kota PangkalPinang #sultanviralhotel #kostel99 #bangkabelitung #hotelbangka #hoteldipangkalpinang,2079,0.014967602591792657
bangkabelitung,7600000000,307000,32700,386,6579,2024-12-25 23:10:51+00:00,#camping #sunset #fyp #bangkabelitung,39665,0.12920195439739413
bangkabelitung,7600000000,185200,3964,119,3231,2025-08-12 10:30:26+00:00,"Tempat Nongkrong asik di Pangkalpinang yang ada Live Music + DJ show. Tempatnya luas & semi outdoor. Makanan disini juga affordable
Rebel House / Bangka Garage 
📍jl selan sebelum kodim pangkalpinang #promomakanmerdeka #bangkabelitung #fyppppppppppppppppppppppp #kulinerbangka #kulinernyamen",7314,0.03949244060475162
bangkabelitung,7600000000,1200000,52200,657,13200,2025-04-23 05:20:47+00:00,"Ternyata pantai ter keren di Indonesia Ada di Kab.Bangka loh.

Dengan menempuh perjalanan sekitar 10-15 menit dari kota sungailiat kita bisa menikmati pantai terkeren dan se indah ini, Dengan panorama bebatuan nya yang besar dan unik membuat pantai ini menjadi salah satu tujuan wisata yang wajib di kunjungi saat ke Sungailiat.

Kalau ada kesempatan, Siapa orang yang mau ajak kamu kesini?

#bangkabelitung #sumervacation #sungailiat #wonderfulindonesia #pesonaindonesia #visitbangkabelitung #exploreindonesia",66057,0.0550475
bangkabelitung,7600000000,281400,5019,502,2334,2026-05-30 01:18:51+00:00,"🥶 Bali mendadak dingin!
Suhu malam hari terasa menggigil di beberapa wilayah Bali.
BMKG akhirnya buka suara soal penyebab fenomena ini.

#Bali #CuacaBali #BMKG #Viral #BeritaBali",7855,0.027914001421464107
bangkabelitung,7600000000,2900000,40000,1143,6100,2026-01-24 10:13:37+00:00,Tipis tipis tapi pasti 🤪#ogoh_ogoh_bali #ogohogoh #fyp #viralvideo #masukberanda,47243,0.016290689655172413
bangkabelitung,7600000000,99400,8816,52,886,2026-05-09 04:46:00+00:00,Welcome to Lombok Island 🏝️,9754,0.09812877263581489
bangkabelitung,7600000000,32300,1401,71,363,2026-05-26 17:29:29+00:00,"3 semaines au paradis entre lagons turquoise, requins, raies et sunsets incroyables 🌺🌴✨
Notre itinéraire en Polynésie française 🇵🇫 :
📍 Moorea
📍 Huahine
📍 Bora Bora
📍 Rangiroa
📍 Tikehau

Entre snorkeling, motus, eau cristalline et vibes polynésiennes… ce voyage restera gravé à vie 🤍🌊

Tu pars où en premier ? 👀

 #polynesie #moorea #travel #bora #paradise",1835,0.056811145510835916
bangkabelitung,7600000000,42300,378,3,45,2026-05-29 04:47:59+00:00,"KOTA KINABALU, 29 Mei- Polis menahan tujuh pelajar sekolah menengah bagi membantu siasatan berhubung kes pukul seorang pelajar perempuan di Sabah, susulan sebuah video yang tular bermula semalam.

Wartawan: Diyana Elmin
Video: Orang awam

Layari laman portal berita.rtm.gov.my untuk berita selanjutnya atau ikuti laporan berita penuh di semua platform siaran televisyen dan radio RTM.

Dapatkan berita terkini di Channel WhatsApp Berita RTM! Follow kami di https://whatsapp.com/channel/0029VavQxy21t90TQpwl281t

'Yang sahih di RTM'
#RTM #BeritaRTM #MalaysiaMadani #TaatSetia #BersamaMALAYSIAKU #RancakkanMADANI #MADANIBekerja",426,0.010070921985815603
bangkabelitung,7600000000,101700,3620,70,766,2026-01-19 01:05:14+00:00,jangan kapok yaa @ZUREE #masukberanda #fyp #bangkabelitung,4456,0.04381514257620452
bangkabelitung,7600000000,46900,493,12,16,2025-11-10 03:39:38+00:00,Bangka Belitung#tpi #bangkabelitung,521,0.011108742004264392
bangkabelitung,7600000000,3700000,76200,1146,3249,2026-05-30 08:48:28+00:00,"🌳🏭 Viral di media sosial! Sebuah video dari Balikpapan memperlihatkan pemandangan tak biasa. Dari balik lebatnya hutan, tiba-tiba tampak kawasan industri besar yang membuat banyak warganet terkejut.
Kontras antara alam dan pembangunan ini memicu beragam komentar dari netizen. Bagaimana menurut Anda?
💬 Tulis pendapat Anda di kolom komentar.

#Balikpapan #KalimantanTimur #Viral #ViralIndonesia #BeritaViral",80595,0.02178243243243243
bangkabelitung,7600000000,120400,1946,55,161,2026-02-01 16:45:54+00:00,#fyp #kentut #story #4u #bangkabelitung,2162,0.017956810631229236
bangkabelitung,7600000000,1828,22,1,0,2026-05-29 18:22:01+00:00,#tiktoklive #livehighlights #bangkabelitung #dodossoe18 #dodossoe88,23,0.012582056892778994
bangkabelitung,7600000000,663,14,0,0,2026-05-30 07:56:03+00:00,Hari lebaran ke3 Di Desa cambai Bangka Belitung #bangkabelitung #babel #iduladha2026,14,0.021116138763197588
bangkabelitung,7600000000,7300000,71600,440,4650,2026-05-08 01:17:55+00:00,"a really funny moment

#nyatabali #ogohogoh #nyepi #baliculture",76690,0.010505479452054794
bangkabelitung,7600000000,72400,4285,458,176,2025-12-16 11:26:20+00:00,"#CapCut chindo pemali bangka belitung
#bangkainduk
#fypage 
#bangkabelitung",4919,0.06794198895027624
bangkabelitung,7600000000,23700,525,84,29,2025-11-28 07:23:17+00:00,Evolution of South Sumatra & Bangka Belitung #fyp #edit #mapping #evolution #sumatraselatan,638,0.026919831223628694
bangkabelitung,7600000000,944300,6199,195,578,2026-04-22 16:13:54+00:00,"Seorang driver Gojek di Bali mendadak viral di media sosial setelah membagikan pengalaman unik saat mengantar penumpang asal Jepang.

Driver yang juga dikenal sebagai konten kreator Instagram dengan akun @junagojekiciboss itu awalnya hanya merekam aktivitas rutinnya saat bekerja di jalan. 

Namun, perjalanan yang terlihat biasa tersebut justru berubah menjadi momen tak terduga.

Baca selengkapnya di inikan.id",6972,0.007383246849518162
bangkabelitung,7600000000,4162,68,2,3,2026-06-02 09:01:58+00:00,"🥀
#sumbawantb #tkwhongkong🇮🇩🇭🇰",73,0.017539644401729938
bangkabelitung,7600000000,165300,3002,33,609,2026-05-19 06:25:09+00:00,"58 biksu menjalani perjalanan spiritual sejauh 666 KM menuju Candi Borobudur untuk menyambut Waisak 2026

Mereka berjalan kaki lintas pulau selama tiga pekan hanya dengan membawa perlengkapan sederhana. Sebuah perjalanan penuh keteguhan, doa, dan perdamaian.

#INVENTA #ManajemenAset #PengelolaanAset #InventarisAset #Aset",3644,0.022044767090139143
bangkabelitung,7600000000,180800,6026,185,357,2025-09-08 15:45:48+00:00,#bangka #bangkabelitung #explore #pantaibangka,6568,0.036327433628318584
bangkabelitung,7600000000,439900,7954,144,256,2026-01-28 12:53:07+00:00,Wish this kinda playgrounds were around when I was young.,8354,0.018990679699931803
bangkabelitung,7600000000,487,12,0,0,2026-06-02 12:45:05+00:00,"di cekel kok bablas KY aliran banyu ae 🤣🤣🤣
#fypシ #hongkongindonesia🇭🇰🇮🇩",12,0.024640657084188913
bangkabelitung,7600000000,44000,1327,47,553,2026-05-27 17:47:06+00:00,"Petit moment nature au Domaine De Blangy à #Hirson 🌿✨

Entre forêt, étang et cascade, c’est l’endroit parfait pour se ressourcer en famille, entre amis ou en amoureux 🏕️💚

Sur place, vous pouvez profiter de nombreuses activités :
🥾 Randonnées
🚴 VTT & location de vélos
🧗 Escalade en salle et en extérieur
🏹 Tir à l’arc / Sarbacane 
🛶 Canoë
🔎 Chasse au trésor en pleine nature
🎣 Pêche autorisée dans l’étang avec permis

Le domaine dispose aussi :
🍟 D’un snack / restaurant avec terrasse panoramique pour une pause gourmande sur place
⛺ D’un camping ouvert d’avril à septembre
🏡 De cottages tout confort

🕒 Horaires de l’accueil / snack :
Lundi au vendredi : 10h-14h
Samedi & dimanche : 10h-16h

📍Accès possible par deux endroits :
➡️ Rue Anor d’en Haut – 02500 Hirson → direction le camping
➡️ Rue de Blangy – 02500 Hirson → arrivée au pied de la cascade et à l’entrée du viaduc

📍Un super spot nature à découvrir dans l’#Aisne à Hirson 02500 !

Drone : DJI Mini 4 Pro
Caméra : Osmo Pocket 3 

#picardie #hautdefrance #tourism",1927,0.04379545454545455
bangkabelitung,7600000000,181000,1893,442,585,2025-09-29 12:17:32+00:00,"Prabowo Minta Tambang Ilegal di Bangka Belitung ditutup!!! 

Gimana nasib yang selama ini menambang untuk melanjutkan hidup... 

astaghfirullah

#prabowo #tambang #timah #ilegal #bangkabelitung",2920,0.01613259668508287
bangkabelitung,7600000000,224100,6871,740,889,2026-05-31 10:45:15+00:00,"หาดดอกเกด เสียชื่อจังหวัดหมด
#หาดดอกเกด #กาฬสินธุ์ #ฟีด #เทรนด์วันนี้ #เขื่อนลําปาว",8500,0.03792949576082106
bangkabelitung,7600000000,518300,22200,574,3810,2024-02-26 04:29:58+00:00,Harus pernah ke Belitung! Sebelum ke Belitung jangan lupa baca atau nonton Laskar Pelangi dulu biar makin berkesan #laskarpelangi #bangkabelitung #belitung #wisatabelitung #kulinerbelitung,26584,0.05129075824811885
bangkabelitung,7600000000,287600,2361,20,41,2026-01-31 06:40:18+00:00,La telentang die 😆 #buaya  #bangkabelitung,2422,0.008421418636995828
bangkabelitung,7600000000,3197,1545,0,1,2026-05-31 12:54:26+00:00,"penganak Beach

#fypp #bangkabelitung",1546,0.4835783547075383
bangkabelitung,7600000000,15300,1007,13,192,2025-10-08 03:09:04+00:00,"Sebuah surga kecil di timur Sumatra, tempat waktu berjalan lebih lambat, dan alam berbicara dalam keheningan. Inilah Belitung, ketika laut, batu, dan langit berpadu dalam harmoni yang sempurna.

#bangkabelitung #belitung #wonderfulindonesia #pesonaindonesia #placestovisit",1212,0.0792156862745098
bangkabelitung,7600000000,107800,7569,102,881,2025-10-10 09:08:19+00:00,kota pangkal pinang kota seribu kenangan✨✨✨#bangkabelitung #pangkalpinang #fyp #masukberanda,8552,0.07933209647495362
bangkabelitung,7600000000,21900,377,13,221,2026-05-31 16:07:54+00:00,"Penampakan Bv4y4 terekam kamera hp warga di Dam Pemali, Kabupaten Bangka, Sabtu sore, (30/5/2026).

Penampakan ini terjadi pada sore menjelang malam. Salah satu warga merekam peristiwa ini.

Untuk masyarakat sekitar dihimbau agar waspada ketika beraktivitas di sekitar Dam Pemali.

📹 DM

Hanya Followers Yang Bisa Komentar‼️

Follow @bangkabelitunginfonew Buat Kamu Lebih Tau Kabar Seputar Bangka Belitung & Sekitarnya

#bangkabelitunginfo #bangkabelitunginfonew #bangkabelitung #breakingnews #informasi",611,0.027899543378995435
bangkabelitung,7600000000,189500,8227,150,966,2025-07-10 22:49:34+00:00,"Welcome To Sungailiat City 🇲🇨

#sungailiat #bangkabelitung #ExploreBangka #pesonaindonesia",9343,0.04930343007915567
bangkabelitung,7600000000,58900,2712,259,103,2025-03-10 16:15:45+00:00,"Sungailiat ni boss 😎 
#sungailiat #sungailiatbangka #bangka #bangkabelitung #trend #sound #soundviral #fyp #fyppppppppppppppppppppppp",3074,0.05219015280135823
bangkabelitung,7600000000,22200,335,6,183,2026-05-25 10:10:31+00:00,"Spot foto yang lagi viral di Pantai Tanjung Pesona, Sungailiat, Bangka 🥳🌸🌷✨

Ada yg udah kesini?? Coba spill” di kolom komentar🤩😉

#pantai #pantaivibes #beach #tempatviral #bahlil 

@Mr_Rizzzz @Arulmrn @Badside @Muhammad Fachri Muhtadi",524,0.023603603603603602
bangkabelitung,7600000000,33500,505,48,21,2025-04-21 16:03:34+00:00,"Masih sempat sempatnya kita tik tokkan…😅😅
#ferawong #orangbangka 
#bangka #bangkabelitung 
#fyppppppppppppppppppppppp 
#berandatiktok 
#viraltiktok",574,0.017134328358208956
bangkabelitung,7600000000,305800,5767,639,586,2026-05-13 01:48:22+00:00,#jandaanak1 #carikerjaanyanghalalbang #carijodoh #bangkabelitung #aslijawabarat,6992,0.0228646173969915
bangkabelitung,7600000000,4993,971,1,0,2026-05-31 14:23:53+00:00,#CapCut #fyp #jj #jjcapcut #bangkabelitung,972,0.19467254155818145
bangkabelitung,7600000000,5260,27,1,2,2026-05-02 11:55:46+00:00,"Seorang PNS Dinas Perhubungan Provinsi Kepulauan Bangka Belitung nekat membakar ruang kantor atasannya karena sakit hati pengajuan kenaikan golongan tidak disetujui. Pelaku kini telah ditetapkan sebagai tersangka dan terancam hukuman penjara hingga sembilan tahun.
#PNSnekat  #beritaviral #trending #fyp #update",30,0.005703422053231939
bangkabelitung,7600000000,184000,15000,308,1176,2026-01-29 16:43:26+00:00,"The city that makes me calm 🪷🌃🌙
#bangkabelitung #f #pangkal#calm",16484,0.08958695652173913
bangkabelitung,7600000000,882,21,1,1,2026-06-01 06:03:20+00:00,tiktokpelitfyp ! #masukberanda #bangkaselatan #bangkatengah #bangkabarat #bangkabelitung,23,0.026077097505668934
bangkabelitung,7600000000,158600,2168,265,298,2025-05-03 18:06:14+00:00,"Moga terhibur selalu bersama Fera Wong ya..😍😍
Tq buat semuanya yg selalu support saya.... love u all 🥰🥰
#ferawong #orangbangka 
#bangka #bangkabelitung 
#fypppppppppppppp 
#berandatiktok 
#fypシ゚ 
#viraltiktok",2731,0.017219419924337957
bangkabelitung,7600000000,71300,5192,423,105,2022-05-03 08:45:03+00:00,Orang Bangka Bukan?😝 #bangkabelitung #cewekbangka #fyp #fypシ #fypdongggggggg #nana #fypdongggggggg,5720,0.08022440392706873
bangkabelitung,7600000000,161000,13200,207,1578,2026-02-16 14:07:13+00:00,Suatu malam di belitung ✨☺️#masyaallahtabarakkallah #explorebelitung #silvstory #newcreatorsupport #belitungpunyacerita,14985,0.09307453416149068
wakatobi,980300000,1705,55,5,11,2026-05-04 17:57:08+00:00,"🚨 New fave, Wakatobi 😋Salad:10/10 Hibachi:10/10 Yum Yum Sauce:10/10 #hibachigrill #wakatobi #bayareaeats",71,0.04164222873900293
wakatobi,980300000,31600,1660,24,1125,2026-02-17 04:17:03+00:00,"@DateNight 🌃 | D 🍕🍗🍱 and I always always pass by Wakatobi when going to 99 Ranch in Newark. The alley always smelled amazing so we are grateful they invited us to dine. 😍

Wakatobi will surely now be a local favorite for us. We loved their spicy shrimp tempura roll and the 3 protein habachi with fried rice 🔥

This was the perfect date night in Newark ✨

#bayarea #foodie #sushi #japanesefood #hiddengems",2809,0.08889240506329114
wakatobi,980300000,15000,394,7,76,2026-06-02 07:00:00+00:00,"Kalau Jepang terkenal dengan sashimi, Wakatobi punya Perangi 🐟✨

Makanan khas yang dibuat dari ikan segar yang diiris tipis lalu disantap dengan sambal dan perasan jeruk. Sederhana, tapi justru di situlah letak kenikmatannya. Segar, manis alami, pedas, dan bikin susah berhenti makan 🤤

Siapa yang baru tahu kalau Indonesia juga punya “sashimi” versi lokal seperti ini?

👇 Berani coba makan perangi atau tim harus dimasak dulu? 😆

#fyp #sashimi #cooking #reseptiktok",477,0.0318
wakatobi,980300000,50000,3915,37,523,2026-04-22 11:44:13+00:00,"“Buton & Wakatobi ✨
Heaven found. 

#buton #wakatobi #exploreindonesia #wonderfulindonesia #indonesiatravel",4475,0.0895
wakatobi,980300000,4352,176,5,8,2026-05-06 05:15:34+00:00,"""Fix, ini salah satu hidden gem Indonesia yang jarang banget dibahas! 😳✨
Dari semua fakta tadi, mana yang paling bikin kamu kaget? 👇
Atau kamu udah pernah ke Wakatobi?""

#Wakatobi #FaktaUnik #ExploreIndonesia",189,0.04342830882352941
wakatobi,980300000,2644,329,6,5,2026-05-24 04:43:09+00:00,Yayyy !!! itu's me time ☺️✨.             #skindive #wakatobi #pesonawakatobi #dive @pratama,340,0.12859304084720122
wakatobi,980300000,29700,1256,43,119,2026-04-27 03:03:37+00:00,"This isn’t edited — this is what’s happening below the surface. 🌊

Tomia, part of Wakatobi National Park, is known for its rich marine life and incredible underwater visibility.

A different kind of view, just beneath you. 🐠💙

Cr/IG: adyatmanv

📍Tomia Island, Wakatobi National Park

#WonderfulIndonesia #ExploreIndonesia #OceanView #Snorkeling #MarineLife",1418,0.04774410774410774
wakatobi,980300000,723300,37800,263,818,2026-05-29 12:41:23+00:00,"wakatobi 
fypppppppppppp.....
#raim#la#ode😂.",38881,0.05375501175169363
wakatobi,980300000,3648,312,8,4,2026-06-02 07:31:02+00:00,"Willkommen auf Wakatobi, eine spannende Reise beginnt, ich zeig euch die ganze Inselgruppe und bin zu Besuch in Pandorra #fürdich #foryou #viral",324,0.08881578947368421
wakatobi,980300000,1025,32,0,0,2026-05-30 10:16:10+00:00,#wakatobi #wakatobiisland🏝 #waterparkwakatobi,32,0.03121951219512195
wakatobi,980300000,7252,345,9,32,2026-02-27 15:29:05+00:00,"Video tentang Kaledupa, kabupaten Wakatobi

#wakatobiisland🏝 
#kaledupa 
#kaledupawakatobi 
#kaledupapride🏝 
#kaledupaisland",386,0.05322669608383894
wakatobi,980300000,96000,1310,14,89,2026-03-10 03:26:12+00:00,#sukubajo #sukubajowakatobi #wakatobi #wakatobiisland🏝 #wakatobisulawesitenggara,1413,0.01471875
wakatobi,980300000,14100,969,16,17,2026-04-29 07:38:43+00:00,#diving#christour#wakatobiisland🏝#luccechristour#,1002,0.07106382978723404
wakatobi,980300000,30200,1735,31,130,2026-05-19 13:38:59+00:00,"Wakatobi punya Atol terpanjang di duniaa !! 🤯🤯

#wakatobiisland🏝 #wakatobi #sulawesitenggara #atol #fyp",1896,0.06278145695364239
wakatobi,980300000,20300000,410900,4441,13600,2026-05-11 08:47:15+00:00,@@melia24 #assekkkk💃💃💃 #pajogetselayar #wakatobi #masukberanda #semuaorang,428941,0.021130098522167486
wakatobi,980300000,659,96,5,1,2026-06-01 00:49:39+00:00,Kalambe Wanse 🌻🐣 #wakatobi #longa,102,0.15477996965098634
wakatobi,980300000,3938,939,8,0,2026-05-29 03:35:16+00:00,#4u #wakatobi#jumatberkah #fypシ,947,0.2404773996952768
wakatobi,980300000,98900,6259,85,544,2025-09-26 10:53:48+00:00,"Slip beneath the surface and discover one of the world’s richest marine sanctuaries. In Wakatobi, every dive reveals kaleidoscopic reefs, graceful creatures, and an underwater paradise like no other.

Cr/ig: naelammashun
📍 Wakatobi – Southeast Sulawesi, Indonesia
#WonderfulIndonesia #Wakatobi #DivingParadise #UnderwaterWonder #MarineSanctuary",6888,0.06964610717896866
wakatobi,980300000,25300,663,26,44,2024-02-27 03:33:03+00:00,kalau ke #wakatobi wajib kesini #marinatogomowondu⛵🌺🌴 #wangiwangi #wakatobiisland🏝 #fypシ゚viral #fypシ #fyp #wisatawakatobi #CapCut #kamilkamilong #kamutauktidak,733,0.028972332015810277
wakatobi,980300000,17900,781,43,19,2026-04-26 01:50:42+00:00,Membalas @denxx_28_mei #wakatobi sdh nex apalagi#fyppp,843,0.04709497206703911
wakatobi,980300000,85100,7042,89,507,2026-04-25 13:31:51+00:00,#CapCut #tomiawakatobi #wakatobi #freedive #freedivegirl,7638,0.08975323149236193
wakatobi,980300000,40800,853,10,12,2026-05-28 15:38:54+00:00,"salfok sama yang kecil🤣🤣
#fypdongggggggg 
#pajogetselayar 
#wakatobi 
#jogetviral",875,0.02144607843137255
wakatobi,980300000,4676,278,17,29,2026-05-10 10:50:27+00:00,"#CapCut #wakatobidivetrip
#lautwakatobi di laut wakatobi seperti masuk ke dunia fantasi atau anime",324,0.06928999144568007
wakatobi,980300000,6077,202,10,19,2026-05-27 10:13:18+00:00,"kor..

#puncaktomia #stories #fypage #pulautomia #wakatobiisland🏝",231,0.03801217706104986
wakatobi,980300000,1416,96,7,1,2026-04-16 04:19:12+00:00,wishlist pulkam ke wakatobi🏊‍♀️ #wakatobi #diving #sombudive,104,0.07344632768361582
wakatobi,980300000,2493,102,2,4,2025-09-17 06:11:39+00:00,video: @julzz_gacorr #fyp #fypシ #wakatobi #sukuwakatobi #bahasawakatobi,108,0.04332129963898917
wakatobi,980300000,70800,6230,53,519,2026-02-28 13:28:43+00:00,"#pesona negri empat pulau, ( Wakatobi )🔥💯",6802,0.09607344632768361
wakatobi,980300000,4621,635,1,57,2026-04-30 02:29:10+00:00,"#SunsetWakatobi
#wakatobiisland🏝 
@Raim Laode",693,0.1499675394936161
wakatobi,980300000,488,14,1,0,2026-01-22 23:19:58+00:00,Wakatobi🔥🔥🔥#fyp #wakatobi #orangwakatobi #sukuwakatobi #bahasawakatobi,15,0.030737704918032786
wakatobi,980300000,14600,801,28,38,2025-11-08 08:40:14+00:00,wakatobi😍🫶🏻 #wakatobi #sulawesitenggara,867,0.05938356164383562
wakatobi,980300000,21700,175,0,39,2024-01-02 13:51:25+00:00,"Kali ini kita singgah di Wakatobi, besok mau kemana lagi nih? 
#wakatobi #wakatobiisland #wakatobiisland🏝 #wakatobisulawesitenggara #wakatobitrip #sulawesitenggara #snorkeling",214,0.009861751152073732
wakatobi,980300000,1408,73,0,4,2026-06-02 00:27:12+00:00,ADAT WAKATOBI #butonpride🏝 #wakatobiisland🏝 #fyp #fyppppppppppppppppppppppp #viral @Specialist Trip of Wakatobi @wakatobi_pictures @WAKATOBI PRIDE @lisna MUA WAKATOBI @LIBU @Cahaya Moy Salonwakatobi,77,0.0546875
wakatobi,980300000,1387,53,4,3,2026-05-31 00:39:01+00:00,Merekonstruksi Model Kepariwisataan Di Kabupaten Wakatobi. Zalim Pada Rakyat #dinaspariwisata #pariwisata #rekonstruksi #diving #wakatobiisland🏝,60,0.043258832011535686
wakatobi,980300000,45100,3394,6,129,2025-04-03 06:49:19+00:00,Wakatobi 🔥 #fyp #fyppp #fyppppppppppppppppppppppp #wakatobi #orangwakatobi #sukuwakatobi #bahasawakatobi #kepulauanwakatobi #trending #viral @Bahlil Lahadalia @Ir. Hugua @Arie Kriting @Raim Laode #raim #ariekeriting #bahlillahadalia,3529,0.07824833702882483
wakatobi,980300000,239300,15700,266,3296,2026-05-27 05:59:49+00:00,berani berani nyaa😒 #fypシ #wakatobiisland🏝 #fyppppppppppppppppppppppp #beranda #couple,19262,0.08049310488926034
wakatobi,980300000,35500,2182,50,92,2026-05-23 12:50:30+00:00,"pulau wakatobi 
fypppppppppppppp
#wanci#kaledupa#tomia#binongko.",2324,0.06546478873239436
wakatobi,980300000,36900,2413,48,282,2026-03-19 12:06:29+00:00,#wakatobiisland🏝 #fyppppppppppppppppppppppp,2743,0.0743360433604336
wakatobi,980300000,9900000,607600,11900,79400,2026-03-15 16:48:02+00:00,Joget ala Wakatobi😭,698900,0.0705959595959596
wakatobi,980300000,1300000,16500,668,1352,2025-06-29 14:28:20+00:00,ga bosan di ulang ulang#wakatobi #jogetviral,18520,0.014246153846153846
wakatobi,980300000,134100,7066,56,573,2026-03-26 12:10:06+00:00,jatuh cinta sama tradisi Wakatobi🥹😍!! #wakatobisulawesitenggara #nadiaafdhalwakatobi #weddingnadiaafdhal #bernuansaweddingcontentcreator,7695,0.05738255033557047
wakatobi,980300000,5109,370,0,30,2026-06-01 12:04:53+00:00,#kaledupawakatobi #kahedupa,400,0.07829320806420043
wakatobi,980300000,70100,6918,28,107,2026-04-04 12:25:45+00:00,#indonesia #wakatobi #tomiaisland #beachcleanup #foryoupage❤️❤️,7053,0.10061340941512126
wakatobi,980300000,10100,236,13,13,2026-04-14 11:39:47+00:00,"Pentingnya jaga jarak n no trust to everyone !!! 😵‍💫😵
#wakatobi #tomiawakatobi #freediving #divingcore #underwatercore",262,0.02594059405940594
wakatobi,980300000,954,28,2,0,2026-06-02 03:56:15+00:00,menu di awal bulan juni🤗#badangizinasionalindonesia #mbgindonesia #sppgwakatobi,30,0.031446540880503145
wakatobi,980300000,415,28,2,2,2026-05-30 03:20:20+00:00,mermaid soon to be #mermaid#sea#holiday#wakatobi #fyp @sunset @Boy Andrew,32,0.07710843373493977
wakatobi,980300000,50000,4754,53,312,2026-05-16 05:37:43+00:00,#fypシ゚viral🖤 #seriestiktok #wakatobi,5119,0.10238
wakatobi,980300000,53600,2833,61,117,2026-03-06 03:09:28+00:00,#tomia #wakatobi #wakatobiisland🏝 #sulawesitenggara #sulawesipride🏝️🔥,3011,0.05617537313432836
wakatobi,980300000,8840,370,15,63,2026-04-18 01:01:36+00:00,#paddleboard #wakatobi,448,0.05067873303167421
wakatobi,980300000,4400000,245400,4503,23400,2026-03-26 00:30:06+00:00,#info yang katanya mau join joget ala Wakatobi #fyp #viral #lagiviral #no velocity,273303,0.06211431818181818
wakatobi,980300000,20000,1578,27,115,2026-03-09 08:25:38+00:00,mimin doakan semoga wishlist kamu ke wakatobi bisa terwujud tahun ini yah🖤🖤 #wakatobi #diving,1720,0.086
wakatobi,980300000,3499,188,5,21,2026-04-06 11:32:30+00:00,"permandian kontamale
#wakatobi 
#fyppppppppppppppppppppppp",214,0.061160331523292366
wakatobi,980300000,60300,4648,46,562,2026-02-28 05:58:09+00:00,"ke Wakatobi juga boleh 
#foryou #fyp #wakatobi 
#masukberandafyp #bismillahfyp",5256,0.08716417910447762
wakatobi,980300000,42600,3244,26,301,2025-10-13 00:46:44+00:00,"Pemandian Goa Air Kontamale, Wakatobi ✨💦
#fyp #wakatobi",3571,0.08382629107981221
wakatobi,980300000,15600000,323100,4635,13900,2025-08-31 02:43:56+00:00,@Isna_Yakult140601 @isnaYakult #pajogetselayar #kayuadi #assekkkk💃💃💃 #fyppppppppppppppppppppppp #wakatobi,341635,0.021899679487179486
wakatobi,980300000,9820,450,1,31,2026-06-01 00:09:58+00:00,#fyp #wakatobi #orangwakatobi #sukuwakatobi #bahasawakatobi,482,0.04908350305498982
wakatobi,980300000,158000,4477,43,112,2026-05-18 19:47:09+00:00,siapa yg punya andalan di sini😅😇#pajogetselayar#jogetwakatobi💃💃#fypppppppppppppppppppppppppppppppppp,4632,0.02931645569620253
wakatobi,980300000,1566,161,4,8,2026-02-22 06:27:49+00:00,"wondersea wakatobi
Wakatobi — world-class marine life One of Indonesia’s best snorkeling & diving destinations.
Healthy coral reefs, turtles, and clear water.

#wakatobi #snorkling #diving #wakatobiisland🏝 #fyppppppppppppppppppppppp",173,0.11047254150702426
wakatobi,980300000,3853,140,4,5,2026-06-01 03:44:13+00:00,part 1🔥#wakatobikeren #wakatobiisland🏝 #tradisiwakatobi #fypシ #viral,149,0.038671165325720215
wakatobi,980300000,373100,13200,1315,1229,2026-03-26 00:04:05+00:00,"Membalas @nesya.andriani.ne 
Wanci-Wakatobi",15744,0.0421978021978022
wakatobi,980300000,84500,1073,20,83,2026-03-31 11:48:47+00:00,"paling suka jogetnya sama yang dua orang ini🥰🥰
#joget #jogetviral #pajogetselayar #jogetwakatobi",1176,0.013917159763313609
wakatobi,980300000,35400,2077,10,110,2026-01-11 23:52:07+00:00,p info snorklingg 🤿🏝️ #wakatobiisland🏝 #wakatobi,2197,0.062062146892655365
wakatobi,980300000,18400,1733,31,55,2026-03-30 00:29:27+00:00,"Biarkan laut membebaskanmu, Wakatobi Island 
#fyppppppppppppppppppppppp #wakatobiisland🏝 #sombudive #marinawakatobi",1819,0.09885869565217391
wakatobi,980300000,946,20,0,0,2026-06-02 13:10:31+00:00,"tunggu acara jogetnya di Wakatobi wanci🤭
#sorotansemuaorang 
#sorotansemuaorang 
#tiktokviral 
#fyp",20,0.021141649048625793
wakatobi,980300000,69300,533,37,59,2026-04-12 03:39:45+00:00,Joget ala Wakatobi💃🏻🤪🤣#lagiviral #fypppppppppppppp #happy #soundviral #goyang,629,0.009076479076479077
wakatobi,980300000,26000,2927,62,114,2026-05-19 14:51:29+00:00,#wakatobi #wakatobiisland #diving #scubatiktok #ScubaLife,3103,0.11934615384615385
wakatobi,980300000,9025,296,12,3,2026-03-17 22:53:41+00:00,#mudik #mudiklebaran #wakatobi #wakatobiisland #sulawesitenggara,311,0.03445983379501385
wakatobi,980300000,1434,110,3,8,2026-05-24 22:33:09+00:00,"Salt in the air, bubbles everywhere 🌊🤿
Living my best underwater life in Wakatobi 🐠✨

#wakatobi #wakatobiisland🏝 #scubadive #freedive #divemore",121,0.08437935843793584
wakatobi,980300000,5706,169,2,23,2026-03-08 11:14:52+00:00,Pesona konservasi penyu di Pulau Runduma Wakatobi #wakatobiisland🏝 #runduma #pesonaindonesia #tamannasionalwakatobi #wildlife,194,0.03399929898352611
wakatobi,980300000,2969,87,2,10,2026-02-15 02:21:52+00:00,"Hoga Island Dive Resort | Kaledupa  
#kaledupawakatobipride🏝📌 
#wakatobiisland🏝 #kahedupa #wakatobi #hogaisland",99,0.03334456045806669
wakatobi,980300000,40500,2011,26,66,2026-04-01 11:12:07+00:00,Tabe🙏🏻 #wakatobi,2103,0.051925925925925924
wakatobi,980300000,4591,281,6,12,2026-03-16 22:24:21+00:00,"WAKATOBI itu punya pulau bernama ANANO, penghuni utamanya adalah penyu, manusia adalah tamunya #wakatobi #diving",299,0.06512742321934219
wakatobi,980300000,40700,2773,73,216,2026-04-23 08:11:38+00:00,#wakatobiisland🏝 #wanci #brasil🇧🇷 #myedit #fyp,3062,0.07523341523341523
wakatobi,980300000,3413,96,4,0,2026-05-26 00:18:36+00:00,"Terimakasih satu tahunnya Wakatobi🫶🏻
#DokterInternship #wakatobiisland🏝",100,0.02929973630237328
wakatobi,980300000,52400,3192,75,66,2026-01-13 06:31:03+00:00,"keindahan Wakatobi
#wakatobi#fyp#sultra#sulawesitenggara",3333,0.06360687022900763
wakatobi,980300000,23200,654,8,37,2026-05-30 03:32:01+00:00,Maju terus lagu joget wakatobi#fypfiralシ,699,0.030129310344827586
wakatobi,980300000,24300,1250,37,201,2026-04-14 05:25:31+00:00,"proud to be a Wakatobi woman
#paddleboard #sendiri #sombudivewakatobi",1488,0.06123456790123457
wakatobi,980300000,628,37,0,5,2026-06-02 09:42:19+00:00,Te kaburisumo morii😌#fypシ #wakatobiisland🏝 #butonpride🏝,42,0.06687898089171974
wakatobi,980300000,6018,489,12,25,2026-05-15 11:56:20+00:00,#fyp #wakatobiisland🏝 #onemelangkabeach #binongkopride🏝 #lewatberanda,526,0.08740445330674643
wakatobi,980300000,13200,1115,28,47,2026-05-16 02:39:25+00:00,#masyaallahtabarakkallah #butonpride🏝 #wakatobi #marinatogomowondu⛵🌺🌴,1190,0.09015151515151515
wakatobi,980300000,27100,613,6,14,2026-05-24 10:19:25+00:00,goyang lagi bersama si cantik#pajogetselayar #pajogebonerate #bonerate #wakatobi,633,0.023357933579335792
wakatobi,980300000,905,25,0,2,2026-01-16 10:21:15+00:00,"Siapa bilang desa gak bisa go nasional? 👀🔥
Wakatobi jawab dengan prestasi nyata! #wakatobi #sulawesi #wakatobiisland🏝 #fyp #masukberanda",27,0.02983425414364641
wakatobi,980300000,27700,363,15,28,2026-06-02 04:18:00+00:00,"#fypsorotansemuaorang 
#karokedangdut 
#algoritmotiktok",406,0.014657039711191335
wakatobi,980300000,14400,745,6,58,2026-01-02 06:14:26+00:00,Wakatobi will always be my HOME with all the beauty🌊🤩✨ #fyp #diving #wakatobi #laut,809,0.05618055555555555
wakatobi,980300000,9181,216,6,10,2025-09-11 06:37:59+00:00,video: @itc.wakatobi #wakatobi #orangwakatobi #sukuwakatobi #bahasawakatobi,232,0.025269578477290056
wakatobi,980300000,893,250,0,14,2026-06-01 04:37:36+00:00,hanya tukang nasgor gila,264,0.2956326987681971
wakatobi,980300000,35300,3814,86,316,2026-03-20 10:05:33+00:00,#buton#wakatobipride#wangiwangi#kaledupa#tomiabinongko,4216,0.11943342776203966
wakatobi,980300000,585400,33700,962,3518,2026-03-06 13:07:41+00:00,#fypp,38180,0.06522036214554151
wakatobi,980300000,8364,278,12,76,2026-05-31 16:31:12+00:00,"PART 2| Last Gathering @KKN-PPM UGM WARNAI WAKATOBI, sengaja upload malam biar ga makin sedih… love u wakakopling",366,0.04375896700143472
wakatobi,980300000,8094,186,0,9,2025-07-17 04:00:50+00:00,#fyppppppppppppppppppppppp #fyp #liriklagu #wakatobi,195,0.024091919940696812
wakatobi,980300000,4937,179,0,7,2025-04-22 11:39:09+00:00,"Wakatobi, 1922 #fyp #fypp #fypp #trending #viral #wakatobi #wakatobiisland🏝 #wakatobipride🔥🏖️ #orangwakatobi #bahasawakatobi #sukuwakatobi #kepulauanwakatobi #kabupatenwakatobi #wakatobijadul",186,0.03767470123556816
wakatobi,980300000,1099,34,12,0,2024-09-04 10:32:58+00:00,"Membalas @hontoreis 
Fakta Unik tentang pulau wakatobi yang mungkin belum kamu tau !!! 
#faktaunik #wakatobi #fyp",46,0.04185623293903549
wakatobi,980300000,13500000,887700,17900,7273,2024-07-20 09:01:37+00:00,"Wakatobi lautan sampah 🥹 🔥🙏💪

#wakatobi #sulawesitenggara #fypシ゚viral #berandatiktok #viraltiktok",912873,0.06762022222222222
wakatobi,980300000,245000,14200,315,892,2026-03-13 09:41:51+00:00,#jogetwakatobi💃💃#fyppppppppppppppppppppppp,15407,0.06288571428571428
wakatobi,980300000,730,63,1,0,2026-05-30 14:53:29+00:00,#fypシ #produkwakatobi,64,0.08767123287671233
wakatobi,980300000,292800,9365,397,454,2026-05-24 10:42:27+00:00,"Ayo ngaku cita-citanya siapa bisa keliling Indonesia nih di tahun ini? ☝️

#WonderfulIndonesia",10216,0.03489071038251366
wakatobi,980300000,51100,957,46,202,2025-11-15 10:40:03+00:00,Wakatobi pada masa lalu pernah menjadi bagian dari Maluku yaitu bagian dari Kesultanan Ternate #fyp #fypp #fypシ #wakatobi #ternate,1205,0.023581213307240705
wakatobi,980300000,18900,3407,4,206,2026-05-16 22:42:47+00:00,#hirotaka #wotakoi #boyfriend #animefyp #pourtoiii,3617,0.19137566137566137
wakatobi,980300000,3200000,77800,2608,605,2025-09-17 07:53:21+00:00,@pandawara tolong ke wakatobi #wakatobi #sulawesitenggara #fypシ #berandatiktok #viraltiktok,81013,0.0253165625
wakatobi,980300000,2071,536,40,15,2026-06-02 01:01:02+00:00,"ขอเชิญทุกคนมาร่วมกันสนับสนุนเพลง 🎶 “ซ่อนเธอไว้ในเพลง” 🎶 กันเยอะ ๆ นะคะ 📌 รอบปั่นใหญ่ประจำวัน 📌
⏰ 12.30 น. 🌻 ⏰ 19.30 น. 🌛
มาช่วยกันรวมพลังดันยอดวิวให้ปัง ๆ ไปด้วยกัน 💪✨
🌻 ช่วงเวลาปกติ 🌻
📍 ภายในบ้านคู่ของเรา มีการรวมพลปั่นเพลงทุก ๆ 15 นาที ตลอดทั้งวัน 🎵
📢 ฝากช่วยบอกต่อเพื่อน ๆ ที่อยู่นอกบ้าน ทั้งบ้านเดี่ยว บ้านคู่ และแฟนคลับทุกบ้านด้วยนะคะ 🌻
📢 ฝากพี่ ๆ สปีกเกอร์ทุกท่านช่วยประชาสัมพันธ์ต่อให้ด้วยน้า 🌞🌛
🔍 ก่อนเข้าเพลง อย่าลืมค้นหาชื่อเพลง
🎶 “#ซ่อนเธอไว้ในเพลง 
ศิลปิน : PJUNG (พีจัง) 
นางเอก - ขุยอัน IG ,Tiktok : kuian8888 
พระเอก - พีจัง IG , Tiktok : pj_ksn
#ซ่อนเธอไว้ในเพลง  #PJ_KSN  
#Kuian #P_AnFamily 
@PJ_KSN @🌻葵安Kuian🌻",591,0.2853693867696765
wakatobi,980300000,6529,118,2,7,2026-06-02 07:29:49+00:00,"Keluarga 2 Jemaah Haji Asal Sulawesi Tenggara Wafat di Arab Saudi Bakal Diberi Asuransi Pemerintah
Keluarga dua jemaah haji asal Sulawesi Tenggara (Sultra) yang meninggal dunia di Arab Saudi akan menerima santunan asuransi haji dari pemerintah.
Kedua jemaah tersebut yakni La Hido (78), anggota Kloter 39 asal Kabupaten Wakatobi, dan Siti Asiah, jemaah Kloter 34 asal Kabupaten Konawe Selatan.
Pelaksana Tugas (Plt) Kepala Kantor Wilayah Kementerian Haji dan Umrah (Kemenhaj) Sultra, Muhammad Lalan Jaya, mengatakan hak asuransi diberikan karena keduanya meninggal saat masih berada dalam masa penyelenggaraan ibadah haji tahun 2026.
#jamaahhaji #sulawesitenggara #meninggaldunia #wafat #arabsaudi #tribunnewssultra
Program: Tribun Update
Video Editor: Wa Ode Ria Ika Hasana
Sumber: Dewi Lestari
Uploader:",127,0.01945167713279216
wakatobi,980300000,63800,5108,210,208,2025-12-31 01:55:51+00:00,pemandangan pulau wakatobi #kabupatenwakatobi #wakatobiisland🏝 #fypシ゚viral #fypシ @wakatobi.pride_,5526,0.08661442006269593
wakatobi,980300000,3500000,259200,24500,32200,2026-05-26 09:42:10+00:00,"totoo ba,ako din eh ayaw ko Nyan!#okra #viral #fypシ",315900,0.09025714285714286
wakatobi,980300000,62600,6453,178,546,2026-05-16 17:21:45+00:00,"Genzo Reddd editttt!! #ctdt #dreamteam #supercampeones #animeedit #captaintsubasa 
@Spika!! ★ SGGK'S #1 FAN!! ⚽🪽",7177,0.11464856230031949
wakatobi,980300000,1103,68,0,6,2026-05-16 11:25:14+00:00,"Learn Japanese with interactive lessons while playing #productivity #education #gaming #shorts 

Powerful tools you should know - Part 29: Wagotabi",74,0.06708975521305531
wakatobi,980300000,23500,2658,30,108,2026-05-27 05:12:34+00:00,"btw it’s amalia have you seen the manga😭IWASCRINEE SHE SO PASSIONATE 
#fyp #wakfu #wakfuanime #amaliawakfu #animefyp @TikTok UK 
𝗍𝖺𝗀𝗌 --> @⋆｡˚꒰ঌ. 𝒮𝓉𝓇𝓍𝓁𝒾𝓉 .໒꒱˚｡⋆ @➳༻нσηєу༺➳ @Вакфу такой пик🌀 @𝖘𝖆𝖒𝕰𝖗𝖆𝖍",2796,0.11897872340425532
wakatobi,980300000,1124,56,0,0,2026-05-08 09:29:27+00:00,"Wotakoi: Love is Hard for Otaku
Episode 1 Season 1
#fyp #foryou #foryoupage",56,0.0498220640569395
wakatobi,980300000,5174,231,10,12,2026-06-01 11:18:45+00:00,"Replying to @Raim Laode  sesuai requesan tapi saya sama temanku la @Awal laode gitaris berdarah wakatobi juga, Izin ta bongkar sedikit ee hehe
big thankyu @M Ardhy Etho 🎥
 #drum #drummer #iqro #raimlaode #musician",253,0.04889833784306146
wakatobi,980300000,13200,1697,34,25,2026-05-19 11:52:43+00:00,I’m not emo btw @Wawa Moto @🔞MDNI Wawa Moto🔞,1756,0.13303030303030303
wakatobi,980300000,130,5,0,0,2026-06-01 12:32:37+00:00,"Don't miss out on this place if you're travelling in Laos as a family!

📍 Laos Buffalo Dairy, Luang Prabang

Tourists will literally drive past this place on their way to/from the famous Kuang Si Waterfall, and miss out on this absolute gem!

The tour was great and I'd definitely upgrade to the option that includes coffee, cake and ice-cream, as their buffalo ricotta cake is THE BEST cake I've ever had! So moist and not overly sweet

You can pay when you get there or book tickets through @getyourguide  and use LIFEWITHTHEBLACKLEYS5 for a discount on bookings through the app (link in my bio)

FOLLOW FOR MORE TRAVEL WITH KIDS 

@getyourguidecommunity @laosbuffalodairy  #getyourguide #getyourguidecommunity #laostravel",5,0.038461538461538464
wakatobi,980300000,1642,10,0,2,2024-03-10 01:06:10+00:00,wakatobis is definitely top 2 on my list ..and everyone is always so nice #wakatobi#foodie #halalfood#seasideca#japanesegrill,12,0.007308160779537149
wakatobi,980300000,65100,2481,190,138,2025-10-10 10:16:45+00:00,Teikami te Binongko. #wakatobi #joget #binongko,2809,0.04314900153609831
wakatobi,980300000,3231,130,2,16,2025-08-19 11:24:08+00:00,Wakatobi 🔥 #fyp #wakatobi #kepulauanwakatobi #sukuwakatobi #bahasawakatobi,148,0.04580625193438564
wakatobi,980300000,7159,319,18,58,2026-06-02 12:14:54+00:00,"เปิดใหม่🎊ส้มตำฟินแลนด์🎊ที่..ขอนแก่น! ร้านส้มตำรสแซ่บที่สายปลาร้าและอาหารอีสานนัวๆ นั่งยาวๆจนถึงเที่ยงคืน ไม่ควรพลาดจุดเด่นของร้านนี้คือรสชาติที่จัดจ้านถึงใจ ดุดันตามสไตล์อีสานแท้ๆ แอดอยากให้ทุกคนไปลองกัน!🤩

พิกัด ส้มตำฟินแลนด์
ถ. เฉลิมพระเกียรติ  
เปิดทุกวัน
เวลา 11.00 น. - เที่ยงคืน

#ส้มตำฟินแลนด์
#SomtumFINLAND
#รีวิวขอนแก่น
#ส้มตำขอนแก่น
#อยู่ขอนแก่น",395,0.05517530381338176
wakatobi,980300000,4995,141,2,21,2025-10-01 14:16:06+00:00,Wakatobi is calling men 🤙🏼,164,0.03283283283283283
wakatobi,980300000,22400,1849,42,65,2025-10-30 02:49:03+00:00,dolphin in Wakatobi 😍#pesonawakatobi,1956,0.08732142857142858
wakatobi,980300000,458300,26500,992,2592,2026-03-27 21:02:12+00:00,Frieren Season 3 has officially been announced‼️ #frieren #frierenbeyondjourneysend #frierenseason2 #frierenbeyondjourneysendseason2 #frierenanime #frierenbeyondjourneysendanime #frierenseason3 #frierenbeyondjourneysendseason3 #anime #manga #renjiski,30084,0.06564259218852281
wakatobi,980300000,890300,41400,689,332,2025-08-25 09:17:14+00:00,WAKATOBI 🔥,42421,0.04764798382567674
wakatobi,980300000,9100000,994800,1906,100800,2026-02-21 17:40:05+00:00,#hirotaka #hirotakanifuji #wotakoi #wotakoiloveishardforotaku #loveishardforotaku #fypシ #foryou #viral #trending #anime #animeedit,1097506,0.12060505494505494
wakatobi,980300000,1079,118,3,2,2026-05-21 17:04:52+00:00,"the lighting is horrible but at least we were cute >< bringing back Wotakoi in 2026 🫶

Hanako: @Dew 
Narumi: me

#wotakoi #wotakoiloveishardforotaku #wotakoicosplay #cosplay #animedetour",123,0.11399443929564411
wakatobi,980300000,823,32,4,3,2026-03-09 21:28:34+00:00,Really hate this about living in the south. #passamaquoddy #turtle #wabanaki #nativeamericantiktok #maine,39,0.04738760631834751
wakatobi,980300000,675,41,3,10,2026-05-25 19:54:11+00:00,He is just a hater 😑 #wabaki #fyp #brothersisterlove #adidassamba @Jonathan_02.Ro,54,0.08
wakatobi,980300000,7000000,133600,1300,5332,2025-12-02 01:28:03+00:00,"goyangannya bikin penonton terhipnotis 🕺💃
#fyp #jangkauanluasfyp #viral #jogetinfinixhot11mlbb #wakatobi",140232,0.020033142857142857
wakatobi,980300000,257000,53400,492,6012,2026-05-16 03:31:57+00:00,Wakabi was worried 😂 ib:@Ju #marvelcomics #blackpanther #avengers #superheroes #fyp,59904,0.23308949416342412
wakatobi,980300000,275,10,0,0,2025-10-01 03:42:05+00:00,#fyp #fypシ゚ #wakatobi #sukuwakatobi #bahasawakatobi,10,0.03636363636363636
wakatobi,980300000,2709,497,12,36,2026-05-11 08:41:59+00:00,"Ya casi señores… ||
.
.
.
.
.
.
.
.
.
.
.
.
.
.
.
.
.
#capitaintsubasa #tsubasaozora #genzowakabayashi #parati #foryoupage",545,0.2011812476928756
wakatobi,980300000,546600,80700,1093,5273,2026-05-16 12:13:15+00:00,"#TADC || I ALREADY LIVE GAMEOVERSE BRO UTS SO PEAK || i don’t usually post this early but for kit i’ll make an acceptation, tadc edit later tho 🥹 || #THEAMAZINGDIGITALCIRCUS #GLITCHPRODUCTIONS tadc episode 9 tadc ep 8 Jax pomni kinger Caine ragatha ep 8 edit the amazing digital circus episode 9 || ep 9 jax pomni kinger caine ragatha ep 9 edit the amazing digital circus episode 9 ribbit theaters june 4th #edit #viral || gameoverse is so peak omg",87066,0.15928649835345773
wakatobi,980300000,773,48,1,4,2025-10-07 07:14:55+00:00,#fyp #sukuwakatobi #bahasawakatobi #orangwakatobi #wakatobi,53,0.0685640362225097
wakatobi,980300000,75600,1957,23,74,2026-05-20 23:14:31+00:00,assseeek💃#wakatobi #joget #fypシ゚viral #masukberanda #selayar,2054,0.02716931216931217
wakatobi,980300000,15200,168,4,17,2026-05-20 06:04:05+00:00,#fyppp #jogetviral #pajogetselayar #jogetwakatobi #jangkauansemuaorang,189,0.012434210526315789
wakatobi,980300000,92400,5509,175,86,2025-07-16 16:19:46+00:00,🌅🌊#perkampunganbajowakatobi #dindabajo,5770,0.062445887445887444
wakatobi,980300000,5404,298,7,15,2026-05-03 11:47:11+00:00,"orang sulawesi wajib ke wakatobi sih liat betapa indah dan kaya nya bawah laut wakatobi

#dolphin #sea #wakatobi #pesonaindonesia #explore",320,0.05921539600296077
wakatobi,980300000,38800,2717,56,242,2026-03-14 15:02:06+00:00,"Kampung sudah mulai ramai yg d ratau kapan plg😬
#wakatobi #wanci #butonpride🏝 #fyp #fyppppppppppppppppppppppp",3015,0.07770618556701031
wakatobi,980300000,29400,1056,22,56,2025-05-31 15:56:00+00:00,#fyp #wakatobi,1134,0.03857142857142857
wakatobi,980300000,63400,970,31,63,2026-03-17 15:22:06+00:00,Tes-tes😭😂 #bangjoniviral #jogetwakatobi #fyppppppppppppppppppppppp #butonpride🏝🔥 #wancisulawesitenggara,1064,0.016782334384858044
wakatobi,980300000,9000000,223000,4576,12200,2025-10-21 11:05:27+00:00,#assalamualaikum santun senja sahabat tik tok #salam santun semuanya #goyang Wakatobi #uda sayang,239776,0.026641777777777778
wakatobi,980300000,368,14,0,3,2026-06-02 16:16:10+00:00,@TeyengWakatobi🤪🤙🏻 #gigiracing#teyeng#fyp,17,0.04619565217391304
wakatobi,980300000,393100,3115,206,938,2025-12-24 13:40:06+00:00,"tentukan pilihanmu
#lombajoget #goyangmaut #musikwakatobi #jogetviral",4259,0.010834393284151615
wakatobi,980300000,459,29,1,1,2026-04-08 15:22:08+00:00,Oh to live in a small island in Indonesia~ #indonesia #wakatobi #diving #beach #islandlife,31,0.06753812636165578
wakatobi,980300000,366,6,1,1,2026-05-30 09:51:33+00:00,hasil laut wakatobi #wakatobi #wakatobiisland🏝 #pulauwangiwangi @Mawan,8,0.02185792349726776
wakatobi,980300000,842,45,0,0,2026-05-26 10:08:39+00:00,Taman laut Wakatobi #wakatobi #tamanlaut #wakatobisultra #sultra #pemandanganalamlaut Walamlautwakatobi,45,0.05344418052256532
wakatobi,980300000,5500,186,6,18,2026-05-24 12:03:29+00:00,"jangan lupa ramaikan kabuenga desa Longa TE LONGA TOLONGASI'E
#wakatobi 
#fyppp",210,0.038181818181818185
wakatobi,980300000,2966,85,4,2,2026-05-28 23:51:28+00:00,"joget lebaran idul adha☺
#part1 #wakatobi 
#buton 
#sulawesitenggara",91,0.030681051921780174
wakatobi,980300000,455600,5556,148,283,2025-04-28 06:27:05+00:00,#pajogetselayar #fyp #wakatobi #batangmata,5987,0.01314091308165057
wakatobi,980300000,1730,143,3,0,2026-02-13 02:28:25+00:00,🌧 #wakatobiisland🏝 #toliambawakatobi #fyp,146,0.08439306358381503
wakatobi,980300000,52900,546,14,27,2025-12-15 13:34:51+00:00,joget asyik Sulawesi tenggara Wakatobi #sulawesi #jogetsulawesi,587,0.01109640831758034
wakatobi,980300000,5300000,103100,1493,3011,2026-05-11 08:47:30+00:00,#assekkkk💃💃💃 #pajogetselayar #wakatobi #masukberanda #semuaorang,107604,0.020302641509433964
wakatobi,980300000,4421,136,8,37,2026-04-28 00:53:38+00:00,"Opening !, On Malam Minggu, 2 Mei 2026 🫠 #restaurant  #blueoceanviewwakatobi #wakatobi",181,0.040940963582899795
wakatobi,980300000,3366,180,8,3,2026-02-05 10:33:34+00:00,Ambeua besar- yang kelihatan rumahnya absen dulu #fypシ゚ #wakatobiisland🏝 #kaledupa #hogaisland #djimini5pro,191,0.05674390968508616
wakatobi,980300000,233500,10200,253,467,2026-01-18 12:34:07+00:00,"Si abangnya mau maju kena mundur pun di kejar/ keren dah serangannya, gacor🔥🔥#fyp #viral #joget #wakatobi",10920,0.04676659528907923
wakatobi,980300000,1329,25,1,0,2026-05-28 22:25:33+00:00,"manis-manis cwek binongko,
#wakatobiisland🏝 
#butonisland🔥 
#jayamakmur 
#fypシ゚ #fypシ゚",26,0.019563581640331076
wakatobi,980300000,429600,8369,139,473,2025-10-16 21:07:41+00:00,#jogedwakatobibangjoni,8981,0.020905493482309124
wakatobi,980300000,501,7,0,0,2026-05-23 10:56:20+00:00,#fyp #wakatobi #sukuwakatobi #bahasawakatobi #orangwakatobi,7,0.013972055888223553
wakatobi,980300000,331000,2970,40,160,2026-01-24 21:47:17+00:00,tariikkk mang#pajogetselayar #pajogebonerate #bonerate #wakatobi,3170,0.009577039274924471
wakatobi,980300000,1663,249,48,28,2026-05-12 20:38:35+00:00,"love is indeed hard for an otaku🙂‍↕️                                     
                  
dt @hazel @⃟ @Nat🍓 @thela @່ @𝓶𝓪𝓻𝓸 @𝙣𝙫𝙨𝙞𝙖 .ᐟ @kt @༯؛ 𝙙𝙖𝙬𝙣   
#wotakoi #wotakunikoiwamuzukashii #narumi #hirotaka #shojoanime",325,0.19542994588093807
wakatobi,980300000,422,18,1,0,2025-10-01 01:57:49+00:00,Wakatobi 🔥#fyp #fypシ゚  #wakatobi #sukuwakatobi #bahasawakatobi,19,0.045023696682464455
wakatobi,980300000,675100,16700,587,15200,2026-03-20 11:32:45+00:00,"Also ! We are nearly @ 10k and to all the new followers WELCOME ! We are positive here , we love God and flip tables too . An occasional crash out for the betterment of society. And most of all I genuinely love you ! #thankyoutiktok #thankyouall #nearlyat10k #selfgrowthjourney #selfimprovement",32487,0.04812175973929788
wakatobi,980300000,1217,69,1,8,2025-10-03 15:19:26+00:00,#wakatobi #wakatobiwave2025 #wakatobiwave,78,0.06409202958093672
wakatobi,980300000,1900000,30400,1065,7512,2026-03-09 02:04:51+00:00,"Elite Gymnast Balance & Strength Circuit
1. Handstand Hold Against Wall – 4 sets of 20-30 seconds
2. L-Sit to Pike Leg Raises (on floor or parallettes) – 3 sets of 10 reps
3. Single-Leg Glute Bridge – 3 sets of 12 reps per leg
4. Elevated Pike Stretch Hold – 3 sets of 30 seconds
5. Pike Push-Ups (to build shoulder strength) – 4 sets of 8-12 reps
6. Hamstring Curls on Stability Ball – 3 sets of 15 reps
Training Tips:
Focus on slow, controlled movements to improve balance and flexibility. Prioritize form over speed, especially during handstands and leg lifts to",38977,0.02051421052631579
wakatobi,980300000,173200,41400,104,2626,2026-05-13 08:04:30+00:00,"its a bit rushed and the lip sync aint lip syncing but yea! i guess idk lol also i love mlp 
.
.
.
Narwhals! Narwhals! Narwhals, Narwhals, swimming in the ocean! Causing a commotion 'cause they are so awesome! Narwhals, Narwhals, swimming in the ocean!!! RAHAHAHAHAHHAHHAHAH RAAAAAAAAAAAAAAAAAAAAAAAAAAAAAAAAAAAAAAAAAAAAAAAAAH
.
.
.
.
.
.
#guidomista #fypシ #onthisday #fy #xybca #twilightsparkle #pony_mov #mlp #funny #jojosbizarreadventure #jojo #goldenwind #gwjojo #ponymov #giorno #jojonokimyounabouken #giornogiovanna #brunobucciarati #leoneabbacchio #guidomista #pannacottafugo #naranciaghirga #trishuna #part5jojo #ventoaureo #gwfanart #drawing #art #doodle #animation #rarity #fluttershy #rainbowdash #applejack #apple #izumiwoomi #turtles #polnareff #jeanpierrepolnareff #part3jojo #stardustcrusaders #ribbons",44130,0.2547921478060046
wakatobi,980300000,405400,56000,71,2537,2025-09-20 05:06:44+00:00,#watakoi #watakoidance #anime,58608,0.14456832757770102
wakatobi,980300000,1000000,158600,812,9968,2026-05-10 17:22:07+00:00,ITS JUST ME AND YOU!! ^^—Wakfu!—Yugo and Amalia!—#wakfuedit #identificarse #us #wakfu #foryou,169380,0.16938
wakatobi,980300000,49500,1502,114,277,2025-06-23 23:47:01+00:00,"Wakatobi
#wakatobi #sukuwakatobi #bahasawakatobi",1893,0.038242424242424244
wakatobi,980300000,10100,463,10,279,2026-06-02 01:28:50+00:00,"Two and a half years later, it's finally becoming real.

🔥One charcoal grill we refused to give up.

What was supposed to take a few months ended up taking two and a half years.

Was it worth it?🐂🥩🍢

You'll find out soon.

📍Arcadia, CA
🔥Opening Soon

#ChubbyDon #ArcadiaEats #Yakitori #JapaneseHamburg #RestaurantBuild",752,0.07445544554455445
wakatobi,980300000,6456,597,6,19,2026-03-30 13:44:34+00:00,one of the best character in kengan ashura🥹✌🏻❤️‍🩹 #anime #wakatsukitakeshi #wakatsuki #kenganashura #fyp,622,0.0963444857496902
wakatobi,980300000,954,111,28,35,2025-09-24 13:52:04+00:00,"Hi! I'm Mizka. 
Wakatobi is an island with many natural attractions. One of them is Lake Tailoro Nto' Oge, Kapota. Let's discover its origins! 🤍🙌
( Wakatobi merupakan pulau yang memiliki banyak destinasi alam. Salah satunya merupakan danau tailoro nto' oge, kapota. 
Ayo cari asal-usulnya! ) 
#JagaTamanNasionalWakatobi 
#LestarikanKearifanLokalWakatobi 
#UntukIndonesiaLestari 
@kemenhut_ri 
@ykan_id 
@btn _ wakatobi",174,0.18238993710691823
wakatobi,980300000,3516,290,18,14,2026-05-18 17:27:10+00:00,"Genzo SSGGM wakabayashi 
edit🧤⚽️🔥|2:22|
.
.
.
.
.
#tiktok  #capitantsubasa #anime #edit #greenscreen",322,0.09158134243458475
wakatobi,980300000,272800,21900,170,692,2025-12-31 06:55:36+00:00,Sesehat itu lautnya 🍃🐚💙🍀 #wakatobi #laut #sulawesitenggara #avatar,22762,0.08343841642228739
wakatobi,980300000,6741,61,24,15,2026-04-01 14:14:21+00:00,"#japan🇯🇵 series part 22💗💗
.
.
.
Follow for more!!
.
.
.
#plsfollow #fyp #japan #kawaii",100,0.01483459427384661
wakatobi,980300000,10400,516,0,5,2025-09-24 04:47:21+00:00,"BELUM BISA MOVE ON SANGAT LUAR BIASA🥰🥰
#wakatobi 
#togobinongko",521,0.050096153846153846
wakatobi,980300000,18000,313,9,11,2025-07-30 10:19:54+00:00,"Ketika bule nyobaiin dan merasakan langsung kearifan lokal Indonesia ! 

Sandro dalam suku bajo  adalah seorang yang mampu membantu dalam hal penyembuhan maupun hal hal lain yang terkait dengan kearifan lokal

Info / nanya2 via WA yaa di 0811401449
__________________________________ 

#photodiveseto #wakatobi #wakatobidivetrip #scubalifestyle
#wonderfulindonesia",333,0.0185
wakatobi,980300000,2900000,511900,638,19400,2026-02-09 21:36:47+00:00,I loved them more than the main couple🥹 they need their own anime #wotakoi #enemytolovers #animemoments #romanceanime #fyp,531938,0.18342689655172414
wakatobi,980300000,18300,760,9,16,2024-11-13 13:19:46+00:00,"Biarkan mereka berlomba untuk menjadi modern kita tetap pada wujud asli kita (Sapo Tada Kahedupa)

#LoveWakatobi #WakatobiParadise #WakatobiIslands #ExploreWakatobi #UnderwaterWakatobi #WakatobiAdventure #WakatobiCulture #WakatobiOcean #WakatobiNature #IslandLife #TropicalEscape #DivingWakatobi #WakatobiBeauty #TravelToWakatobi #WakatobiSunset #DiscoverWakatobi #WakatobiMoments #EcoTourism #LoveNature #WakatobiExperience",785,0.04289617486338798
wakatobi,980300000,893400,2996,35,80,2026-05-23 09:03:02+00:00,"ִֶָ𓂃 ࣪˖ ִֶָ🐇་༘࿐ caption :: best duo 🥹 💕 ㅤ♡ྀི ₊ ⋆｡𖦹°⭒˚｡⋆ 𝘁𝗮𝗴𝗴𝗶𝗲𝘀 :: nobody 🥹 ✧˚ ༘ ⋆｡˚
.
.
.
.
.
.
.
.
.
.
.
.
.
.
.
.
.
.
.
.
.
.
.
.
.
.
.
.
.
#fyp #viral #edit #boost #xyzcba 
Taylor Swift, olivia Rodrigo, famous, finn wolfhard, malina weissman, regina george, mean girls, stranger things, Gilmore girls, asoue, edits, blurrr, CapCut, boosting,  fyp, millie bobbie brown, Noah schnapp, nell fisher, David harbour, Rachel McAdams, Lindsay lohan, Britney Spears, avril lavigne, arctic monkeys, Alex turner , viral, etc.",3111,0.0034822028206850236
wakatobi,980300000,6789,261,6,9,2025-06-09 02:36:57+00:00,#wakatobi #tomia #wakatobidiveresort,276,0.040653999116217414
wakatobi,980300000,4469,453,2,30,2026-05-22 23:36:51+00:00,"They’re so sibling coded

#wakfu #yugowakfu #fyp #viralvideo #shitpost",485,0.10852539718057731
wakatobi,980300000,556,17,0,1,2025-09-19 08:07:02+00:00,Suku Wakatobi🔥#fyp #fypシ゚  #wakatobi #sukuwakatobi #bahasawakatobi,18,0.03237410071942446
wakatobi,980300000,5718,1214,9,40,2026-05-31 07:44:09+00:00,"*CALLING OUT ALL RUNNERS SATURDAY JUNE 6th, 2026* 
_Get Ready For The Ultimate Fun Run_ 

🏃‍♂️ Let's make North of Sleman’s the place to be for the most exciting 5K run you'll ever join!

*Hi! Buat kamu yang suka lari yuk ikutan event Wyndham Garden Yogyakarta X Elkaer !!!*😍

Bergabunglah bersama kami di
Road to Elkaer, Wyndham Garden Yogyakarta X Elkaer 2026 dan rasakan keseruan 5K fun run yang semangat dan energi. Ajak teman-teman, raih finish line dengan penuh kegembiraan, dan buat kenangan yang tak terlupakan!

📅 *SABTU, 6 JUNI 2026*
💰 *IDR 25k/person* 

Race Pack Include : 
- BIB Number
- ⁠Refreshment
- ⁠Running Raves Music Dj by Swavel
- ⁠Digital Certificate

🔗*Daftar sekarang di https://autentix.web.id/event/olahgaya/* 

*Join the fun, Enjoy the run only with US* ✨

#WyndhamGardenYogyakarta
#WyndhamFunRun5K
#Elkaer2026
#RoadtoElkaer
#FunRunJogja",1263,0.22088142707240294
wakatobi,980300000,7896,90,1,10,2026-05-24 19:40:27+00:00,Had to spotlight some of the behind the scenes magic. Also she’s stunning. Anyway who y’all got for game 4?! #okcthunder #sanantoniospurs  #shaigilgeousalexander #victorwembanyama #fyp,101,0.01279128672745694
wakatobi,980300000,45900,2630,21,76,2026-04-27 12:13:32+00:00,これが5人最後のkoi-wazuraiになるなんて,2727,0.05941176470588235
wakatobi,980300000,11400,669,10,3,2026-04-24 04:23:24+00:00,#fyp #wakatobiisland🏝 #maritimcenterwakatobi #sunset #wakatobi,682,0.05982456140350877
wakatobi,980300000,2200000,41100,315,1117,2026-02-26 09:36:33+00:00,#fyppppppppppppppppppppppp #pajogetselayar💃💃 #asekkkkkk😂💃🙈 #wakatobi #joget,42532,0.019332727272727272
wakatobi,980300000,1600000,22800,244,937,2026-03-29 18:41:05+00:00,asek adek baju putih💃💯#polassi'#pajogetselayar#jogetwakatobi💃💃#fypppppppppppppppppppppppppppppppppp,23981,0.014988125
wakatobi,980300000,290300,7087,198,360,2026-03-27 03:13:58+00:00,#mansa #mansakaledupa #kaledupa #kaledupa #wakatobi,7645,0.02633482604202549
wakatobi,980300000,85100,1253,47,89,2026-01-20 22:04:10+00:00,Opa ini sudah kena akua jahat🔥😂😂#joget #wakatobi #viral #fyp #tiktok,1389,0.016321974148061105
wakatobi,980300000,3400000,291000,3161,27600,2025-11-28 10:56:21+00:00,"Air sebening kristal, terumbu karang warna-warni, dan ketenangan yang cuma bisa kamu temukan jauh dari keramaian.
Wakatobi adalah bukti bahwa sebagian keajaiban Indonesia justru bersembunyi di bawah permukaan laut

📍 Wakatobi, Sulawesi Tenggara

#WonderfulIndonesia
#ExploreWakatobi
#SulawesiTenggara
#DivingIndonesia",321761,0.09463558823529412
wakatobi,980300000,899300,10400,117,1337,2025-12-02 23:00:21+00:00,Joget kedua mempelai  Boss bengkel @marlin konowali.#jogetbinongko#wakatobi #fyp,11854,0.013181363282553097
wakatobi,980300000,18100,405,11,52,2026-04-15 12:07:19+00:00,Orang Asli Wakatobi #fyp #bahlillahadaliaorangwakatobi #bahlillahadalia #orangwakatobi #sukuwakatobi,468,0.02585635359116022
wakatobi,980300000,384700,645,115,19,2023-09-27 15:16:01+00:00,"Gurita Berwarna (imbu) dalam mitologi orang Wakatobi dikenal sebagai makhluk laut yang memiliki ikatan dengan manusia. Bahkan masyarakat pesisir menyebut makhluk ini ada yang bersaudara dengan mereka.

#wakatobi 
#visitwakatobi 
#maikuawakatobi 
#divingwakatobi",779,0.0020249545100077984
wakatobi,980300000,41900,2425,0,134,2026-02-04 09:47:55+00:00,"Permandian Wakatobi 
#fypシ #permandian #wakatobi #foryou 
#bismillahfyp",2559,0.06107398568019093
wakatobi,980300000,5976,221,12,9,2025-12-31 03:39:50+00:00,"Welcome to Wambuliga Beach 🏝️🐟🌊🐚🫧 

#fyp #foryou #wakatobi #masukberanda",242,0.04049531459170013
wakatobi,980300000,869,67,2,4,2026-06-01 13:31:51+00:00,"Mereka yang ngerepotin…..

#photodiveseto #wakatobi #wakatobidivetrip",73,0.08400460299194476
wakatobi,980300000,1674,134,14,12,2026-05-22 00:59:46+00:00,"📍the brandals cave Kapota

Masih bersama teman saya @titiamiinahs_ , Fyi: video ini ditake berulang sampai sesak napas 🗿😭

#wakatobiisland🏝 #freedive #freedivegirl #freediver #fyp",160,0.0955794504181601
wakatobi,980300000,3394,211,8,12,2026-02-17 12:38:11+00:00,Mai kua wakatobi #wakatobi #wakatobiisland🏝 #sultra,231,0.0680612846199175
wakatobi,980300000,391,25,0,0,2026-06-02 01:10:01+00:00,Latepost 2025: ReKonstruski Anggaran Kepariwisataan Kabupaten Wakatobi.#dinaspariwisata #pariwisata #rekonstruksi #wakatobiisland🏝 #umkm,25,0.0639386189258312
wakatobi,980300000,63000,3081,99,277,2025-08-19 04:52:33+00:00,"CUMAN 800an aja kalian udah bisa ke Wakatobi, next kita bahas apa lagi nih? #fyp #wakatobi",3457,0.05487301587301587
wakatobi,980300000,315500,9667,848,3324,2026-01-03 04:01:29+00:00,"Gas kan kak, taman seluncuran di kota Kendari #kendari #wakatobi #sultra #snowboard",13839,0.04386370839936608
wakatobi,980300000,92900,6329,112,395,2026-02-20 09:50:29+00:00,salah satu spot sunset terbaik di wakatobi #sombudive #wakatobiisland🏝 #sunset #sulawesitenggara #ngabuburitramadhan,6836,0.07358449946178687
wakatobi,980300000,2100000,24100,249,562,2026-01-21 15:06:08+00:00,joget asekkk lagi#sulsel #jogetwakatobi #jogetselayar #fyp,24911,0.011862380952380952
wakatobi,980300000,120200,1572,43,38,2026-04-02 16:03:34+00:00,"seramah itu MasyaAllah 😍😍😍

#paramitharusady 
#wakatobi",1653,0.01375207986688852
wakatobi,980300000,37600,3715,53,327,2026-05-21 07:35:29+00:00,"📍the brandals cave - Kapota

Masih ditempat yang sama di pulau wakatobi, kali ini bersama teman freedive saya “ @titiamiinahs_  “

#wakatobiisland🏝 #freedive #freedivegirl #freediver #fyp",4095,0.10890957446808511
wakatobi,980300000,5809,259,13,13,2026-05-26 22:53:30+00:00,Senang melihat rumah dari atas #tiktokgogempar #flyjaya #wakatobi #wakatobiisland🏝 #kaledupa,285,0.04906180065415734
wakatobi,980300000,31500,1580,31,76,2025-07-16 00:06:21+00:00,Day 1 - Puncak Kahiyanga Pulau Tomia #wakatobi #tomia,1687,0.05355555555555556
wakatobi,980300000,358000,29000,1009,10400,2026-05-16 09:39:33+00:00,"Agayyyy

#naldzuke_kun #japanese #japanese #meme #bisayangdako",40409,0.11287430167597766
wakatobi,980300000,20600,3191,50,154,2026-05-13 23:16:10+00:00,#wakfu #wakfuwomen #characterdesigns #viral #fyp,3395,0.16480582524271845
wakatobi,980300000,6280,157,4,65,2024-09-04 23:36:54+00:00,Wakatobi newark ca #newarkca #fremont #unioncity #sanleandro #milpitas #oakland #sanjose #sanfrancisco #fyp #foryou #dalycity #cupertino #concord #livermore #castrovalley #bayarea #bayareafoodies #bayareaeats,226,0.035987261146496814
wakatobi,980300000,784,49,0,1,2025-08-12 11:16:39+00:00,#fyp #fypp #wakatobi #sukuwakatobi  #bahasawakatobi,50,0.06377551020408163
wakatobi,980300000,58000,5131,81,395,2026-04-30 18:01:34+00:00,"wakabayashi>muller
#captaintsubasa #supercampeones #genzowakabayashi #edit #fyp",5607,0.09667241379310344
wakatobi,980300000,161000,5102,67,515,2024-10-17 09:55:14+00:00,Wakatobi Dive Resort #wakatobiisland🏝 #wakatobipride🔥🏖️ #wancisulawesitenggara #wakatobidiveresort #fypシ #fyp,5684,0.035304347826086956
wakatobi,980300000,31200,248,60,10,2026-05-15 08:48:16+00:00,"海が青い理由
絶対に忘れるな！",318,0.010192307692307691
wakatobi,980300000,156200,14400,107,1464,2026-04-06 16:52:28+00:00,บ้านพักคุสึโนกิกับสวนเทพเจ้า #อนิเมะ #anime,15971,0.10224711907810499
wakatobi,980300000,257700,55500,134,5019,2026-03-26 06:05:08+00:00,WABAKI IS BACK BABY 🫣🔥,60653,0.23536282499029879
wakatobi,980300000,42300,1957,88,197,2024-10-06 03:59:49+00:00,SUKU WAKATOBI #fyp #FYP #sukuwakatobi #bahasawakatobi  #orangwakatobi #wakatobi #fypシ゚viral #fypシ #kepulauanwakatobi #kabupatenwakatobi #wakatobiisland🏝 #wakatobitribes #wakatobitribe #wakatobipride🔥🏖️ #wakatobipride,2242,0.05300236406619385
wakatobi,980300000,340500,27000,430,619,2026-04-27 17:40:02+00:00,"kelebihan budget apa nih ya studio nya
#trending #anime #isekainonbirinouka #isekainonbirinoukaS2
#fyp",28049,0.08237591776798825
wakatobi,980300000,8493,239,1,14,2026-05-29 17:02:41+00:00,"Nobody told us Moshi’s street food scene was THIS good 🤯🔥

Moshi food tour spot 1.

#bitebuddies #moshitanzania #foodtour",254,0.0299069822206523
wakatobi,980300000,6543,183,1,6,2025-10-19 08:39:57+00:00,Kegembiraan Kabuenga Pohesulu #kabuengawakatobi #wakatobi #wisatawakaktobi,190,0.02903866727800703
wakatobi,980300000,148500,12500,499,1048,2026-04-20 15:56:48+00:00,"when yah 🙂
#bokunokokoronoyabaiyatsu #animeedit#anime",14047,0.09459259259259259
wakatobi,980300000,5436,15,1,3,2026-06-02 09:45:45+00:00,"Kinumpirma ng OPM alternative rock band na “Sleep Alley” ang nakalulungkot na ulat ng pagpanaw ng kanilang bokalista na si Aly Pagaduan. 

“It is with great sadness that we announce the passing of our beloved bandmate and dear friend, Aly,” saad ng banda sa kanilang social media noong Lunes, Hunyo 1. 

Habang hindi nabanggit ang sanhi sa pagkasawi ni Aly, inalala ng Sleep Alley na bukod sa pagiging miyembro, si Aly ang naging puso ng kanilang banda dahil sa kaniyang passion, creativity, at pakikipagkaibigan.

Dahil din dito, nagsilbing inspirasyon si Aly sa mga naging tagapakinig at tagasuporta ng kanilang mga tugtog at paglalakbay sa industriya ng OPM. 

“Aly was more than a member of Sleep Alley, she was a part of the heart and soul of this band. Through her music, passion, creativity, and friendship, she touched not only our lives but also the lives of everyone who listened to our songs and supported our journey,” saad ng banda. 

“We will forever cherish the music she shared with us, the memories we created together, and the moments that shaped Sleep Alley into what it became. Her voice, spirit, and artistry will continue to live on through the songs we made and the people she inspired along the way,” anila pa. 

Bilang pagkilala sa legasiyang iniwan ni Aly, binanggit ng Sleep Alley na opisyal na rin silang namamaalam sa kanilang fans at mga tagasuporta, na sinamahan sila sa mga nagdaang taong pagtugtog at pagtatanghal. 

“In honor of Aly and everything she brought to Sleep Alley, we have decided to close this chapter of the band. We leave this as part of her legacy. A reflection of the music, memories, and journey we shared together,” pamamaalam ng Sleep Alley. 

“To everyone who supported Sleep Alley throughout the years, attended our shows, listened to our music, shared our work, and believed in us, thank you from the bottom of our hearts. Your support meant the world to us, and we are deeply grateful that you were part of this journey with Aly,” dagdag pa nila bilang pasasalamat. 

Sa pagtatapos ng kanilang pahayag, hiniling ng Sleep Alley na ipanalangin ang pamilyang naiwan ni Aly at patuloy na alalahanin ang kaniyang mga alaala sa pakikinig ng kanilang mga tugtog. 

“As we say goodbye, we ask that you keep Aly and her loved ones in your thoughts and prayers. We hope that whenever our music is played, her memory continues to live on,” hiling ng Sleep Alley. 

“Thank you, Aly, for the music, the friendship, and the memories. We will carry them with us always,” dagdag nila bilang mensahe kay Aly. 

Unang inilabas ng Sleep Alley ang kanilang debut song na “Di Naging (Tayo)” noong 2017, na sinundan ng album na “Sino Nagsabing Takot Ako Sa Dilim” noong 2019. 

#Balita #SleepAlley #AlyPagaduan @Manila Bulletin",19,0.003495217071376012
wakatobi,980300000,953,26,1,1,2026-03-13 03:26:33+00:00,"📍Waunn
Asakusa,Tokyo
Ordered:
Waunn Chirashi
¥7,000
Sea Urchin, middle fatty tuna,, blue fin tuna, scallop, sea bream, crab,  salmon roe, topped off with caviar.
This comes with inhouse soy sauce and wasabi, miso, fruit, and vegetables.

Pre-booking is preferable. They open reservations a month ahead.

#tokyo #japan #asakusa",28,0.02938090241343127
wakatobi,980300000,1200000,18700,569,1331,2026-04-16 15:04:17+00:00,"Unlock Your Full Flexibility and Strength with This Gymnastics-Inspired Routine
**Gymnast Balance & Flexibility Workout**
1. **Beam Balance Hold**
Stand on one leg on a narrow surface (or line on the floor), hold for 30 seconds each side. Repeat 3 times.
2. **Deep Forward Lunges with Reach**
Step forward into a deep lunge, reaching your arms overhead to stretch the hips and hamstrings. 3 sets of 12 reps per leg.
3. **Pike Hamstring Stretch with Leg Lift**
Sit with legs straight; lift one leg and reach toward toes, hold for 20 seconds each side. Repeat twice per leg.
4. **Shoulder Openers on the Floor**
Lay face down, extend arms wide then slowly lift chest off ground while squeezing shoulder blades together. Hold 15 seconds, 3 sets.
5. **Glute",20600,0.017166666666666667
wakatobi,980300000,206600,2353,73,174,2025-11-17 05:10:50+00:00,PESONA GOYANG CEWEK WAKATOBI ‼️ HIJAB MERAH JANGAN SAMPAI LEPAS 🔥🔥❤️❤️,2600,0.012584704743465635
wakatobi,980300000,18300,602,16,85,2025-09-06 10:48:57+00:00,"Sembari Enjoy Festival Wakatobi Wave 🫠, ini nih Destinasi Wisata Keren yang wajib anda Kunjungi #wakatobi #wakatobiwave #wisatawaktobi #indonesia vid by @pesonawakatobi.id",703,0.03841530054644809
wakatobi,980300000,2267,55,1,7,2026-06-01 02:35:46+00:00,#binongkotiktok #butonpride #fypage #wakatobi #lewatberanda,63,0.027790030877812087
wakatobi,980300000,25300,899,29,222,2025-11-09 13:26:15+00:00,"Sombu Dive Wangi-wangi....

#wakatobi #wanci #sombudive #pesonaindonesia #sunset",1150,0.045454545454545456
wakatobi,980300000,39500,2027,114,132,2026-04-08 12:24:44+00:00,Besar sekali😱 #air #ikan #goa #wakatobi #fypp,2273,0.05754430379746835
wakatobi,980300000,740,38,2,3,2026-05-26 14:01:32+00:00,"Wakatobi — Surga Bawah Laut yang Membuat Dunia Datang ke Indonesia

Wakatobi bukan hanya tempat untuk dikunjungi… tapi tempat yang mengingatkan bahwa keajaiban dunia masih ada—dan salah satunya berada di Indonesia."" �
Wakatobi Tourism

Di jantung timur Indonesia, Wakatobi menyimpan salah satu keindahan bawah laut terbaik di dunia. Laut jernih, budaya maritim, dan alam yang masih terjaga menjadikannya surga yang sulit dilupakan.

#Wakatobi #Indonesia #WonderfulIndonesia #Dokumenter #Cinematic",43,0.05810810810810811
wakatobi,980300000,56700,1505,50,310,2026-05-07 12:04:40+00:00,Kapal kaledupa-wanci 🔥🔥💪 #wakatobiisland🏝 #wakatobi #fyp #lewatberanda #ombakbesar,1865,0.03289241622574956
wakatobi,980300000,24400,1866,24,75,2026-01-06 08:24:57+00:00,"Semuanya indah diwakatobi
#wakatobiisland🏝  #marinatogomowondu⛵🌺🌴  #sunsetwakatobi  #wakatobisulawesitenggara",1965,0.0805327868852459
wakatobi,980300000,19500,265,26,52,2025-12-27 08:10:11+00:00,"Beginilah kapal yang hendak sandar di Pelabuhan Kaledupa, Kabupaten Wakatobi
#outdooractivities",343,0.01758974358974359
wakatobi,980300000,1416,54,5,3,2026-05-21 09:00:28+00:00,"Jadwal Trip 
22 - 26 Mei ( Dive Trip )
28 Mei - 02 Juni ( Private ) 
23 - 26 June ( snorkeling trip )
Next trip : by Request

Info trip / nanya2 via WA yaa di 0811401449
__________________________________ 

#photodiveseto #wakatobi #wakatobidivetrip #freedive",62,0.043785310734463276
wakatobi,980300000,363200,5252,169,345,2025-11-18 05:02:12+00:00,joget Wakatobi yg lagi viral#fyp_viral_tiktok,5766,0.01587555066079295
wakatobi,980300000,147800,8659,113,944,2025-10-31 05:38:41+00:00,"Di lihat dari atas pulau wangi-wangi🤩🤩
#wakatobiisland🏝 #wakatobi #wanci #sombudive #fyp",9716,0.06573748308525033
wakatobi,980300000,60700,5894,11,396,2026-04-11 07:41:48+00:00,"Sanset terindah terletak
#wakatobi #sulawesitenggara #fyp",6301,0.10380560131795717
wakatobi,980300000,24300,728,19,36,2026-05-31 09:17:46+00:00,Adat budaya wakatobi(wanci)kabuenga,783,0.03222222222222222
wakatobi,980300000,1700000,46500,1088,1886,2026-02-02 11:55:03+00:00,#pajogetselayar #fyppppppppppppppppppppppp #semuaorang #masukberanda #wakatobi,49474,0.02910235294117647
wakatobi,980300000,37600,3547,7,6,2026-04-24 04:30:07+00:00,#indonesia #wakatobi #travel #foryoupage❤️❤️,3560,0.09468085106382979
wakatobi,980300000,26900,1089,17,55,2025-08-27 15:03:25+00:00,fyp lagi nih 😊👍👌🔥💪 #fyp #wakatobi #sherlytjoanda #sherly #viral,1161,0.04315985130111524
wakatobi,980300000,7376,337,21,25,2025-12-25 14:23:39+00:00,"Titik tersembunyi yang wajib dikunjungi ketika di wakatobi 🔥

#wakatobi #kontamale #tripwakatobi #fyppppppppppppppppppppppp #fyp",383,0.05192516268980477
wakatobi,980300000,434,16,1,0,2026-02-13 22:59:10+00:00,"Manta rays at night in Wakatobi, South East Sulawesi, Indonesia. 
#manta #mantaray #wakatobi #oceanlife #remoteisland",17,0.03917050691244239
wakatobi,980300000,30400,2526,18,267,2025-12-09 12:15:23+00:00,"Iship DTPK brought me here, jatuh cinta dengan Indonesia Timur🫶 Surga kecil yang gak akan kulihat kalau aku masih bertahan di Indonesia Barat🥹 

#wakatobi #dtpk #tomia #dokter #iship",2811,0.09246710526315789
wakatobi,980300000,3069,208,5,11,2026-05-15 01:00:04+00:00,"ayo ke Wakatobi. kita keliling ke tempat tebaik & mengabadikannya menjadi kenangan...

#travelvideo #cinematicvideo #cinematic #wakatobi",224,0.07298794395568589
wakatobi,980300000,53700,5171,30,477,2026-04-24 09:33:11+00:00,Masih tentang senja dan kehangatan #wakatobi,5678,0.10573556797020484
wakatobi,980300000,38500,2937,102,160,2026-04-01 13:36:30+00:00,Wakatobi lanjut kota mana lagi #wakatobi #wakatobiisland🏝 #sulawesiperide🌴🔥 #kotamanalagi,3199,0.08309090909090909
wakatobi,980300000,214200,12300,110,1094,2026-01-07 14:36:56+00:00,"Baru coba scuba diving, langsung jatuh cinta. Dunia bawah laut ternyata candunya beda. 🤿💙#wakatobi #diving #scubadiving",13504,0.06304388422035481
wakatobi,980300000,30100,330,6,76,2024-01-14 04:24:21+00:00,"Minimal sekali seumur hidup kamu merasakan tinggal di rumah apung suku bajo Wakatobi layaknya seperti di film Avatar😍

#wakatobi #sukubajowakatobi #amaiwakatobi",412,0.013687707641196013
wakatobi,980300000,28400,1793,58,89,2026-03-28 06:26:35+00:00,"My first solo trip: diving di salah satu surga bawah laut dunia, Wakatobi 🌊🤿

Kalau kayak begini, siapa yang engga jatuh cinta sama laut?🥹🐠

#ExploreWakatobi #wakatobiisland🏝 #wakatobisulawesitenggara #ScubaDiving",1940,0.06830985915492958
wakatobi,980300000,89900,3570,58,463,2026-04-22 05:41:10+00:00,#fyp #orangwakatobi #bahasawakatobi #sukuwakatobi #wakatobi,4091,0.045506117908787544
wakatobi,980300000,3746,79,1,3,2026-05-30 12:49:52+00:00,"Masih tentang joget jalan desa Waloindi 
#binongko #wakatobi #togobinongko #desawaloindi #desawaloindi",83,0.02215696743192739
wakatobi,980300000,964,51,0,2,2026-03-31 11:15:51+00:00,"Di Pantai Wambuliga, Desa Sombu, Kec. Wangi-Wangi, Wakatobi #wakatobi #underwater",53,0.054979253112033194
wakatobi,980300000,22700,977,10,80,2025-05-25 01:00:41+00:00,Wakatobi ☑ #fyp #fypp #fyppp #fyppppppppppppppppppppppp #fypシ゚  #wakatobi #orangwakatobi #sukuwakatobi #bahasawakatobi #trending #viral #virall #viralllllll #kepulauanwakatobi,1067,0.047004405286343615
wakatobi,980300000,3782,143,63,3,2026-05-07 16:34:27+00:00,Que es el wacabaki? De donde es originario #comenta #sonora🌵🦌 #ciudadobregon #cajeme #wakabaki,209,0.05526176626123744
wakatobi,980300000,6122,216,2,11,2026-05-15 16:53:45+00:00,kaori doing coming out as a heterosexual poor wakaba #figureskatingtiktok #figureskating #kaorisakamoto #meme #fyp,229,0.037406076445606014
wakatobi,980300000,100,1,0,1,2026-06-01 19:24:35+00:00,Versatility in an artist #alizafar #opera #pakistani #bayarea #sanjose,2,0.02
wakatobi,980300000,121100,706,27,92,2023-12-10 16:51:21+00:00,"Wakatobi adalah singkatan dari empat pulau utama di Provinsi Sulawesi Tenggara, Indonesia, yaitu Wangi-Wangi, Kaledupa, Tomia, dan Binongko. Nama ini juga telah menjadi nama terkenal dalam industri pariwisata karena keindahan alam bawah lautnya yang menakjubkan.#fyp #fy #fypシ #fypシ゚viral #fypage #fyppppppppppppppppppppppp #fypp #fypdong #fypgakni #zeus #scatter #xyzbca #fypsounds",825,0.006812551610239472
wakatobi,980300000,14500,1018,6,53,2026-04-13 21:53:00+00:00,Hirotaka & Narumi | TrackMaker #wotakoi #romance #fyp #douyin #edit,1077,0.07427586206896551
wakatobi,980300000,4610,375,9,31,2026-04-26 13:41:36+00:00,"RIGAS 💛💛 CABANG JAWA,,,btw when yah😔
@Rikapii 

#ayarikapi #reanimal  #whenya",415,0.09002169197396963
wakatobi,980300000,77000,4467,23,73,2026-05-27 15:12:42+00:00,"Number 1 Song In Tanzania #OZALIMA , Now The Official Music Video Is Finally Here, Enjoy!🔥 
#OZALIMA #ODB #KHANMUSIC",4563,0.05925974025974026
wakatobi,980300000,18100,1524,38,216,2026-05-31 08:18:56+00:00,Worth the hype..Nevo cafe🔥 #tiktokuganda🇺🇬🇺🇬🇺🇬 #fyp,1778,0.09823204419889503
wakatobi,980300000,11500,277,67,11,2026-04-28 08:51:19+00:00,@犬猫パラダイスに返信 これで合ってる？かな,355,0.030869565217391304
wakatobi,980300000,67800,3879,55,244,2024-10-23 02:21:12+00:00,Wakatobi#storywakatobi#wakatobipride🏝#fypppp #capcut,4178,0.06162241887905605
wakatobi,980300000,446100,24100,504,400,2023-12-27 10:28:01+00:00,DI WANCI SAKIT PERUTKU KETAWA 😂😂,25004,0.05605021295673616
wakatobi,980300000,330800,14500,174,1745,2026-03-04 10:40:26+00:00,#サザエさん #アニコレレジェンド #ANIMEDANCE #キムラモトコ #かばお,16419,0.04963422007255139
wakatobi,980300000,116800,8010,68,1089,2026-02-22 14:09:00+00:00,Princess Rodya Dares You to Say Rough Twice | #limbuscompany #projectmoon🔑🌙 #projectmoon #projectmoonmeme #projectmoonedit #limbuscompanymeme #limbuscompanyedit #limbuscompanyfyp #limbuscompanyfanart #limbuscompanybus #limbuscompanyrodya,9167,0.07848458904109588
wakatobi,980300000,148000,2735,100,260,2024-05-02 05:41:17+00:00,Menari di atas laut ala suku bajo wakatobi 😎😎 #wakatobi #wakatobiisland #wakatobisulawesitenggara #wakatobipride🔥🏖️,3095,0.020912162162162164
wakatobi,980300000,23300,3144,9,108,2026-04-09 13:45:57+00:00,haven't seen anyone edit him with this trend #wotakoi #loveishardforotaku #hirotaka #hirotakanifuji,3261,0.13995708154506437
wakatobi,980300000,39700,1546,34,17,2025-08-12 07:27:06+00:00,"😱😱
#wakatobi #pesonawakatobi #alkeskelor #fypage #fyp",1597,0.040226700251889166
wakatobi,980300000,850,63,5,26,2025-08-12 14:05:47+00:00,#covergitar#wakatobi#fypシ,94,0.11058823529411765
wakatobi,980300000,185100,7302,298,1676,2026-05-19 09:16:40+00:00,"Hinoktuk gyud 

#naldzuke_kun #meme #japanese #bisaya #bisayangdako",9276,0.05011345218800648
wakatobi,980300000,309800,38100,210,2053,2026-05-26 15:41:14+00:00,#CaptainTsubasa #wakabayashi #AnimeEdit #xDDDD #Edit,40363,0.13028728211749516
wakatobi,980300000,1600000,113700,730,11700,2026-03-06 10:04:51+00:00,ホ。-堀川くんの奇行について-#チ #怪獣 #サザエさん #堀川くん #notai,126130,0.07883125
wakatobi,980300000,43100,1948,39,186,2024-10-26 05:41:42+00:00,PESONA KEINDAHAN KAB. WAKATOBI (Wangi-Wangi || Kaledupa || Tomia || Binongko).. #respect #butonpride🏝 #buton #wakatobiisland🏝 #wangiwangi #kaledupa #tomia #binongko #fpyシ #fpyyyyyyyyyyyyyyyyyyyyyy #fpy,2173,0.05041763341067285
wakatobi,980300000,413400,41800,69,640,2026-03-25 13:55:39+00:00,Restes went fully Genzo Wakabayashi from Captain Tsubasa! 🔥🧢  #sportstiktok #Ligue1 #Ligue1Mcdonalds #captaintsubasa #funny @Toulouse Football Club @Guillaume Restes,42509,0.10282776971456217
wakatobi,980300000,1000000,208000,642,11400,2025-11-01 20:07:38+00:00,#HIROTAKA | man i wish that was me #hirotakanifuji #unflopme #wotakoi #fyp,220042,0.220042
wakatobi,980300000,971,68,10,166,2026-05-30 14:36:17+00:00,It's my first ever arranged battle on the 15th June 26 at 9:30PM! Come along and support if you're free (One and done). Power ups included. Any supported is so appreciated! #livestreaming #foryoupage #fyp #tiktoklive@The Joker @Flashy ⚡️ @1990 @𝓐𝓵𝓭𝓰𝓪𝓽𝓮𝓡𝓲𝓭𝓮𝓻 🏍️⚡️ @theraamigrizzly🃏 @𝘼𝙘𝙩𝙞𝙫𝙚 𝘼𝙡𝙞 💎 @Havzee’s World 🌍🫶🏼 @💜💛🌟ʟᴀᴜʀᴇɴ 🚑ᴛʙꜱ 🌟💛💜 @MoneyGunDad ᴺᶫᶜ 🦋💵🔫 @La_vieja_escuela_1978🦁⚔️,244,0.2512873326467559
wakatobi,980300000,29600,2347,6,112,2026-04-24 04:57:56+00:00,El portero genio #Wakabayashi #Tsubasa #Goat #Aura #Parati,2465,0.08327702702702702
wakatobi,980300000,3205,418,11,23,2026-05-31 12:47:04+00:00,"Happy Vesakh 🙏 from Fo Guang Shan Taihua Temple ~ A quiet sanctuary in Khu Bon, where modern life slows down and the mind returns to stillness.

📍Fo Guang Shan Taihua Temple
(Wat Fo Guang Shan)
————————————
55 Khu Bon Rd, Bang Chan, 
Khlong Sam Wa, Bangkok 10510

Open: 09.00AM - 05.00PM

#vesak #佛光山 #bangkok #buddha #temple",452,0.14102964118564743
wakatobi,980300000,64200,9727,123,1258,2026-02-14 11:14:26+00:00,"""Sebenarnya tu tak menakutkan tapi comel""
(Mugi kecomelan attack)//
Malaydub credit:Ahmad Qusyairi 
@円香アジズ @artisberbudaya @nasrudinnnnnn |
#k_on #malaydub #tsumugikotobuki #anime #malaysia",11108,0.17302180685358257
wakatobi,980300000,606,38,2,0,2026-06-01 19:15:17+00:00,"✨ Looking for a relaxing and comfortable experience in Dubai or Abu Dhabi? 🇦🇪

Available in both cities with flexible scheduling and friendly service. Whether you're visiting or living in the UAE, I'm here to help you unwind and enjoy your free time.

📍 Dubai | Abu Dhabi
✅ Available Daily
For more information and bookings, please check my bio and contact me via WhatsApp. 📲

Looking forward to hearing from you!",40,0.066006600660066
wakatobi,980300000,119400,3216,132,150,2024-12-01 06:46:04+00:00,Makan Favoritnya orang buton#fyppppppppppppppppppppppp #butonpride🏝 #wakatobi,3498,0.0292964824120603
wakatobi,980300000,57500,2934,198,395,2025-09-02 09:18:19+00:00,"Wakatobi vibes
by.La Andy Hrs & YusDj
#song #lagu #wakatobi #musik @amex2320",3527,0.06133913043478261
wakatobi,980300000,1500000,159700,699,7883,2026-03-18 19:54:17+00:00,Takaba’s WiFi joke explained #jjk #jujutsukaisen #anime #manganimist,168282,0.112188
wakatobi,980300000,547800,77300,178,161,2026-04-20 13:01:29+00:00,"A moment that will be remembered for years to come.
Credit: @alberttalks
____
🚀 Join our largest directory of Asian-owned businesses: beacons.ai/asianhustlenetwork
🚀 Discover what our all-in-one agency offers for businesses: asianhustlenetwork.com/services/
🚀 Book a free consultation with us: asianhustlenetwork.com/contact-us/
📩 Get access to exclusive news & opportunities in our newsletter: asianhustlenetwork.com/uplifters-newsletter/",77639,0.14172873311427528
wakatobi,980300000,774300,51500,340,2889,2026-04-09 12:00:32+00:00,(Guys do you not see the satire tag🫩) I have no motivation to make any tweening videos #fyp #foryoupage #bluelock #bllk #satire @Saesita 🫧 @Toenail 😳😳 @𝒂𝒌𝒊𝒐 ೀ @Salami @miri @SHIVVV @「˖  ࣪      Amii ˚.     ˖」 @₊˚꒰🍓꒱‧ 𝒦𝒶𝓁𝒾 ‧₊ ᵎᵎ 🍒 @Kolya ⸝꙳.˖ ᴠᴀʀᴋᴀ's ᴅᴏʟʟ ♡ @Syn,54729,0.07068190623789229
wakatobi,980300000,1500000,284500,606,22900,2025-10-21 13:01:03+00:00,what does it mean for someone to be happy? #sheenaringo #song #lyrics #fyp #recommendations,308006,0.20533733333333334
wakatobi,980300000,7501,707,15,7,2026-05-25 23:53:40+00:00,hai #viral #wotakoi #murmur,729,0.09718704172776962
wakatobi,980300000,1676,105,5,0,2026-06-01 05:01:03+00:00,"台風が来るということで
LUNA SEAのSTORM
ギター弾いてみました。

難しかったです。
ルナシーでわたしが1番好きな曲です。

ありがとうございます。

ところで7/11名古屋に会いにきてください💗

-----⚔️IKUSA GIG 尾張の陣⚔️-----

【Live Schedule】

▶︎Date.2026/7/11(SAT)
▶︎ At. Roxx SAKAE Nagoya (愛知県)

Act
【Keisandeath】
【XELESIAH】
【薔薇王】

OPEN 18:00/START：18:30

ADV ¥3,500｜ DOOR ¥4,000

▼チケット購入・詳細はこちら
livepocket.jp/e/ikusagig",110,0.06563245823389022
wakatobi,980300000,15700,389,19,47,2024-10-31 06:25:42+00:00,#wakatobi,455,0.028980891719745223
wakatobi,980300000,5000000,84200,2177,1770,2024-11-25 18:27:22+00:00,"HARI INI FITRA, MAHASISWA ASAL TOMIA, WAKATOBI DITURUNKAN DARI ATAS KAPAL REGULER YANG MENUJU KE WAKATOBI KARENA DIKETAHUI TIDAK MEMILIH PEMILIK KAPAL DALAM KONTESTASI POLITIK 2024. 

#diskrimination #pilkada #wakatobi #DiskriminasiPolitik #Wakatobi #PolitikIndonesia #EqualityForAll #HumanRights #SocialJustice #PoliticalUnrest #WakatobiNews #JusticeForWakatobi #CivicEngagement #CommunityAwareness #VoiceForTheVoiceless #PoliticsInIndonesia #ChangeInWakatobi #Activism #PoliticalAwareness #SupportLocalVoices #EndDiscrimination #wakatobivoices",88147,0.0176294
wakatobi,980300000,3254,67,1,4,2025-07-26 01:30:44+00:00,"🤫😅
#wakatobi 
#foryou",72,0.022126613398893668
wakatobi,980300000,354900,36200,189,1514,2026-05-12 05:36:54+00:00,"wajahmu mengingatkanku..

#anime #yuushakeinishosu #sadvibes🥀 #galaubrutal🥀 #fypシ",37903,0.10679909833755988
wakatobi,980300000,82400,6792,21,364,2026-04-27 21:51:26+00:00,"JAYCORPSE*- I ♡ WAKA (feat. TOFU，HARKA，7，ENEL，T.I.G skysea & MIKADO)
#I♡waka #和歌山 #fyp #foryou #wakayama",7177,0.0870995145631068
wakatobi,980300000,12000,3111,31,185,2026-04-18 01:10:17+00:00,"[ #WANKABU ] AM test. this app lowk ass for the timing but ok

︵﹒⊹ ๑ ︵︵ ๑ ⊹﹒︵ ✦. ..𓂃 ࣪ ִֶָ🪽་༘࿐
      
     moots always avail! (read my DNI in my banner!)
ib: @/gabriellecandraw
      𐙚
     ⋆.˚
tags: #fyp #xyzbca #moots? #viral #fyppppppppppppppppppppppp #genshinimpact #wanderer #xyzbcafypシ #fypシ゚ #fypage #scaramouche #kabukimono #dontflop #relatable #scaracest #ship #animation #fananimation #meme #funny #cute #alightmotion #art #animationmeme #arttrend #trend #royalehighcupcake royale high cupcake animation trend",3327,0.27725
wakatobi,980300000,3172,440,3,16,2026-04-23 23:11:04+00:00,"The most valid crash out ever
#wakabashinohara #revolutionarygirlutena #wakaba #fyp #fy",459,0.14470365699873897
wakatobi,980300000,11300,209,11,5,2025-08-16 02:33:08+00:00,"Paling Manis Saja e
#fyppppppppppppppppppppppp #man1wakatobi #gerakjalan #wakatobi",225,0.01991150442477876
wakatobi,980300000,750,17,3,2,2024-05-16 13:18:13+00:00,"Selasa, 14 Mei 2024 Presiden Joko Widodo meresmikan pembangunan infrastruktur Kawasan Strategis Pariwisata Nasional (KSPN) Wakatobi Tahap I di Kabupaten Konawe, Sulawesi Tenggara diantaranya Alun-Alun Merdeka, Sombu Dive, Danau Kapota dan Puncak Toliamba. Disamping itu, dibangun Sistem Penyediaan Air Minum (SPAM) Keraton Liya dan optimalisasi SPAM IKK Tomia Timur.

Pariwisata Wakatobi semakin kerennnn😍😍😍
dan saatnya kita untk menjaganya✨

#wakatobi #indonesia #maimokuawakatobi #pariwisata #pariwisataindonesia #anakpantai🏝 #kspn #wakatobikeren",22,0.029333333333333333
wakatobi,980300000,4300000,647400,1190,30500,2026-01-17 00:34:21+00:00,"""After overtime, we otaku danced together.""
NarumiMomose & HirotakaNifuji by 铥铥 & 睡觉不带眼罩 #wotakoiloveishardforotaku #narumimomose #hirotakanifuji #cosplay #douyin",679090,0.1579279069767442
wakatobi,980300000,9919,366,5,5,2026-05-31 12:42:04+00:00,"I'm happy beacause I meet u 🫶🏻🫶🏻 @BRU.JOENA @BRU.WASSANA @Bru.moshi @GETHIGHBRU 
#ffwssea2026spring #buriramunitedesports",376,0.03790704708135901
wakatobi,980300000,6700000,1300000,2140,77100,2026-02-28 08:26:17+00:00,tình yêu gì mà cute vậy trời #wotakoiloveishardforotaku #cute #couple #douyin,1379240,0.20585671641791045
wakatobi,980300000,82200,12000,39,565,2026-04-21 14:34:14+00:00,"Round 4 : ชินจิ vs คาเสะ ♠️🍃 (ฝึกทำครั้งแรกครับ😔🙏)
cr.: @Malak 🍬✨ #leepung #neverendชินจิ #panithanคาเสะ #fyppp #FA",12604,0.15333333333333332
gunungbromo,1600000000,2370,168,5,18,2026-06-01 14:58:23+00:00,"So lucky the view at Savana Bromo was super clear 😙🍃 
#bromo #bromomountain #bromosunrise #savanabromo #kawahbromo",191,0.08059071729957806
gunungbromo,1600000000,1121,123,35,31,2026-05-21 03:40:53+00:00,Masya Allah keindahan gunung Bromo menjelang siang hari bikin candu banget 💕#creatorsearchinsights #CapCut #bromo,189,0.16859946476360393
gunungbromo,1600000000,588,51,2,5,2026-04-01 09:42:57+00:00,no sleep in Indonesia ❌😴 #backpacker #travel #indonesia #mtbromo,58,0.09863945578231292
gunungbromo,1600000000,3689,53,2,0,2026-06-02 02:30:00+00:00,"Warga Hindu Suku Tengger di lereng Gunung Bromo kembali menggelar ritual suci Yadnya Kasada 1948 Saka. Senin dini hari, warga melarung sesaji hasil bumi hingga hewan ternak ke Kawah Bromo. Uniknya, puluhan pemarit nekat berebut berkah di tengah kawah yang membara.

#cnnindonesia #cnnindonesiacom #bromotenggersemeru",55,0.014909189482244511
gunungbromo,1600000000,288,20,0,0,2026-06-02 09:32:25+00:00,"gunung bromo seindah itu 😍😍😍
#atraksitengahtahunseru #bromotenggersemeru #gunungbromo #wisataviral #fyptiktok",20,0.06944444444444445
gunungbromo,1600000000,233900,2424,26,185,2026-02-15 14:00:00+00:00,"Trip Gunung Bromo udah bisa dibooking lewat TikTok loh, langsung aja klik tag lokasi di kiri bawah video ini 🏔️ #EdisiMainFebruari #GunungBromo #OpenTrip #PrivateTrip #LiburanPenuhKasih",2635,0.011265498076100899
gunungbromo,1600000000,966200,13800,2907,5405,2026-05-28 08:45:56+00:00,"Privat trip Gunung Bromo via Tumpang Malang sudah bisa antar rumah kalian .
Fasilitas : 
- Jeep tour
- Tiket masuk wisata
- dokumentasi
- edit video
- Antar jemput rumah - Tumpang Malang
#tripbromo  #tourbromo #tourbromomalang #tripbromomalang #privattripbromomurah",22112,0.02288553094597392
gunungbromo,1600000000,18500,405,10,100,2026-02-11 10:42:25+00:00,"Mt Bromo Expectation vs. Reality.
I guess it looks a little different in rainy season. Still quality day though.
#mountbromo #sunrise #EastJava #solotravel #fyp",515,0.027837837837837838
gunungbromo,1600000000,175400,1063,156,1162,2026-01-09 12:14:29+00:00,"Dan akhirnya.. ke Bromo Gak Harus Mahal kan?? 
Cek harga paketnya di sini :
OPEN TRIP BROMO
✅290.000/orang (weekday) dokumentasi foto 
✅315.000/orang (weekend) dokumentasi foto

PRIVATE TRIP BROMO (dokumentasi foto)
✅1.650.000/maksimal 5 orang (weekday) dokumentasi foto
✅1.750.000/maksimal 5 orang (weekend) dokumentasi foto

PRIVATE TRIP BROMO (dokumentasi foto)
✅1.750.000/maksimal 5 orang (weekday) dokumentasi foto+vidio cinematic (1 menit)
✅1.850.000/maksimal 5 orang (weekend) dokumentasi foto+vidio cinematic (1 menit)

MEETING POINT : Area Malang  kota ( Penginapan/Hotel/Rumah/Stasiun ) Untuk penjemputan  area kota batu (100K)
#bromo #fyp #pakejbromo #bromotrip #estetikbromo",2381,0.013574686431014824
gunungbromo,1600000000,311700,1885,119,1321,2026-03-16 13:18:49+00:00,"Rekomendasi Open Trip Bromo Murah 2026!

Lagi cari paket wisata Bromo dari Malang? @BromoCandu solusinya. Dengan harga mulai 275rb, kamu sudah bisa menikmati keindahan bromo yang secantik ini dengan fasilitas lengkap dan tentunya tidak bikin kantong jebol

Save postingan ini buat rencana liburanmu nanti!

Informasi & Booking Trip ⬇️
Whatsapp : 0877-8958-4150

#opentripbromo #paketwisatabromo #tourbromo #fypシ゚",3325,0.010667308309271735
gunungbromo,1600000000,282700,22700,376,4088,2026-03-18 19:41:26+00:00,"📍Mount Bromo, Indonesia
show me yours 
#indonesia #bromo #travel #backpacking #southeastasia",27164,0.09608772550406791
gunungbromo,1600000000,334,6,0,0,2026-06-01 11:49:06+00:00,se you neks time bolo🥰😊#gunungbatokbromo #kasada2026 #probolinggo24jam🤙💥✈️ #xyzbca #bromo,6,0.017964071856287425
gunungbromo,1600000000,1400000,84700,625,28800,2025-07-30 03:48:22+00:00,"ketika bromo sesuai ekspektasi ✨
#bromo #bromotenggersemeru #bromomountain #bromotrip #fyp #viral",114125,0.08151785714285714
gunungbromo,1600000000,7525,139,10,95,2026-05-25 23:23:17+00:00,ketika bromo sesuai ekspetasi 🥹🤏🏻 #gunungbromo #bromo #sunrisepoint,244,0.03242524916943522
gunungbromo,1600000000,7172,1244,3,16,2026-05-30 02:10:02+00:00,"Gak ada bosen""nya🤭#bromotenggersemeru #bromo #bromomountain #amazingbromo",1263,0.1761015058561071
gunungbromo,1600000000,1781,105,9,0,2026-05-31 07:11:08+00:00,Cloud inversion over Mount Bromo during sunrise 🌄                                   #java #mountbromo #sunrise #eastjava #indonesia,114,0.06400898371701291
gunungbromo,1600000000,277200,4095,277,2185,2025-12-27 23:00:11+00:00,"Opentrip Bromo start Yogyakarta! Nikmatin sunrise dan 5 spot ikonic di bromo🤩

Informasi & Reservasi
Instagram: permatawisata.id
Website: permatawisata.com
WhatsApp: +62 851-7407-2037

#bromo #explore #pestarasaakhirtahun #lebihramelebihseru #opentrip",6557,0.023654401154401154
gunungbromo,1600000000,6249,138,22,31,2026-05-22 01:21:51+00:00,"Bromo, 22 Mei 2026. Best View bgt hari ini 🤩🔥

#bromo #bromotenggersemeru 
#view #mountain #bestview",191,0.030564890382461195
gunungbromo,1600000000,149600,1021,208,738,2026-03-16 15:25:45+00:00,"Ke Bromo 275rb an
1 Orang bisa daftar 
Berangkat dari kota malang

Booking sekarang juga 
#jeepbromo #bromo #TripBromo #travelbromo #OpenTripBromo",1967,0.013148395721925134
gunungbromo,1600000000,106200,2438,53,1094,2026-03-11 12:07:01+00:00,"Bromo 400ribuan, worth it gak menurut kalian?? 

#Bromo #Tripbromo #privatetripbromo",3585,0.033757062146892655
gunungbromo,1600000000,43900,1963,21,110,2026-05-03 00:57:44+00:00,Ramai sangat gunung bromo#bromo #probolinggo,2094,0.047699316628701596
gunungbromo,1600000000,135100,9024,207,501,2026-02-08 16:46:34+00:00,"sunrise volcano views over the clouds???? how is this real 🥹🌋

📍mount bromo 

#eastjava #indonesia🇮🇩 #mountbromo #volcanohike #solotravel",9732,0.07203552923760177
gunungbromo,1600000000,845,63,3,2,2026-05-09 01:02:42+00:00,"gunung bromo 9 mei 2026🔥

📍Gunung Bromo

#fyp #fypシ #gunungbromo #bromotenggersemeru #bromo",68,0.08047337278106509
gunungbromo,1600000000,151100,18500,65,3377,2026-04-10 22:41:15+00:00,"That Bromo sunrise glow, with the sky turning all pink.

Who else gets that feeling? Waking up at midnight, getting bounced around for an hour to the top of the mountain, shivering in the cold wind just waiting for the sunrise. And then, seeing the steaming volcano and the sky all pink... that moment of pure surprise.

#🇨🇳🇮🇩  
#bromo  
#indonesiantourism 
#douyin  #climbing",21942,0.14521508934480476
gunungbromo,1600000000,2900000,143400,1862,32400,2025-07-10 01:15:54+00:00,"Bromo 10 Juli 2025

Buat temen temen yang pengen ke bromo, tapi bingung cari jeep & fotografer?🤔

Kita ada 1 paket private trip bromo include dokumentasi loh dan tentunya dengan harga sangat terjangkau gys🤭😁

Ingin liburan kalian nyaman & bahagia bersama keluarga / orang terdekat?
Yuk percayakan liburan kalian bersama kami🤭

📍Sukapura Probolinggo

✅WA ada di bio ya

#bromo #bromotenggersemeru #gunungbromo #bromomountain #sewajeepbromo #bromotour #sunrisepoint #fotografertiktok #fotograferbromo #bromotravel #privatetripbromo #indonesia",177662,0.06126275862068965
gunungbromo,1600000000,1200000,99200,640,15900,2025-12-04 04:55:04+00:00,"Best sekali view nya Bromo via Pasuruan 😍
#bromo #bromotenggersemeru #gunungbromo #fyp #malang",115740,0.09645
gunungbromo,1600000000,5193,465,5,68,2026-05-12 04:52:39+00:00,"Semoga ke bromo bersama mu itu tidak menjadi wacana🙂
#tamannasionalbromotenggersemeru #sunrisebromo #gunungbromo",538,0.10360100134796842
gunungbromo,1600000000,1468,30,4,3,2026-04-29 02:49:08+00:00,"info trip jari aja yaa gaes😁

📍Gunung Bromo

#fyp #fypシ #gunungbromo #bromotenggersemeru #bromo",37,0.025204359673024524
gunungbromo,1600000000,410500,46100,251,10000,2025-08-03 15:43:56+00:00,"📍Mont Bromo, Java, Indonésie 🌋

#indonesia #bromo #volcano #hiking #java #travel",56351,0.13727405602923265
gunungbromo,1600000000,1400000,60800,1412,6622,2025-12-23 00:51:58+00:00,Tamu dari KOTA MADURA kak@Nau💜 kak@frfhiraa @Faizalmoh13 wisata gunung bromo#bromo #probolinggo,68834,0.049167142857142854
gunungbromo,1600000000,219900,3220,73,2100,2024-10-05 05:17:59+00:00,"POV: Kamu datang ke Bromo di waktu yang tepat, pas terjadi golden sunrise 🌞🌻✨

#fyp #foryou #foryoupage #temanhealing #jalanjalan #bromo #bromotenggersemeru #jawatimur #indonesia",5393,0.024524783992723967
gunungbromo,1600000000,153900,1441,48,374,2026-03-04 01:00:00+00:00,buruan booking sekarang sebelum full saat lebaran nanti #penginapan #bromo #bromotenggersemeru #hotelbromo,1863,0.012105263157894737
gunungbromo,1600000000,596400,84400,549,8577,2025-07-30 04:44:01+00:00,Spot fav kalau ke bromo bareng @Exotic Bromo berasa lagi di bulan! 🤩 #bromo,93526,0.15681757209926225
gunungbromo,1600000000,138400,1140,30,18,2026-06-02 08:44:29+00:00,"Ribuan umat Hindu Tengger menggelar ritual Yadnya Kasada di Gunung Bromo, Jawa Timur, dengan membawa berbagai persembahan berupa hasil panen, buah-buahan, sayuran, uang, hingga ternak ke kawah gunung berapi tersebut.

Tradisi yang diwariskan secara turun-temurun ini merupakan bentuk ungkapan syukur kepada Sang Hyang Widhi atas berkah kehidupan, keselamatan, kesuburan tanah, dan hasil panen yang diperoleh selama setahun terakhir.

Dalam prosesi tersebut, persembahan dilemparkan ke kawah Gunung Bromo sebagai bagian dari ritual sakral masyarakat Tengger yang hingga kini tetap lestari di tengah perkembangan zaman.
-
Selengkapnya kunjungi website dengan klik link di bio atau download aplikasi di AppStore dan Google Play Store.

#InilahNews #Hindu #GunungBromo #JawaTimur #HasilPanen",1188,0.008583815028901733
gunungbromo,1600000000,2000000,35400,725,10500,2026-05-29 09:41:05+00:00,"Membalas @endang Jip wisata yang membawa empat orang mengalami kecelakaan di kawasan Gunung Bromo pada Jumat (29/5) pagi. Dalam peristiwa itu, sopir dan seorang wisatawan asal Semarang meninggal dunia. Kecelakaan jip oranye bernopol BG 1478 EF itu terjadi di jalan jurusan Desa Wonokitri menuju Lautan Pasir Bromo. 

Lokasi kejadian ternyata merupakan lokasi sama persis dengan insiden maut menewaskan wisman Korea Selatan, Hye Jin Kim (49), pada Jumat (22/5).
""Lokasi kecelakaan jalur leter S, Desa Wonokitri, Kecamatan Tosari, Kabupaten Pasuruan. Lokasi yang sama dengan kecelakaan yang dialami wisatawan Korea tempo hari."" kata Ketua Paguyuban Hardtop Bromo wilayah Pasuruan, Widian Dharma Singgih.

Begini kronologi kecelakaan maut yang terjadi pagi tadi!

#detikjatim #TikTokBerita #bromo #bromotenggersemeru #pasuruan",46625,0.0233125
gunungbromo,1600000000,100600,1131,57,492,2026-05-12 07:28:18+00:00,"Tulis Pengalaman mu dikolom komentar ketika sedang berada di bromo Sobat 

#haloprobolinggo #bromo #probolinggo #lautanpasirbromo #wisata",1680,0.016699801192842943
gunungbromo,1600000000,1600000,20200,185,1456,2026-02-16 09:53:51+00:00,beli tiketnya disini 👆👆#gunungbromo #bromotenggersemeru #bromo #pasuruan #xybca,21841,0.013650625
gunungbromo,1600000000,226000,7407,186,1801,2024-05-28 04:36:21+00:00,"View lautan awan di bromo hilside🥰😍

Buat temen temen yang pengen ke bromo, tapi bingung cari jeep & fotografer?🤔

Kita ada 1 paket private trip bromo include dokumentasi loh dan tentunya dengan harga sangat terjangkau gys🤭😁

Ingin liburan kalian nyaman & bahagia bersama keluarga / orang terdekat?
Yuk percayakan liburan kalian bersama kami🤭

📍Sukapura Probolinggo

✅Link ada di bio ya

#bromo #bromotenggersemeru #bromomountain #gunungbromo #bromotour #sewajeepbromo #bromotravel #sunrisepoint #fotografertiktok #privatetripbromo #fotograferbromo",9394,0.04156637168141593
gunungbromo,1600000000,124300,6017,167,1328,2026-05-06 10:48:45+00:00,"Planet bromo sekeren itu 😍✨ 
Trip private bersama @KEBROMO.ID | START TRIP 300K ♥️ 
#planetbromo #bromo #gunungbromo",7512,0.060434432823813354
gunungbromo,1600000000,10300,394,10,33,2026-04-17 06:07:48+00:00,Privat trip wisata gunung bromo @Agnes #bromo #probolinggo,437,0.04242718446601942
gunungbromo,1600000000,55700,3133,70,789,2026-03-23 02:56:07+00:00,"Bromo hari ini tanggal 23 maret 2026, #bromotenggersemeru #bromomountain #bromo #amazingbromo",3992,0.07166965888689407
gunungbromo,1600000000,35800,2558,102,179,2026-05-06 08:16:11+00:00,"Jadi nanti kalian ke Bromo dulu/ Lombok dulu?😝
#lombok #bromo #traveltiktok #exoticlombokisland",2839,0.07930167597765363
gunungbromo,1600000000,594900,18800,396,2500,2025-01-16 05:18:48+00:00,Tamu dari kalimantan PRIVAT TRIP WISATA GUNUNG BROMO 3 hari 2 malam#bromo #probolinggo,21696,0.036469994957135654
gunungbromo,1600000000,5500000,389300,5595,30900,2023-12-29 11:33:33+00:00,"Semoga lewat fyp mu, supaya kalian tau kalau Bromo emang secakep itu. Masha Allah banget 😭😭

#bromo #bromotenggersemeru #gunungbromo #rekomendasiwisata #wisatajawatimur #wonderfulindonesia",425795,0.07741727272727272
gunungbromo,1600000000,332500,45900,1988,5118,2026-01-19 02:53:43+00:00,"this broke me..
How do you even look at yourself in the mirror after supporting this?                                     #mtbromo #indonesia #eastjava #mountbromo #travel",53006,0.15941654135338346
gunungbromo,1600000000,45600,186,8,17,2025-04-24 00:37:00+00:00,"Amazed juga dengan view Bromo nya.. First time ke Bromo, buat yang mager subuh2 harus naik jeep bisa stay disini & dapet view sunrise juga hanya jalan 5 menit dr hotel. Seandainya bawa kopi bisa ngopi sambil memandang gunung 🥹

#bromo #tamannasionalbromotenggersemeru #mentigen #sunrisebromo #artotelcabinbromo #artotelbromo #imeleisuretime",211,0.00462719298245614
gunungbromo,1600000000,884100,34100,321,1873,2024-04-08 05:08:01+00:00,Paket wisata GUNUNG BROMO 3 hari 2 malam inap di hotel view nya langsung gunung bromo#bromo #probolinggo,36294,0.04105191720393621
gunungbromo,1600000000,236600,3926,145,442,2024-10-03 08:46:36+00:00,"Kawah gunung bromo.
#bromo #fyp #mountain #kawahbromo #mountainbromo #viraltiktok #sore",4513,0.01907438715131023
gunungbromo,1600000000,202000,7195,66,2451,2026-04-07 05:57:37+00:00,"join trend! Bromo, 05 April 2026 #bromomountain #bromo #bromotenggersemeru",9712,0.04807920792079208
gunungbromo,1600000000,493100,90300,197,17600,2026-01-13 20:54:12+00:00,"Mount Bromo, Indonesia

#nature #foryou #mountbromo #travel #beauty",108097,0.2192192253092679
gunungbromo,1600000000,11400,180,4,134,2026-01-11 13:24:09+00:00,#bromo #gunungbromo #vibesaesthetic #indonesia🇮🇩,318,0.027894736842105264
gunungbromo,1600000000,891700,63100,350,6264,2025-07-24 05:22:17+00:00,#bromotenggersemeru #bromomountain #bromo #amazingbromo,69714,0.07818100257934282
gunungbromo,1600000000,531900,16000,288,867,2025-04-07 06:06:17+00:00,Tamu dari NGAWI PRIVAT TRIP WISATA GUNUNG BROMO#bromo #probolinggo,17155,0.03225230306448581
gunungbromo,1600000000,9181,355,11,69,2025-08-30 06:23:18+00:00,"Keindahan Bromo emng gk pernah gagal
#Alam 
#bromomountain 
#fyppppppppppppppppppppppp",435,0.047380459644918854
gunungbromo,1600000000,406,35,2,6,2026-06-01 01:13:45+00:00,#gunungbromo #bromo #bromotenggersemeru #sunrise #fyppp,43,0.10591133004926108
gunungbromo,1600000000,638,40,1,0,2026-06-02 08:07:06+00:00,bromo dari sisi lain #bromo #bromomountain #traveling #mountain #bromotrip,41,0.06426332288401254
gunungbromo,1600000000,3257,473,1,162,2026-06-01 07:20:05+00:00,"Buat kakak kakak yang kerja nggak ada libur, ini namanya Bromo yah😝
#bromotenggersemeru #sunrisebromo #gunungbromo #tamannasionalbromotenggersemeru",636,0.19527172244396684
gunungbromo,1600000000,1374,34,3,14,2026-05-29 12:26:48+00:00,"cuaca bromo hari ini
29 mei 2026

#bromo #bromotenggersemeru #bromomountain #bromotrip #bromodaily",51,0.03711790393013101
gunungbromo,1600000000,185100,19300,87,2039,2026-03-29 09:39:08+00:00,Love Surabaya 🇮🇩📍#indonesia #travel #bromo #travelindonesia #volcano,21426,0.11575364667747164
gunungbromo,1600000000,30700,1846,67,273,2026-05-31 02:45:25+00:00,"Bromo akhir mei sunrise + lautan awan😍

#bromotenggersemeru 
#serunipointbromo",2186,0.07120521172638436
gunungbromo,1600000000,181600,32000,100,8067,2026-04-27 08:48:20+00:00,Ketika bromo sesuai ekspetasi🍃#bromo #bromotenggersemeru #bromomountain,40167,0.22118392070484583
gunungbromo,1600000000,1366,158,6,5,2026-04-10 16:31:32+00:00,"Standing at the edge of the world. ☁️ There is something so humbling about feeling this small next to the power of Mother Nature. Mount Bromo, you are pure magic. 🇮🇩
#mountbromo #indonesia #travelaesthetic #volcano",169,0.12371888726207907
gunungbromo,1600000000,12200,496,19,13,2026-03-20 10:40:50+00:00,"Behind the breathtaking views of Mount Bromo lies a harsh reality: horses forced to carry tourists all day long, often in extreme conditions. Exhaustion, stress, and neglect are too often part of their daily lives. This is not tradition — it is exploitation.
Tourism should never come at the cost of animal suffering. Choose compassion. Refuse to ride. #Mountbromo #Travel #Horse #Indonesia #Fyp",528,0.043278688524590166
gunungbromo,1600000000,123900,14400,86,1286,2026-04-27 01:12:36+00:00,"PRO TIP ✅: book through @GetYourGuide and don’t just get any tour! 

✨VERY IMPORTANT✨
Our group was the only one on the TOP of the crater because our tour guide wanted to skip the super crowded spots and do it in a reverse order so we could still see everything. 

Dm me for the link and if you wanna some some $$ you can also use my discount code HANNYEATSWORLD5

 #mountbromo #mountijen #volcanohike #javatrip #indonesiatravel",15772,0.1272962066182405
gunungbromo,1600000000,465,20,1,2,2026-05-29 02:11:18+00:00,mount bromo 😍 #indonesia #mountbromo #bromotour,23,0.04946236559139785
gunungbromo,1600000000,2600000,94000,1616,9579,2026-05-29 10:00:18+00:00,"Saatnya panen
#daunsingkong 
#bromo 
#planb 
#trending 
#beritaviral",105195,0.040459615384615386
gunungbromo,1600000000,137500,2763,133,1860,2026-05-02 00:55:38+00:00,Di sunrise point mana kalian pagi ini? 😅 #bromo #bromotenggersemeru,4756,0.03458909090909091
gunungbromo,1600000000,926100,64300,667,10900,2026-04-28 04:38:30+00:00,"Tengok tangga pon dah tak sanggup😂 @SOLO STEP | IMRAN 

#bromo #tumpaksewu #indonesia #solosteptravel #fyp",75867,0.08192095885973437
gunungbromo,1600000000,12800,174,40,66,2026-05-17 13:32:47+00:00,"cuaca bromo hari ini
17 mei 2026

bromo ditutup 😆

#bromo #bromotenggersemeru #bromomountain #bromotrip #bromodaily",280,0.021875
gunungbromo,1600000000,3745,331,11,4,2026-05-26 13:35:48+00:00,standing over a volcano but needed to check steve is enjoying his camping trip #backpacking #dogsoftiktok #parentsoftiktok #mountbromo,346,0.09238985313751669
gunungbromo,1600000000,548800,77300,660,7478,2025-12-18 11:49:25+00:00,"📍mount bromo, indonesia #sunrise #mountbromo #traveltok",85438,0.15568148688046649
gunungbromo,1600000000,25600,1636,31,117,2026-04-23 04:53:00+00:00,"Some trip need to hike.🌋

#bromo #kawahijen #eastjava #indonesia #solotravel",1784,0.0696875
gunungbromo,1600000000,3371,122,4,41,2026-04-24 01:27:31+00:00,"cuaca bromo hari ini
24 april 2026

#bromo #bromotenggersemeru #bromomountain #bromotrip #bromodaily",167,0.04954019578760012
gunungbromo,1600000000,316100,27600,131,5105,2026-03-23 05:50:56+00:00,Lengkapi touringmu dengan berangkat ke bromo 😍#bromotenggersemeru #bromo #bromomountain #touring #gunungbromo,32836,0.1038785194558684
gunungbromo,1600000000,18900,1165,38,9,2026-04-20 15:15:57+00:00,"j’ai pas les mots, c’est un des plus beaux paysages qui existe 🥹

#mountbromo #indonesie #java #sunrisehike #indonesia🇮🇩",1212,0.06412698412698413
gunungbromo,1600000000,4303,82,5,17,2026-05-30 07:12:22+00:00,"Yeah, this view ate 🌋🤘🏻

#hiking #bromo #trending #trendgunung",104,0.02416918429003021
gunungbromo,1600000000,2900000,348200,2398,124100,2026-03-03 03:50:24+00:00,"Bromo via Probolinggo🍃

Update harga sewa jeep bromo tahun 2026

✅Harga 750K
Destinasi :
1. Sunrise point
2. Lembah widodaren
3. Kawah bromo
4. Pasir berbisik
5. Savana bromo

✅Harga 700K
Destinasi
1. Seruni point
2. Kawah bromo
3. Pasir berbisik
4. Savana bromo

✅Harga 650K
Destinasi
1. Puncak mentigen
2. Kawah bromo
3. Pasir berbisik
4. Savana bromo

✅Harga sudah termasuk jeep, bbm, driver dan destinasi sesuai paket

✅Harga belum termasuk tiket masuk bromo

✅Wa admin cuma ada di bio yagesya

✅Cara booking cukup isi formulir & dp minimal 250k / jeep

✅Start Sukapura Probolinggo 

✅WEEKEND / WEEKDAY HARGA SAMA

✅ 1 jeep maks 6 orang 

#bromo #bromotenggersemeru #fyp #tripbromo #bromomountain",474698,0.16368896551724138
gunungbromo,1600000000,12600,468,9,179,2026-04-02 04:16:43+00:00,Bromo hari ini terpantau cerah✨#bromo #gunungbromo #bromotenggersemeru #aestetic #vibes,656,0.05206349206349206
gunungbromo,1600000000,50200,5227,81,683,2026-02-06 23:28:47+00:00,"Sunrise in Mt. Bromo, Indonesia #travel #indonesia🇮🇩 #mountbromo #eastjava #traveltok",5991,0.11934262948207171
gunungbromo,1600000000,41300,1802,43,345,2025-12-03 01:57:36+00:00,"info trip japri mimin yaa gaes😁

📍Gunung Bromo

#fyp #fypシ #bromo #gunungbromo #bromotenggersemeru",2190,0.053026634382566586
gunungbromo,1600000000,191300,35600,81,2727,2025-07-22 11:03:38+00:00,"📍mount bromo, east java
#outdoors #travel #indonesia #bromo #mtbromo #java",38408,0.20077365394668062
gunungbromo,1600000000,79100,2563,41,141,2024-09-04 11:28:16+00:00,Bromo Sekarang #bromo #bromosekarang #gunungbromo #mountain #wisatabromo #wisata #padangrumput #alam #fypシ,2745,0.03470290771175727
gunungbromo,1600000000,3593,186,7,28,2026-05-31 00:53:36+00:00,Kak@pndfashion #bromo #probolinggo,221,0.06150848872808238
gunungbromo,1600000000,611,69,23,34,2026-03-06 02:51:24+00:00,"Suasana gunung bromo di pagi hari 

#bromo 
#pesonaindonesia 
#tripbromo 
#explorebromo 
#fyp",126,0.20621931260229132
gunungbromo,1600000000,4600000,601200,800,26500,2024-06-26 09:22:38+00:00,"Penanjakan 2 seruni point (sunrise)
#bromotenggersemeru #serunipointbromo #penajakanbromo #sewajeepbromo #bromotenggersemeru",628500,0.1366304347826087
gunungbromo,1600000000,10900,1162,50,52,2026-05-24 03:32:49+00:00,#bromo #nature #mountains #indonesia🇮🇩,1264,0.11596330275229358
gunungbromo,1600000000,7000000,376800,1920,35600,2025-02-17 03:01:21+00:00,"Tempatnya indah sekali Maasyaallah 🥹😭💗💗💗
#wisatajatim #manisaebromo #bromo #bromotenggersemeru #cafeaesthetic #cafeprobolinggo",414320,0.05918857142857143
gunungbromo,1600000000,2987,87,3,11,2025-08-03 14:35:18+00:00,"gass kapan lagi? belum dapat pemandangan full 🫠 

#bromo #mountain #fyp #hiking #mentahan #mentahanvideo",101,0.03381319049213258
gunungbromo,1600000000,254800,11400,120,633,2024-04-18 00:26:12+00:00,Paket wisata 3 hari 2 malam INAP DI GUNUNG BROMO #bromo #probolinggo,12153,0.047696232339089484
gunungbromo,1600000000,192400,11200,190,634,2023-02-01 05:19:06+00:00,PRIVAT TRIP GUNUNG BROMO 2 hari 1 malam ☺️🙏hari pertama datang free gratis trip ke PENANJAKAN 2BROMO☺️🙏#bromo,12024,0.06249480249480249
gunungbromo,1600000000,4209,753,6,105,2026-05-04 13:22:01+00:00,💋 #bromo #mountain #bromotrip,864,0.2052744119743407
gunungbromo,1600000000,4211,85,2,25,2023-02-03 02:55:19+00:00,"view gunung bromo di pagi hari keren sekali🤩 
#pasuruan #wisatabromo #jawatimur",112,0.02659700783661838
gunungbromo,1600000000,21100,221,3,449,2022-05-10 14:12:10+00:00,"nih ya ges mentahan di gunung bromo, buat manas manasin teman:v  #bromo",673,0.031895734597156396
gunungbromo,1600000000,2574,176,2,34,2026-05-24 15:03:09+00:00,GET OUT THERE!! (talking as if I have been on so many hikes..this is my first….😛🥲😀👍 #mountbromo #ijen,212,0.08236208236208237
gunungbromo,1600000000,3353,62,7,7,2025-06-18 07:34:30+00:00,Masyallah berkali kali kesini g bosen lo. Tunggu kita kesana lgi ya bromo #bromo #bukitsafana #tanggersemeru #18juni2025 #aamiinyarobbalalamin🤲🤲 #fypシ゚viral,76,0.022666269012824338
gunungbromo,1600000000,268,6,0,1,2022-03-16 06:51:11+00:00,buruan daftar sekarang #tripbromo #tourbromo #gunungbromo #bromo #fyp,7,0.026119402985074626
gunungbromo,1600000000,18200,274,7,152,2025-11-13 13:41:22+00:00,"Mount Bromo, Indonesia 🇮🇩. Gunung Bromo adalah gunung berapi aktif yang terletak di Jawa Timur, Indonesia, dan merupakan bagian dari Taman Nasional Bromo Tengger Semeru. Gunung ini terkenal sebagai destinasi wisata populer karena pemandangannya yang indah, terutama saat matahari terbit, dan dikelilingi oleh lautan pasir yang luas. Nama ""Bromo"" berasal dari kata ""Brahma"", salah satu dewa utama dalam agama Hindu.  #masukberanda #fyp #4u #4upage #xyzabc",433,0.02379120879120879
gunungbromo,1600000000,430,36,2,0,2026-05-24 06:30:37+00:00,Mount Bromo no trending audio needed #bromo #indonesia #backpacking #sunrise,38,0.08837209302325581
gunungbromo,1600000000,29100,2414,32,220,2025-09-06 10:04:24+00:00,"sunrise over the ring of fire
(as shot by iPhone 16 Pro)

Mt. Bromo - East Java, Indonesia 📍 

🏷️ 

#nature #volcano #sunrise #outdoors",2666,0.09161512027491409
gunungbromo,1600000000,94500,3442,25,1074,2026-01-08 06:25:41+00:00,#vibesaesthetic #pegunungan #bromo #bromotenggersemeru,4541,0.048052910052910056
gunungbromo,1600000000,163700,3574,126,869,2026-02-19 11:43:02+00:00,"Fallin love with you 📍Bromo via Probolinggo 
#bromo #cemaraindah #hotelbromo #gunungbromo",4569,0.0279108124618204
gunungbromo,1600000000,154400,28800,65,5783,2026-05-08 07:49:55+00:00,gimana nih menurut kalian semahal itu kah Bromo #bromo #bromomountain #bromotenggersemeru #bromotour #bromotrip,34648,0.22440414507772022
gunungbromo,1600000000,72400,1392,43,256,2025-05-13 12:26:13+00:00,"Way more crowded than expected, but totally worth it! 😍

#bromo #vulcan #bromomountain #bromovulcano #travelvibes #traveladventures #touriste #realityshow #CapCut",1691,0.02335635359116022
gunungbromo,1600000000,1600000,8131,226,2419,2025-10-07 00:38:05+00:00,"kondisi gunung bromo sekarang
#gunung #gunungbromo #banjir #viral #fyp",10776,0.006735
gunungbromo,1600000000,1300000,271500,736,37800,2025-09-20 02:56:57+00:00,everyone needs to see mount bromo once in their life,310036,0.23848923076923076
gunungbromo,1600000000,266800,26000,329,986,2026-04-13 16:32:50+00:00,"原来布罗莫火山这么美，第一次就爱上了。希望有一天我也能去布罗莫火山
#bromo #bromomountain #布罗莫火山 #印尼旅行 #旅行日记",27315,0.102380059970015
gunungbromo,1600000000,181500,13600,61,710,2026-05-05 02:13:17+00:00,#CapCut #bromomountain #bromooutfit #exoticbromo,14371,0.07917906336088154
gunungbromo,1600000000,239200,31400,81,4954,2026-04-18 07:53:44+00:00,"Take my hand, close your eyes 👀 #bromotenggersemeru #bromo #bromomountain",36435,0.15232023411371237
gunungbromo,1600000000,50700,784,5,378,2026-04-17 08:49:42+00:00,"join trend di Bromo yuk

by:@xybobae 

#bromo #bromotenggersemeru #bromomountain #bromotrip #fotograferbromo",1167,0.02301775147928994
gunungbromo,1600000000,309800,13600,215,752,2025-11-18 16:23:00+00:00,"It was one of the most beautiful view ive seen!!
#foryou #fyp #explore #volcano #bromo #trend #view #scenery",14567,0.047020658489347965
gunungbromo,1600000000,529200,92200,7888,1850,2026-04-17 11:19:50+00:00,"Hard to forget this one 

#travel #fyp #traveltiktok #indonesia #mountbromo",101938,0.19262660619803476
gunungbromo,1600000000,8058,304,13,100,2025-11-04 12:48:54+00:00,"⬇️INFO⬇️

☀️Ecco come vedere GRATUITAMENTE l’alba più bella della tua vita😻

📍Salva il reel e seguimi su @stiratiintrip per altri consigli! 

👉🏻Alloggia a Cahyo Homestay Bromo con 16€
👉🏻Parti alle 3:00 di notte munito di torcia e segui la strada fino a Seruni Point (google maps funziona benissimo) circa 1 ora di tragitto 
👉🏻Non fermarti lì e continua su un sentiero stretto su per una montagna fino a raggiungere King Kong Hill (circa 30 minuti di tragitto)
👉🏻Trova uno spiazzo e aspetta l’alba, ma non preoccuparti! 
👉🏻La maggior parte della gente é arrivata lì tramite un tour (per evitare di camminare) quindi se ne andrà presto
👉🏻Ammira lo spettacolo del vulcano Bromo e gli altri monti indisturbato 
👉🏻Incamminati verso il cratere del Bromo (circa 1 ora di tragitto) 
👉🏻Quando arriverai ai piedi del Bromo i tour saranno già finiti

Dove hai visto l’alba più bella della tua vita? Sei mai stato in Indonesia? 

#bromo #alba #indonesia #stiratiintrip",417,0.051749813849590466
gunungbromo,1600000000,2327,23,2,102,2022-02-11 12:13:52+00:00,BURUAN DAFTAR SEKARANG #bromo #BAGIHOKI #gunungbromo #fyp #jakarta #bandung #jogja #bogor #tangerang #tripbromo #tourbromo #surabaya #malang #bekasi #depok #TemanHealing  #jogja24jam,127,0.054576708207993124
gunungbromo,1600000000,1600000,63200,958,6103,2024-07-02 11:12:48+00:00,Privat trip wisata 3 hari 2 malam BROMO+MALANG Kak@😈😈Takk punyaa haTii 👻👻 #malangnightparadise #bromo #probolinggo,70261,0.043913125
gunungbromo,1600000000,2696,136,7,19,2026-05-16 02:38:54+00:00,"It seems unreal 🥹
#eastjava #tumpaksewu #indonesia #bromo",162,0.06008902077151335
gunungbromo,1600000000,489300,25600,694,2796,2026-01-24 07:40:18+00:00,"🚫view via probolinggo secandu itu tapi tidak dengan tiketnya🫣.

#fypage #bromo #xyzbca #masukberanda",29090,0.05945227876558349
gunungbromo,1600000000,3600000,467400,2623,22200,2024-03-04 06:23:21+00:00,"Siapa sih yang kangen sama jalan ini? Yg kalau diteruskan bisa sampe ke Bebeng (Bunker Kaliadem) 

📍Batur, Cangkringan, Sleman, DI Yogyakarta. 

#wonderfulindonesia #merapi #FiturSuaraTikTok #foryoupage #naturevibes #indonesia #yogyakarta #kaliadem #fyp #explore",492223,0.13672861111111112
gunungbromo,1600000000,12000000,1300000,6247,30100,2023-11-08 05:05:24+00:00,Membalas @🄺🄴🅅🄸🄽🅂🄺🄸 wajah baru bromo 🍃🌴🌿 #indonesia🇮🇩 #bromo #bromotenggersemeru #indo,1336347,0.11136225
gunungbromo,1600000000,1300000,24800,478,20400,2024-04-02 10:13:16+00:00,Buat Stok storymu gass🔥🔥 #Bromo #bromotenggersemeru #bromosunrise #xyzbca #malang #lautanpasirbromo #penanjakanbromo #fypシ #mentahanvideo #mentahan,45678,0.03513692307692308
gunungbromo,1600000000,17900,265,15,141,2025-09-16 06:00:09+00:00,"A Day In My Life ke Bromo via Pasuruan, bonus lautan awan☁️✨#bromotenggersemeru",421,0.0235195530726257
gunungbromo,1600000000,547800,12100,1133,4233,2026-05-18 03:59:26+00:00,"Privat trip Gunung Bromo via Tumpang Malang sudah bisa antar rumah kalian .
Fasilitas : 
- Jeep tour
- Tiket masuk wisata
- dokumentasi
- edit video
- Antar jemput rumah - Tumpang Malang
#tripbromo  #tourbromo #tourbromomalang #tripbromomalang #privattripbromomurah",17466,0.03188389923329683
gunungbromo,1600000000,95400,797,28,423,2025-07-14 02:39:02+00:00,"POV : Ke bromo bawa Toddler👶

Buat temen temen yang pengen ke bromo, tapi bingung cari jeep & fotografer?🤔

Kita ada 1 paket private trip bromo include dokumentasi loh dan tentunya dengan harga sangat terjangkau gys🤭😁

Ingin liburan kalian nyaman & bahagia bersama keluarga / orang terdekat?
Yuk percayakan liburan kalian bersama kami🤭

📍Sukapura Probolinggo

✅WA ada di bio ya

#bromo #bromotenggersemeru #gunungbromo #bromomountain #sewajeepbromo #bromotour #sunrisepoint #fotografertiktok #fotograferbromo #bromotravel #privatetripbromo #indonesia",1248,0.013081761006289308
gunungbromo,1600000000,3700000,188900,860,26900,2026-04-25 14:15:34+00:00,Kita kasih geol2 dulu g si✌🏼😭😂 #fyp #gunungbromo #trend,216660,0.058556756756756756
gunungbromo,1600000000,117500,1803,131,344,2023-12-10 00:23:34+00:00,"Ada yang pernah punya pengalaman macet macet.an di bromo…?

#gunungbromo #opentripbromo #travelbromo #bromo #xyzbca #trendingvideo #liburanakhirtahun #ayukpergi #bromotenggersemeru #tripbromo #bromocreater #macetdibromo #bromomacet",2278,0.01938723404255319
gunungbromo,1600000000,276100,1275,150,2841,2026-04-02 08:18:33+00:00,"Cara Booking IBARBO PARK YOGYAKARTA via Tiktok:

Langkah 1:
""Lihat pojok kiri atas video ini, ada logo 'Tag Lokasi' atau tombol 'Lihat Detail'. Klik aja!""

Langkah 2:
""Kamu bakal langsung diarahkan ke halaman pemesanan hotel. Di situ ada info harga, tipe kamar, dan fasilitas lengkap.""

Langkah 3:
""Pilih tipe kamar yang kamu mau. Misalnya Deluxe Room with Breakfast atau Superior King.""

Langkah 4:
""Atur tanggal check-in & check-out sesuai rencana liburanmu. Jangan lupa jumlah tamunya yaa!

Langkah 5:
Lanjut ke pembayaran. Bisa pakai transfer bank, e-wallet, kartu kredit semuanya mudah & aman!""

Langkah 6:
""Kalau udah bayar, kamu langsung dapet e-voucher hotel. Tinggal tunjukin saat check-in. Gampang, kan?""

""Yuk booking sekarang juga sebelum kehabisan! Cuma klik tag lokasi video ini""

#ibarbopark 
#hotelyogyakarta 
#wisatayogyakarta 
#liburanpenuhkasih 
#meagostayviral 
@ibarbopark 
@wyndhamgardenhotels 
@meago.id 

Instagram : renditama.ig",4266,0.015450923578413617
gunungbromo,1600000000,1233,65,2,2,2025-10-08 05:48:45+00:00,"mt. batur
#mtbatur #pagi #viral #bali #pendakifomo",69,0.05596107055961071
gunungbromo,1600000000,9500000,202700,703,12200,2025-05-14 23:04:37+00:00,"2 hari nginep disini overall puas banget, akses paling deket ke bromo via jalur prau bikin liburan jadi makin effisien waktunya 🥰 #villabromo #bromo #bromotenggersemeru",215603,0.022695052631578946
gunungbromo,1600000000,20800,1577,16,163,2026-05-29 15:34:54+00:00,"request dari @ersiinovelia_ @w🅰️hyudiki, request? komen/dm aja, jgn lupa baca bio #mtbromo #gunungbromo #bromomountain #bromotenggersemeru",1756,0.08442307692307692
gunungbromo,1600000000,15700,598,11,83,2026-05-12 01:36:55+00:00,"Bromo 12 mei 2024 
#tamannasionalbromotenggersemeru #sunrisebromo #gunungbromo",692,0.04407643312101911
gunungbromo,1600000000,1400000,167200,820,31000,2026-05-10 05:16:08+00:00,"bromo with u @rrdhtyaa 

#bromotenggersemeru #bromo #bromomountain #bromopasuruan",199020,0.14215714285714287
gunungbromo,1600000000,358500,16400,680,3063,2026-05-08 11:00:39+00:00,"kapan kamu kesini??
#bromo #gunungbromo #mxsoloraya #touringbromo #happyfriday_soc",20143,0.05618688981868898
gunungbromo,1600000000,879,63,0,2,2026-06-02 05:25:02+00:00,"Gunung Bromo telah sukses diselenggarakan pada 30 Mei hingga 1 Juni 2026. Puncak ritual
#kasada #bromo #tengger #fypシ  #fyp",65,0.07394766780432309
gunungbromo,1600000000,3058,45,1,2,2026-06-01 11:27:49+00:00,"Suku Tengger Gelar Ritual Yadnya Kasada 2026

Masyarakat Hindu Suku Tengger di lereng Gunung Bromo kembali menggelar ritual tahunan Yadnya Kasada 1948 Saka pada Senin (1/6) dini hari. 

Di tengah suhu ekstrem mencapai 7-9 derajat Celsius, ribuan warga berkumpul khusyuk di Pura Luhur Poten ambek membawa ongkek berisi sesaji hasil bumi untuk didoakan.

Suasana semakin unik saat prosesi larung sesaji dimulai, di mana puluhan pemarit nekat turun ke tepi kawah aktif demi merebut sesaji yang dilemparkan. 

Tradisi warisan leluhur Roro Anteng ambek Joko Seger ini tetap lestari sekaligus menjadi simbol rasa syukur serta pencarian berkah bagi masyarakat setempat.

Reporter: Farid Fahlevi

#YadnyaKasada2026 #SukuTengger #GunungBromo #jtvrek #portaljtvcom",48,0.015696533682145193
gunungbromo,1600000000,68600,755,104,310,2026-03-16 09:24:31+00:00,Replying to @lilyyyy🦫 Yuk buruan trip bromo bareng kami #privatetripbromo #sewajeepbromo,1169,0.017040816326530612
gunungbromo,1600000000,1300000,148800,1038,27300,2026-04-03 01:03:26+00:00,Bromo udah 3 hari ini full lautan awan #bromo #gunungbromo,177138,0.13626
gunungbromo,1600000000,86,1,1,0,2026-06-02 17:41:33+00:00,"Mother Nature really outdid herself here 

#mountbromo #indonesia #solofemaletraveler #backpacking #travelvlog",2,0.023255813953488372
gunungbromo,1600000000,151400,2885,32,821,2026-01-18 04:50:19+00:00,"Pertama kali rappelling ke salah satu vertical cave yang ada di Yogyakarta! 😆

Kali ini melipir ke daerah Gunungkidul buat pergi ke Goa Jomblang yang terkenal banget sama ✨light of heaven✨ nya. Ternyata emang bener-bener se heavenly view itu.. 

Ada yang udah pernah kesini??

[ trip kali ini aku ditemenin @jogjakelana ⭐️⭐️⭐️⭐️⭐️] 

#goajomblang #verticalcaving  #explorejogja #gunungkidul #CapCut",3738,0.024689564068692205
gunungbromo,1600000000,127900,3183,78,1141,2026-05-24 08:38:16+00:00,"Tenang, Bromonya ga hilang kok, cuma lagi istirahat bentar 😌

booking trip via aplikasi / website.
#bromotrip #explorebromo #bromotravel #exoticbromo",4402,0.0344175136825645
gunungbromo,1600000000,1000000,56400,513,7502,2026-05-08 01:09:33+00:00,Sebelum dan sesudah panjat gunung bromo 🤣,64415,0.064415
gunungbromo,1600000000,626300,27200,148,2768,2026-04-01 15:52:35+00:00,#bromo #trend 🤏🏻😋,30116,0.04808558198946192
gunungbromo,1600000000,5000000,422400,2097,29200,2026-02-06 10:39:08+00:00,Ke bromo rasa ke bulan #gunung #pendakiwanita #fy #planetbromo #trendingsong @Langit Biru,453697,0.0907394
gunungbromo,1600000000,16400,1351,7,91,2026-05-04 13:11:01+00:00,planet bromo sesuai expektasi🤩 #bromo,1449,0.08835365853658536
gunungbromo,1600000000,2200000,33600,290,2068,2023-01-16 13:07:28+00:00,"3 hal ini dilarang untuk menjaga kebersihan dan kelestarian Gunung Bromo juga ya! Selain Bromo juga tempat sakral bagi warga sekitar khususnya Suku Tengger. 

#sukutengger #sukutenggerbromo #bromomountain #gunungbromo #lautanpasirbromo #pasirberbisikbromo #bukittelletubisbromo #opentripbromo #opentripbromo200k #foryourpage #SultanMakanSoNice #jeepbromo  #opentripbromomurah #tourbromo",35958,0.016344545454545455
gunungbromo,1600000000,3787,72,7,24,2026-04-25 14:08:30+00:00,View Bromo😍 #gunungbromo #viaprobolinggo_jawatimur #kabutbromo #viewbromotenggersemeru,103,0.027198310007921837
gunungbromo,1600000000,2100000,228500,1172,34800,2025-08-03 08:34:49+00:00,"Bromo 3 Agustus Masya Allah Tabarakallah 🥹😍
#bromo #sunrisebromo",264472,0.12593904761904762
gunungbromo,1600000000,464100,40300,539,3386,2025-12-13 07:50:44+00:00,"Membalas @Mrs.Simla  Bromo rasa Iceland 😆🥶 

#bromo #zilmizola #gerua #bromotenggersemeru",44225,0.09529196293902176
gunungbromo,1600000000,310200,5750,187,1805,2023-07-05 05:40:15+00:00,Udah tau view dari puncak Bromo? #fyp #fypシ #budalrek #bromo #bromotenggersemeru #gunungbromo,7742,0.024958091553836236
gunungbromo,1600000000,42700,1015,78,448,2026-05-18 01:56:58+00:00,"Warning Buat yang Trip ke Bromo 

jangan remehin perjalanan ke puncak Kawah Bromo. 
siapkan mental dan fisik ✌️😌 

#bromo #tripbromo #gunungbromo  #explore #wisatamalang",1541,0.03608899297423888
gunungbromo,1600000000,71000,668,11,272,2025-05-09 23:43:40+00:00,"Bromo 10 Mei 2025

Update harga sewa jeep bromo tahun 2025

✅Harga 750K
Destinasi :
1. Sunrise point
2. Lembah widodaren
3. Kawah bromo
4. Pasir berbisik
5. Savana bromo

✅Harga 700K
Destinasi
1. Seruni point
2. Kawah bromo
3. Pasir berbisik
4. Savana bromo

✅Harga 650K
Destinasi
1. Puncak mentigen
2. Kawah bromo
3. Pasir berbisik
4. Savana bromo

✅Harga sudah termasuk jeep, bbm, driver dan destinasi sesuai paket

✅Harga belum termasuk tiket masuk bromo

✅Wa admin cuma ada di bio yagesya

✅Cara booking cukup isi formulir & dp minimal 250k / jeep

✅Start Sukapura Probolinggo 

✅WEEKEND / WEEKDAY HARGA SAMA

✅ 1 jeep maks 6 orang 

#bromo #bromotenggersemeru #gunungbromo #bromomountain #sewajeepbromo #bromotour #sunrisepoint #fotografertiktok #fotograferbromo #privatetripbromo #bromotravel #indonesia",951,0.0133943661971831
gunungbromo,1600000000,2000000,95800,4396,9401,2022-05-23 17:31:28+00:00,Perjuangan penuh meniti 250 an anak tangga gunung bromo #bromo #explorebromo,109597,0.0547985
gunungbromo,1600000000,20600,332,0,341,2024-06-07 00:02:24+00:00,"Tempat hiling terbaik ialah kembali ke alam . . .
#bromo #jeepbromo #sunrisebromo #gunungbromo #jatimpride 
#temankelana",673,0.03266990291262136
gunungbromo,1600000000,131300,12000,56,1180,2025-08-05 09:20:52+00:00,core memory with my bestie #bromo #bromotrip #indonesia #volcano #traveltiktok #bucketlist,13236,0.1008073115003808
gunungbromo,1600000000,2200000,44800,482,1835,2026-03-29 16:35:16+00:00,"Diluar prediksi BMKG😭

#fyp#bromotenggersemeru#foryou#fypage#lautanpasirbromo",47117,0.021416818181818183
gunungbromo,1600000000,2600000,86100,1519,29500,2023-12-25 01:31:48+00:00,"Akhir tahun ini bromo sedang cantik-cantiknya loh, sobat visiters!!! Yakin ga mau kesini? 😍

#tiktoktravel #bromo #bromotenggersemeru #bromomountain #gunungbromo #bromoindonesia #mountbromo #eastjava #visiteastjava #pesonaindonesia #fyp #liburan #travel #traveling #instagood #tiktok #traveltiktok",117119,0.04504576923076923
gunungbromo,1600000000,1500000,141200,584,16300,2025-09-09 03:52:04+00:00,indahnya ciptaanmu #bromotenggersemeru #bromo #bromotour #bromomountain #pasuruan #pasuruanjawatimur #jawapride #jawatengah #fypage #fypdong #sadewok #sadewoksabar #viralvideo #keindahanalam #keindahan #lagujawa #lagujowo #lagujowohits #pekalonganpride,158084,0.10538933333333333
gunungbromo,1600000000,269400,4065,50,832,2023-08-23 12:51:08+00:00,"Hidden Sunrise Point Bromo.
#bromo #bromotenggersemeru #bromomountain",4947,0.018363028953229398
gunungbromo,1600000000,748800,11200,111,531,2025-09-08 13:00:07+00:00,Beberapa foto dengan seribu jj🫣 #CapCut #fyp #bromo #mountain,11842,0.015814636752136752
gunungbromo,1600000000,76100,701,21,758,2025-02-13 07:32:24+00:00,Akhirnya jadi bromo bareng ✨🥳 #bromo #berlima #tripbestie,1480,0.019448094612352168
gunungbromo,1600000000,48600,1771,50,548,2025-12-11 11:11:58+00:00,"spot baru di Bromo berasa di bulan. di drone in satu satu sama @Langit Biru 🫶🏻

#bromo #gunungbromo #bromotenggersemeru #hiking",2369,0.04874485596707819
gunungbromo,1600000000,301500,15100,239,1809,2025-08-26 00:59:20+00:00,"Ninja mood menyala 🔥🔥😂

Shout to @Bromo_autentic thank you for the best shoot 🔥

#gunungbromo #bukitwidodaren 
#gorpcore",17148,0.05687562189054726
gunungbromo,1600000000,126300,2816,174,761,2026-03-09 06:12:52+00:00,"hayo ngaku siapa nih😁🙌🏻

#fyp #foryou #bromo #bromotenggersemeru #bromomountain",3751,0.029699129057798892
gunungbromo,1600000000,85700,1451,47,729,2026-03-10 01:15:34+00:00,"Planet Bromo ✨

Open trip / private trip dm atau wa admin :082262501952

#fyp #bromo",2227,0.025985997666277714
gunungbromo,1600000000,148100,3619,89,1548,2025-08-29 06:32:14+00:00,"Nanti kalau ke bromo kita foto-foto naik kuda ya🥰

Update harga sewa jeep bromo tahun 2025

✅Harga 750K
Destinasi :
1. Sunrise point
2. Lembah widodaren
3. Kawah bromo
4. Pasir berbisik
5. Savana bromo

✅Harga 700K
Destinasi
1. Seruni point
2. Kawah bromo
3. Pasir berbisik
4. Savana bromo

✅Harga 650K
Destinasi
1. Puncak mentigen
2. Kawah bromo
3. Pasir berbisik
4. Savana bromo

✅Harga sudah termasuk jeep, bbm, driver dan destinasi sesuai paket

✅Harga belum termasuk tiket masuk bromo

✅Wa admin cuma ada di bio yagesya

✅Cara booking cukup isi formulir & dp minimal 250k / jeep

✅Start Sukapura Probolinggo 

✅WEEKEND / WEEKDAY HARGA SAMA

✅ 1 jeep maks 6 orang 

#bromo #bromotenggersemeru #privatetripbromo #gunungbromo #bromotravel",5256,0.03548953409858204
gunungbromo,1600000000,1000000,37400,720,1831,2025-05-18 00:29:13+00:00,Private trip bromo via probolinggo #bromotenggersemeru #bromo #fotograferbromo,39951,0.039951
gunungbromo,1600000000,778100,67400,739,9758,2026-03-25 12:18:09+00:00,Spil kembang oleh olehmu Ki Bromo lurdd🤗#bromo #gunungbromo #4u #bromotenggersemeru #fyp,77897,0.1001118108212312
gunungbromo,1600000000,117200,1118,50,101,2024-12-18 00:15:27+00:00,"Bromo 18 Desember 2024

Buat temen temen yang pengen ke bromo, tapi bingung cari jeep & fotografer?🤔

Kita ada 1 paket private trip bromo include dokumentasi loh dan tentunya dengan harga sangat terjangkau gys🤭😁

Ingin liburan kalian nyaman & bahagia bersama keluarga / orang terdekat?
Yuk percayakan liburan kalian bersama kami🤭

📍Sukapura Probolinggo

✅WA ada di bio ya

#bromo #bromotenggersemeru #bromomountain #gunungbromo #sewajeepbromo #bromotour #sunrisepoint #fotografertiktok #bromotravel #privatetripbromo #fotograferbromo #indonesia",1269,0.010827645051194539
gunungbromo,1600000000,118200,22300,109,1430,2026-05-05 06:06:20+00:00,"Bromo Mountain🇮🇩

#indonesia#bromo#bromomountain",23839,0.20168358714043993
gunungbromo,1600000000,4600000,320700,3245,12800,2023-12-01 18:51:40+00:00,"Tahun baru kok di rumah, ke bromo cuma 199k per orang udah include Jeep+tiket bestie….
#tripbromo #bromo #fyp #travelbromo #fypシ #liburanakhirtahun #liburancheck",336745,0.0732054347826087
gunungbromo,1600000000,51400,2586,26,544,2026-03-16 15:51:21+00:00,"Kali ini wajib berangkat ke bromo gak sih ,dari sekian wacana 😔 
#bromo #bromotenggersemeru #bromomountain #gunungbromo",3156,0.06140077821011673
gunungbromo,1600000000,56400,1997,48,321,2026-05-08 04:36:26+00:00,"24h không ngủ để ngắm núi lửa Bromo 
#dulich #bromo #indonesia #trekking #leonui",2366,0.041950354609929075
gunungbromo,1600000000,1700000,344300,623,63200,2026-05-18 23:10:52+00:00,"dingin dan view bromo pagi itu🤩
#bromo #bromotenggersemeru #lautanpasirbromo #xyzbca #fyp",408123,0.24007235294117646
gunungbromo,1600000000,207100,16700,384,993,2026-02-11 01:31:50+00:00,"📍Sisi lain Bromo, ke Bromo tpi gak nyari sunrise✨

#PlanetBromo #GunungBromo #BromoTenggerSemeru #ExploreBromo
#WisataBromo",18077,0.08728633510381459
gunungbromo,1600000000,13500,635,67,39,2026-06-01 06:39:42+00:00,Komando 178 Marinir persiapan melintasi gn Bromo #fyp #hiburansemata #gunungbromo #kodiklatal #lewatinberandakalian,741,0.05488888888888889
gunungbromo,1600000000,27800,375,88,340,2026-04-05 10:48:20+00:00,"Update terbaru tentang penutupan kawasan wisata Gunung Bromo !! 

#bromo #bromotenggersemeru #tnbts",803,0.028884892086330934
gunungbromo,1600000000,1545,53,6,18,2026-04-24 00:39:09+00:00,"Groundbreaking penataan Jalur Lingkar Kaldera Tengger (JLKT) di Taman Nasional Bromo Tengger Semeru (TNBTS). Penataan ini bertujuan menyeimbangkan peningkatan kualitas wisata kelas dunia dengan perlindungan adat budaya Suku Tengger dan ekosistem Gunung Bromo.

#GroundBreakingBromo #BromoSafetyInitiative #NyamankeBromo #SafetyRideBromo",77,0.04983818770226537
gunungbromo,1600000000,8692,2547,1162,4594,2026-04-27 23:39:17+00:00,"gunung bromo, wisata bromo, pendakian bromo, wisata jawa timur, keindahan alam indonesia

Keindahan Gunung Bromo selalu membuat siapa saja ingin kembali lagi ke tempat ini

#gunungbromo 
#wisataindonesia 
#exploreindonesia 
#pendakian",8303,0.9552462034054303
gunungbromo,1600000000,39900,2145,99,393,2026-04-10 03:48:09+00:00,"Kamu masuk Bromo lewat mana? Probolinggo, Malang, Pasuruan, atau Lumajang?✨

Tag temen kamu yang butuh liburan 😂

❗️Disclaimer: Mohon maaf apabila terdapat kesalahan atau ketidaksesuaian dalam pembuatan VT ini

#malang24jam #bromo #wisatabromo #gunungbromo #fyp",2637,0.06609022556390977
gunungbromo,1600000000,2700000,149900,1215,17000,2026-04-12 11:23:07+00:00,"Yang Tau tau aja….
#parodi #relatable #gunungbromo",168115,0.062264814814814815
gunungbromo,1600000000,5100000,859900,1422,108900,2026-04-23 00:22:07+00:00,"Bromo 23 april 2026
#sunrisebromo #tamannasionalbromotenggersemeru #lautanawan",970222,0.19023960784313726
gunungbromo,1600000000,754900,5933,454,3807,2025-05-20 00:14:09+00:00,"Update harga sewa jeep bromo tahun 2025

✅Harga 750K
Destinasi :
1. Sunrise point
2. Lembah widodaren
3. Kawah bromo
4. Pasir berbisik
5. Savana bromo

✅Harga 700K
Destinasi
1. Seruni point
2. Kawah bromo
3. Pasir berbisik
4. Savana bromo

✅Harga 650K
Destinasi
1. Puncak mentigen
2. Kawah bromo
3. Pasir berbisik
4. Savana bromo

✅Harga sudah termasuk jeep, bbm, driver dan destinasi sesuai paket

✅Harga belum termasuk tiket masuk bromo

✅Wa admin cuma ada di bio yagesya

✅Cara booking cukup isi formulir & dp minimal 250k / jeep

✅Start Sukapura Probolinggo 

✅WEEKEND / WEEKDAY HARGA SAMA

✅ 1 jeep maks 6 orang 

#bromo #bromotenggersemeru #gunungbromo #bromomountain #sewajeepbromo #bromotour #sunrisepoint #fotografertiktok #fotograferbromo #privatetripbromo #bromotravel #indonesia",10194,0.013503775334481388
gunungbromo,1600000000,88800,12600,58,1936,2026-05-14 17:44:10+00:00,Majestic of Bromo #bromomountain #fyp #bromotenggersemeru,14594,0.16434684684684683
gunungbromo,1600000000,357800,15000,107,455,2024-04-29 03:49:44+00:00,BROMO火山 | 29 APRIL 2024 The weather is very good and those who come will definitely be lucky. when are you guys? #bromo #bromoguide #fypシ #indonesia🇮🇩 #fypシ゚viral #douyin抖音 #nature #adventure #fyp,15562,0.04349357182783678
gunungbromo,1600000000,468900,31100,353,664,2026-05-17 07:57:14+00:00,bangun pagi-pagi banget buat dapet sunrise di Bromo. Indah banget🫶 Tonton full Vlognya di Youtube🤍⛰️ #EastJavaTrip #Bromo,32117,0.06849434847515462
gunungbromo,1600000000,522300,77300,510,19600,2026-05-05 00:49:58+00:00,"📍planet bromo
Gabut aesthetic 😆😁
.
.
.
.
.
.
.
#bromo #planetbromo #fyp #bromoupdate #bromomountain_indonesia",97410,0.1865020103388857
gunungbromo,1600000000,527300,2885,54,476,2026-05-10 05:07:24+00:00,"Kecelakaan beruntun melibatkan rombongan wisatawan asal Singapura terjadi di Jalur Bromo, tepatnya di Jalan Raya Ngadas, Sukapura, Probolinggo pada Sabtu (9/5) siang. 

Toyota Hiace yang mengangkut rombongan diduga mengalami rem blong saat melaju dari arah Bromo menuju Surabaya. Akibatnya, Hiace menabrak empat kendaraan lain dan sebuah tiang listrik. Saat kejadian, mobil dikemudikan sopir pengganti bernama Agung.

“Saya bukan sopir asli, saya ini penumpang mobil Hiace ini. Sama Yopi sopir asli Toyota Hiace yang membawa enam wisatawan asal Singapura diminta tolong gantikan menyetir karena mengaku capek dan lelah. Ternyata saat saya kemudikan remnya blong, mobil melaju kencang dan akhirnya menabrak empat kendaraan."" kata Agung, salah satu penumpang asal Tabanan, Bali.

Delapan korban kecelakaan wisatawan Singapura di Jalur Bromo masih dirawat di RSUD Tongas, terdiri dari enam wisman, sopir pengganti Agung, dan sopir utama Yopi. Sementara tiga anggota polisi beserta keluarga yang menjadi korban dirawat di RSUD Ar-Rozy Kota Probolinggo.

Korban rata-rata mengalami luka robek, memar, dan cedera benturan. Polisi masih menyelidiki penyebab kecelakaan dan belum memeriksa Yopi maupun Agung karena keduanya masih menjalani perawatan medis.

#detikjatim #TikTokBerita #bromo #probolinggo #gunungbromo",3415,0.006476389152285227
gunungbromo,1600000000,1100000,147800,740,18600,2026-02-23 04:13:47+00:00,"Kasih kata-katanya buat gunung Bromo🍃🍃 

Info trip bisa dm/hubungi nomor di bio ya

#bromotenggersemeru #fyp #bromomalang #bromotrip #promo",167140,0.15194545454545455
gunungbromo,1600000000,186400,28400,160,2614,2026-05-03 11:56:02+00:00,"Masuk kuping kiri , keluar kita mendaki 😎#pendakigunung #bromo #planetbromo",31174,0.16724248927038626
gunungbromo,1600000000,14400,240,7,65,2026-04-13 02:40:01+00:00,"menyala setelah tutup 1 minggu🔥

📍Gunung Bromo

#fyp #fypシ #gunungbromo #bromotenggersemeru #bromo",312,0.021666666666666667
gunungbromo,1600000000,155000,3084,214,350,2026-03-02 05:06:39+00:00,"Membalas @Pra05 Privat trip Gunung Bromo via Tumpang Malang bisa dijemput dirumah kalian .
Fasilitas
- Jeep tour
- Tiket masuk wisata
- dokumentasi
- edit video
- Antar jemput dari Kota Blitar - Basecamp Tumpang Malang
#tripbromo  #tourbromo #tourbromomalang #tripbromomalang #privattripbromomurah",3648,0.023535483870967742
gunungbromo,1600000000,67600,1648,23,167,2026-05-30 09:30:39+00:00,"Bromo totop total 
ada upacara yadha kasada 2026
#bromo #bromotenggersemeru #upacaraadat #probolinggo_jawatimur 
#fypシ゚viral @Bromonation @BROMOLANE | TRIP BROMO 240K",1838,0.027189349112426035
gunungbromo,1600000000,275,17,7,0,2026-06-02 09:54:51+00:00,gunung bromo gunung kelud#idolafunkot🚀🚀 #rameinyuk,24,0.08727272727272728
gunungbromo,1600000000,262900,8644,428,1465,2026-04-01 12:11:21+00:00,"Privat trip Gunung Bromo via Tumpang Malang sudah bisa antar rumah kalian .
Fasilitas : 
- Jeep tour
- Tiket masuk wisata
- dokumentasi
- edit video
- Antar jemput rumah - Tumpang Malang
#tripbromo  #tourbromo #tourbromomalang #tripbromomalang #privattripbromomurah",10537,0.0400798782807151
gunungbromo,1600000000,842,42,1,0,2026-05-31 08:49:53+00:00,"poni brokoli saya terbang-terbang kena angin bromo, sekali lagi angin bromo. jujur Indah banget🥹
—
#creatorsearchinsights #fyp #mountbromo #gunungbromo #bromotenggersemeru",43,0.0510688836104513
gunungbromo,1600000000,661000,19500,321,2948,2026-03-11 06:36:11+00:00,"Membalas @𝔻𝕖𝕟𝕕𝕪 iki menurutku yo cah . 
Privat trip Gunung Bromo via Tumpang Malang bisa dijemput dirumah kalian .
Fasilitas
- Jeep tour
- Tiket masuk wisata
- dokumentasi
- edit video
- Antar jemput dari rumah kalian masing” khusus wilayah Jawa Timur
#tripbromo  #tourbromo #tourbromomalang #tripbromomalang #privattripbromomurah",22769,0.034446293494704995
gunungbromo,1600000000,4200000,93500,1482,31300,2026-03-22 00:38:36+00:00,"Gimana bromo hari ini? 🤣🤣🤣

#bromo #bromotenggersemeru #bromomountain",126282,0.030067142857142858
gunungbromo,1600000000,500200,16000,243,2838,2026-03-13 20:21:33+00:00,"“Banyak yang ke Gunung Bromo tapi salah urutan spot, akhirnya capek duluan sebelum nikmatin sunrise.

Kalau via Malang, ini urutan yang paling enak biar perjalanan tetap santai:

Sunrise → Savana → Pasir → Kawah.

Simple, tapi bikin pengalaman ke Bromo jauh lebih maksimal.”

#sewatrailbromo 
#bromoindonesia 
#explore 
#ramadan",19081,0.03814674130347861
gunungbromo,1600000000,376800,84100,239,9703,2026-04-02 13:15:28+00:00,Mount bromo didn’t look real #bromo #bule #java #jawa,94042,0.24958067940552017
gunungbromo,1600000000,452000,71600,76,11800,2026-02-01 12:31:20+00:00,"MasyaAllah indah sekali pemandangan ini 😍

#bromotenggersemeru #privatetripbromo #bromomountain #bromotrip #bromotour",83476,0.18468141592920354
gunungbromo,1600000000,1500000,170000,478,15100,2026-02-10 11:57:14+00:00,"No filter needed ✨📸

#bromotenggersemeru #privatetripbromo #bromomountain #bromotrip #bromotour",185578,0.12371866666666667
gunungbromo,1600000000,175200,10200,54,1316,2026-03-31 04:52:55+00:00,#bromotrip #bromomountain,11570,0.06603881278538813
gunungbromo,1600000000,233100,10400,85,2777,2025-12-06 01:43:18+00:00,"Bromo 6 Desember 2025

Amalan apa yang kalian perbuat bisa dapet view seindah ini 🥹

info trip Bromo Dm 

#bromo #fyp #tripbromo #gunungbromo #bromotenggersemeru",13262,0.056894036894036895
gunungbromo,1600000000,17300,261,73,5,2026-06-01 11:27:35+00:00,GAME tire-lise📝,339,0.019595375722543353
gunungbromo,1600000000,283700,8308,679,3179,2026-02-07 05:33:01+00:00,"Membalas @deby20 Privat trip Gunung Bromo via Tumpang Malang dijemput dirumah kalian.
Fasilitas : 
- Jeep tour
- Tiket masuk wisata
- dokumentasi
- edit video
- Antar jemput dari rumah kalian - Basecamp Tumpang Malang
#pakettripbromo  #jeepbromo #tourbromomalang #tripbromomalang #privattripbromomurah",12166,0.04288332745858301
gunungbromo,1600000000,1300000,26600,504,6677,2026-04-25 10:53:37+00:00,geografi tresno #fyp #overlaylirik #trend #videoviral,33781,0.025985384615384615
gunungbromo,1600000000,24100,2625,66,383,2026-05-14 03:20:54+00:00,Sunrise bromo dari sudut yang berbeda. #bromotenggersemeru #bromo @Exotic Bromo,3074,0.12755186721991701
gunungbromo,1600000000,85600,7521,55,2847,2026-05-23 16:12:07+00:00,"แพลน + งบ ทริปอินโดนีเซีย 🌋

รวบตึงจบในคลิปเดียว 
แพลนไปไหนบ้าง หมดไปกี่บาท และไปกับทัวร์อะไร ?
คลิปนี้มีคำตอบ ✨
.
.
#โจอี้เวย์ #อินโดนีเซีย #eastjava #indonesia #bromo",10423,0.12176401869158879
gunungbromo,1600000000,1300000,22400,483,5838,2025-12-03 12:00:00+00:00,"GUNUNG BROMO SEMBURKAN BARA API
#tvri #tvrijatim #mediapemersatubangsa #beritaterupdate #kembaliketvri #beritaterkini #berita #jawatimur #gunungbromo #bromo #baraapi #gunungmeletus",28721,0.022093076923076924
gunungbromo,1600000000,188600,2942,30,1561,2023-09-19 18:21:53+00:00,"Chasing dawn 🌄 @withluke witnessing the mesmerizing sunrise over Mt. Bromo, Indonesia.

Mount Bromo, located in Indonesia, is one of the most iconic and active volcanoes in the world. It is part of the Bromo Tengger Semeru National Park, situated in #EastJava, Indonesia. The area around Mount Bromo is known for its otherworldly and dramatic landscape. It features a vast, flat caldera known as the ""Sea of Sand,"" which is dotted with volcanic cones and surrounded by steep cliffs. Within this caldera lies the active volcano, Mount Bromo itself.

Save this for your Indonesian adventure 🇮🇩

🎥 @WithLuke 
📍 #MtBromo, Indonesia

#indonesiatok #visitindonesia #indonesiatravel #sunriseviews",4533,0.024034994697773066
gunungbromo,1600000000,38400,1772,36,421,2026-04-27 11:13:25+00:00,"spot bromo yang disini gaada obat cuyy cantik banget😭😭😭🫶🫶🫶

#bromo #bromotenggersemeru #bromomountain",2229,0.058046875
gunungbromo,1600000000,3259,57,0,1,2026-06-02 07:15:11+00:00,"sesedih ini kah bromoku🥲🥲🥲 2 juni 2026
kebromo bareng @Bromonation 
#bromo #kawahbromo #bromotenggersemeru #gunungbatok #fypシ",58,0.017796870205584535
gunungbromo,1600000000,83500,974,7,510,2026-04-15 22:00:16+00:00,"bromo hillaide dengan view hijau gunung bromo dan langit biru @bromohillside 
#fyp #bromo #bromohillside #probolinggo #xyzbca",1491,0.017856287425149702
gunungbromo,1600000000,80900,4571,37,1015,2025-09-29 12:44:52+00:00,Kawah Gunung Bromo #kawahbromo #bromomountain #bromo #fypシ゚,5623,0.06950556242274412
gunungbromo,1600000000,2243,66,4,1,2025-11-20 11:43:34+00:00,"Erupsi gunung semeru, pendakian gunung semeru di tutup sementara #gunung #gunungsemeru #bromo #fyp #beritaviral",71,0.03165403477485511
gunungbromo,1600000000,10700,835,26,63,2025-07-23 16:46:41+00:00,"📍Mont Bromo, Indonésie : c’était magnifique, irréel… j’étais émue aux larmes devant tant de beauté 🌄🥹

#bromo #montbromo #volcan #volcanbromo #indonesie #java #voyage #travel",924,0.08635514018691588
gunungbromo,1600000000,2497,127,11,12,2025-06-08 10:38:18+00:00,"this sunrise was pure magic 🥹

📍 Gunung Bromo, East Java

#travel #travelinspo #bucketlist #traveltips #traveltok #traveltiktok #indonesia #java #eastjava #explore #adventure
#sunrise #naturelovers #mountbromo #exploreindonesia",150,0.060072086503804564
gunungbromo,1600000000,4765,69,4,8,2026-05-31 09:36:25+00:00,"300 ecuuu, wes all in 
start Tulungagung, 
Kediri, Blitar tok, tinggal duduk 
maniezt 🫢 start 
kota lain tak larangne🤣
🥳#TRAVEL_KEDIRI_TULUNGAGUNG #travel_terpercaya #TripMurah #opentripbromo #canadatour",81,0.016998950682056663
gunungbromo,1600000000,2800000,551800,1140,40300,2025-07-31 03:32:06+00:00,"“Edelweiss tumbuh di tempat paling sunyi. Tapi tetap mekar, meski tak banyak yang mengerti.”#edelweiss #bromo #gunungbromo #edelweissbromo  
#lautanawan",593240,0.21187142857142857
gunungbromo,1600000000,521,40,3,1,2026-05-28 08:58:17+00:00,"As a girl obsessed with the sunrise, this was the best one yet🥹🌄 #java #mountbromo #eastjava #indonesia🇮🇩",44,0.08445297504798464
gunungbromo,1600000000,105000,7291,32,179,2025-07-20 12:50:27+00:00,"qui de nous deux a été forcé finalement ? 

@BROMO ADVENTURE the best guide 🇮🇩

#indonesia #travelindonesia #asia #bromo #ijen #travel #java #hike #solo",7502,0.07144761904761905
gunungbromo,1600000000,9690,551,24,48,2025-06-10 07:51:59+00:00,le plus beau pays du monde ❤️ #indonesie #bromo #estjava,623,0.06429308565531476
gunungbromo,1600000000,201900,13300,119,300,2023-12-07 08:21:59+00:00,"Hike up Bukit Teletubbies at Gunung Bromo, Indonesia! Named for its resemblance to the iconic Teletubbies hills, walking here feels like stepping into a TV wonderland. 🌄 Thanks to IG/ @brianpacker for the snapshot! #WonderfulJourney #WonderfulIndonesia #BromoBeauty #TeletubbiesHill #NatureWalks 🌿🌤️",13719,0.06794947994056463
gunungbromo,1600000000,313800,1912,17,1658,2024-05-25 03:01:22+00:00,"In the embrace of the mountains, feeling small yet connected, to something greater 👭👭✨🌸💅🏻
#bromo #bromomountain⛰ 
#template4video 
#fyp",3587,0.011430847673677502
gunungbromo,1600000000,66700,1416,17,411,2024-01-10 04:53:11+00:00,"Imagine spending the time here ✨⛰️
Soak in the bath with the best view of Savanna

📍save for your next trip 🌟 
⛰️Bromohillside
 
#bromo #bromomountain #hotelbromo",1844,0.027646176911544227
gunungbromo,1600000000,3500000,228400,1270,6731,2024-06-05 15:08:39+00:00,"Camping samping tebing gass!!!

#HidupDiAlam #PetualanganAsyik #PegununganIndah #PecintaAlam #CampingSeru #bromo #bromotenggersemeru #bromomountain #camping #pasuruan #pasuruanhits #penanjakanbromo #sunrise",236401,0.06754314285714286
gunungbromo,1600000000,799900,14600,1463,5384,2025-11-26 01:29:00+00:00,"Membalas @ellasary601 Privat trip Gunung Bromo via Tumpang Malang dijemput dirumah kalian.
Fasilitas : 
- Jeep tour
- Tiket masuk wisata
- dokumentasi
- edit video
- Antar jemput dari rumah kalian - Basecamp Tumpang Malang
#pakettripbromo  #jeepbromo #tourbromomalang #tripbromomalang #privattripbromomurah",21447,0.026812101512689087
gunungbromo,1600000000,138500,7102,50,840,2026-05-09 06:37:06+00:00,"Tradisi “Kasada” Yang Unik🤩
#kasadabromo #gunungbromo  #sukutengger #faktaunik #jawapride",7992,0.05770397111913357
gunungbromo,1600000000,147400,5116,58,1481,2026-03-17 02:55:49+00:00,"Mana nih spot favorit kalian? 
Informasi & reservasi 
Whatsapp admin
0813-9974-2287
#bromo #fypage #traveltiktok #bromotenggersemeru #xyzabc",6655,0.045149253731343285
gunungbromo,1600000000,309300,13500,201,4465,2026-03-24 00:38:08+00:00,"Bromo 24 Maret 2026 terpantau PADAT banget! 🚙💨
Gunung Bromo lagi full pengunjung, vibes makin hidup, spot sunrise penuh cerita 🌄✨

Yang udah berangkat: dapet moment 🔥
Yang belum: masih nunggu apa lagi? 😏

Bareng BromoMajestic, trip kamu tetap nyaman walau lagi rame 💯
• Jeep aman & terjadwal
• Driver berpengalaman
• Spot terbaik tetap kebagian

Next trip OPEN! 🚨
Amankan seat sebelum makin penuh!

#BromoMajestic #TripBromo #ExploreBromo #OpenTripBromo",18166,0.05873262204978985
gunungbromo,1600000000,4500000,112100,577,22900,2026-02-27 10:32:47+00:00,"Hotel Kabin Estetik dengan Ketinggian 2.300 MDPL di Artotel Cabin Bromo 🗻🏕️
Kabin modern minimalis menyatu dengan alam 🌿
Ada savana breakfast, berkuda, jungle track, sampai resto dengan view pegunungan yang bikin betah lama-lama.
Bromo vibes tapi tetap nyaman!
#artotelcabinbromo 
#bromotrip 
#staycationbromo 
#sunrisebromo  #rekomendasihotel",135577,0.030128222222222223
gunungbromo,1600000000,5700000,873700,4100,40200,2024-06-08 03:11:03+00:00,"pergilah ke suatu tempat yg bisa membuatmu tenang, yakin ga pengen kesini?                   #bromo #sunrisebromo #gunungbromo #bromotenggersemeru",918000,0.16105263157894736
gunungbromo,1600000000,863,60,4,51,2026-05-27 00:04:04+00:00,"Sunrise view over from Bromo Tengger National Park

📍Mount Bromo - East Java - Indonesia 

#bromopointindonesia #bromotour #bromotourpackage #pakejbromo #bromo",115,0.1332560834298957
gunungbromo,1600000000,44100,1123,75,29,2025-09-02 15:40:24+00:00,"The Earth is alive — and here, you can hear it breathe. 🌋 

On the rim of Mount Bromo’s crater, the earth shakes beneath my feet and a deafening roar erupts from the depths. It sounds like a wind, storm or literally a living dragon. That’s how I felt. This is the raw heartbeat of a living volcano.

📍 Mount Bromo, part of the Bromo Tengger Semeru National Park, is one of Indonesia’s most iconic volcanoes. Its crater yawns nearly 800 meters wide, constantly exhaling sulfuric smoke. The name “Bromo” itself comes from Brahma, the Hindu god of creation — and locals still honor the volcano with sacred offerings of food, flowers, and even livestock during the annual Yadnya Kasada ceremony.

Here, nature roars. Would you dare to stand at the edge of this living giant?

👉 Follow for more journeys into the raw power of nature and hidden cultures around the world. 🌿✈️

#earthbreathing #livingvolcano #mountbromo #volcanoexperience #bromotenggersemeru",1227,0.02782312925170068
gunungbromo,1600000000,2858,155,9,14,2026-01-10 14:49:15+00:00,📍mount Bromo #sunset #indonesia🇮🇩 #bromo,178,0.0622813156053184
gunungbromo,1600000000,30700,745,27,211,2026-05-28 00:49:18+00:00,"Bromo 28 Mei 2026

Update harga sewa jeep bromo tahun 2026

✅Harga 750K
Destinasi :
1. Penanjakan 1
2. Lembah widodaren
3. Kawah bromo
4. Pasir berbisik
5. Savana bromo

✅Harga 700K
Destinasi
1. Seruni point
2. Kawah bromo
3. Pasir berbisik
4. Savana bromo

✅Harga 650K
Destinasi
1. Puncak mentigen
2. Kawah bromo
3. Pasir berbisik
4. Savana bromo

✅Harga sudah termasuk jeep, bbm, driver dan destinasi sesuai paket

✅Harga belum termasuk tiket masuk bromo

✅Wa admin cuma ada di bio yagesya

✅Cara booking cukup isi formulir & dp minimal 250k / jeep

✅Start Sukapura Probolinggo 

✅WEEKEND / WEEKDAY HARGA SAMA

✅ 1 jeep maks 6 orang 

#bromo #bromotenggersemeru #fyp #tripbromo #bromomountain",983,0.03201954397394137
gunungbromo,1600000000,2201,233,1,8,2026-05-31 13:22:57+00:00,"📍Bromo, Java 
INDONESIA 

#indonesia #bromo #eastjava #sunrise #traveltok",242,0.10995002271694684
gunungbromo,1600000000,419100,5835,115,2061,2023-08-09 05:13:53+00:00,"Pendakian Gunung Bromo untuk lihat kawahnya.

#bromotenggersemeru #kawahbromo #gunungbromo #bromo #wisatabromo #wisatajatim",8011,0.019114769744691004
gunungbromo,1600000000,83700,2458,216,366,2026-01-05 01:55:47+00:00,"Hidden Gems di Bromo (Gunung Bathok)

#viral 
#bromo #bcaxyz #fyp #foryou",3040,0.03632019115890084
gunungbromo,1600000000,89000,10400,35,2578,2026-05-16 11:12:34+00:00,"Ep.6 ทริปอินโดนอนน้อย

และเราก็มาถึงปากปล่องภูเขาไฟโบรโม่ 🌋

ที่ที่คนเรียกว่า breath of god
เพราะควันที่ลอยออกมาตลอดเวลา
มันเหมือนภูเขากำลังหายใจอยู่จริงๆ

#โจอี้เวย์ #อินโดนีเซีย #indonesia #bromo",13013,0.1462134831460674
gunungbromo,1600000000,9125,273,6,29,2026-04-25 21:09:54+00:00,"The WORLD’S LARGEST Buddhist temple 😮👇🏼

First stop in Indonesia is Yogyakarta to spend the next week exploring temples and active volcanoes - I am sooo excited to see what the island of Java has in store 🫶🏼

Say hello to …

📍 Borobudur Temple, Indonesia 

This is the world’s largest Buddhist temple, surrounded by jungle and such a sight to behold - make sure to PRE-BOOK as you won’t want to miss out on this one 📸

📲 Follow @explorefordays for more South East Asia travel inspo, guides and recommendations as I finish my travels 😚

—————————————————————————————-

indonesia travel, indonesia itinerary, java itinerary, things to do in yogyakarta  

#indonesiatravel #indonesiatrip #javaisland #borobudur #yogyakarta",308,0.033753424657534246
gunungbromo,1600000000,2194,107,11,8,2026-01-20 08:10:42+00:00,"Bromo dari atas, memang luar biasa 😍 #gunungbromo #bromomountain",126,0.05742935278030994
gunungbromo,1600000000,91300,1038,156,162,2026-01-26 03:32:42+00:00,Gini rasane nek kamu naik mobil ke Bromo lewat jalur Probolinggo #bromo #gunungbromo #pov #naikmobil #bromotenggersemeru,1356,0.014852135815991237
gunungbromo,1600000000,94600,1974,104,324,2026-04-03 16:37:05+00:00,"Yak pole
#bromo #mountain #douyin #madura",2402,0.025391120507399577
gunungbromo,1600000000,914200,128200,687,16800,2026-05-08 12:12:00+00:00,Cantik banget bromo 7 mei 2026😍😍  @Exotic Bromo  #bromotenggersemeru #bromo #malang,145687,0.15936009625902428
gunungbromo,1600000000,320300,7006,9057,111,2026-05-07 15:37:53+00:00,"spill asal kalian tapi ganti nama gunung, kalo aku Mt. Arjuno, Semeru, Bromo
kalo kalian dari mana??
#gunung #semeru #arjunowelirang #bromomountain #bromotenggersemeru",16174,0.05049640961598501
gunungbromo,1600000000,14700,1115,14,285,2026-06-01 14:04:03+00:00,"🪔🇱🇰 Tonight, Sri Lanka shines.

Millions of lanterns illuminate the island in one of the world’s most beautiful celebrations.

Honouring the birth, enlightenment, and passing of Gautama Buddha, Vesak is a time for peace, compassion, and reflection.

A night of hope. A light that unites us all. ✨

🌍 Where are you watching from?

#vesak #srilanka #visitsrilanka #travelsrilanka #srilankatravel",1414,0.09619047619047619
gunungbromo,1600000000,22500,2783,7,124,2025-12-09 01:30:54+00:00,"Bromo 9 Desember 2025 

Cerah indah dan Mempesona 🫶🏻
Kali ini kita kedatadatangan tamu Dari Kalimantan Timur . 
Jadi kalian kapan??

info trip Bromo Dm 

#bromo #fyp #tripbromo #bromotrip #gunungbromo",2914,0.1295111111111111
gunungbromo,1600000000,753200,34000,278,4738,2026-04-29 00:06:28+00:00,"Bromo 29 April 2026
Penuh banget 🙌🏼
-
Private trip Bromo dm

#bromo #fyp #fgbromo #pakejbromo",39016,0.05180031864046734
gunungbromo,1600000000,36700,6887,52,1892,2026-04-01 22:40:08+00:00,bromo dengan keindahan paginya🥹😍⛰️.#bromo #bromotenggersemeru #sunrise #bromomountain @agtrihmsyh,8831,0.2406267029972752
gunungbromo,1600000000,2334,28,1,0,2026-06-01 05:13:27+00:00,"Rem Blong di Jalur Ekstrem Bromo: Jip Wisatawan Asal Malang Hantam Tebing, 2 Tewas
#TikTokBerita#gunungbromo#kecelakaanmaut#remblong😭😭#kompastvjatim",29,0.012425021422450729
gunungbromo,1600000000,162500,2812,86,2709,2026-01-11 14:36:16+00:00,"Siapa nih yang awal tahun 2026 belum ke bromo hillside??

Destinasi cafe viral di kawasan Gunung Bromo dengan panorama 360 derajat

Jadi, kapan kamu ke Bromo Hillside? 
Yukkk awali tahun 2026 dengan pengalaman yang unforgettable di bromo hillside!”

Follow kami untuk info lebih lanjut
📍Bromo Hillside
Dusun Jarak ljo, Ngadas, Kec. Poncokusumo, Kabupaten Malang, Jawa Timur 65157

#Bromohillside #PesonaIndonesia #BromoAdventure #ExploreBromo #PesonaBromo #BromoIndah #BromoJourney #WonderfulBromo #BromoTrip #BromoExperience",5607,0.034504615384615384
gunungbromo,1600000000,17000,355,0,48,2026-05-31 14:15:00+00:00,yadnya kasada 2026 #bromo #bromotenggersemeru #kasadabromo #bromolivestory #bromotour,403,0.023705882352941177
gunungbromo,1600000000,268000,22100,235,2347,2026-04-22 06:08:09+00:00,"Private trip with villainbromo 

Enjoy the natural beauty of Bromo through comforting lodging & aesthetic 🌿

More Info :
📱 : +62 853-1446-7500 ( WhatsApp )
📩 : reservation.villainbromo @villainbromo
💻 : www.villainbromo.com

#villainbromo #probolinggo #bromo #eastjava",24682,0.09209701492537313
gunungbromo,1600000000,57000,1828,16,201,2026-05-16 00:08:08+00:00,"O Allah can not bear to see him lose his house, secure my Lumajangku.. hopefully soon finished eruption semeru #praylumajang #semeru #erupsisemeruhariiniv",2045,0.03587719298245614
gunungbromo,1600000000,13400000,530800,3378,56200,2026-03-31 03:08:55+00:00,akhirnya bisa pakai sound ini#fypシ゚viral🖤tiktok #bromotenggersemeru #bromo #fyppppppppppppppppppppppp #bromomountain @helmi.ae_,590378,0.044058059701492534
gunungbromo,1600000000,30300,654,73,301,2026-02-07 23:14:11+00:00,"Bromo remidi 😆

#bromo #bromotenggersemeru #bromomountain #bromotrip",1028,0.03392739273927393
gunungbromo,1600000000,60100,1650,177,961,2026-03-23 06:59:17+00:00,"Kondisi bromo 23 maret ini bolo🔥😩 

Vt /fgbromo

 #bromo #fyp",2788,0.046389351081530784
gunungbromo,1600000000,3245,190,2,8,2026-05-29 11:08:32+00:00,One fine morning exploring Bromo on foot! Ternyata seru juga ya jalan2 tanpa tujuan di Bromo~ indah bgt!!,200,0.061633281972265024
gunungbromo,1600000000,2000000,230800,1049,32300,2026-03-26 02:31:53+00:00,#bromo #bromotenggersemeru #fyp #malang #bromowithyou,264149,0.1320745
gunungbromo,1600000000,2412,87,4,7,2026-05-04 10:16:28+00:00,"Le mont bromo … coup de coeur tu connais 

.
#bromo #java #bali #indonesia🇮🇩 #indonesie",98,0.0406301824212272
gunungbromo,1600000000,331000,13600,430,3586,2026-03-28 04:35:31+00:00,"izin Mase 
Bru pertama kali ke Bromo lngsung lewat Pasuruan alhasil nyium pasir😭😭🤣
@𝘺𝘢𝘳𝘢 𝘺𝘢𝘳𝘢𝘢 🙂 #varioproper125 #bromotenggersemeru #jalanpasuruan #gunungbromojawatimur #creatorsearchinsights",17616,0.05322054380664652
gunungbromo,1600000000,114200,2622,14,896,2026-04-28 11:40:40+00:00,"Rotasi kan pandanganmu biar bisa main ke bromo
#bromo #bromotenggersemeru #bromotrip #gunungbromo",3532,0.030928196147110332
gunungbromo,1600000000,1400000,219700,446,36500,2026-03-14 08:59:37+00:00,Awan tipis menerjang desa cemoro lawang. Video timelapse dari 📍seruni point  #gunung #bromo #bromotenggersemeru #lautanawan #jawatimur,256646,0.18331857142857144
gunungbromo,1600000000,1000000,49600,1824,8241,2025-11-10 03:16:36+00:00,Ya ngantuk ya pusing ya mual #bromo ##jeepbromo #backpacker #bromotrip,59665,0.059665
gunungbromo,1600000000,857,66,2,4,2026-05-06 03:48:54+00:00,"Bromo ""ลมหายใจแห่งเทพเจ้า""

#Bromo #EastJava #indonesia
#TheJourneyBegins #TheJourneyBeginsThailand",72,0.08401400233372229
gunungbromo,1600000000,767300,20500,745,4875,2023-05-18 12:34:12+00:00,"Jangan Lupa ya gaess😛

#infobromo #beautifuldestinations #TikTokPromote #fyp #jeeplandcruiser #toyota #GunungBromo #bromotenggersemeru #bromotenggersemeru #HealingDiGunung #explorebromo #TempatWisataBromo #bromo #BromoAesthetic #WisataGunungBromo #bromomalangjawatimur #trip #bromohillside #keren #privatetripbromo",26120,0.0340414440245015
gunungbromo,1600000000,629300,52900,244,11100,2025-11-07 02:03:31+00:00,Bromo🗻 1/11/2025  @Es Cream Durian #bromotenggersemeru #sunrisepointbromo,64244,0.1020880343238519
gunungbromo,1600000000,680600,21900,669,4857,2025-05-07 00:18:17+00:00,"gimna kaki kalian pas naik tangga gunung #bromo  ini guyss
tetep stay safe dan beratur ya guyss

#bromo #bromotenggersemeru",27426,0.04029679694387305
gunungbromo,1600000000,3259,46,3,86,2026-05-06 08:38:11+00:00,Mau template nya? Typography Gunung Bromo 🎨  #fypage #fyp #gunung #muncak #bromo,135,0.041423749616446764
gunungbromo,1600000000,1300000,38600,759,21000,2025-08-14 02:38:10+00:00,"🌋 Bromo Trip – RM857 je?! 🌋
Bayangkan berdiri di puncak gunung, matahari terbit depan mata…
Angin sejuk, langit berwarna emas. ✨
Semua ni dengan harga lebih murah dari agency lain!

📅 Pilih tarikh sendiri
🚐 Transport, guide & tiket semua termasuk
💳 Bayar sikit dulu, seat terus lock!

⏳ Tempat terhad – lepas ni harga naik.
📲 DM sekarang sebelum terlepas!
#fyp #bromo #surabaya",60359,0.04643
gunungbromo,1600000000,723800,50600,631,9720,2024-09-20 14:18:36+00:00,"Dah berjalan spjg padang pasir lps tu hiking bukit2 sebelum kena hadap tangga ni pulak haaa. Kuda mana boleh panjat tangga ni. 

#bromo #bromotenggersemeru #hiking #darkside",60951,0.08420972644376899
gunungbromo,1600000000,515,30,1,0,2026-05-29 08:15:21+00:00,"The most wholesome experience, I can’t recommend a private mount bromo tour enough🥹 #mountbromo #bali #indonesia #traveltok #sunrise",31,0.06019417475728155
gunungbromo,1600000000,824900,81700,317,4575,2026-01-09 04:24:35+00:00,"Gagahnya Mahameru 
#mahameru 
#gunungsemeru 
#tamannasionalbromotenggersemeru",86592,0.10497272396654139
gunungbromo,1600000000,769,45,5,2,2025-08-14 09:24:02+00:00,"Climbing Gunung Bromo - an active volcano in Java - Indonesia! 🇮🇩🌋🇮🇩

#gunungbromo #java #indonesia #roadtrip #🇮🇩 #fyp #volcano #mountbromo #travel #traveltok #traveltiktok",52,0.06762028608582575
gunungbromo,1600000000,19800,566,16,68,2025-03-02 23:50:33+00:00,Indonesias best sunrise viewpoint is of the famous Mount Bromo in the Bromo Tengger Semeru National Park on East Java. Sunrise tours are between $25 - $45 and can be organized at its cheapest from Malang Indonesia. #travel #nature #fyp #foryoupage #viral #trendingvideo #viralvideo #adventure #hiking #nationalpark #travellife #traveltiktok #wanderlust #sunrise,650,0.03282828282828283
gunungbromo,1600000000,708000,17400,301,925,2023-09-15 05:36:41+00:00,"Bikin Miris, Viral Video Pemandangan di Savana Gunung Bromo Sebelum dan Sesudah Terbakar

#bromo #savana #bromotenggersemeru #bromomountain",18626,0.026307909604519775
gunungbromo,1600000000,910400,82900,486,8313,2024-02-12 06:09:07+00:00,The views never fail 🥹 #bromo #bromotenggersemeru #gunungbromo #wisatajawatimur #wonderfulindonesia #fakesituation⚠️,91699,0.10072385764499121
gunungbromo,1600000000,71600,531,53,117,2025-05-14 04:11:44+00:00,"Bromo dengan segala ceritanya 🌧️

#infobromo #bromohariini #gunungbromo #malang #bromohits #bromoviral #soundviral #pasirberbisik #pasirberbisikbromo #❤️",701,0.00979050279329609
gunungbromo,1600000000,171500,12900,119,1074,2024-03-21 10:07:24+00:00,"forever my favourite view 🇮🇩✨
#travel #solotravel #mountbromo #eastjava #volcano #hiking #sunrise",14093,0.08217492711370263
gunungbromo,1600000000,28400,622,9,262,2026-04-28 01:06:58+00:00,"Ikutin aja yang lagi trend 😁

#justinbieber #beautyandabeat #bromo #trending #gunungbromo",893,0.03144366197183099
gunungbromo,1600000000,1500000,172900,1672,8846,2024-01-02 07:56:07+00:00,"Yang bilang ini editan, fix kita gak temenan :( 

Monangis, Bromo emang Buaguuuuuuus banget. 😭😭

#bromo #bromotenggersemeru #gunungbromo #rekomendasiwisata #wisatajawatimur #wonderfulindonesia",183418,0.12227866666666666
gunungbromo,1600000000,107200,5293,33,1226,2026-05-19 12:12:36+00:00,Ini Urutan rute wisata Gunung Bromo ! #bromotenggersemeru #sewatrailbromo #sewatrailpasuruan #rentaltrailpasuruan #pasuruanadventure,6552,0.06111940298507463
gunungbromo,1600000000,53600,1638,49,544,2026-05-15 22:19:01+00:00,4 aturan gaib yang konon di percaya di Gunung Bromo #horror #kisahmisteri #gunungbromo,2231,0.04162313432835821
gunungbromo,1600000000,139000,2643,251,848,2026-05-27 05:57:54+00:00,"Privat trip Gunung Bromo via Tumpang Malang sudah bisa antar rumah kalian .
Fasilitas : 
- Jeep tour
- Tiket masuk wisata
- dokumentasi
- edit video
- Antar jemput rumah - Tumpang Malang
#tripbromo  #tourbromo #tourbromomalang #tripbromomalang #privattripbromomurah",3742,0.02692086330935252
gunungbromo,1600000000,30800,6061,27,294,2026-05-10 12:41:09+00:00,"Gunung Bromo

#bromo #bromotenggersemeru #drone #dronevideo #bromomountain",6382,0.2072077922077922
gunungbromo,1600000000,2100000,376300,946,56300,2026-04-18 09:57:49+00:00,"Bunga edelweis 🐻 

#bromo #bromotenggersemeru #bromomountain #bromotrip",433546,0.20645047619047618
gunungbromo,1600000000,573500,6273,78,2106,2026-05-31 05:33:19+00:00,"Jalur wisata menuju Gunung Bromo kembali memakan korban, Jumat pagi (29/5/2026). Sebuah jip wisata mengalami kecelakaan di tikungan Letter S Desa Wonokitri Pasuruan. Sopir dan seorang penumpangnya tewas.

Ikuti @tugujatimid untuk berita update di Jawa Timur.

#tugujatim #bromo #wisatabromo",8457,0.014746294681778552
gunungbromo,1600000000,1680,33,2,1,2026-06-01 05:13:15+00:00,gunung Bromo🏔️🏔️🏔️,36,0.02142857142857143
gunungbromo,1600000000,894,41,9,3,2026-05-24 01:32:05+00:00,editing this made me miss how much fun we had already 🥲🫶🏼 #mountbromo #mountbromotour #bromotour #eastjava #eastjavatour,53,0.0592841163310962
gunungbromo,1600000000,345400,7283,643,1926,2026-04-05 12:50:33+00:00,"Privat trip Gunung Bromo via Tumpang Malang sudah bisa antar rumah kalian .
Fasilitas : 
- Jeep tour
- Tiket masuk wisata
- dokumentasi
- edit video
- Antar jemput rumah - Tumpang Malang
#tripbromo  #tourbromo #tourbromomalang #tripbromomalang #privattripbromomurah",9852,0.028523451071221773
gunungbromo,1600000000,1400000,188000,691,22800,2026-04-21 22:51:24+00:00,tidak mau bercerita cuman ingin menikmati keindahan #bromo #bromotenggersemeru #bromomountain #bromotrip #bromotour,211491,0.151065
gunungbromo,1600000000,195600,3674,460,979,2026-04-03 23:06:49+00:00,"Membalas @den Privat trip Gunung Bromo via Tumpang Malang sudah bisa antar rumah kalian .
Fasilitas : 
- Jeep tour
- Tiket masuk wisata
- dokumentasi
- edit video
- Antar jemput rumah - Tumpang Malang
#tripbromo  #tourbromo #tourbromomalang #tripbromomalang #privattripbromomurah",5113,0.026140081799591004
gunungbromo,1600000000,222300,4979,434,2190,2026-04-03 11:47:19+00:00,"Privat trip Gunung Bromo via Tumpang Malang sudah bisa antar rumah kalian .
Fasilitas : 
- Jeep tour
- Tiket masuk wisata
- dokumentasi
- edit video
- Antar jemput rumah - Tumpang Malang
#tripbromo  #tourbromo #tourbromomalang #tripbromomalang #privattripbromomurah",7603,0.03420152946468736
gunungbromo,1600000000,313800,30400,319,3994,2026-04-17 12:02:18+00:00,"Nikmati pengalaman magis menjelajahi keindahan Gunung Bromo dalam paket Bromo Midnight Tour + Sewa Kuda 🌋🐎✨
Perjalanan dimulai tengah malam dari Surabaya/Malang menuju Penanjakan dengan Jeep 4x4 untuk menyaksikan golden sunrise terbaik di Jawa Timur. Setelah itu, petualangan berlanjut ke lautan pasir yang luas dan eksotis.
Yang spesial, kamu bisa menyewa kuda untuk menuju kaki tangga kawah Bromo 🐎—pengalaman klasik yang bikin perjalanan lebih seru, nyaman, dan pastinya Instagramable! Setelah itu, lanjut jalan kaki menaiki tangga hingga ke bibir kawah untuk melihat langsung keindahan Bromo dari dekat.
Udara dingin, kabut tipis, dan suasana dramatis akan membuat momen ini terasa seperti di negeri atas awan ☁️
✨ Fasilitas:
• Jeep Bromo (private/shared)
• Tiket masuk wisata
• Driver berpengalaman
• Sewa kuda ke kawah 🐎
• Dokumentasi spot terbaik
Cocok untuk liburan singkat, honeymoon, trip keluarga, atau bareng teman.
📲 Booking sekarang & rasakan sensasi Bromo dengan pengalaman yang lebih lengkap!
#BromoMidnight #GunungBromo #BromoTour #SewaKudaBromo #JeepBromo",34713,0.11062141491395794
gunungbromo,1600000000,856900,4937,46,701,2026-05-30 15:00:00+00:00,"Kecel*kaan maut terjadi di kawasan wisata Gunung Bromo setelah sebuah jip wisata diduga mengalami rem blong hingga kehilangan kendali. Kendaraan tersebut kemudian menghantam tebing dan terguling beberapa kali di jalur wisata yang cukup curam.

Insiden tragis ini mengakibatkan dua orang meninggal dunia, sementara sejumlah korban lainnya dilaporkan mengalami luka-luka dan mendapat penanganan medis. Pihak berwenang masih melakukan penyelidikan untuk memastikan penyebab pasti kecel*kaan serta mengevaluasi aspek keselamatan kendaraan wisata di kawasan tersebut.

Simak video selengkapnya di https://shorturl.at/c3r6X
#HardNews_Viral #NewsOne #CariBeritaditOne #GunungBromo #Wisata #JawaTimur #FO02",5684,0.00663321274361069
gunungbromo,1600000000,190800,2736,290,332,2026-04-08 13:14:42+00:00,"Privat trip Gunung Bromo via Tumpang Malang sudah bisa antar rumah kalian .
Fasilitas : 
- Jeep tour
- Tiket masuk wisata
- dokumentasi
- edit video
- Antar jemput rumah - Tumpang Malang
#tripbromo  #tourbromo #tourbromomalang #tripbromomalang #privattripbromomurah",3358,0.01759958071278826
gunungbromo,1600000000,1090,105,5,4,2026-05-02 12:36:17+00:00,sunrise hike to mount bromo indonesia!! 130 am wake up so worth it… such a stunning sight- the nature is incomprehensible #travel #indonesia #hiking #mountbromo #backpacking,114,0.10458715596330276
gunungbromo,1600000000,14100,222,26,30,2026-05-27 01:28:08+00:00,"Beneran deh, bromo akhir mei ini lagi bagus bangetttt! ga bakal nyesel kesini

Booking trip via aplikasi/website.
#bromotenggersemeru #bromotravel #bromotour  #explorebromo #exoticbromo",278,0.01971631205673759
gunungbromo,1600000000,168500,5693,226,1335,2026-04-21 14:11:26+00:00,"Gimana masak beneran gak pingin ke Bromo?

• open trip bromo 275k
• Private 1600k
• sewa Jeep start 1200k

WhatsApp 082139056313
Booking sekarang juga 

#bromo #opentripbromo #tourbromo #tripbromo #sewajeepbromo",7254,0.04305044510385757
gunungbromo,1600000000,1200000,128400,1036,10200,2026-05-18 13:49:07+00:00,indah bgt bromo 🥹 #bromo #malang,139636,0.11636333333333333
gunungbromo,1600000000,233400,5997,357,503,2026-05-15 08:10:22+00:00,"Atau ada pendapat lain? Drop di kolom komentar..

Buat yang belum pernah ke Bromo, ini saatnya kalian nikmati kebebasan menikmati Megah nya gunung Bromo 

Langsung hubungi @Bromo Kita atau chat nomor yang di bio 

#WisataMalang #bromotenggersemeru #fotograferbromo #TripBromo #OpenTripBromo",6857,0.029378748928877464
rajaampat,2200000000,1141,83,8,16,2026-05-10 19:48:39+00:00,"Raja Ampat is considered “the last paradise on Earth,” and after spending 3 weeks there, I completely understand why. From the dramatic landscapes, untouched beaches, and coral reefs overflowing with life, to sunsets painting the sky and endless stars above us, this place felt like pure magic.

This trip challenged me, inspired me, humbled me, and reminded me what really matters in life. It was truly an adventure of a lifetime, and I feel so incredibly grateful to have experienced a place like this. 🤍

We stayed at:
🐠 Arborek Island
🏝️ Rufus Island
🪸 Friwen Island
🐢 Kri Island

If Raja Ampat is on your bucket list, check out stayrajaampat.com or feel free to reach out with any questions!

•
•
•

#rajaampat 

Raja Ampat, Raja Ampat Indonesia, Raja Ampat travel, Raja Ampat itinerary, Raja Ampat islands, Raja Ampat snorkeling, Raja Ampat diving, Raja Ampat coral reefs, Raja Ampat beaches, Raja Ampat homestays, Raja Ampat guide, Raja Ampat travel guide, things to do in Raja Ampat, Indonesia travel, Indonesia islands, West Papua Indonesia, Arborek Island, Kri Island, Friwen Island, Rufus Island, Arborek homestay, Kri Island snorkeling, Friwen Island coral reefs",107,0.09377738825591586
rajaampat,2200000000,713700,17500,170,2328,2026-01-14 11:34:26+00:00,"📍 Rute Perjalanan:

1. Bandara Sorong → Pelabuhan Rakyat (Taksi 20 menit).

2. Pelabuhan Sorong → Waisai (Feri Bahari Express ±2 jam).

3. Waisai → Nyande Raja Ampat (Speedboat ±30 menit).

#januariserunyanginep #rajaampat #island #papua #nyanderajaampat",19998,0.028020176544766708
rajaampat,2200000000,245600,36800,23,5503,2026-06-01 12:20:27+00:00,The Last Paradise. 🌴,42326,0.1723371335504886
rajaampat,2200000000,4126,310,7,16,2026-04-25 03:04:26+00:00,"Un destino que sin duda cambia el foco, así que no podía dejar en el olvido este contenido que me lleno de felicidad infinita. 

RAJA AMPAT
🌺🌊🐬🪸🏝️🐡

#indonesia #rajaampatisland  #rajaampatdiving #sudesteasiatico #buceoenindonesia",333,0.08070770722249151
rajaampat,2200000000,63700,1445,19,44,2026-04-05 14:01:37+00:00,"Bagian 52 || Teatrical War Tribe Kali Biru Tour  By The jeti Mangrove Proudly Present

Thank for Bang @hizkiachristie🙏🤩

📍𝘞𝘢𝘳𝘴𝘢𝘮𝘣𝘪𝘯 𝘝𝘪𝘭𝘭𝘢𝘨𝘦, 𝘔𝘢𝘺𝘢𝘭𝘪𝘣𝘪𝘵 𝘉𝘢𝘺, 𝘙𝘢𝘫𝘢 𝘈𝘮𝘱𝘢𝘵, 𝘞𝘦𝘴𝘵 𝘗𝘢𝘱𝘶𝘢𝘯
======================================
 ©ʀᴀɪɴᴇʀsᴜʀᴀʙɪ | ᴛʜᴇ ᴊᴇᴛɪ ᴍᴀɴɢʀᴏᴠᴇ ²⁰²⁶
======================================
#kalibiru #kalibirurajaampat #rajaampat #wisatarajaampat
#teatricalwartribe",1508,0.0236734693877551
rajaampat,2200000000,1947,60,1,10,2026-05-15 10:00:00+00:00,"Indonesia is basically a real-life movie set. 🎬
From the Jurassic cliffs of Nusa Penida to the Avatar islands of Raja Ampat! Why just watch it on screen when you can experience it? Let us handle the planning with our Bali tour packages and luxury boat charters so you can explore like a VVIP. Which movie world are you visiting first? 

📲 WhatsApp: +62 811 3809 193 (CS 1)
📲 WhatsApp: +62 811 2859 0000 (CS 2)
🌍 Website: www.balipremiumtrip.com

#NusaPenida #RajaAmpat #BaliPremiumTrip #PadarIsland #TravelGoals",71,0.036466358500256806
rajaampat,2200000000,113400,2765,12,326,2026-02-07 11:39:41+00:00,"Siapa yang punya bucket list ke Raja Ampat tahun ini? Kalau kalian cari tempat yang tenang, servisnya ramah, dan akses ke spot divingnya gampang, Wai Resort ini jawabannya. Nggak cuma kamarnya yang estetik menyatu sama alam, tapi suasana di sini beneran bikin betah lama-lama. Bener-bener hidden gem yang wajib kalian coba minimal sekali seumur hidup🥹🫶🏻

Cara bookingnya gampang, tinggal klik tag lokasi yang ada di video ini yaa 😉

#momenhotelfebruari #wairesort #rajaampat #explorepapua #visitindonesia",3103,0.02736331569664903
rajaampat,2200000000,4930,218,4,43,2026-05-08 08:24:50+00:00,"This is Raja Ampat.
Where jungle meets crystal clear water, and every little island feels unreal 🌴✨🇮🇩
#rajaampat #indonesia #westpapua",265,0.0537525354969574
rajaampat,2200000000,464,50,0,0,2026-06-02 08:09:04+00:00,Come and join me. Explore Raja Ampat #wonderfulplaces #wonderfulindonesia #beuatiful #beautifuldestinations #ocean,50,0.10775862068965517
rajaampat,2200000000,6239,364,4,27,2026-05-31 17:01:59+00:00,💃🏽💃🏽 #rajaampat #misool #misoolrajaampat #foryou,395,0.06331142811347973
rajaampat,2200000000,10400000,1400000,3153,67900,2026-03-05 12:11:46+00:00,"Kalo video ini ter-upload tandanya kita semua selamat ya 😂 tapiii kejadian setelah kapal mogok itu lebih nggak terduga lagi!

Ikutin terus perjalanan kita selama di Misool, Raja Ampat 🧑🏻‍🌾

#Misool #RajaAmpat",1471053,0.14144740384615384
rajaampat,2200000000,41700,1080,16,101,2026-04-06 23:11:48+00:00,"Bagaimana reaksi Anda terhadap ini? 😅 

Saat kami membawa tamu-tamu kami yang paling suka petualangan ke Kali Biru, kami berkolaborasi dengan sebuah desa setempat yang menawarkan pengalaman ini, yaitu penyergapan yang dipentaskan diikuti dengan tarian Tetrical tradisional dan ritual penyambutan. 

Mereka sangat ahli dalam bidangnya dan sangat serius… bahkan ketika saya tahu itu akan terjadi, saya hampir tidak pernah menyadari kehadiran mereka sebelum mereka muncul entah dari mana. 

Pengalaman yang luar biasa.

_____””_____

How would you react to this? 😅 

When we bring our most adventurous guests to Kali Biru, we collaborate with a local village that offers this experience, a staged ambush followed by a traditional Tetrical dance and a welcome ritual. 

They’re incredibly good at what they do and take it very seriously… even when I know it’s coming, I almost never spot them before they appear out of nowhere. 

Such an amazing experience. 

repost from : Vincent Berthelot | @vincentberthelot (Instagram) 

#rajaampat #papuabaratdaya #kalibiru #tanahpapua #ikkj",1197,0.028705035971223022
rajaampat,2200000000,317000,13100,136,1568,2025-10-26 00:20:05+00:00,"🏜️.
#pesonaindonesia #wonderfulindonesia #rajaampat #destinasiwisata #foryoupage",14804,0.04670031545741325
rajaampat,2200000000,764800,164700,248,24500,2026-03-09 14:14:12+00:00,When Jess chooses the right homestay and we got blessed with these sounds when waking up…so incredible #indonesia🇮🇩 #travelcouple #rajaampat #overwaterbungalow #birdsoftiktok,189448,0.2477092050209205
rajaampat,2200000000,1518,25,0,1,2026-02-26 05:22:23+00:00,"Island hopping level sultan! ✨ 

Dari tebing Bali sampai bawah laut Raja Ampat, ini dia rute 14 hari paling magis di Timur Indonesia. Biarkan Bali Premium Trip mengurus semua kemewahan perjalanan kamu. Siap berangkat? 🥂👑

📩 Link in bio to book 👇
📲 WhatsApp: +62 811 3809 193
🌍 Website: www.balipremiumtrip.com

#BaliPremiumTrip #EastIndonesia #RajaAmpat #KomodoNationalPark #Sumba",26,0.017127799736495388
rajaampat,2200000000,483900,20100,119,1094,2026-04-30 06:32:19+00:00,"It’s time to explore RAJA AMPAT 🤩, sebelum main ke destinasi utama kita singgah2 dulu supaya lebih kenal sama tempat cakep ini! Ayoo kita mo kemana? ✨

#rajaampat #papua #indonesia",21313,0.04404422401322587
rajaampat,2200000000,19200,1918,5,49,2025-09-10 01:00:00+00:00,"Raja Ampat's paradise found 🌊✨ Crystal-clear waters, vibrant coral reefs, and stunning island scenery... a diver's dream come true 🌴 #RajaAmpat #PapuaIndonesia #IslandLife #DiveRajaAmpat #TravelIndonesia",1972,0.10270833333333333
rajaampat,2200000000,270100,9055,89,1578,2024-02-21 09:55:28+00:00,"Got lots of questions on this, definitely worth the long journey #rajaampat #howto #traveltips #traveljourney",10722,0.03969640873750463
rajaampat,2200000000,812900,13300,202,1477,2026-01-23 09:50:24+00:00,"Momen Langka Marsupialami Endemik Papua Terekam di Raja Ampat
 Sebuah momen langka dan menggemaskan berhasil terekam di kawasan Raja Ampat, Papua, ketika seekor marsupialami atau kuskus wai ego terlihat muncul di sekitar permukiman warga. Satwa endemik Pulau Waigeo ini tampak bergerak lincah di antara pepohonan, menarik perhatian warga dan tamu yang menyaksikannya secara langsung.

Marsupialami dikenal sebagai hewan nokturnal yang jarang terlihat di siang hari. Keberadaannya yang muncul di area dekat permukiman menunjukkan masih terjaganya ekosistem hutan di Raja Ampat. Satwa ini memiliki bulu berwarna putih kecoklatan dengan bintik hitam, ekor panjang yang kuat, serta berperan penting dalam menjaga keseimbangan ekosistem hutan setempat.

Kemunculan kuskus wai ego ini menjadi pengingat akan kekayaan keanekaragaman hayati Papua sekaligus pentingnya upaya pelestarian habitat alami agar satwa langka tetap dapat hidup berdampingan dengan manusia.

Sumber: Dokumentasi video warga di Raja Ampat #dutamedia  #rajaampat  #marsupialami  #langka  #creatorsearchinsights",14979,0.018426620740558494
rajaampat,2200000000,872000,51800,1672,11300,2025-06-07 09:58:52+00:00,"Too beautiful to be real, but this is Raja Ampat - Indonesia 🇮🇩 🐟🐠🌊
#fyp #cozyvibes #peacefulplace #nature #NatureTherapy #StressFreeZone #stressrelief #Peaceful #fy #rajaampat #rajaampat_papua #rajaampatislands #indonesia #saverajaampat",64772,0.07427981651376146
rajaampat,2200000000,282400,53100,194,6630,2026-03-14 06:12:03+00:00,"Kenalin, Balbulol, salah satu serpihan surga yang jatuh ke bumi 🌎

Drone Shots by: @Meiza Mahendra 

#Balbulol #Misool #RajaAmpat",59924,0.21219546742209633
rajaampat,2200000000,566900,64300,749,2241,2025-04-06 12:53:10+00:00,"RAJA AMPAT emang RACUN bangettt, asli seindah itu guys 🥺🌅✨

Jadi momen ini kalian bisa dapetin saat pagi mereka pergi untuk tidur di pulau area @Wai Resort Raja Ampat dan sore saat sunset mereka bakal balik ke area Pulau Batanta untuk mencari makan ✨🦇

Percaya deh, kalian gak bakal nyesel explore Raja Ampat ✨

📍Wai Resort, Raja Ampat

#kalong #wonderfulindonesia #rajaampat #wairesort #thelastparadise #paradiseonearth #sunset #hiddengem #reelsindia #beautifuldestinations #wonderful_places #folkindonesia",67290,0.11869818310107602
rajaampat,2200000000,3722,1045,0,4,2026-06-01 19:05:10+00:00,"🇮🇩 Indonesia nos regaló mucho más que paisajes increíbles.

Nos regaló amaneceres entre la selva de Bali, templos llenos de historia, arrozales infinitos y encuentros con una cultura que enamora en cada detalle.

Y cuando pensábamos que no podía sorprendernos más, llegamos a Raja Ampat. Un lugar donde el océano parece cobrar vida, donde cada inmersión revela colores, criaturas y momentos difíciles de describir con palabras. 🌈 🤿

Algunos viajes se convierten en recuerdos.
Otros se convierten en parte de ti.

🌿✨🌊🤿

✈️ Si quieres sumarte a esta aventura nuestras fechas son:
 
  BALI ➡️ Enero 4-9 2027
  RAJA AMPAT ➡️ Enero 10-18 2027

 🐬 Cupos Limitados. 👀 

#Indonesia #Bali #RajaAmpat #Diving #scubadiving",1049,0.2818377216550242
rajaampat,2200000000,328300,70900,144,4644,2026-03-15 10:27:19+00:00,"Bayangin lo sama pasangan lo nemuin spot terus lo namain pake gabungan nama kalian. How sweet??? 🥺

Drone shots by: @Meiza Mahendra  

#PuncakHarfat #Dapunlol #Misool #RajaAmpat",75688,0.23054523301858057
rajaampat,2200000000,88600,916,42,39,2025-11-16 05:33:11+00:00,"kali biru raja ampat
#rajaampat #nttpride🏝🔥 #pelautindonesia🇲🇨⚓ #fypシ゚firal #pelautkapalpesiar",997,0.011252821670428894
rajaampat,2200000000,1938,46,2,11,2026-04-03 03:40:52+00:00,salah satu surga dunia #indonesia #fyp #rajaampat #papuabarat,59,0.0304437564499484
rajaampat,2200000000,1900000,27600,189,418,2026-02-01 04:12:11+00:00,"Bagian 06 || @Sorayarasyid @naysilla mirdad  Holiday Kali Biru Raja Ampat

📍𝘞𝘢𝘳𝘴𝘢𝘮𝘣𝘪𝘯 𝘝𝘪𝘭���𝘢𝘨𝘦, 𝘔𝘢𝘺𝘢𝘭𝘪𝘣𝘪𝘵 𝘉𝘢𝘺, 𝘙𝘢𝘫𝘢 𝘈𝘮𝘱𝘢𝘵, 𝘞𝘦𝘴𝘵 𝘗𝘢𝘱𝘶𝘢𝘯
======================================
 ©ʀᴀɪɴᴇʀsᴜʀᴀʙɪ | ᴛʜᴇ ᴊᴇᴛɪ ᴍᴀɴɢʀᴏᴠᴇ ²⁰²⁶
======================================
#kalibiru #kalibirurajaampat #rajaampat #wisatarajaampat
#wisata",28207,0.01484578947368421
rajaampat,2200000000,322,15,1,0,2026-06-01 20:36:15+00:00,"Join me on my Liveaboard adventures in 2027
Emperor Leo - Mixed Group Trip
July 10th - 17th 2027
Best of Maldives
Emperor Leo - Girls Only
July, 17th - July, 24th 2027
Best of Maldives
DM for more information
#scubagram #scubagirl #rajaampat",16,0.049689440993788817
rajaampat,2200000000,32000,4871,44,452,2026-04-08 09:03:20+00:00,POV : when you feel like you are in the Maldives 💦🩵 #misool #papua #papuabaratdaya #rajaampat #trip,5367,0.16771875
rajaampat,2200000000,31000,291,7,13,2025-08-16 14:03:28+00:00,"𝗕𝗮𝗴𝗶𝗮𝗻 55 | KALI BIRU RAJA AMPAT

 𝗣𝗮𝗸𝗲𝘁 𝗪𝗶𝘀𝗮𝘁𝗮 𝗨𝗻𝗴𝗴𝘂𝗹𝗮𝗻:
☑ 𝐾𝑎𝑙𝑖 𝐵𝑖𝑟𝑢 𝑇𝑜𝑢𝑟
☑ 𝐿𝑜𝑐𝑎𝑙 𝐶𝑢𝑙𝑡𝑢𝑟𝑎𝑙 𝐺𝑢𝑖𝑑𝑒

📍 𝗟𝗼𝗸𝗮𝘀𝗶: 𝘛ℎ𝘦 𝘑𝑒𝘵𝑖 𝑀𝘢𝑛𝘨𝑟𝘰𝑣𝘦 – 𝘞𝑎𝘳𝑠𝘢𝑚𝘣𝑖𝘯 𝘝𝑖𝘭𝑙𝘢𝑔𝘦, 𝑇𝘦𝑙𝘶𝑘 𝑀𝘢𝑦𝘢𝑙𝘪𝑏𝘪𝑡, 𝘙𝑎𝘫𝑎 𝐴𝘮𝑝𝘢𝑡
📅 𝗧𝗲𝗿𝘀𝗲𝗱𝗶𝗮 𝗦𝗲𝘁𝗶𝗮 𝗛𝗮𝗿𝗶

==========================================
🎯 𝗙𝗼𝗿 𝗠𝗼𝗿𝗲 𝗜𝗻𝗳𝗼𝗿𝗺𝗮𝘁𝗶𝗼𝗻 & 𝗥𝗲𝘀𝗲𝗿𝘃𝗮𝘁𝗶𝗼𝗻 > 𝗣𝗹𝗲𝗮𝘀𝗲 𝗖𝗼𝗻𝘁𝗮𝗰𝘁 𝗨𝘀
📞 𝘈𝘭𝘧𝘳𝘦𝘥 - 𝘊𝘩𝘳𝘪𝘴𝘵𝘪𝘯𝘦 𝘔𝘦𝘯𝘵𝘢𝘯𝘴𝘢𝘯
📲 + 62 853 5417 9361
==========================================

©Cᴏᴘʏʀɪɢʜᴛ 2025 Tʜᴇ Jᴇᴛɪ Mᴀɴɢʀᴏᴠᴇ
🔖 #TheJetiMangrove #foryou #fypシ #fyp",311,0.010032258064516129
rajaampat,2200000000,48900,2956,72,631,2026-03-02 15:12:16+00:00,Not a bad first day! Soooo many different fish everywhere it was incredible #indonesia #rajaampat #overwaterbungalow #snorkeling #travelcouple,3659,0.07482617586912066
rajaampat,2200000000,3930,165,9,22,2026-04-13 01:57:01+00:00,"Bucket List Adventure: Snorkeling in Raja Ampat 🪸

Shane and I spent 3 weeks living on remote islands, snorkeling for hours every day, completely in awe of how vibrant and full of life the ocean can be.

The reef felt completely alive, like we were swimming in an aquarium. Every direction you looked was filled with movement, color, and life. It honestly brought me to tears to experience the ocean like this. Our world is full of so much wonder and beauty.

This video only captures a small glimpse of the marine life we encountered, but it was one of the most immersive, magical places I’ve ever been. Watching the fish shimmer and dance around you felt unreal, and I haven’t stopped dreaming about the ocean since.

If Raja Ampat is on your bucket list, don’t hesitate to reach out. It’s not the easiest place to get to, and there isn’t a ton of information online, so I’m more than happy to help 🐠🩵

•
•
•

Raja Ampat, Raja Ampat Indonesia, Raja Ampat islands, snorkeling in Raja Ampat, Raja Ampat snorkeling, Raja Ampat travel, Indonesia travel, Indonesia snorkeling, best snorkeling in the world, coral reef snorkeling, Raja Ampat marine life, everything I saw in Raja Ampat, everything I saw while snorkeling, rating everything I saw while snorkeling, rating everything I saw while snorkeling in Raja Ampat #rajaampat #snorkeling",196,0.049872773536895676
rajaampat,2200000000,1907,99,1,1,2026-06-02 09:24:08+00:00,We were already 3 days into the journey at this stage. London-Singapore-Manado. Getting to raja ampat is NOT EASY!,101,0.0529627687467226
rajaampat,2200000000,726,88,3,1,2026-06-01 19:31:54+00:00,"🌊 POV: You captured a world most people never get to see. 🤿✨

Beneath the surface is where the real magic happens. From crystal-clear waters to unforgettable underwater moments, every dive tells a story. Which shot would be your favorite? 👇🌊

#ScubaDiving #UnderwaterWorld #OceanAdventure #DiveLife #ExploreMore     

💬 If you could dive anywhere in the world, where would it be and why? 🌎🤿👇",92,0.12672176308539945
rajaampat,2200000000,1084,71,1,8,2026-04-20 17:27:57+00:00,"Everyone loves Bali, but if you’re looking for the true ""Last Paradise,"" you have to head further east. Raja Ampat is a literal dreamscape of over 1,500 small islands, where the turquoise water is so clear you can see the vibrant coral reefs from the surface. It’s one of the few places left where nature still feels completely untouched and wild.
From swimming with majestic manta rays to watching the sunrise over the iconic Wayag Islands, this archipelago is the ultimate bucket list destination for soul-seekers and divers alike.
📍 Raja Ampat Regency, West Papua, Indonesia.

#RajaAmpat #Indonesia #TravelTok #HiddenGem #Paradise #BucketList #OceanVibes #Adventure",80,0.07380073800738007
rajaampat,2200000000,997,53,9,0,2026-05-30 19:05:18+00:00,"Best place in the world … 

Raja Ampat 🫶🏽🫶🏽

#pourtoi #rajaampat #thelastparadise #indonesia #ayau",62,0.062186559679037114
rajaampat,2200000000,1700000,251300,649,46100,2026-03-01 11:58:50+00:00,Definitely worth the travel time and fees for this view #indonesia #rajaampat #overwaterbungalow #travelcouple #budgettravel,298049,0.1753229411764706
rajaampat,2200000000,2324,177,1,10,2026-06-01 09:05:46+00:00,"📍Love lagoon kawarapop, Misool Raja Ampat  #rajaampat #misool #misoolselatan #foryou",188,0.08089500860585198
rajaampat,2200000000,36200,1358,36,48,2026-05-08 09:42:06+00:00,"Begini gais sunset vs sunrise di Raja Ampat Papua, sama-sama indah kan?! tapi kamu pilih yang mana nii?? ✨🌅

#rajaampat #papua #indonesia",1442,0.03983425414364641
rajaampat,2200000000,1823,130,2,8,2026-05-15 06:26:13+00:00,"Raja Ampat dikenal sebagai salah satu surga laut paling indah di Indonesia, memiliki salah satu keanekaragaman hayati laut terbesar di dunia 
#benuantatourtravel #rajaampat #exploreworld #travel",140,0.07679648930334614
rajaampat,2200000000,471,6,0,0,2026-06-02 15:10:10+00:00,Raja Ampat Indonesia 🇮🇩,6,0.012738853503184714
rajaampat,2200000000,802600,11300,384,1062,2025-06-07 14:20:31+00:00,"Penasaran dengan kondisi kerusakan alam Raja Ampat sebelum sesudah tambang nikel? Simak kumpulan foto before after tambang nikel Raja Ampat 2025 yang menunjukkan dampak nyata terhadap keindahan alam. Dari laut biru jernih hingga bukit hijau yang kini berubah, dokumentasi ini juga mengungkap dampak penambangan nikel terhadap ekosistem Raja Ampat, mulai dari rusaknya terumbu karang hingga habitat satwa langka. Lihat langsung bagaimana perubahan lanskap Raja Ampat akibat tambang nikel dalam rangkaian video dokumenter tambang nikel Raja Ampat 2025 before after yang menggugah kesadaran.#RajaAmpat  
#TambangNikel  
#SaveRajaAmpat  
#BeforeAfterNature  
#KerusakanLingkungan  
#TambangVsAlam  
#RajaAmpat2025  
#EkosistemTerganggu  
#NikelRajaAmpat  
#TambangMerusak#ViralIndonesia  
#FYP  
#FYPIndonesia  
#BeritaTerkini  
#IsuLingkungan  
#ViralTikTok  
#DocumentaryVideo  
#EnvironmentMatters  
#NatureCrisis  
#EcoAlert#EnvironmentalDamage  
#SaveTheOcean  
#MiningImpact  
#NatureBeforeAfter  
#ProtectNature  
#EcoDocumentary  
#NickelMining  
#Deforestation  
#ClimateCrisis  
#StopMining",12746,0.015880887116870173
rajaampat,2200000000,54100,3372,74,165,2026-04-23 07:22:57+00:00,pesona raja Ampat Papua Barat 💫🇧🇷#rajaampat #fyp,3611,0.06674676524953789
rajaampat,2200000000,953,40,7,46,2025-11-08 22:31:49+00:00,"salah satu tempat wisata favorit.
#rajaampat 
#tempatwisata 
#fypage 
#papuabarat",93,0.09758656873032528
rajaampat,2200000000,17500,1957,167,219,2025-05-30 18:42:27+00:00,"Ketika Raja Ampat itu memang kerend… 🤙🏽
.
#rajaampat #rajaampatberlibur #r4bel #r4beltour #fyp #xyzbca #r4beltrip2025 #paradiseonearth❤️",2343,0.13388571428571427
rajaampat,2200000000,713000,23700,262,3117,2025-03-02 21:48:56+00:00,"Sunset at Wai Resort, Raja Ampat, West Papua, Indonesia #wairesort #westpapua #indonesia #island #holiday KL > Makassar > Sorong > Waisai/ Wai Resort  Return flight Sorong > Bali > KL",27079,0.03797896213183731
rajaampat,2200000000,1404,71,12,1,2025-11-07 11:16:07+00:00,"raja ampat, merupakan keajaiban alam luar biasa dari Indonesia #fyp #viral #rajaampat #indonesia #foryou",84,0.05982905982905983
rajaampat,2200000000,4134,363,25,26,2026-01-26 06:35:03+00:00,"I Left My Heart in Misool, Raja Ampat 🌴 💎🌊

Lost in Misool, found my calm  🪼🪸🐟🐠 #misoolrajaampat #rajaampat #exploreindonesia #explorepapua",414,0.10014513788098693
rajaampat,2200000000,53300,4206,29,24,2026-06-02 02:27:37+00:00,"Oke raja ampat bungkuss💋 
#risolbombasticc #fakfakpapuabarat🌸 #paskaapriliaa #kakarisoll",4259,0.079906191369606
rajaampat,2200000000,1307,43,2,0,2025-12-08 00:45:26+00:00,"Asal mula nama raja ampat.
#Lastparadiseid #EkonomiBiru #SeaparkID #WisataBahariID #panganbiru",45,0.03442999234889059
rajaampat,2200000000,62500,6191,39,390,2026-04-24 11:24:51+00:00,Watching Bird Of Paradise 😍#rajaampat #papuabaratdaya #cendrawasih #fyp,6620,0.10592
rajaampat,2200000000,1725,70,4,21,2026-06-02 07:12:43+00:00,"channel : wonder of Indonesian
Song : just activate your energy
#indonesia #edit #nature #southasian #fyp",95,0.05507246376811594
rajaampat,2200000000,32800,2948,324,409,2025-06-06 15:58:38+00:00,"Raja Ampat : ""Where the ocean heals in silence."" 🌊🐟🐠
#fyp #cozyvibes #peacefulplace #nature #NatureTherapy #StressFreeZone #stressrelief #Peaceful #fy  #ocean #sea #saverajaampat",3681,0.11222560975609756
rajaampat,2200000000,1152,20,0,5,2024-10-17 04:39:47+00:00,"Sejarah Nama Raja Ampat

Terdapat sejarah unik berkaitan dengan penamaan Raja Ampat
Terlepas dari sejarah dan mitos uniknya, Raja
Ampat yang terletak di paling ujung barat Provinsi Papua Barat ini memang sudah sejak lama menjadi destinasi wisata favorit bagi wisatawan asing maupun domestik.

#radar #radardepok #sejarah #rajaampat",25,0.021701388888888888
rajaampat,2200000000,17800,196,15,2,2026-02-13 13:06:46+00:00,"11/12 lah sama main layangan
#mancingmania #demenngebolang #rajaampat #misoolrajaampat",213,0.01196629213483146
rajaampat,2200000000,11600,1395,53,50,2025-06-05 10:46:53+00:00,"save Raja Ampat

#saverajaampat #nikel",1498,0.12913793103448276
rajaampat,2200000000,2900000,418800,3617,36700,2026-05-17 09:32:48+00:00,#saverajaampat #papuabukantanahkosong,459117,0.15831620689655174
rajaampat,2200000000,138100,1948,119,185,2025-06-10 05:00:11+00:00,"Raja Ampat ada di Papua,tapi kalau Raja Lima ? 

Cobain deh sesekali kesini,gue yakin lo bakal amaze sama tempat ini ! 

Berani tag partner healing kamu ? 

@Exoticbaliisland letsgoww !",2252,0.016307023895727732
rajaampat,2200000000,19000,763,23,59,2025-06-05 04:50:48+00:00,"Raja Ampat adalah sebuah kepulauan yang terletak di bagian barat Papua, Indonesia, tepatnya di Provinsi Papua Barat Daya. Nama Raja Ampat berarti ""Empat Raja"", yang merujuk pada empat pulau utama di wilayah ini: Waigeo, Misool, Salawati, dan Batanta. Kepulauan ini terdiri dari lebih dari 1.500 pulau kecil, atol, dan karang.

Ciri khas dan keistimewaan Raja Ampat:

🌊 Surga bawah laut: Raja Ampat dikenal sebagai salah satu tempat menyelam dan snorkeling terbaik di dunia. Wilayah ini memiliki keanekaragaman hayati laut tertinggi di dunia, termasuk berbagai jenis terumbu karang, ikan tropis, dan biota laut lainnya.

🌴 Alam yang masih alami: Hutan hujan tropis, pantai berpasir putih, dan laguna biru menjadikan Raja Ampat sangat indah dan alami.

🐠 Ekowisata dan konservasi: Banyak wilayah di Raja Ampat dijaga melalui program konservasi, dan masyarakat lokal terlibat dalam menjaga kelestarian laut.

📍 Aksesibilitas: Untuk mencapai Raja Ampat, biasanya wisatawan terbang ke Sorong, lalu melanjutkan perjalanan dengan kapal ke Waisai, ibu kota kabupaten Raja Ampat.

Raja Ampat bukan hanya tempat wisata, tapi juga simbol kekayaan alam dan budaya Indonesia yang luar biasa.

Undang-Undang Nomor 1 Tahun 2014 adalah perubahan atas Undang-Undang Nomor 27 Tahun 2007 tentang Pengelolaan Wilayah Pesisir dan Pulau-Pulau Kecil. Undang-undang ini menegaskan beberapa poin penting dalam pengelolaan wilayah pesisir dan pulau-pulau kecil secara lebih adil, lestari, dan berbasis hak masyarakat.

Beberapa hal yang dinyatakan secara jelas dalam UU No. 1 Tahun 2014 antara lain:

1. Negara Menguasai dan Mengelola

> Pasal 2A:
Negara memiliki kewenangan penuh dalam mengelola wilayah pesisir dan pulau-pulau kecil demi kemakmuran rakyat sesuai dengan amanat Pasal 33 UUD 1945.

2. Penghapusan Hak Pengusahaan Perairan Pesisir (HP-3)

> UU ini secara tegas menghapus ketentuan mengenai HP-3 (yang sebelumnya ada dalam UU No. 27 Tahun 2007), karena dianggap berpotensi memarginalkan masyarakat pesisir dan menyebabkan privatisasi ruang laut.

3. Perlindungan Hak Masyarakat Adat dan Lokal

> Pasal 23 ayat (2):
Masyarakat hukum adat, masyarakat lokal, dan masyarakat tradisional berhak melakukan kegiatan pemanfaatan ruang dan sumber daya pesisir dan pulau-pulau kecil secara lestari.

4. Kewajiban Izin Lokasi dan Izin Pengelolaan

> Pasal 16 dan 17:
Setiap orang yang ingin memanfaatkan wilayah pesisir dan pulau-pulau kecil wajib memiliki Izin Lokasi dan Izin Pengelolaan, kecuali untuk kegiatan tradisional masyarakat lokal atau adat.

5. Pelibatan Masyarakat dalam Perencanaan

> Pasal 7 ayat (2):
Penyusunan rencana pengelolaan wilayah pesisir dan pulau-pulau kecil wajib melibatkan masyarakat, pemerintah daerah, dan pemangku kepentingan lainnya.

6. Pemanfaatan Pulau Kecil dan Sekitarnya

> Diatur bahwa pemanfaatan pulau-pulau kecil harus mempertimbangkan daya dukung dan keberlanjutan ekosistem serta tidak boleh merusak fungsi ekologis.

#saverajaampat #warisanlokal #bumihijau #papuabarat #wisatalaut #suararakayat

---

Jika Anda ingin kutipan langsung dari pasal-pasal tertentu atau penjelasan resmi per pasal, saya bisa bantu carikan atau ringkaskan untuk Anda. Apakah Anda ingin teks asli dari pasal tertentu?",845,0.04447368421052632
rajaampat,2200000000,630,39,2,1,2026-04-30 06:21:20+00:00,Let’s take a walk on Arborek island in Raja Ampat 🏝️ #rajaampat,42,0.06666666666666667
rajaampat,2200000000,358500,18000,153,115,2026-03-29 15:01:27+00:00,Raja Ampat indah sekali💚 happy banget kemarin seminggu lebih berlayar & island hopping di Raja Ampat. Vlog part 1 udah tayang! Jangan lupa nontonnn😉 #RajaAmpat #SailingTrip #LiburanLebaran,18268,0.05095676429567643
rajaampat,2200000000,4559,115,2,2,2026-03-27 07:50:04+00:00,"𝗕𝗮𝗴𝗶𝗮n 42 || Family Vacation at Blue River🤩☺
@Unique Herbal Raja Ampat 
==========================================
- Website 
https://kalibiru-rajaampat.com/
-----------------------------------------------------------------------
- Booking.com
https://www.booking.com/Share-T6SH3j
=========================================
✨ 𝗣𝗮𝗸𝗲𝘁 𝗪𝗶𝘀𝗮𝘁𝗮 𝗨𝗻𝗴𝗴𝘂𝗹𝗮𝗻:
☑ 𝑅𝑒𝑠𝑡𝑎𝑢𝑟𝑎𝑛𝑡 (𝐹𝑟𝑒𝑒 𝑊𝑖𝑓𝑖)
☑ 𝐸𝑐𝑜𝑙𝑜𝑑𝑔𝑒 & 𝐶𝑜𝑡𝑡𝑎𝑔𝑒
☑ 𝐾𝑎𝑙𝑖 𝐵𝑖𝑟𝑢 𝑇𝑜𝑢𝑟
☑ 𝑀𝑎𝑦𝑎𝑙𝑖𝑏𝑖𝑡 𝐵𝑎𝑦 𝑇𝑜𝑢𝑟
☑ 𝐿𝑜𝑐𝑎𝑙 𝐶𝑢𝑙𝑡𝑢𝑟𝑎𝑙 𝐺𝑢𝑖𝑑𝑒
☑ 𝑇𝑒𝑎𝑡𝑟𝑖𝑐𝑎𝑙 𝑊𝑎𝑟 𝑇𝑟𝑖𝑏𝑒

📍 𝗟𝗼𝗸𝗮𝘀𝗶: 𝘛ℎ𝘦 𝘑𝑒𝘵𝑖 𝑀𝘢𝑛𝘨𝑟𝘰𝑣𝘦 – 𝘞𝑎𝘳𝑠𝘢𝑚𝘣𝑖𝘯 𝘝𝑖𝘭𝑙𝘢𝑔𝘦, 𝑇𝘦𝑙𝘶𝑘 𝑀𝘢𝑦𝘢𝑙𝘪𝑏𝘪𝑡, 𝘙𝑎𝘫𝑎 𝐴𝘮𝑝𝘢𝑡
📅 𝗧𝗲𝗿𝘀𝗲𝗱𝗶𝗮 𝗦𝗲𝘁𝗶𝗮 𝗛𝗮𝗿𝗶
=======================================
🎯 𝗙𝗼𝗿 𝗠𝗼𝗿𝗲 𝗜𝗻𝗳𝗼𝗿𝗺𝗮𝘁𝗶𝗼𝗻 & 𝗥𝗲𝘀𝗲𝗿𝘃𝗮𝘁𝗶𝗼𝗻 > 𝗣𝗹𝗲𝗮𝘀𝗲 𝗖𝗼𝗻𝘁𝗮𝗰𝘁 𝗨𝘀
------------------------------------------------------------------
📞 𝘈𝘭𝘧𝘳𝘦𝘥 - 𝘊𝘩𝘳𝘪𝘴𝘵𝘪𝘯𝘦 𝘔𝘦𝘯𝘵𝘢𝘯𝘴𝘢𝘯
📲 + 62 853 5417 9361
=======================================
©Cᴏᴘʏʀɪɢʜᴛ 2026 Tʜᴇ Jᴇᴛɪ Mᴀɴɢʀᴏᴠᴇ
🔖 #TheJetiMangrove #Kalibiru #kalibirurajaampat #teatricalwartribe #rajaampat",119,0.02610221539811362
rajaampat,2200000000,527900,41300,93,4911,2023-10-06 05:47:13+00:00,"Bienvenue à Raja Ampat : le dernier paradis sur terre 🏝️ en Indonésie.

#rajaampat #paradis #indonesia #voyage #voyageur #travel #plage",46304,0.08771358211782534
rajaampat,2200000000,13800,717,6,144,2026-04-28 07:48:52+00:00,"Also referred to as “The Last Paradise” 🐠🏝️

#indonesia #paradise #rajaampat",867,0.06282608695652174
rajaampat,2200000000,11200,78,2,2,2026-02-15 19:44:05+00:00,"Bagian 20 || The Beautifull Place at Blue River🏞😱

📍𝘞𝘢𝘳𝘴𝘢𝘮𝘣𝘪𝘯 𝘝𝘪𝘭𝘭𝘢𝘨𝘦, 𝘔𝘢𝘺𝘢𝘭𝘪𝘣𝘪𝘵 𝘉𝘢𝘺, 𝘙𝘢𝘫𝘢 𝘈𝘮𝘱𝘢𝘵, 𝘞𝘦𝘴𝘵 𝘗𝘢𝘱𝘶𝘢𝘯
======================================
 ©ʀᴀɪɴᴇʀsᴜʀᴀʙɪ | ᴛʜᴇ ᴊᴇᴛɪ ᴍᴀɴɢʀᴏᴠᴇ ²⁰²⁶
======================================
#kalibiru #kalibirurajaampat #rajaampat #wisatarajaampat
#wisata",82,0.007321428571428572
rajaampat,2200000000,685,23,0,4,2026-05-21 09:43:13+00:00,"Nikmati Waktumu di tempat yang tepat🤩
Yuk, isi akhir pekanmu di Raja Ampat🌊

untuk reservasi dan informasi lebih lanjut⤵️

whatsapp : +62 812-4885-8286

dm kami juga bisa yah!

#rajaampat #travelindonesia #liburan2026 #opentriprajaampat #fyp",27,0.03941605839416058
rajaampat,2200000000,73000,849,14,282,2024-03-06 18:06:23+00:00,Witness the crystal-clear waters of Wai Resort come alive with majestic reef sharks 🦈🇮🇩📍Wai Resort Raja Ampat in #Indonesia 🎥 @zilmizola #overwaterbungalow #indonesiatravel #indonesiahotel,1145,0.015684931506849315
rajaampat,2200000000,30100,700,16,388,2025-04-04 01:04:48+00:00,"Raja Ampat Part 1 | 

تقع راجا أمبات قبالة الطرف الشمالي الغربي من شبه جزيرة رأس الطيور Bird's Head Peninsula في بابوا Papua، راجا أمبات أو تعني حرفياً  ""الملوك الأربعة"" هي أرخبيل يضم أكثر من 1500 جزيرة صغيرة تحيط بالجزر الرئيسية الأربعة وايجيو Waigeo وباتانتا Batanta وسلاواتي Salawati وميسول Misool. 

الأراضي داخل جزر الملوك الأربعة هائلة، حيث تغطي 9.8 مليون فدان من الأرض والبحر، وهي موطن لـ 540 نوعاً من الشعاب المرجانية 🪸، وأكثر من 1000 نوع من الأسماك 🐠 و700 نوع من الرخويات 🐙 🪼. ووفقاً لهيئة الحفاظ على الطبيعة العالمية فإن حوالي 75% من المخلوقات البحرية تعيش في راجا أمبات. 

للوصول إلى راجا أمبات، يمكنك ركوب رحلة من جاكرتا Jakarta أو ماكاسار Makassar أو بالي إلى سورونق Sorong عند الوصول، هناك طائرات صغيرة تأخذك إلى وايساي Waisai عاصمة منطقة راجا أمبات ويعرف مطارها بـ Marinda Airport، أو يمكنك ركوب عبارة ⛴️ من ميناء سورونق إلى الجزر.

😍🇮🇩✈️
#rajaampat #indonesia 
#سياحة #سفر #غوص #مغامرات",1104,0.036677740863787375
rajaampat,2200000000,34100,2492,52,381,2025-09-23 10:09:36+00:00,"Beautiful Raja Ampat🏝️❤️
#pesonaindonesia #fyp #wonderfulplaces #papuatiktok #wisataindonesia",2925,0.08577712609970674
rajaampat,2200000000,1367,82,2,12,2026-05-21 10:00:00+00:00,"Siapa nih yang 2026 nya udah jalan setengah, tapi Raja Ampat masih nyangkut di wishlist doang? 🥲 

Sat-set ya, jangan sampe keduluan tahun ini habis. 

Konsultasi & cek tanggal keberangkatan:
 📲 WhatsApp CS: +62 811-2891-1991 / +62 811-9941-919 
📩 sales@indonesiajuara.asia 
🌍 indonesiajuara.asia 

#RajaAmpat #OpenTripRajaAmpat #LiveAboard #ExploreIndonesia #WisataIndonesia",96,0.07022677395757132
rajaampat,2200000000,1300000,64100,1227,18100,2024-01-04 08:33:37+00:00,"Escape to Wayag Island, Raja Ampat's jewel, where turquoise seas meet lush cliffs. Explore vibrant reefs and panoramic viewpoints in this tropical haven. 🌴💦 #WonderfulJourney #WonderfulIndonesia #WayagIsland #RajaAmpatBeauty #ParadiseFound 📸 credit: @sadamm.jpg",83427,0.06417461538461539
rajaampat,2200000000,121500,5224,99,986,2025-04-29 08:52:48+00:00,"To Do List Raja Ampat yang Bisa Kamu Lakuin Nantinya dari Misool Kaimana hingga Wayag! 🌊✨

Raja Ampat, surga bawah laut dan pemandangan alam yang memukau, menyajikan pengalaman petualangan yang tak terlupakan.

Raja Ampat adalah destinasi impian yang menawarkan keindahan alam dan petualangan tak terlupakan! 🌍✨

Mau nikmati liburan eksklusif di Raja Ampat? Yuk, rencanakan trip seru bareng Indonesia Juara Trip! 🚀👇

📲 Info & booking:
+6281128911991 (CS 1)
+628119941919 (CS 2)
✉️ sales@indonesiajuara.asia
🌍 indonesiajuara.asia

#indonesiajuaratrip #rajaampat #misool #wayag #piaynemo #exploreindonesia #underwaterparadise #paradiseisland",6309,0.051925925925925924
rajaampat,2200000000,658400,19400,218,10800,2024-08-03 20:35:16+00:00,"📍Raja Ampat - Indonesia 🇮🇩 

.

#indonesia #indonesia🇮🇩 #rajaampat #island #beach #travel #traveltiktok #fyp",30418,0.04619987849331713
rajaampat,2200000000,1300000,169500,2404,15000,2025-04-19 09:27:04+00:00,"THIS IS RAJA AMPAT, INDONESIA 

kalau Alam Semesta punya anak kesayangan, pastinya Raja Ampat sih, kaya semua sudut nya tuh ga ada cacat seindah ituuuu.semoga kalian secepatnya bisa ke sini yaa!! 

jangan lupa follow untuk petualangan lain nya",186904,0.1437723076923077
rajaampat,2200000000,160000,3779,111,324,2024-12-23 22:57:22+00:00,$80 a night for 2 people including all meals! Yes please! Methos homestay in Raja Ampat #rajaampat #rajaampat_papua #papua #indonesia #wonderfulindonesia #asia #tiktoktravel #traveltiktok #foryou@bonvoyjosje,4214,0.0263375
rajaampat,2200000000,133200,17500,414,1911,2026-05-23 22:43:59+00:00,🌊🏝️#dhilasboatserviceandtours #misool #misoolrajaampat #wonderfulindonesia #wonderfulplaces,19825,0.14883633633633633
rajaampat,2200000000,4881,92,3,1,2026-05-23 14:30:35+00:00,"Ternyata ada Surga di Tanah Papua....Raja Ampat Luar Biasa Indah nya...
#rajaampat #papua #2026 #piaynemo",96,0.019668100799016593
rajaampat,2200000000,979800,56400,347,12500,2025-03-04 08:06:43+00:00,"Raja Ampat, sekali seumur hidup harus ke sini! 🤩🏝️

Dari pulau-pulau eksotis, pantai berpasir putih, sampai dunia bawah lautnya yang luar biasa—Raja Ampat punya semuanya! Mau snorkeling, diving, island hopping, atau sekadar menikmati sunset dengan view terbaik? Semua ada di sini! ✨🌊

Siapa yang punya Raja Ampat di bucket list-nya? 🤔👇

📲 Info & booking:
+6281128911991 (CS 1)
+628119941919 (CS 2)
✉️ sales@indonesiajuara.asia
🌍 indonesiajuara.asia

#indonesiajuaratrip #rajaampat #exploreindonesia #wisataindonesia #tropicalparadise",69247,0.0706746274749949
rajaampat,2200000000,49300,417,22,17,2026-01-02 10:37:59+00:00,Happy New Year 2026 🥳🥳🥳 info trip and tour Raja Ampat DM or clik link on bio or visit our web www.jacobrajaampat.com #rajaampat #misoolrajaampat #wisata #jalanjalan #traveling,456,0.00924949290060852
rajaampat,2200000000,23600,282,14,519,2025-01-19 10:16:49+00:00,"Hubungi untuk info lengkap

#wisata #rajaampat #wayag #fyp #sorotan",815,0.03453389830508474
rajaampat,2200000000,33700,2597,35,325,2026-03-07 03:15:19+00:00,"Salah satu surga bawah laut terindah di Indonesia ada di Raja Ampat!

#rajaampat #opentrip #traveling #trip #papua",2957,0.08774480712166172
rajaampat,2200000000,4281,82,6,15,2026-02-23 03:50:07+00:00,"From Singapore to Raja Ampat, Indonesia, aka “the last paradise”. One of the top diving destinations in the world, home to the richest marine life on earth! 🐠🐠

I’ll be sharing the journey, the budget and everything you need to know before planning your trip! Stay tuned! 🌴✈️

#sgtravel #traveltiktok #rajaampat #diving #fyp",103,0.024059799112356926
rajaampat,2200000000,52200,1177,36,433,2026-01-23 14:19:35+00:00,"Raja Ampat: Surga Laut Terindah di Dunia Ada di Indonesia 🇮🇩🌊

Tahukah kamu?
75% spesies terumbu karang dunia hidup di satu tempat ini 😱🌊
Raja Ampat bukan cuma destinasi wisata,
tapi jantung kehidupan laut dunia yang dijaga oleh kearifan lokal sejak ratusan tahun lalu.
Kalau surga benar-benar ada di bumi,
mungkin inilah wujudnya. 🇮🇩✨

💙 Bangga Indonesia?
Like & follow Gerbang Dimensi
biar nggak ketinggalan keajaiban alam dan misteri dunia lainnya!

#RajaAmpat
#KeajaibanIndonesia
#SurgaLaut
#ExploreIndonesia
#WonderfulIndonesia
#PapuaBarat
#AlamIndonesia
#FaktaUnik
#GerbangDimensi
#FYP
#FYPTikTok
#TikTokEdu
#IndonesiaBangga
#NatureVibes",1646,0.031532567049808426
rajaampat,2200000000,12100,501,18,130,2024-04-18 23:15:59+00:00,"📍TUDO QUE VOCÊ PRECISA SABER sobre Raja Ampat! Já salva pra quando você for. 

Raja Ampat  é um arquipélago com mais de 1500 ilhas, fica na Papua ocidental na Indonésia e tem 4 ilhas principais que são : Misool, Waigeo, Batanta e Salawati. 

Nós escolhemos a ilha de Misool!

A porta de entrada de Raja Ampat é Sorong que recebe voos de Jacarta, Bali, Makassar etc. Fomos de Bali com a cia aérea Garuda, por sinal excelente. 

De Sorong tem que pegar um barco. A ilha de Misool, que fomos, é uma das mais longes e o acesso ou é de barco rápido e privativo com duração de 4h (modo executivo) ou 8h de barco lento noturno e coletivo, (modo econômico tipo cargueiro) com cabines privativas, porém tudo muito simples. 

Não da pra ir por conta própria e contratar passeios por lá. 

Melhor época pra visitar é de outubro a abril.

O local é longe e de difícil acesso. Ficamos 3 noites 4 dias. 

A maioria das acomodações em Raja Ampat são em Homestays, hospedagens simples, sem água quente, sem internet e energia elétrica limitada ligada somente durante a noite. 

Ficamos na @yapaphomestay e amamos! 

O @misool.resort é o único resort em Misool e precisa reservar com muita  antecedência (bem caro). 

O Asriel da @rajaampattraveller quem organizou tudo ( barco, transfer, hospedagem, alimentação e passeios). Ele foi nosso guia e nos acompanhou durante toda a viagem.

Não é um destino muito barato, mas comparando com a logística , dificuldade de acesso e beleza surreal não se torna tão caro assim e vale a pena todo investimento. 

E ai? Quem já tinha ouvido falar de Raja Ampat? Quem aí ficou com vontade de conhecer esse paraíso?

#rajaampat #rajaampatisland #misool #indonesia #dicasdeviagem #destinosincriveis #melhoresdetinos #viagem #viajar",649,0.053636363636363635
rajaampat,2200000000,1825,60,0,6,2026-01-13 13:51:46+00:00,Jauh-jauh dari Norwegia ke Raja Ampat. See U Gaisss #rajaampat #opentrip #wonderfulindonesia #trip #rajaampat_papua,66,0.03616438356164384
rajaampat,2200000000,1200000,133000,611,6630,2026-02-08 17:32:36+00:00,"Raja ampat est un lieu unique et inoubliable. 🏝️
Vos seuls voisins sont des requins, des étoiles de mer et des tortues 🐢🦈
Ici pas de gros d’hôtels, seulement des homestay abordable  geré par les locaux

#rajaampat #snorkeling #solotravel #island",140241,0.1168675
rajaampat,2200000000,2800000,133600,2067,8288,2024-01-15 10:28:31+00:00,Ada yang pengen ke Sini ? Share ke temen kalian ya 🫶🏻☺️ #rajaampat #kalibiru,143955,0.0514125
rajaampat,2200000000,1835,130,8,13,2026-05-19 14:01:50+00:00,"Trip Bersama Afgan di Raja Ampat.
#afgan  #rajaampat #pasirtimbul",151,0.08228882833787465
rajaampat,2200000000,1468,19,0,14,2026-05-14 16:16:02+00:00,Open Trip Misool #pakethemat #tripmisool #misoolrajaampat #fypage,33,0.022479564032697547
rajaampat,2200000000,12600,232,10,23,2026-05-21 01:56:43+00:00,#rajaampat_papua #rajaampatislands #rajaampat #pembangunan #tambang,265,0.021031746031746033
rajaampat,2200000000,1562,101,8,4,2026-06-01 09:27:02+00:00,#yenbubarajaampatpapua #papuapride #rajaampatislands #fypシ゚viral #sorongpapuabaratdaya,113,0.07234314980793854
rajaampat,2200000000,15500,354,5,5,2026-04-01 07:02:15+00:00,"Berenang bersama ribuan ikan jinak? Yes, please! 🐠🙋‍♀️✨ Yuk, rasakan sensasi snorkeling yang tak terlupakan di Dermaga Sawandarek, Raja Ampat. Tempat di mana keindahan bawah laut berpadu dengan kehangatan lokal. 🌊✨ 

Di sini, kamu nggak cuma berenang, tapi seolah masuk ke dunia lain yang penuh warna. Serunya berenang bareng ikan-ikan cantik di ala 'akuarium raksasa' alami ini. Airnya bening, ikannya ramah, pemandangannya juara.
 
#Sawandarek #RajaAmpatTour #wisatapapua",364,0.023483870967741936
rajaampat,2200000000,110200,21100,5,657,2026-04-20 06:02:40+00:00,"just glide and breathe..underwater 
in frame : Marina, my best diving buddy.
#rajaampat #arborek 
#CapCut",21762,0.19747731397459165
rajaampat,2200000000,85100,1278,34,24,2025-03-11 01:50:52+00:00,"Yaps bener, di Kali Biru itu sebenarnya ada hal sakral yg nggak boleh dilanggar. Salah satunya adalah kita nggak boleh berenang menuju ke “MATA AIR” kenapa…?! Karena itu adalah bagian yg sangat sakral dari Kali Biru itu sendiri.
.
Karena Kali Biru punya sejarah yg cukup kuat untuk Raja Ampat, jadi ketika nnt kalian ke Kali Biru kalian akan tau mengenai sejarah yg ada disana.
.
#rajaampat #rajaampatberlibur #kalibiru #r4bel #r4beltour #r4beltrip2025 #telukmayalibit",1336,0.015699177438307874
rajaampat,2200000000,457000,24700,408,1108,2025-06-13 13:34:00+00:00,"Indonesian Bro Look At The View. Isnt it amazing? What do yall think? 

#diamondbeach #saverajaampat #fyp #indonesia #bali #baliview",26216,0.05736542669584245
rajaampat,2200000000,2800000,133900,5499,4807,2025-06-02 11:20:49+00:00,"Papua punya Raja Ampat…
Bali nggak mau kalah, exoticer ini dia Raja Lima! 😍🍃

plan & book your trip with us now.
#exoticbali #rajalimanusapenida",144206,0.05150214285714286
rajaampat,2200000000,271200,12100,87,311,2025-07-07 15:45:32+00:00,"When we first met two years ago, I told him where I’d want to be proposed to one day (the hike we did on our second date). A year after getting married, he brought me back to that exact spot — and asked 🥺 YES, YES, YES!!",12498,0.04608407079646018
rajaampat,2200000000,134900,11700,55,291,2026-03-28 16:28:06+00:00,"ALUR TREK MENUJU DESA WAEREBO !

Perjalanan ke Desa Wae Rebo itu unik—karena sebelum trekking, kamu akan merasakan dulu sensasi ojek gunung yang jadi “pembuka petualangan” 🚵‍♂️
Aku ceritakan alurnya dari awal sampai Pos 7, biar kamu benar-benar kebayang pengalaman lengkapnya ya.

Dengan harga IDR 1.850.000/orang saja ,kamu udah bisa sampai kesini.

kalo kamu mau sekalian dengan Nuca molas island, kamu hanya siapkan budget Start IDR 2.200.000-2.500.000/orang. 

DM kita klo ada yang ditanyakan 
#opentrip #waerebo #labuanbajo @Dengewaerebo",12046,0.08929577464788732
rajaampat,2200000000,15000000,1400000,6181,85400,2026-01-26 10:58:43+00:00,"Lagi nyusun rencana liburan? Raja Ampat bisa masuk wishlist 2026. Lautnya jernih, pulaunya cantik, dan pengalamannya worth it buat ditunggu.

Cr/IG: @thelast.paradise

📍 Raja Ampat, Papua Barat Daya

#RajaAmpat
#Wishlist2026
#ExplorePapua
#WonderfulIndonesia",1491581,0.09943873333333333
rajaampat,2200000000,727400,146900,70,846,2025-08-02 14:33:29+00:00,"Vacation mode on 🧘‍♀️

Back to My Roots, Back to My Mother’s Island – Manado, North Sulawesi, Indonesia 🌺

#fyp #foryou #fy #tiktok #island #indonesia #tiktok",147816,0.20321143799835029
rajaampat,2200000000,2501,138,4,2,2026-03-15 09:52:07+00:00,Misool 💃🏽🕺🏻 #trending #rajaampat #fyp #fy #foryou,144,0.057576969212315074
rajaampat,2200000000,1149,100,2,8,2026-05-29 04:07:58+00:00,"Pulau Misool, Surga Tersembunyi Indonesia yang Mendunia 🇮🇩

Pulau Misool di Raja Ampat, Papua Barat Daya, dikenal sebagai salah satu surga tropis paling indah di dunia. 

Air laut sebening kaca, gugusan pulau karst, dan kehidupan bawah lautnya membuat tempat ini jadi destinasi impian banyak orang. 🌊✨

#Misool #RajaAmpat #Papua #Indonesia #WisataIndonesia",110,0.09573542210617929
rajaampat,2200000000,278900,34900,167,4158,2026-03-10 08:42:30+00:00,This is RAJA AMPAT 🤲🏼 #misool #rajaampat #papuabaratdaya #videoviral #fypage,39225,0.14064180709931876
rajaampat,2200000000,189000,7072,122,1275,2025-02-08 10:12:49+00:00,"2022 Trip To Raja Ampat 700K/ Ngày bao ăn 3 bữa Ở Bungalow trên mặt nước 
Tuy nhiên Chi phí đi lại đắt đỏ và mất gần 2 ngày 3 Chuyến bay 2 Chuyến tầu mình mới tới được Thiên Đường cuối cùng này và ... Chắc chắn sau này mình sẽ quay lại đây cùng với vợ và 3 nhóc Hip Hope Mây  #Traonha #500NROIHANOI #traonha #mrtaptrung",8469,0.04480952380952381
rajaampat,2200000000,568,50,2,1,2026-05-23 05:18:58+00:00,"ini bukan cinta biasa, 
ini Cinta yang lebih ...,kepada Alam 🏝️ dan Orang-orangnya

thanks Afgan sudah ke Raja Ampat 🏝️ 

#rajaampat_papua 
#papuapride 
#indonesiawonderfull",53,0.09330985915492958
rajaampat,2200000000,15000,453,12,106,2026-01-26 17:23:46+00:00,รีวิวที่พักที่ราชาอัมพัต Nyande Raja Ampat อยู่บนเกาะ Mansuar ด้านหน้าดำน้ำดูปะการังได้เลย ส่วนด้านหลังเป็นป่า การเดินทางต้องนั่งเรือเท่านั้น #tiktokพาเที่ยว #เที่ยวทะเล #rajaampat #hotelrajaampat #รีวิวที่พัก,571,0.038066666666666665
rajaampat,2200000000,15800,863,26,5,2026-02-21 14:09:49+00:00,"Amoryg Resort, Raja Ampat 
#rajaampat #indonesia🇮🇩 #mylife #fyppage #DJI",894,0.05658227848101266
rajaampat,2200000000,9755,391,12,10,2026-05-04 08:15:26+00:00,"Pasir Timbul Raja Ampat 📍
Selalu menawan 🙌🏻
.
.
.
.
.
.
.
#wisatarajaampat #pasirtimbulrajaampat #wonderfulindonesia #kabupatenrajaampat #papuabaratdaya",413,0.04233726294208098
rajaampat,2200000000,1100000,38800,138,5755,2024-08-13 08:36:44+00:00,"Raja Ampat is wonderful! 😍 It’s situated only a few hours from Bali, but it is completely different world! If you want to know more don’t miss our Ultimate Guide 🩵 LINK IN PROFILE IN BIO. 

You’ll find there info about: 

✅ How to get there 
✅ How to save money on transport 
✅ Which islands and homestays are the best
✅ The best places for trips, diving and snorkeling 
✅ Practical info about money, SIM cards, internet connection and life on the islands 
✅ Perfect itineraries for your trip 

#rajaampat #rajaampat_papua #rajaampatislands #rajaampatthelastparadaise #rajaampattravel #indonesia #indonesiatiktok #traveltok #balitrip #baliisland #traveling #travelinspo #foryou #foryoupage #preteba #pretebapage #dnescestujem",44693,0.04063
rajaampat,2200000000,352,20,7,1,2026-05-30 00:57:10+00:00,"🌿

#rajaampat #rajaampat_papua #art #fyp #fypシ",28,0.07954545454545454
rajaampat,2200000000,1400000,228700,8550,7003,2025-05-10 12:20:32+00:00,"Planning a trip to Raja Ampat? Don’t miss these top 5 snorkeling spots! 🐠🌊🌴

From vibrant coral gardens to crystal-clear lagoons, Raja Ampat is home to some of the richest marine life on Earth. Whether you're a beginner or a seasoned snorkeler, these spots will leave you breathless — in the best way.

Watch the full list and start planning your underwater escape. 💙
📍Raja Ampat, Indonesia
🎥 IG: @thelast.paradise

#ExploreNusantara #WonderfulIndonesia #ExploreIndonesia",244253,0.17446642857142858
rajaampat,2200000000,229300,1546,13,34,2024-06-19 17:52:37+00:00,"Raja ampat itu, tempat yg paling cakep buat kamu kalo mau refresh loh ges…
.
#rajaampat #ttpetualangpro #TTPetualangPro #JelajahLiburan #rajaampatberlibur #travel #r4bel #r4beltour #piaynemo",1593,0.006947230702136938
rajaampat,2200000000,1494,189,16,4,2026-04-21 11:45:57+00:00,"Pesona Alam Raja Ampat.
#wisata #rajaampat #alam #indonesia🇮🇩",209,0.1398929049531459
rajaampat,2200000000,77100,1190,31,29,2026-04-11 13:58:07+00:00,"kunjungan wisata kali biru
Papua Raja ampat",1250,0.01621271076523995
rajaampat,2200000000,8058,1092,25,41,2026-04-22 08:50:03+00:00,"No trending audio just Raja Ampat 🇮🇩 
#RajaAmpat #backpacker #solotravel #indonesia",1158,0.14370811615785556
rajaampat,2200000000,8500000,470500,601,20900,2025-12-28 12:00:55+00:00,"Masih belum bisa Move on dari teatrikal perang di Kalibiru Raja Ampat ini, bikin deg-degan bangettt dan NGAGETIN!! Tapii sesampainya di Kalibiru, langsung segerr, langsung nyeburr 🤩

#papua #rajaampat #kalibiru #zitaanjani #budayaindonesia",492001,0.05788247058823529
rajaampat,2200000000,20600,1174,17,6,2026-03-22 15:28:06+00:00,since y’all keep asking me the location 😍 #kalibiru #rajaampat #papua,1197,0.05810679611650486
rajaampat,2200000000,107200,2464,77,441,2026-04-03 21:00:47+00:00,"Misool Raja Ampat 😳 Surga Tersembunyi Indonesia!

#papuatiktok #PantaiIndonesia #naturelovers #WisataPapua #papuahits",2982,0.027817164179104476
rajaampat,2200000000,57900,1689,13,752,2026-04-25 14:06:22+00:00,"This is Sri Lanka 🇱🇰
One minute of pure paradise…

Misty mountains. Golden beaches. Wildlife & nature. Ancient temples. Rich culture. Scenic train journeys. Iconic landmarks. Magical sunsets.

One island… every experience in one unforgettable journey.
A feeling that stays with you forever.

Would you visit Sri Lanka?

Save & Share ❤️
#srilanka #visitsrilanka #travelsrilanka #exploresrilanka #travel",2454,0.04238341968911917
rajaampat,2200000000,517200,28800,202,11000,2025-12-07 02:18:49+00:00,"Belum bisa ke Raja Ampat? Bisa kesini dulu, apalagi bentar lagi libur natal & tahun baru #greenislandbanyuwangi #exoticijen",40002,0.07734338747099768
rajaampat,2200000000,369,34,0,1,2026-06-02 10:53:25+00:00,"Raja Ampat is an archipelago located off of the northwest tip of Bird's Head Peninsula (on the island of New Guinea), Southwest Papua province, Indonesia. It comprises over 1,500 small islands, cays, and shoals around the four main islands of Misool, Salawati, Batanta, and Waig #earth #lucki #underground #landscape #giftok",35,0.0948509485094851
rajaampat,2200000000,23300,241,15,118,2025-10-23 11:05:28+00:00,"Escape to RIMBA by AYANA Bali — Jimbaran’s jungle oasis within the iconic AYANA Estate. 

👉✨ Visit the link in bio to book 🔗✈️ (T&Cs apply 📌)
 ✨ Enjoy daily dining across 11 world-class restaurants, cocktails at the famous Rock Bar, spa treatments, beach club access & more!

💰 Save up to 70% 🍽️ Daily dining + cocktails 💆‍♀️ Balinese massage included 🌅 Priority Rock Bar access ✈️ Travel until Dec 2026 

Valid for travel from 3 November 2025 until 20 December 2026 (bookings must be made before 20 November 2026).

From A$1,719 / 5 nights — limited-time luxury deal 🏝️

🔥 Get a further 10% OFF hotels, tours, cruises & experiences! ✈️💸 

Use code: TRIPDEALSDAN at checkout (non Lux-Plus price)
👉 Min spend $300 | Max discount $500 AUD
💬 DM me if you need help with the promo!

The biggest resort in Bali is AYANA Estate (formerly AYANA Resort and Spa Bali). 🌴
Here’s why it’s considered the largest and most iconic:
🏝️ AYANA Estate, Jimbaran
* Size: Over 90 hectares (220 acres!) — it’s basically a small city by the sea.
* Properties inside: It’s not just one resort — it’s a complex that includes:
    * AYANA Resort Bali (luxury family-friendly)
    * RIMBA by AYANA (modern resort)
    * AYANA Segara Bali (newest addition with ocean views)
    * The Villas at AYANA (private luxury villas)
* Rooms & villas: More than 900 rooms and villas combined.
* Facilities:
    * 19 restaurants & bars 🍸
    * 12 swimming pools 🏊‍♀️
    * The famous Rock Bar Bali built into the cliffs
    * AYANA Spa with the world’s largest Aquatonic Seawater Therapy Pool
    * Private beach (Kubu Beach)
    * Golf putting, cooking classes, yoga, and even its own wedding chapel.
It’s basically a destination within a destination — you could stay a week and still not use everything there.

🚨 Don’t forget to factor in:
* ✈️ Visa costs & processing times
* 💰 Tourist taxes
* 🧳 Budget airline extras (like baggage)
* 🎫 Fare inclusions by class/ticket type
* 🛡️ Travel insurance
* ⏳ Layover times
* 💳 Credit card fees
* 📈 Price fluctuations
* ⛈️ Weather conditions

👉 Tag your travel buddy 💾 Save this deal 🔔 Follow for more travel steals! ✈️

🚨Important Notice: Dan (@tripdealsdan) provides information for general guidance only and is not a travel agent or professional advisor. Users must conduct their own due diligence, verify details, and secure travel insurance. Prices are indicative, in AUD, and subject to change.

⚠️ Link in Bio Note: This post/link may contain affiliates. I may earn a small commission if you book, at no extra cost to you. Your support helps me keep sharing the best travel deals & hacks 🙏✨ This post is NOT a paid promotion. 
Happy travels and good luck finding those amazing deals! 🌍

#ayana #baliindonesia #traveldeals #luxuryonabudget #resorts @Luxury Escapes",374,0.01605150214592275
rajaampat,2200000000,165800,5735,110,935,2026-05-27 12:50:13+00:00,"Uluru, the heart of Australia 🫶🏻 #uluru",6780,0.04089264173703257
rajaampat,2200000000,432,47,5,0,2026-05-26 22:32:58+00:00,Swimming with the fishes 🐠🐟#snorkeling #mantaray #nusapenida,52,0.12037037037037036
rajaampat,2200000000,15600,250,3,141,2025-12-18 23:57:42+00:00,"🏝️ Dreaming of Raja Ampat? Save this 14-day island-hopping itinerary 💫

From world-class dive spots, hidden lagoons, manta rays, to picture-perfect beaches… Raja Ampat always feels like another universe 😍🌊

If Raja Ampat is calling your name in 2026, here’s some inspo for where to go next 👇

cr. ig @thelast.paradise",394,0.025256410256410258
rajaampat,2200000000,290400,54100,625,5816,2026-04-17 12:58:13+00:00,"RAJA AMPAT🌏🇮🇩#bissmilahfyp #rajaampat
#alamIndonesia",60541,0.2084745179063361
rajaampat,2200000000,7101,385,8,49,2026-05-06 22:46:55+00:00,"Pulau Misool di Raja Ampat adalah salah satu surga tersembunyi di Indonesia 🌊
Airnya jernih, pulau karstnya unik, dan keindahannya sulit dipercaya.
Masih banyak yang belum tahu tempat ini 🇮🇩
#Misool #RajaAmpat #PapuaBarat #JejakNusantara #HiddenGem",442,0.062244754259963384
rajaampat,2200000000,71500,10300,33,217,2026-02-26 14:31:04+00:00,"Too many mantas in front of our resort. 

#underwater #diving #rajaampat #indonesia #manta",10550,0.14755244755244756
rajaampat,2200000000,12300,216,2,91,2026-04-02 17:34:59+00:00,#indonesia #indonesiatravel #sumatra #java #sulawesi,309,0.025121951219512197
rajaampat,2200000000,18800,2285,16,110,2026-05-01 09:27:23+00:00,"forever a yes girl 

#bali #rajaampat #travel #fyp #trend",2411,0.12824468085106383
rajaampat,2200000000,104000,12300,94,592,2026-02-18 12:39:20+00:00,"Raja Ampat 😍

#alam #rajaampat #wonderfulindonesia #fypシ",12986,0.12486538461538461
rajaampat,2200000000,18000,693,25,199,2025-09-19 05:32:24+00:00,"Jártál már Raja Ampaton? Hallottál már a korall háromszögről? Ez a Nyugat-Pápuai szigetcsoport mára már nem ismeretlen az utazók körében. Víz alatti világa rabul ejti az embert. Tarts velünk következő utunkon! Írj ha jönnél: utazas@Sargaruhaslany.com 
#rajaampat #nekedbe #foryoupage #indonezia🇮🇩 #tengerpart #kalandtura",917,0.050944444444444445
rajaampat,2200000000,9476,560,7,47,2025-12-25 11:54:48+00:00,"Cus-cus🐒

#fyp #pulaubatanta #viralvideo #whynnoo #rajaampat",614,0.06479527226677924
rajaampat,2200000000,19400,1578,18,362,2026-03-04 10:34:00+00:00,Welcome to Raja Ampat ✨,1958,0.10092783505154639
rajaampat,2200000000,991900,37700,171,3299,2026-01-24 13:56:47+00:00,"📍Terletak di Pulau Birie, Arefi, Selat Sagawin, Kabupaten Raja Ampat. Lokasinya sangat strategis di jantung Raja Ampat, dekat dengan Selat Dampier yang kaya akan biodiversitas laut.

#januariserunyanginep #papuapride #selat #cenderawasih #papuaparadiseecoresort",41170,0.04150620022179655
rajaampat,2200000000,26300,3206,31,648,2026-03-23 11:19:26+00:00,"BIENVENIDOS A RAJA AMPAT 🌴 Uno de los lugares más increíbles del planeta. Conocido como el último paraíso. 

#rajaampat #indonesia #rajaampatisland",3885,0.14771863117870723
rajaampat,2200000000,63200,3048,39,593,2026-02-12 02:40:14+00:00,Arriver à Rajat Ampat se mérite 🥹👙🌴 #rajaampat #indonesia🇮🇩,3680,0.05822784810126582
rajaampat,2200000000,9500000,624700,5704,18700,2025-06-05 19:33:51+00:00,"SAVE RAJA AMPAT

Surga Terakhir di Pulau Papua

Kini kawasan wisata premium yang terkenal keindahanya di dunia mulai terancam dengan hadirnya Industrialisasi Nikel yang perlahan Telah Mengeksploitasi Raja Ampat Papua

#Greenpeace  menyatakan eksploitasi nikel di ketiga pulau di Raja Ampat telah membabat lebih dari 500 hektare hutan dan vegetasi alami khas papua

#saverajaampat 
#rajaampat 
#trending",649104,0.06832673684210526
rajaampat,2200000000,4900000,111900,959,8851,2025-12-30 13:53:27+00:00,"Video ini direkam oleh seorang penyelam saat eksplorasi gua laut di kawasan Raja Ampat, Papua Barat, pada kedalaman sekitar 35–40 meter.
Makhluk ini terlihat seperti gurita dengan struktur kepala menyerupai kura-kura, muncul singkat dari celah karang sebelum menghilang kembali ke gua.
Hingga kini belum ada identifikasi resmi, namun diduga merupakan variasi langka gurita laut dalam atau adaptasi ekstrem lingkungan gelap. #hewananeh #mitologia #pelaut #deepsea #fyps",121710,0.02483877551020408
rajaampat,2200000000,735,26,1,1,2026-02-27 11:44:33+00:00,#gam #gamisland #rajaampat #indonesia #islandhopping Next Island and the chill vibe in our Series of overwater Bungalows goes on… 🤍,28,0.0380952380952381
rajaampat,2200000000,115900,3606,24,1063,2025-04-23 11:34:39+00:00,"Lägg till på din bucketlist NU 😳😍‼️En av världens vackraste platser – men nästan ingen vet att den existerar.
75% av världens korallarter finns här. 💦
Flyg från Stockholm från ca 6000 - 10.000 kr ✈️
Detta är THE definition av en hidden gem ☀️🌴
#resa2025 #budgetresa #tropiskaparadis  
#hiddenparadise #secretisland #indonesien  
#rajaampat #bucketlistdestination #reseinspo  
#travelhacks #billigaresor #tiktokresa  ##resadröm##reseblogg##upptäckvärlden 
##tropicalvibes##underrateddestinations##travelspot 
##exploretheworld##resmedmig##drömresa 
##billigresa##vackrasteställen##hiddenplaces 
##asiahiddenparadise##reseguide##travelinspo 
##hemligaplatser##indonesianguide##världensvackraste 
##maldivernafeeling##värtvarjeresa##resevideo 
##resaförmindre##resainspo2025",4693,0.040491803278688523
rajaampat,2200000000,45700,3117,120,458,2026-02-09 09:50:35+00:00,"Ini adalah Misool, surga tersembunyi di Raja Ampat, Tanah Papua, INDONESIA 🇮🇩

#rajaampat 
#misool 
#fyp 
#creatorsearchinsights",3695,0.08085339168490153
rajaampat,2200000000,24300,873,40,153,2025-10-25 21:25:15+00:00,"Pack your bag, I know a place 🛖🌴
📍Nyande Homestay, pulau Mansuar, Raja Ampat, West Papua, Indonesia 
#traveltiktok #rajaampat #indonesia #traveldiaries",1066,0.04386831275720165
rajaampat,2200000000,3666,205,3,49,2026-04-29 16:50:00+00:00,"Raja Ampat nem csak kilátás 👀🐠

Mansuar alatt konkrétan él a víz.",257,0.07010365521003818
rajaampat,2200000000,105400,9008,66,1888,2025-11-26 12:28:35+00:00,"Das ist keine Szene aus einem Avatar-Film, dieser Ort existiert wirklich! 🌍 

Folge mir gerne @juliantravelstheworld , wenn du mehr solcher Reise-Videos sehen willst!

Ganz im Osten Indonesiens, in West Papua, liegt eines der letzten Naturparadiese unserer Erde. Mitten im Herzen des Korallendreiecks findest du hier eine Unterwasserwelt, die zu den artenreichsten und unberührtesten überhaupt zählt 

Zwischen türkisfarbenen Lagunen, dichten Dschungeln und kleinen Inseln, die aussehen wie aus einer anderen Welt, versteht man schnell, warum Raja Ampat so ein besonderer Ort ist!

#rajaampat #indonesien #westpapua #piaynemo",10962,0.10400379506641366
rajaampat,2200000000,11300,221,3,62,2025-12-09 12:05:34+00:00,5 curiosità su raja ampat che avremmo voluto sapere prima di partire 🏝️ #curiosita #viaggio #rajaampat #tiktokitalia #fyp,286,0.025309734513274337
rajaampat,2200000000,4673,139,7,40,2026-02-04 09:58:13+00:00,"Jedno z najpiękniejszych i najbardziej dzikich miejsc w jakich byłam!

Zostań ze mną po więcej podróży ✈️

#podróże #lastparadise #rajaampat #indonezja",186,0.03980312433126471
rajaampat,2200000000,13300,1087,4,127,2026-05-14 09:36:25+00:00,"📍 Raja Ampat

Uno degli ultimi paradisi terrestri. 

#rajaampat #indonesia #traveltok #travel #bali",1218,0.09157894736842105
rajaampat,2200000000,206200,9915,100,3560,2025-08-21 10:06:49+00:00,"Comment choisir ton île en Indonésie ? 

✨ Certaines sont idéales pour un premier voyage, d’autres demandent plus d’aventure ou moins de confort… mais au final, aucun mauvais choix. Elles valent toutes le détour. Le seul vrai problème ? Ne pas avoir assez de temps 😃

🗺️ On en a déjà exploré 6 (toutes incrrr) et devine quoi : on prévoit d’en ajouter 2 de plus d’ici la fin de l’année. Une idée desquelles ☺️ ??

💡 Si tu prépares le voyage de tes rêves en Indonésie, on a créé le guide ultime qu’on aurait adoré avoir : itinéraires prêts à l’emploi, contacts locaux, recommandations d’hébergements, pépites secrètes, tous les prix, et même des réductions exclusives.

🔗 Tout est dans notre Pack Indonésie et le lien est dans ma bio !

#indonesie #lombok #bali #rajaampat #komodo #merdeka #beautifuldestinations #voyage #guidevoyage #voyageindonesie",13575,0.0658341416100873
rajaampat,2200000000,141300,4897,82,702,2026-01-10 10:38:52+00:00,"Ovo je poslednji raj i jedno od najfascinantnijih mesta na planeti 🌏🐠
Arhipelag se nalazi u Indoneziji, u provinciji Zapadna Papua, i sastoji se od više od 1.500 ostrva, hridi i peščanih sprudova.
Smatra se područjem sa najvećim morskim biodiverzitetom na Zemlji i najbogatijim podvodnim svetom. 
Više od 1.600 vrsta riba, medju kojima su i morski divovi - kit ajkule, mante, morske kornjače, dugonzi, ajkule, i oko 75% svih poznatih vrsta korala na svetu nalazi se baš ovde. Zbog toga je Raja Ampat sveti gral za ronioce 🤿
Naziv Raja Ampat znači „Četiri kralja“, prema lokalnoj legendi o četiri sina-kralja koji su vladali glavnim ostrvima: Waigeo, Batanta, Salawati i Misool.
Dom je retkim pticama kao što su rajske ptice (Birds of Paradise)🐦‍🔥 
Mnoge životinjske i biljne vrste ne postoje nigde drugde na svetu.
Nema masovnog turizma, niti ekskluzivnih rizortova i teško je dostupno – i baš zato posebno
Do Raja Ampata se dolazi preko Soronga, uz više letova i vožnji brodom. 
Upravo ta izolovanost i čuva njegovu autentičnost.

#fyp #foryou #papua #rajaampat #foryoupage",5681,0.04020523708421798
rajaampat,2200000000,385300,33300,254,3408,2026-01-23 14:45:54+00:00,"Benvenuti nel terzo episodio di “Ultimi Paradisi Terrestri”.
Seguimi @_travelcuriosity_ per non perderti i prossimi episodi.

⛵️Siamo a Misool, nel cuore di Raja Ampat, e oggi abbiamo raggiunto Balbulol.
Ci siamo svegliati all’alba e abbiamo fatto snorkeling in un luogo che sembra irreale: acqua trasparente fino a decine di metri, coralli vivi e coloratissimi, e una quantità incredibile di pesci.

🪸Questa zona custodisce una storia antichissima:
le prime popolazioni di Misool vivevano qui più di 50.000 anni fa, lasciando sulle pareti calcaree pitture rupestri che raccontano un mondo scomparso. Sapere che queste isole sono state abitate da così tanto tempo rende tutto ancora più incredibile.

🪨Balbulol è un’area protetta: qui possono ancorare solo pochissimi velieri. Niente turismo di massa, niente rumore. Solo oceano, silenzio e natura.

Tra un’immersione e l’altra abbiamo esplorato lagune nascoste, accessibili solo dall’acqua e circondate da isole completamente disabitate.

🐚Questo è ciò che significa vivere su un veliero nelle isole più remote del pianeta, dove la natura è dominante… e la storia è ancora scritta sulle rocce.

👉🏻Sul mio profilo trovi la descrizione del veliero e presto pubblicherò un video dove ti spiego quanto costa davvero un viaggio così.

#rajaampat #misool #balbulol #ultimiparadisi",36962,0.09593044381001817
rajaampat,2200000000,22300,836,49,179,2025-11-30 12:09:37+00:00,Dove si alloggia a Raja Ampat? 🛖 #fyp #perte #tiktokitalia #viaggio #rajaampat,1064,0.04771300448430493
rajaampat,2200000000,4879,129,6,7,2026-05-24 18:41:41+00:00,"Sista kvällen 🥺 

#rajaampat #traveltorajaampat #rajaampatdivelodge #rajaampatthelastparadaise",142,0.029104324656691945
rajaampat,2200000000,29300,1300,35,59,2026-03-26 08:37:25+00:00,"Chyba całkiem ładnie co? Cudowne miejsce! 📍 Piaynemo, Raja Ampat 🥹 #rajaampat#indonezja",1394,0.04757679180887372
rajaampat,2200000000,27100,1813,62,231,2026-02-12 04:54:23+00:00,"Gak semua orang yang ke Raja Ampat sampai ke sini.

Ini Laguna Karawapop, Misool.
Laguna berbentuk LOVE dengan air sebening kaca, dikelilingi gugusan karst yang masih liar dan sepi.

Jauh? Iya.
Worth it? 100%.

Menurut kalian, ini lebih gila dari Piaynemo gak?

#lovelagoon #karawapop #misool #rajaampat #exploreindonesia",2106,0.07771217712177121
rajaampat,2200000000,85200,6868,114,1283,2026-01-11 19:51:49+00:00,"Le plus bel endroit du monde, c’est Raja Ampat, en Indonésie 🇮🇩.

Mon avis changera peut-être quand j’irai en Polynésie française, mais cet endroit a vraiment volé mon cœur. Je rêve d’y retourner un jour.

Et si jamais vous prévoyez d’y aller, sachez que Wayag est fermé au public depuis août 😭😭😭 — et c’était le plus bel endroit que j’aie vu de ma vie 🥺🥺

#pourtoi #fyp #rajaampat #wayag #indonesie",8265,0.09700704225352112
rajaampat,2200000000,9697,182,12,17,2026-03-24 08:58:41+00:00,Komu teleport? Jesli jeszcze nie słyszeliście o tym miejscu to zapisujcie tą rolkę i dodajcie je do swojego bucket list 😍 #rajaampat#indonesia#indonezja#paradise,211,0.021759307002165617
rajaampat,2200000000,25300,167,6,8,2026-02-15 11:33:40+00:00,"Penampakan Buaya Di Piaynemo RAJA AMPAT 
#rajaampat_papua 
#rajaampatislands 
#piaynemo 
#nttpride🏝🔥 
#sorongpapuabaratdaya",181,0.0071541501976284585
rajaampat,2200000000,147700,2958,25,292,2025-06-06 12:47:17+00:00,"Raja Ampat,

Het laatste paradijs op aarde wordt het genoemd. 🌴

Na een lange reis zijn we er. Vluchten, ferry, bootrit. 1500 bergachtige tropische eilanden in West Papoea, waar de wereld onder water misschien nog wel spectaculairder is dan die erboven. De meest biodiverse plek in de oceaan trekt onderzoekers van over de hele wereld, en ook voor mensen die van duiken houden is dit een droomspot. 🥰😍

De dunbevolkte eilanden hebben kleine homestays, waar je in simpele hutten slaapt boven het water. De voorzieningen zijn niet luxe, maar het uitzicht en de ochtendduik vanaf je eigen terras tussen schildpadden en rifhaaitjes is meer waard dan elk sterrenhotel. Verplaatsen doe je per boottaxi, en eten gezamenlijk in de bamboe eetkamer van de homestays.

Dit was op Kri Island. Junior Homestay. Met een fan. (Van 6 tot 12 snachts) en goed eten. Lieve mensen.
Vlakbij onze duikschool @soulscubadivers 

We kregen ook nog als tip: Mansuar Raja Ampat Bungalows
Konden daar zelf niet verblijven maar zag er mooi uit. 

#rajaampat 
#travel",3275,0.022173324306025727
rajaampat,2200000000,31200,2975,6,261,2026-03-11 16:43:53+00:00,Le dernier paradis sur Terre 🌍,3242,0.1039102564102564
rajaampat,2200000000,10700,340,16,32,2026-05-19 10:34:30+00:00,Générique Koh Lanta 2011 Raja Ampat #kohlanta,388,0.03626168224299065
rajaampat,2200000000,4301,219,9,19,2026-04-16 14:22:56+00:00,"PASIR TIMBUL, RAJA AMPAT 🇮🇩

Ce genre de paysage dont je ne me lasserais jamais : eau turquoise et plage paradisiaque 🩵🏝️

#indonesia #rajaampat #travel #drone #pourtoi",247,0.057428504998837476
rajaampat,2200000000,19400,572,19,53,2026-03-27 08:52:04+00:00,Piękne miejsce #rajaampat #podróże #indonezja #papua,644,0.0331958762886598
rajaampat,2200000000,7678,330,13,86,2025-09-24 17:52:34+00:00,"Raja Ampat, Indonesia. #dreamdestinations #underwater #islandlife #travelcontent",429,0.055873925501432664
rajaampat,2200000000,36900,1042,14,164,2026-05-17 01:36:16+00:00,"Lep pozdrav iz Raje Ampat 🇮🇩😍☀️
#potovanje #rajaampat #travel",1220,0.033062330623306234
rajaampat,2200000000,18300,941,19,62,2025-12-12 10:30:53+00:00,Raja Ampat ❤️‍🩹 #rajaampat #fyp #travel #reisen #asien,1022,0.055846994535519126
rajaampat,2200000000,302700,3886,115,3759,2026-04-18 20:31:27+00:00,"Raja Ampatnya Malang
📍 Sri Padma Resto & resort Malang 

#sripadmaresort #staycationmalang #rajaampatmalang #malangvibes",7760,0.02563594317806409
rajaampat,2200000000,75400,3566,42,507,2026-01-19 09:06:30+00:00,"Willkommen im letzten Paradies unserer Erde! 🌿🇮🇩

Raja Ampat liegt in Westpapua, ganz im Osten Indonesiens. Meine Reise hierhin war eine der schönsten und intensivsten, die ich je erlebt habe: eine Landschaft, die wirkt wie von einer anderen Welt und eine Unterwasserwelt, die so vielfältig ist, dass man gar nicht weiß, wo man zuerst hinschauen soll! 🐠

Folge mir gerne, wenn du mehr solcher Videos von unserer wunderschönen Welt sehen möchtest 🌍

#rajaampat #indonesien #westpapua #piaynemo",4115,0.05457559681697613
rajaampat,2200000000,11500000,1300000,2636,17400,2025-03-18 20:03:33+00:00,"She got a little scared when we went into the cave! 😅😳 backstory ::: I surprised my wife with a birthday trip in Hawaii! And since we got here, I have been taking her to different experiences! One of them was a tubing excursion through a mountain! 😅 It sounded so fun, so I drove us to the mountain, and we got to float all the way down! There were a few spiders in the cave, but otherwise, it was so fun! The water pulled us all the way down the mountain, and it was such an amazing experience. 🌺🏔️ #kayandtayofficial #couples #relationships #pregnant #postpartum",1320036,0.11478573913043479
rajaampat,2200000000,458,61,1,0,2026-05-31 14:32:06+00:00,#fyp #matanisland  #takemyhand #rocketeer #rajaampat,62,0.13537117903930132
rajaampat,2200000000,138200,11200,112,912,2026-06-02 12:05:00+00:00,"Tag orangnya yang suka panik

IB: @peacemaker

#orang #panik #contentcreator #skit #comedyskit",12224,0.08845151953690304
rajaampat,2200000000,3146,172,5,14,2026-06-02 10:09:19+00:00,"bisa bisa nya alam se cantik ini dirusak oleh manusia🥲🥹

Pantai Kartika—atau yang dikenal juga sebagai Tanjung Kartika—adalah destinasi wisata alam yang terletak di Desa Wawatu, Kecamatan Moramo Utara, Kabupaten Konawe Selatan, Sulawesi Tenggara. Pantai ini sangat populer karena menawarkan pesona pasir putih, air laut yang sangat jernih, serta gugusan tebing batu yang eksotis hingga sering dijuluki mirip seperti versi mini dari Labengki atau Raja Ampat.#fyp #berita #pantaikartika",191,0.060712015257469804
rajaampat,2200000000,583,67,0,2,2026-06-02 09:22:30+00:00,"Dhila’s Boat Service & Tours 
*Open Trip Misool*
*Meeting point* 
📍Pelabuhan Rakyat Sorong 

*Destinations* 1
• Danau Love Karawapop🩵
• ⁠Olobi beach🏝️ 
• ⁠Hafrat View Point
• ⁠Dafalen View Point 
• ⁠Jellyfish Waba 
• ⁠Painting Rock
• ⁠Yapap Lagoon
*Include*
  • Tiket ferrys PP
  • Boat
  • Tour leader & local guide
  • Snack/Water
  • 1x lunchbox 
  • Doc. Photo IP 15 & Insta 360X5
  • Doc.Underwater

*Exlude*
• Entrance Fee Raja Ampat 
• ⁠Marine Card Raja Ampat 
• ⁠Entrarace spots 
• ⁠Tips guide #dhilasboatserviceandtours #misool #misoolrajaampat #wonderfulindonesia #wonderfulplaces",69,0.1183533447684391
rajaampat,2200000000,453,54,2,0,2026-06-02 11:22:43+00:00,Raja ampat secantik itu😭💖 salah satu wishlist sudah tercapai ✅ next kemana lagiii? #rajaampat,56,0.12362030905077263
rajaampat,2200000000,2356,50,0,0,2026-06-02 12:48:36+00:00,"Raja Ampat ou le « denier paradis » 🐠

Il faut s’armer de patience pour arriver jusqu’ici, mais croyez-nous, ça en vaut la peine ! Pour les amoureux de plongée mais pas que, Raja Ampat est la destination idéale pour déconnecter 🧡

Actuellement en tour du monde, on partage toutes nos aventures 🌏",50,0.021222410865874362
rajaampat,2200000000,48600,1714,45,80,2026-02-18 10:24:27+00:00,"Lenmakana Lake in Misool, Raja Ampat is one of Indonesia’s most unique marine wonders. Known as the jellyfish lake of Raja Ampat, this hidden saltwater lake is home to thousands of stingless jellyfish floating peacefully in crystal-clear waters.

Located in the southern part of Raja Ampat, Lenmakana Lake offers a rare and unforgettable snorkeling experience surrounded by dramatic limestone karst landscapes. It’s a must-visit destination for travelers seeking extraordinary nature and hidden gems in Indonesia.

Would you swim with jellyfish in Raja Ampat? 🪼✨
Save this for your future Indonesia adventure and tag someone who would dare to dive in! 🌊

Cr/IG: tripseatravellers

📍Lenmakana Lake, Misool - Raja Ampat.

#WonderfulIndonesia #IndonesiaTravel #HiddenGemIndonesia #JellyfishLake #marinetourism",1839,0.03783950617283951
rajaampat,2200000000,142300,35800,36,1722,2026-01-31 12:55:01+00:00,"Diving in Raja Ampat be like…

#scubadiving #ดำน้ำ #fyp #fyppppppppppppppppppppppp #scuba",37558,0.2639353478566409
rajaampat,2200000000,110300,2558,37,66,2025-11-24 12:47:33+00:00,"Raja Ampat - The Last Paradise 🇮🇩

Today @✨Leila Layzell✨ talks about her favorite place in Indonesia 

#rajaampat #fyp #indonesia",2661,0.02412511332728921
rajaampat,2200000000,39300,2162,33,243,2025-12-10 23:44:41+00:00,"Raja Ampat, Indonesia is one of the best diving destinations on Earth! Offering the best marine life biodiversity on the planet. From large marine life to small things it’s got it all. It’s truly a magical place! #sea #ocean #rajaampat #scubadiving #fyp",2438,0.06203562340966921
rajaampat,2200000000,13900,2089,3,8,2026-05-08 12:19:46+00:00,"𝕄𝕖𝕝𝕚𝕤𝕤𝕒’𝕤 𝔾𝕒𝕣𝕕𝕖𝕟 𝕚𝕤 𝕒 𝕨𝕠𝕣𝕝𝕕-𝕣𝕖𝕟𝕠𝕨𝕟𝕖𝕕 𝕕𝕚𝕧𝕖 𝕤𝕚𝕥𝕖 𝕚𝕟 𝕥𝕙𝕖 𝔽𝕒𝕞 𝕀𝕤𝕝𝕒𝕟𝕕𝕤 𝕠𝕗 ℝ𝕒𝕛𝕒 𝔸𝕞𝕡𝕒𝕥, 𝕀𝕟𝕕𝕠𝕟𝕖𝕤𝕚𝕒, 𝕔𝕖𝕝𝕖𝕓𝕣𝕒𝕥𝕖𝕕 𝕒𝕤 𝕒 𝕧𝕚𝕓𝕣𝕒𝕟𝕥 𝕦𝕟𝕕𝕖𝕣𝕨𝕒𝕥𝕖𝕣 𝕨𝕠𝕟𝕕𝕖𝕣𝕝𝕒𝕟𝕕. 𝕀𝕥 𝕚𝕤 𝕨𝕚𝕕𝕖𝕝𝕪 𝕔𝕠𝕟𝕤𝕚𝕕𝕖𝕣𝕖𝕕 𝕠𝕟𝕖 𝕠𝕗 𝕥𝕙𝕖 𝕓𝕖𝕤𝕥 𝕕𝕚𝕧𝕖 𝕤𝕡𝕠𝕥𝕤 𝕚𝕟 𝕥𝕙𝕖 𝕣𝕖𝕘𝕚𝕠𝕟 𝕗𝕠𝕣 𝕚𝕥𝕤 𝕚𝕞𝕞𝕖𝕟𝕤𝕖 𝕓𝕚𝕠𝕕𝕚𝕧𝕖𝕣𝕤𝕚𝕥𝕪 𝕒𝕟𝕕 𝕤𝕥𝕦𝕟𝕟𝕚𝕟𝕘, 𝕙𝕖𝕒𝕝𝕥𝕙𝕪 𝕔𝕠𝕣𝕒𝕝 𝕔𝕠𝕧𝕖𝕣𝕒𝕘𝕖, 𝕝𝕒𝕣𝕘𝕖𝕝𝕪 𝕥𝕙𝕒𝕟𝕜𝕤 𝕥𝕠 𝕚𝕥𝕤 𝕣𝕖𝕝𝕒𝕥𝕚𝕧𝕖𝕝𝕪 𝕤𝕙𝕒𝕝𝕝𝕠𝕨, 𝕡𝕣𝕠𝕥𝕖𝕔𝕥𝕖𝕕 𝕟𝕒𝕥𝕦𝕣𝕖, 𝕨𝕙𝕚𝕔𝕙 𝕞𝕒𝕜𝕖𝕤 𝕚𝕥 𝕡𝕖𝕣𝕗𝕖𝕔𝕥 𝕗𝕠𝕣 𝕓𝕠𝕥𝕙, 𝕕𝕚𝕧𝕚𝕟𝕘 𝕒𝕟𝕕 𝕤𝕟𝕠𝕣𝕜𝕖𝕝𝕚𝕟𝕘. 

#rajaampat #indonesia #underwater #diving #fish @belowabovesurface",2100,0.1510791366906475
rajaampat,2200000000,211,6,0,0,2026-05-19 09:44:24+00:00,Raja Ampat Indonesia 🇮🇩,6,0.02843601895734597
rajaampat,2200000000,27100,653,84,59,2026-06-01 12:47:11+00:00,The beauty of two countries.🇮🇩🇹🇭😮#feed #thailand #indonesia #asean,796,0.02937269372693727
rajaampat,2200000000,445400,28900,260,5310,2023-07-12 07:06:27+00:00,"when Bali is overcrowded so you go to Jepara instead

📍Coconut Lodge, Jepara

#beachvibes #beachaesthetic #jepara #indonesiahiddengem",34470,0.07739110911540188
rajaampat,2200000000,164,5,0,1,2026-04-29 01:16:36+00:00,"Located off West Papua, Indonesia, Raja Ampat is an archipelago comprising over 1,500 islands, boasting the world's richest marine biodiversity. It offers exceptional diving, snorkeling, and pristine nature, centered around four main islands: Waigeo, Batanta, Salawati, and Misool. A ~Rp 1,000,000 (~$61) environmental fee is mandatory for visitors at Waisai Harbor. 

Key Islands 
Waigeo: The largest island, in close proximity to Waisai. 
Misool: Noted for its karst islands and ancient cave paintings. 
Kri: Famed for its incredible house reef biodiversity. 
Batanta & Salawati: Popular for their natural beauty and hiking trails. 

👉🏼Thanks for watching. Please like, share, and follow @worldstoriesexplained for more interesting content. 

#rajaampatislands #rajaampatindonesia #worldtravel #worldstories #travelshortsvideo",6,0.036585365853658534
rajaampat,2200000000,50600,2659,74,261,2026-02-19 01:15:51+00:00,THIS WAS WILD!!! Who’s coming with me next time?!? Day 1 vlog coming soon✨ #rajaampat #indonesia #solotravel #travelbucketlist,2994,0.0591699604743083
rajaampat,2200000000,910,50,5,4,2026-05-07 16:47:37+00:00,"The Last Paradise on Earth: Raja Ampat 🐠🩵

Would you snorkel here? 

•
•
•

Raja Ampat, raja Ampat Indonesia, raja Ampat aesthetic, raja Ampat snorkeling",59,0.06483516483516484
rajaampat,2200000000,404,29,0,0,2026-05-27 12:35:21+00:00,💙💙 #indonesia #rajaampat #love #ocean #travel,29,0.07178217821782178
rajaampat,2200000000,1144,76,8,17,2026-04-28 15:19:49+00:00,"This is Raja Ampat 🤩

#luxurytravel #rajaampat #wonderfulindonesia #sailingtrip",101,0.08828671328671328
rajaampat,2200000000,121,10,0,0,2026-06-02 16:48:09+00:00,"is this you?! 👀 I always wanna find more diver girlies to adventure with!! 

if so…join me & (my husband) Sea Beneath on our 9-day liveaboard expedition through Indonesia’s Banda Sea following the hammerhead shark migration this October 2026!

Think untouched reefs, insane biodiversity, giant schools of fish, sharks, huge rays, pelagics & unbelievably rare macro life - the kind of diving that’s at the top of your bucket list. 

We’ve had a couple of spots open up & our @seabeneath_ group trips are always the BEST vibes with amazing people from Canada & around the world.

Who wants to come?! DM me for more deets ✨

~ October 26 - November 3, 2026
~ Banda Sea, Indonesia 
~ Trip w Sea Beneath + @Sea Safari Cruises Indonesia 

📷 footage from our 2024 Raja Ampat expedition 

#girlsthatscuba #scubadiverslife #scubadivers #scubadivinggirls #liveaboard",10,0.08264462809917356
rajaampat,2200000000,2273,80,4,3,2026-03-31 23:14:37+00:00,"Welcom to misol Raja Ampat📍
.
.
.
.
.
#rajaampatpapuabaratdaya🔥 #misoolrajaampat #explorrajaampat #pilotnekatdronesorong #fypシffypシtiktokviralfypシ",87,0.03827540695116586
rajaampat,2200000000,7101,169,6,118,2026-02-19 20:26:43+00:00,"The Azores are an autonomous volcanic archipelago of nine islands in the mid-Atlantic Ocean, located about 1,500 km west of mainland Portugal. Known as the “Hawaii of Europe” for their dramatic green landscapes, crater lakes, and thermal hot springs, the islands offer premier whale watching, hiking #azores #travel #vacation #hotel  #justtraveldeals",293,0.04126179411350514
rajaampat,2200000000,161000,12400,101,2469,2026-02-17 22:02:29+00:00,Replying to @DrSamuelMattine This is how I travelled to the Banggai islands by myself! It’s the most unreal place I’ve ever been too!! #indonesia #hiddengems #banggai #sulawesi #solotravel,14970,0.09298136645962733
rajaampat,2200000000,683300,78000,622,16700,2026-04-13 14:57:52+00:00,"Truly Enchanted! 
📍Enchanted River #enchantedriver #hinatuan #surigao #surigaodelsur",95322,0.1395024147519391
rajaampat,2200000000,130900,12600,215,2823,2026-05-29 04:48:03+00:00,"📍Giraffe Manor Tanzania, Arusha ✨🦒 absolute must stay hotel - they also told us they’d be adding more animals and activities soon !!! #giraffemanor #tanzania #africa #holiday #giraffe",15638,0.11946524064171123
rajaampat,2200000000,46400,2438,42,171,2026-05-14 03:29:30+00:00,"Ini bukan luar negeri 😳
Ini Pulau Misool 🇮🇩
Laguna biru tersembunyi di tengah laut… cantiknya nggak masuk akal 👀🌊
#faktamenarik #indonesia #misool #rajaampat #viral",2651,0.05713362068965517
rajaampat,2200000000,340,15,0,0,2026-06-01 15:05:51+00:00,"✨ 

#CapCut #riskitall #videoaesthetic #rajaampatriau #sweetgirl",15,0.04411764705882353
rajaampat,2200000000,99700,10200,56,2081,2026-05-27 10:26:12+00:00,"Welcome to Indonesia’s BEST kept secret 🇮🇩👇

These are the Banggai Islands

Located off the coast of Sulawesi and home to crystal clear lakes, white sand beaches and insane waterfalls 

While the Banggai Islands are definitely starting to become more popular online, the remote location means it still feels relatively untouched compared to places like Bali or Komodo

Getting there ✈️

Most people fly into Luwuk (usually via Bali/Jakarta + Makassar) before taking the ferry or speedboat across to the islands 🚤

I spent 5 days exploring the islands with Dila the explorer, who organised all our transport, accommodation and activities 

Good to know before visiting👇

💸 Bring cash
📶 Signal is limited in some areas
☀️ Dry season is best
🚤 Ferry times + transport plans can change quickly

Definitely one of the most beautiful places i’ve visited in Indonesia and deserves a spot on your bucketlist",12337,0.12374122367101303
rajaampat,2200000000,4990,277,16,19,2026-03-01 01:53:15+00:00,Exploring Raja Ampat💛 How INCREDIBLE are these views?!!!?? #rajaampat #indonesia #solotravel #traveltok,312,0.0625250501002004
rajaampat,2200000000,1268,123,4,5,2026-05-31 20:16:35+00:00,"moment mas wapres gibran meninjau RSUD Raja ampat
#gibranrakabumingraka #gibranrakabuming #wapresgibran #gibran #fyp",132,0.10410094637223975
rajaampat,2200000000,692,20,3,3,2026-02-25 14:50:48+00:00,#travelnas #travel #tourist #indonesia🇮🇩 #Ampat,26,0.03757225433526012
rajaampat,2200000000,440100,3181,4,143,2024-10-28 08:11:08+00:00,"Buat yang belum bisa berkunjung ke Raja Ampat gak usah sedih, sekarang kita udah bisa liat keindahan bawah laut Raja Ampat cukup datang ke BX Sea aja 😬
Cara pesan tiketnya juga mudah banget, langsung klik tag lokasi yang ada pada video Tiktok ini, pilih tiketnya dan masukkan kode promo XPTIKTOK untuk tambahan diskon 5%
Yang belum cobaa ayooo segerakan 🤩
#DontWorryNoRugi #BXSea #bintaroxchange #SeaTunnel #AquariumMall",3328,0.007561917745966826
rajaampat,2200000000,822,69,7,1,2026-05-09 04:33:23+00:00,what a peaceful life 🩵✨ #rajaampat,77,0.09367396593673966
rajaampat,2200000000,2450,141,11,6,2026-02-23 19:58:48+00:00,"Spend a slow, realistic day with me solo on a tiny remote island✨🐠🐚 #rajaampat #indonesia #solotravel #travelbuckletlist",158,0.06448979591836734
rajaampat,2200000000,1003,13,0,4,2026-06-01 15:44:06+00:00,"Next retreat: 5-11th July 2026!

🌿Reconnect Retreats - open to everyone 
📆July 5-11th
📍Sai Daeng Resort, Koh Tao, Thailand

•All Meals Included - Healthy & Delicious
•6 Nights Stay - Private Deluxe Oceanview Room
•Daily Yoga, Meditation & Breathwork Classes
•Sound Healing
•Daily Muay Thai Classes
•Self Love & Mindset Workshop
•Yoga Workshops
•Private Boat Trip with world class snorkel spots
•Thai Cooking Class
•Transfer to and from Koh Tao Pier
•Plus more surprises!

Sai Daeng is located with 2 private beaches and there is complementary snorkeling and kayaking daily! There is so much on the schedule as well as free time. Our retreat is perfect for solo travellers, couples and anyone in need of a reset with an eco-luxury feel. 🌿🌊🌅 #thailandtravel #solotravel #couplestravel #kohtao #yogaretreat",17,0.01694915254237288
rajaampat,2200000000,392,63,4,4,2026-06-01 18:55:22+00:00,"Kerjaan si Paye Godain aynk candy, 1 server kena azab🤣🤣 MAP : Suara Raja Ampat @Lord Restu🇮🇩🇨🇳 @Youbay04 @halizz325 #suararajaampat#hangout#roblox#foryoupage#fyp",71,0.18112244897959184
rajaampat,2200000000,53700,1712,900,311,2026-04-23 06:59:06+00:00,konten gabut bangun tidur @Joko Widodo #konten #gabut #fyp #rajaampat #ronaldo,2923,0.054432029795158286
rajaampat,2200000000,1100000,237100,267,37300,2026-05-16 19:59:01+00:00,"YOUR CHANCE TO JOIN US 💧🐋👇🏼

We’ve decided to open up one final week to join us in Polynesia this year to swim with whales! 🐋

📍August 9–15, 2026
Only 4 spots available.

There’s truly nothing like being in the presence of humpback whales while experiencing the magic of these islands, the culture, and the ocean alongside an amazing group of people 💙

We’re so excited to share this special week with you guys.

DM me the word “WHALE” or click the link in bio to book your spot 🙌🏼",274667,0.24969727272727274
rajaampat,2200000000,3463,1001,2,2,2026-03-13 12:15:51+00:00,"One psst dari Stella Matic Raja Ampat Lagoon, langsung bikin ruangan terasa fresh, cozy, dan relaxing. ✨  

Tinggal pakai pewangi ruangan ini, suasana rumah langsung berubah jadi lebih hidup.  

#SentuhanAkhirStella @Stella Air Freshener",1005,0.2902107998844932
rajaampat,2200000000,2166,97,3,3,2026-03-25 23:09:08+00:00,"get out of your bubble & go explore the world 🫧

📍Aborek, Raja Ampat Islands, Indonesia 

•
•
•

#rajaampat 

raja ampat, raja ampat indonesia, raja ampat travel, raja ampat islands, things to do in raja ampat, raja ampat snorkeling, raja ampat itinerary, raja ampat trip, indonesia travel, indonesia islands, best islands in indonesia, southeast asia travel, remote islands indonesia, tropical paradise indonesia, crystal clear water indonesia, overwater views indonesia, island hopping raja ampat, bucket list destinations indonesia",103,0.04755309325946445
rajaampat,2200000000,57300,2827,109,114,2026-03-07 04:03:43+00:00,"Imagine snorkeling in one of the most biodiverse oceans in the world✨😍

Welcome to Raja Ampat — an island paradise in Indonesia where turquoise lagoons, untouched beaches, and vibrant coral reefs stretch as far as the eye can see.

From snorkeling above colorful marine life to exploring one of the most biodiverse marine regions on the planet, every moment here feels like stepping into a nature documentary.

Ready to turn this view into your next vacation?🌊

Cr/IG: thelast.paradise

📍 Raja Ampat, Indonesia

#WonderfulIndonesia #BeautifulDestinations #TravelInspo #OceanViews #TravelTok",3050,0.053228621291448515
rajaampat,2200000000,4100000,526900,5103,30000,2025-12-05 16:49:28+00:00,do we need to care? ofc mf #fyppppppppppppppppppppppp #greenpeace #saverajaampat #sumatrabarat #fypシ゚,562003,0.1370739024390244
rajaampat,2200000000,9403,1045,7,35,2026-03-19 14:03:24+00:00,"Swimming with thousands of the stingless jellyfish 🪼🪼🪼 in another district of paradise 💙

#jellyfishlake #misool #rajaampat #wonderfulindonesia #rajaampat_papua",1087,0.11560140380729554
rajaampat,2200000000,80100,6716,32,285,2026-02-25 17:11:38+00:00,"yuhu tim solo travelling 🔥
#scubadiving #rajaampat #underwater",7033,0.08780274656679152
rajaampat,2200000000,9252,267,11,24,2026-03-02 02:53:16+00:00,This place doesn’t feel real! We’re so excited (especially Jess) to explore over the next few days #indonesia #rajaampat #overwaterbungalow #travelcouple #budgettravel,302,0.032641591007349764
rajaampat,2200000000,958400,123600,758,10900,2025-10-31 15:03:02+00:00,"Bagian 5 - Spill sedikit recap trip ke Raja Ampat🌴🍃

#kitakesana #kitakesanatrip #rekamlangkahku #rajaampat #papua",135258,0.1411289649415693
rajaampat,2200000000,22200,4341,34,236,2026-02-02 04:34:15+00:00,"Banyak kali ubur ubur nya 
.
#jellyfish #misol #rajaampat #papua #freedive",4611,0.2077027027027027
rajaampat,2200000000,1300000,207700,8255,7927,2025-06-05 06:41:58+00:00,"-Let me know if it’s possible for me to go to Raja Ampat.
-Is the island still there?
-How do I get there from Nusa Penida? 
-Comment or message where you live if you want to come with me next week for 3-4 days.

	•	#SaveRajaAmpat
	•	#LindungiRajaAmpat
	•	#JagaRajaAmpat
	•	#RajaAmpatBukanTambang
	•	#RajaAmpatMilikKita
	•	#TolakTambangRajaAmpat
	•	#SelamatkanAlamIndonesia
	•	#LindungiAlam
	•	#JanganRusakRajaAmpat
	•	#RajaAmpatWarisanBangsa
	•	#LautBukanTambang
	•	#PulauIndahTanpaTambang
	•	#IndonesiaLestari
	•	#BersuaraUntukAlam
	•	#AnakMudaPeduliAlam",223882,0.17221692307692307
rajaampat,2200000000,408800,12300,0,648,2025-10-14 12:07:53+00:00,"LEGENDA RAJA AMPAT _ PAPUA
#papua #ceritarakyat #rajaampat #capcut #fyppppppppppppppppppppppp",12948,0.03167318982387476
rajaampat,2200000000,292600,31000,282,1572,2026-05-24 06:50:56+00:00,"You might have seen my reel about coral degradation and my story about Napaling so here’s an accurate before and after of the reef I was referring to 🪸

This is Napaling Reef in Panglao island, Bohol. It rose to fame because of the baitball of sardines that used to roam around its reef, the canyon known as the crack and its dramatic drop crusted with soft and hard corals, teeming with vibrant marine life.

The first footage was shot some time in 2023. I’ve been diving in Napaling Reef since 2021 and I’d say, it has been declining since then with this year being among the most heartbreaking sights I have personally witnessed. This degradation may have been caused by a lot of factors including climate change, overtourism, pollution and sedimentation. One thing’s for sure — we are all to blame. 

But who’s gonna take an immediate action and when? Corals may be resilient but without actions and with these factors continuously bludgeoning them, will they ever recover?",32854,0.11228298017771703
rajaampat,2200000000,342100,91600,86,3547,2025-12-10 09:30:31+00:00,"Ini dia sejarah raja ampat yamg ga banyak orang tau.
akhir tahun ini ke raja ampat ga sih ""The Last Paredise Indonesia"" 🔥
#SeaparkidTWPrajaampat 
#LastParadiseID 
#SeaparkID 
#KKPGOID 
#KonservasiLaut",95233,0.27837766734872843
rajaampat,2200000000,107300,7191,126,736,2025-10-03 04:19:37+00:00,"Raja Ampat, a UNESCO Global Geopark and the world’s richest marine paradise, saw mining suspended on June 5, 2025, after protests and public outrage. Minister Bahlil Lahadalia halted PT Gag Nikel’s operations, citing environmental checks, giving hope that the government would finally prioritize conservation over profit.

But just three months later, in September, the company was quietly allowed to resume under the label of an “environmental audit.” While Bahlil defended the move as legal and supervised, critics warn it risks destroying a global treasure that shelters more than 75% of Earth’s coral species.

#indonesia #indonesianews #rajaampat #exploitation #shorts",8053,0.07505125815470642
rajaampat,2200000000,1901,205,8,2,2026-03-20 17:41:08+00:00,"Jelajahi Raja Ampat bersama kami di Raja Ampat Travel Speed+Boat king four...!🫰
_
#opentripkingfourindonesia #promoliburanharian 
#triprajaampat 
#healing_through_nature 
#fypppanakpantai🏖️🌊",215,0.11309836927932668
rajaampat,2200000000,69000,5627,32,1449,2025-10-07 13:43:16+00:00,"called ‘the last paradise’ for good reason! How do you get to Raja Ampat, is it expensive? #indonesia #rajaampat #bali #CapCut",7108,0.10301449275362319
rajaampat,2200000000,2494,121,16,9,2026-03-17 11:38:04+00:00,"Pyanemo Island & Blue Lagoon, Raja Ampat 🇮🇩
We were here at 07:30… completely empty.
A place like this, all to yourself. Rare. Unreal. 🌍

#rajaampat #indonesia #travel #drone #dutchgreekduo",146,0.05854049719326383
rajaampat,2200000000,88,1,1,0,2026-06-02 17:41:33+00:00,"Mother Nature really outdid herself here 

#mountbromo #indonesia #solofemaletraveler #backpacking #travelvlog",2,0.022727272727272728
rajaampat,2200000000,26300,273,13,431,2026-03-25 03:24:35+00:00,"3D2N @KTM Resort Batam Itinerary

SAVE THIS! 🥳

[ Day 1 ]
11:10am ( SG time ) depart from SG 
11:10am ( Indo time ) touch down ferry terminal Batam
11:30am - touch down KTM Resort 
lobby; drop off luggage & administrative 
12:00pm - Lunch at Layang Restaurant 
14:00 - check in 
15:00 - Jetski touring & watersports
18:00 - Candle light dinner for 2
18:00 - kids at Ombak bar

[ Day 2 ]
07:00-10:00am - breakfast buffet at Layang Restaurant 
10:00am - ATV
12:00pm - Lunch at Layang Restaurant
free and easy 
16:00 - rock climbing & zipline 
18:00 - dinner at Ombak Bar

[ Day 3 ]
9:30am - SPA & massage
12:00pm - check out
12:30pm - Lunch at Layang Resto
13:30 - Free and Easy 
14:00 - off to Sekupang International ferry terminal
15:00 - ferry to SG (arrive around 5pm)

💰 rooms (Premier/Fam Suite) start from SG$100 
💰 dining price average SG$50 
💰 activities SG$10-100
💸 Roughly about SG$800 total spent for a family of 5, ferry included

#KTMBatamResort #Batam #resort #holiday #travel",717,0.02726235741444867
rajaampat,2200000000,4400000,163500,5715,5411,2025-06-05 17:51:59+00:00,"Raja Raja Ampat bukan cuma milik Indonesia, tapi milik dunia. Sekarang dia lagi digerogoti industri tambang nikel. Kalau hutannya gundul & lautnya rusak, yang rugi kita semua.
Jangan diam. Jangan kasih celah.

#SAVERAJAAMPAT 🌊💔",174626,0.03968772727272727
rajaampat,2200000000,39,3,0,1,2026-06-02 17:19:44+00:00,"THIS is the French Polynesia adventure you’ve been waiting for 😍 Join us for the TRIP OF A LIFETIME IN THE TUAMOTUS!

I’m so excited to officially announce the 2027 Tuamotu Adventure, hosted by @Te Mana Travels 
and co-hosted by me!

An intimate, thoughtfully curated journey through two of my favorite islands in French Polynesia: Rangiroa and Fakarava ! This week long land and sea adventure will be :
 ⛵️4 nights aboard a luxury catamaran in Rangiroa 🌺 3 nights at @havaikilodge  
What to expect: ⛵️Sailing through some of the bluest lagoons on Earth 🦈Exploring the UNESCO Biosphere Reserve of Fakarava 🤿Incredible snorkeling with abundant marine life 🏝️ Remote tropical landscapes far from the crowds - think some of the bluest lagoons, epic tropical scenes, unforgettable sunsets.  🐚 Complete immersion in nature in one of the most beautiful corners of the world

Why travel with us: • Jen lives in French Polynesia and knows these islands intimately.  • I’ve traveled to the Tuamotus many times and they’re without a doubt my favorite place on Earth.  • Every detail has been thoughtfully designed to create a truly special experience. 

📍24–31 October 2027
Limited spots available.

We would absolutely love for you to join us !

All trip details can be found in my Highlights and via the link in my bio. Or comment bucketlist and I’ll send you all details. 

Secure your spot before it fills up. ✨

#frenchpolynesia #rangiroa #fakarava #tuamotus #lovetahiti",4,0.10256410256410256
rajaampat,2200000000,34900,1656,46,211,2025-10-27 10:36:26+00:00,"Dive into the calm, crystal waters of Raja Ampat with @La Galigo Liveaboard . A world of colors beneath the surface which corals, reef fish, and the rhythm of the ocean that makes every dive feel alive. 🌊

📍Raja Ampat, West Papua
#WonderfulIndonesia #RajaAmpat #MarineLife #LagaLigoLiveaboard",1913,0.05481375358166189
rajaampat,2200000000,519,25,2,5,2026-05-07 07:22:28+00:00,"My fourth (or fifth?) time back in Manado and somehow it still feels fresh every single time. Watching the sunsets, staring out into the endless blue, and slowing down to the rhythm of dive days never gets old. There is something about this place that keeps pulling me back.

The majestic seawalls felt endless, dropping into the blue and covered with so much life. Every dive felt alive and different, and somehow the ocean just kept giving more each day.

What also made the trip special were the people. We started as strangers but quickly became like minded divers already looking forward to the next dive together. There was something really satisfying about witnessing two relatively new divers complete their advanced certification. Seeing them go from tentative and unsure to calm and confident underwater was honestly one of the highlights of the trip. We are all driven by the same thing in the end, the desire to learn more, improve more, and dive more.

Special thanks to the caring guides, especially Rival from Cocotinos Manado Dive Resort, who looked after us so well throughout the trip. Truly pampered by the Cocotinos team. Already miss the place and the people. Such a memoriable trip.

#Manado #scuba #diving #bunaken",32,0.06165703275529865
rajaampat,2200000000,572,108,0,0,2026-06-02 17:52:24+00:00,Solo travelling Southeast Asia🇹🇭 #solotravel #thailand #travel #backpacking #fyp,108,0.1888111888111888
rajaampat,2200000000,1972,142,2,30,2025-09-20 08:35:51+00:00,#papua #rajaampat #trip #jalanjalan #beautifuldestinations,174,0.08823529411764706
rajaampat,2200000000,2274,138,6,2,2025-12-07 09:45:55+00:00,Raja Ampat Liveaboard Day 2 🤿🌊 #LetsdiveinIndonesia #Prime20plus2 #padi #diving #rajaampat,146,0.06420404573438875
rajaampat,2200000000,3303,100,3,14,2025-11-11 10:44:46+00:00,"Wayag Shark Point, Raja Ampat, Indonesia

#wayagisland #wayagrajaampat #rajaampat #papuabarat #indonesia",117,0.035422343324250684
rajaampat,2200000000,5911,751,120,34,2026-01-29 12:12:56+00:00,A place I’ll forever keep in my heart 🥹💙💚 #rajaampat #indonesia #ocean #traveltiktok #traveltheworld,905,0.15310438166130944
rajaampat,2200000000,68500,764,5,11,2025-06-13 15:18:28+00:00,"Tapi klo diliat2 Hiunya lucu bgt 😭🫶🏻

#rajaampat #saverajaampat #wayag #shark #sharkpoint #fyp",780,0.011386861313868613
rajaampat,2200000000,206100,7354,206,784,2025-10-26 01:49:44+00:00,"Emang ada ikan hiu sejinak ini ditempat lain?
#rajaampat #pesonaindonesia #wonderfulindonesia #wisataindonesia #fyp",8344,0.0404852013585638
rajaampat,2200000000,2628,81,3,10,2026-04-23 02:50:26+00:00,"Baru kali ini liat langit secantik ini, cuma di Raja Ampat yang langitnya gradasi gini🥹 #rajaampat #rajaampat_papua #senja #sunset #dailyvone",94,0.03576864535768645
rajaampat,2200000000,914,105,2,3,2026-02-17 01:19:08+00:00,"Keindahan alam Raja Ampat
#storytime #papua #rajaampat_papua",110,0.12035010940919037
rajaampat,2200000000,9868,644,63,137,2025-11-02 20:52:21+00:00,"One of the most insane places I’ve ever seen 🏝️

📍Piaynemo, Raja Ampat, Indonesia 

📥 Save this post for your Indonesia trip, and follow me for more adventure travel content ✈️

#traveltiktok #rajaampat #indonesia #travel #dronevideo",844,0.08552898256992299
rajaampat,2200000000,23400,641,11,326,2025-12-18 16:50:00+00:00,"Have you ever stepped into a place that feels unreal? 🌴✨

Where the water is so clear it blurs the line between reflection and reality. Welcome to Paisupok Lake in the Banggai Islands — often called the clearest lake in the world, tucked deep within Indonesia’s untouched tropics 🇮🇩

This is the kind of destination you don’t just visit — you experience.
Private guides, pristine nature, and moments that feel like a dream brought to life.

Jetari Tip: Pair Banggai with Bali for a high-contrast journey — remote, untouched nature followed by elevated wellness and luxury stays. Curated correctly, it’s transformational.

Video by @badaradise_bali 💙

📍 Paisupok Lake, Banggai Islands, Indonesia

#TransformativeTravel #LuxuryAdventure
#PaisupokLake #BanggaiIslands #HiddenIndonesia",978,0.0417948717948718
rajaampat,2200000000,16300,588,28,407,2025-05-24 14:43:25+00:00,"Yang bagikan video ini saya doakan pasti ke sini!
yuk Raja Ampat Bisa! (A)
#wonderfulindonesia #travel #rajaampat",1023,0.06276073619631901
rajaampat,2200000000,7500000,457000,11600,19400,2025-06-08 00:34:51+00:00,"kenapa sih harus raja Ampat
 
penjelasannya 

ingat kita di ajarkan untuk menjaga alam bukan merusak alam... untuk raja Ampat itu terkenal karna Sepenggal Surga, Surga Dunia, Raja Ampat mendapat julukan-julukan sebab telah dikenal sebagai pusat keanekaragaman hayati dunia #SAVE RAJA AMPAT 💪🏻 #saverajaampat #saverajaampat #saverajaampat #untukanda#papua_bukan_tanah_kosong",488000,0.06506666666666666
rajaampat,2200000000,28700000,2100000,35100,143900,2025-06-07 10:01:56+00:00,saya IKY saya peduli RAJA AMPAT SaveRajaAmpat,2279000,0.07940766550522647
rajaampat,2200000000,17100,924,6,7,2026-05-25 17:21:54+00:00,"Tidak gampang, keluar dari Danau Ayamaru ke Raja Ampat.

#budayapapua #rajaampat #akutmaybrat #maybrat #maskawin",937,0.054795321637426904
rajaampat,2200000000,2300000,154300,436,16300,2025-07-26 02:27:55+00:00,#fyp #soimutdah #dancechallenge,171036,0.07436347826086956
rajaampat,2200000000,3400000,343200,496,21000,2025-07-26 02:54:29+00:00,@🪼 @33 @🐙,364696,0.1072635294117647
rajaampat,2200000000,110300,1689,70,363,2025-02-09 04:07:37+00:00,"„It’s soooo expensive to go to Raja Ampat“
I say NO! 
What do you think?
.
.
.
.
.
.
.
.
.
#travel #traveltiktok #discover #discovery #explore #explorepage #explorereels #traveltheworld #traveltips #drone #dronevideo #drones #dji #indonesia #indonesia🇮🇩 #rajaampat #traveling #travelbucketlist #travelblogger #travelingtheworld #travelthrowback #rajaampat_papua @",2122,0.019238440616500454
rajaampat,2200000000,233600,9686,197,1012,2025-06-24 08:21:31+00:00,"Kalau kamu bisa iri liat aku di Raja Ampat sekarang, berarti kamu butuh liburan juga 

#saverajaampat",10895,0.046639554794520546
rajaampat,2200000000,180700,17200,93,1474,2026-04-30 05:02:06+00:00,Dari atas saja sebesar ini🫣 #sorongpapuabarat #fyp,18767,0.10385722191477587
rajaampat,2200000000,31000,429,16,21,2025-01-07 05:58:05+00:00,"First trip in 2025❤️🥰
Alhamdulillah MasyaAllah✨

#RajaAmpat #piaynemo #Papua #PesonaIndonesia #wonderfulIndonesia #Indonesia",466,0.015032258064516128
rajaampat,2200000000,39600,741,3,24,2025-04-20 13:59:01+00:00,"𝗛𝗼𝗹𝗶𝗱𝗮𝘆 𝗪𝗶𝘁𝗵 𝗨𝘀 𝗮𝘁 𝗧𝗵𝗲 𝗝𝗲𝘁𝗶 𝗠𝗮𝗻𝗴𝗿𝗼𝘃𝗲 - 𝗥𝗮𝗷𝗮 𝗮𝗺𝗽𝗮𝘁

✅𝗙𝗿𝗲𝗲 𝗪𝗶𝗳𝗶
✅𝗕𝗿𝗲𝗮𝗸𝗮𝘀𝘁 𝗳𝗼𝗿 𝟮 𝗣𝗮𝘅
✅𝗙𝗿𝗲𝗲 𝗖𝗮𝗻𝗼/𝗞𝗮𝘆𝗮𝗸
✅𝗙𝗿𝗲𝗲 𝗦𝗻𝗼𝗿𝗸𝗹𝗶𝗻𝗴

𝗮𝘃𝗮𝗶𝗯𝗹𝗲 𝗼𝗻
▪️𝗕𝗼𝗼𝗸𝗶𝗻𝗴.𝗰𝗼𝗺 
▪️𝗔𝗶𝗿𝗯𝗻𝗯
▪️𝗢𝗳𝗳𝗹𝗶𝗻𝗲 𝗕𝗼𝗼𝗸𝗶𝗻𝗴

𝗕𝗢𝗢𝗞 𝗡𝗢𝗪 !!!
𝗕𝘆 𝗧𝗵𝗲 𝗝𝗲𝘁𝗶 𝗠𝗮𝗻𝗴𝗿𝗼𝘃𝗲
©𝐂𝐨𝐩𝐲𝐫𝐢𝐠𝐡𝐭 𝟐𝟎𝟐𝟓

𝐅𝐨𝐫 𝐫𝐞𝐬𝐞𝐫𝐯𝐚𝐭𝐢𝐨𝐧 𝐚𝐧𝐝 𝐌𝐨𝐫𝐞 𝐈𝐧𝐟𝐨𝐫𝐦𝐚𝐭𝐢𝐨𝐧
𝐏𝐥𝐞𝐚𝐬𝐞 𝐜𝐨𝐧𝐭𝐚𝐜𝐭 

==========================================
𝐀𝐥𝐟𝐫𝐞𝐝-𝐂𝐡𝐫𝐢𝐬𝐭𝐢𝐧𝐞 𝐌𝐞𝐧𝐭𝐚𝐧𝐬𝐚𝐧
📱 𝟎𝟖𝟓𝟑-𝟓𝟒𝟏𝟕-𝟗𝟑𝟔𝟏
=========================≠======≠=========
#themangrovecottage #kalibirutour #blueriver #cottage #hotel #penginapan #homestay #resort #kalibirurajaampat #kalibiruwarsambin #kalibiru #rajaampat #rajaampatisland #rajaampattrip #thejetimangrove #mayalibitbaytour #trip #tour #travel #holiday #liburan #jalanjalan  #indonesia #wonderfullindonesia #trend #trending #viral #viralvideos #fyp #fypviral #fyppppppppppppppppppppppp #foryoupage #foryou #fypage #fyp",768,0.019393939393939394
rajaampat,2200000000,936500,75300,1473,3119,2025-06-05 17:20:40+00:00,"#SAVERAJAEMPAT 

PAPUA BUKAN TANAH

KOSONG.!! raja ampat sekarang tengah menghadapi tantangan seperti aktivitas tambang nikel dan pembangunan tidak bertanggung jawab yang mengancam ekosistem .!! 

raja ampat bukan sekedar pantai. bukan tempat kosong yang bisa kau beli pakai angka dan janji.!! raja ampat bukan tempat tambang tapi rumah bagi ribuan spesies laut, hutan tropis dan masyarakat adat yang hidup berdampingan dengan alam. 

lautnya hidup,
hutannya bicara,
burung cendrawasih, 
tahu siapa tamu dan siapa perampas nama. 

raja ampat bukan sekedar gugusan pulau ia adalah surga keanekaragaman hayati dunia. 

hei ..!! papua bukan tanah kosong! ia punya nama punya luka punya cinta yang tak bisa ditambang begitu saja

banyak tambang nekel di tempat” lain,tapi kenapa demi kepentingan pribadi harus merusak ke indahan alam yang ada di indonesia 

heyyy para pejabat !! 
heyy para oknum penjilat hentikan tambang nekel itu, banyak ke indahan alam di indonesia yang di rusak karna kepentingan pribadi.

jangan biarkan tikus memakan ke indahan alam indonesia, udah makan uang rakyat, masih mau makan raja empat🥵🥵
#saverajaempat
#tambangnikel
#hentikantambangnikel
#keindahanindonesia 
#surgabawahlaut
#rajaempat
#papuabarat
#papua 
#kudanilve 
#tolaktambangnikel #wisatarajaampat 
#fypage 
#yourpage 
#foryou 
#fyp 
#fyppppppppppppppppppppppp 
#fypage #",79892,0.08530912973838761
rajaampat,2200000000,11900,279,3,90,2025-12-06 10:55:56+00:00,"Nothing prepares you for the moment the heart shaped lagoon comes into view framed by cliffs and wide open seascape all around. The whole scene feels exclusive and quietly stunning💚

Join our Raja Ampat sailing trip and make this scene part of your adventure🤩✨

Book Now!
Private cruise and yacht, East Indonesia Liveaboard
📌WA : +62 812-3831-0629
📌 WA : +62 811-4340-665
📧 info@eastindonesiatrip.com
__
#EastIndonesiaTrip #LuxuryEastIndonesiaTrip #WonderfulIndonesia #diIndonesiaAja #Travel",372,0.031260504201680674
rajaampat,2200000000,1000000,41100,3440,14700,2025-06-11 16:45:07+00:00,"sepak terjang perusak Raja Ampat yang sebenarnya

#fyp #fypシ゚ #fypp #fyppp #fypdonggggggg #fypdongggggggggシ #fypdong #indonesia #rajaampat #nikel #tambang #fyppppppppppppppppppppppp",59240,0.05924
rajaampat,2200000000,91,6,1,0,2026-06-01 16:58:28+00:00,Raja Ampat Indonesia 🇮🇩,7,0.07692307692307693
rajaampat,2200000000,7457,122,11,59,2025-04-30 14:46:38+00:00,"Don’t go to Raja Ampat without visiting these places 🌴🌴

📍Piaynemo
📍Batanta Waterfall
📍Pasir Timbul Sandbank
📍Wayag
📍Shark beach

#rajaampat #indonesia #paradise #piaynemo #batanta #wayag #travel #traveltiktok #foruyou #fyp",192,0.025747619686200884
rajaampat,2200000000,416,185,6,0,2026-06-02 12:55:56+00:00,#CapCut #fyp #dougie #seacaves #rajakorani,191,0.45913461538461536
rajaampat,2200000000,1872,20,7,7,2025-07-01 18:00:00+00:00,10 Days In Raja Ampat,34,0.018162393162393164
rajaampat,2200000000,61900,2115,23,537,2025-01-12 15:36:04+00:00,"Sharing the coolest and most unique things I’ve done in my travels 🌴🏴‍☠️ PART 4: Sailing the world’s most remote islands in Raja Ampat, Indonesia

We spent 5 days, totally disconnected from society and any cell service, to explore the Last Paradise on Earth 🌎

#creatorsearchinsights #bucketlisttravel #2025travel #traveltips #beautifuldestinations #rajaampat #indonesiatravel",2675,0.04321486268174475
rajaampat,2200000000,530200,35400,696,1005,2025-06-05 09:23:41+00:00,"Save Raja Ampat !!! 

#saverajaampat #rajaampat #rajaampat_papua #papua #papuabarat",37101,0.06997548095058469
rajaampat,2200000000,6947,655,8,43,2025-12-16 06:00:50+00:00,"Asal Usul Nama ""Raja Ampat""
Nama Raja Ampat secara harfiah berarti ""Empat Raja"" (Raja = Raja, Ampat = Empat).
Asal usul nama ini didasarkan pada sebuah Legenda Rakyat yang dipercaya secara turun-temurun, terutama di Pulau Waigeo, salah satu pulau utama di Raja Ampat.

Kisah Legenda Empat Raja

Penemuan Telur: Dahulu kala, seorang wanita tua bernama Putri Dambejang menemukan tujuh butir telur yang bersinar di dalam sebuah bambu besar di dekat mata air Wawiyai, Waigeo.

Penetasan: Tujuh butir telur itu kemudian dibawa pulang. Empat butir dari tujuh telur itu menetas dan berubah menjadi empat orang pangeran yang gagah perkasa.

#SeaparkidTWPrajaampat #LastParadiseID #KonservasiLaut #KKPGOID #EkonomiBiru #SeaparkID #WisataBahariID #ekonomibiru #panganbiru",706,0.10162660141068088
rajaampat,2200000000,79100,1446,11,557,2025-11-04 17:15:22+00:00,"Would you have guessed the location? 😮

This is one of the cheapest places on earth to rent overwater bungalows. They’re basic but come with a million dollar view! 😍

Most in the area cost around 50 USD per night, including meals! 🙌

📍Kri Island, Raja Ampat 🇮🇩

People also call this area in Indonesia “The Last paradise”! It’s known for it’s incredible underwater world and paradise-like setting.

On this island I stayed at several different guests houses, but Kri Guest House was my favourite! 🫶🏼 The views are just insaaaane! 

#rajaampat #lastparadise #overwaterbungalow #wonderfulindonesia",2014,0.025461441213653603
rajaampat,2200000000,333,24,0,0,2025-10-01 15:24:52+00:00,Raja Ampat#rajaampat #papuabarat #fyp #indonesia🇮🇩 #wisataindonesia,24,0.07207207207207207
rajaampat,2200000000,327,17,3,7,2025-10-29 17:35:51+00:00,"#indonesia #rajaampat #islands #travel 
🇮🇩🏝️🤿🌊",27,0.08256880733944955
rajaampat,2200000000,6400000,1100000,17400,49600,2025-05-28 12:27:10+00:00,"Beneath the surface of Raja Ampat, the ocean tells a story older than time. Here in the Last Paradise, coral gardens bloom like underwater rainforests, fish dart like brushstrokes on a moving canvas, and the sunlight dances through crystal blue, illuminating a world untouched.

📸 Ig: andriandwhd & cece_chaann 📍 Raja Ampat – Indonesia
 #WonderfulIndonesia #RajaAmpat #HiddenGemsIndonesia #LastParadise #DiveIndonesia",1167000,0.18234375
rajaampat,2200000000,11700000,2800000,6705,234900,2026-04-26 18:12:19+00:00,"Literally dream comes true 🐋 @GetYourGuide @getyourguidecommunity 🌎✈️🌴 

Visiting Skull Rock at Wilsons Promontory was something I had dreamed about the most during my time in Australia. 

Seeing it in real life was incredible and it’s hard to believe that such breathtaking natural beauty has taken over 300 million years to form.

I’m so grateful to our lovely tour guide who shared so much insightful information throughout the trip, making the whole experience even more meaningful and memorable.

I booked this experience through GetYourGuide, a platform that makes it easy to discover and book amazing tours and activities around the world. It was super convenient and helped make the whole trip smooth and stress-free.

If you’re planning to visit, don’t forget to use my code KITTIPOPTP5 ✨

#skullrock #getyourguide #getyourguidecommunity #melbourne #wilsonpromontory",3041605,0.2599662393162393
rajaampat,2200000000,7196,618,27,37,2025-11-01 10:52:11+00:00,"Full speed boat Rental Open Trip Travel Raja Ampat 🏖️ 🫶😎 

#wonderfulindonesia🏖️🇮🇩 #piaynemorajaampatIsland #rajaampatindonesia🇮🇩 #healing_through_nature",682,0.09477487493051695
rajaampat,2200000000,15000,831,8,100,2026-03-23 20:33:47+00:00,"One of the most underrated countries in the world if you ask me 🧐💎

#komodoisland #indonesia🇮🇩 #indonesiatravel #rajaampat #sulawesi",939,0.0626
rajaampat,2200000000,7332,247,17,65,2025-08-28 05:56:37+00:00,"7 nights, 16 dives, and countless memories in Raja Ampat 🇮🇩✨ Known as one of the most biodiverse places on Earth, located within the coral triangle, this really is a once-in-a-lifetime trip for so many divers — and we can confirm it lives up to the dream.

We first dived here 6 years ago with @ScubaRepublicLiveaboards and returning now with @ScubaRepublicRajaAmpat Dive Safari was nothing short of an unforgettable experience. This reel is just a snapshot of the best bits— we’ve got heaps more Raja Ampat adventures to share soon!

💡 Bonus: If you book your own Scuba Republic trip and send them a screenshot of our Raja Ampat content, you’ll get 10% off your booking.

If you want more details on the experience, just drop us a message. 🌊🪸

#RajaAmpat #DiveSafari #ScubaRepublic #ScubaLife #UnderwaterWonders",329,0.04487179487179487
rajaampat,2200000000,669200,56400,372,6742,2026-01-19 13:47:17+00:00,"Kalau belum bisa ke raja Ampat ya langsung minimal kesini dulu🍃

#somboriisland #sombori #wisatasombori #wisatamorowali #sulteng",63514,0.09491034070531978
rajaampat,2200000000,1300000,27400,787,812,2024-12-16 12:35:03+00:00,"KALI BIRU 

Raja Ampat merupakan destinasi wisata terfavorit di Papua Barat. Selain keindahan bawah lautnya yang memukau, kabupaten di Papua Barat ini juga memiliki sungai dengan air biru yang jernih, tersembunyi di tengah hutan yang masih asri. Kali Biru namanya, terletak di Kampung Warsambin, Distrik Teluk Mayalibit, Raja Ampat. Untuk menuju ke destinasi ini, pengunjung harus menyewa perahu ke warga lokal. Jarak tempuh dengan perahu sekitar 15 menit, Lalu kita harus trekking menyusuri hulu sungai dan masuk ke dalam hutan sekitar 30 menit. Sepanjang perjalanan, kita akan ditemani dengan pemandangan yang indah dan asri sampai melihat surga kecil yang tersembunyi di akhir perjalanan

#papua #papuatiktok #viralvideo #kalibiru #rajaampat #timur #timurpride #tempatwisata #papauabarat #adat #hutan #papuacantik #pesona #pesonaindonesia #guide #tourguide",28999,0.02230692307692308
rajaampat,2200000000,913,129,1,8,2026-06-02 10:01:27+00:00,Aminin dulu,138,0.1511500547645126
rajaampat,2200000000,227,6,0,0,2026-06-02 02:53:44+00:00,real cuyy #fyp #xybca #jjtipis #ff #saferajaampat,6,0.02643171806167401
rajaampat,2200000000,8071,419,20,21,2025-09-04 16:56:04+00:00,Views from the liveaboard ⛵️ #rajaampat #westpapua #travel #traveltiktok #fyp,460,0.056994176681947714
rajaampat,2200000000,16600000,1100000,31900,17800,2025-06-05 13:58:36+00:00,"Alam seindah ini, sayang jika harus rusak karena eksploitasi berdalih peningkatan ekonomi. Mari lindungi, agar anak cucu bisa menyaksikan surga yang tersembunyi.

#rajaampat #saverajaampat #tambang #nikel #eksploitasi #thelastparadise #papua",1149700,0.06925903614457832
rajaampat,2200000000,62200,846,17,77,2025-10-02 10:51:46+00:00,"Tau gk sih ternyata ada laguna yg bentuknya se-love ini!! Lokasinya ada di surga terakhirnya Indonesia 🥹 ada yang pernah atau pengen bgt kesini kah?

📍Karawapop Love Lagoon - Misool, kab Raja Ampat, Papua Barat Daya

#papua #rajaampat #misool #explorepapua #wonderfulindonesia",940,0.015112540192926046
rajaampat,2200000000,221700,10200,258,193,2025-12-28 04:40:55+00:00,RAJA AMPAT LAST PARADISE INSLAND #seaparkidtwprajaampat #lastparadiseid #newyear #konservasilaut,10651,0.04804239963915201
rajaampat,2200000000,3300000,529800,8293,23000,2025-06-06 14:22:53+00:00,Replying to @Rahma jadi bingung harus ngapain... 😭 #SaveRajaAmpat,561093,0.17002818181818183
rajaampat,2200000000,445700,7172,37,86,2026-01-14 09:25:53+00:00,Raja Ampat,7295,0.016367511779223694
rajaampat,2200000000,6100000,318500,3703,8927,2025-06-06 02:34:12+00:00,"Save Raja Ampat🌻🌻🌻

Isu penambangan dan hilirisasi nikel di Raja Ampat, Papua, menjadi sorotan publik, terutama setelah sejumlah aktivis Greenpeace Indonesia melakukan aksi damai dalam acara Indonesia Critical Minerals Conference & Expo di Hotel Pullman, Jakarta, pada Selasa, 3 Juni 2025.

Tiga aktivis Greenpeace bersama seorang perempuan asal Papua membentangkan spanduk saat Wakil Menteri Luar Negeri Arif Havas Oegroseno tengah menyampaikan sambutannya. Mereka menyuarakan kekhawatiran terhadap dampak buruk aktivitas tambang nikel di Raja Ampat terhadap lingkungan dan kehidupan masyarakat setempat.

“Pemerintah bertanggung jawab atas kerusakan lingkungan yang terjadi di Raja Ampat, di Papua. Save Raja Ampat,” ucap salah satu pemuda yang berorasi sembari membentangkan banner. Ada tiga poster berwarna kuning dengan tulisan hitam yang mereka angkat di dalam ruangan. Spanduk itu bertuliskan “What’s the true cost of your nickel?”, “Nickel mines destroy lives” dan “Save Raja Ampat from nickel mining.”",331130,0.05428360655737705
rajaampat,2200000000,1200000,174100,3989,11400,2025-06-04 10:52:24+00:00,"Save RAJA AMPAT!! Teman” ayo bersolidaritas bersama untuk selamatkan Tanah Papua
#rajaampat #tanahpapua #greenpeace #saverajaampat #hilirisasinikel",189489,0.1579075
rajaampat,2200000000,1100000,60500,1241,2400,2025-06-11 05:01:24+00:00,Presiden cabut izin 4 tambang NIKEL di Raja Ampat? Masih sisa 1?,64141,0.05831
rajaampat,2200000000,6700000,791000,10700,45800,2025-06-08 12:12:42+00:00,"Apa yang dulu diucapkan pak Anies kini mulai terbukti dan menjadi kenyataan.
Bahwa tiadanya keadilan ditanah Papua. sampai sekarang, hingga kini Raja Ampat dimanfaatkan demi keuntungan para oligarki.
#saverajaampat 
@Anies Rasyid Baswedan

#aniesbaswedan #foryoupage #fyp",847500,0.12649253731343282
rajaampat,2200000000,15100,728,4,141,2025-10-14 14:24:31+00:00,"Hamparan terumbu karang yang cantik dengan air yang tenang dan jernih, dimana lagi kalau bukan di surga terakhirnya Indonesia. Welcome to Raja Ampat! 🥺✨

📍Misool, kab Raja Ampat, Papua Barat Daya 

#papua #rajaampat #misool #papuaviral #pesonaindonesia",873,0.05781456953642384
rajaampat,2200000000,26500,1009,27,65,2025-09-27 08:17:45+00:00,"Salah satu tempat paling cantik di Misool, Raja Ampat. Kalian harus bgt kesini kalau lg ada di Misool! Karena viewnya beneran unreal banget 🥺✨

📍Bal Bulol, kab Raja Ampat, Papua Barat Daya

#rajaampat #misool #balbulol #explorepapua #wonderfulindonesia",1101,0.041547169811320755
rajaampat,2200000000,197400,8747,63,876,2023-09-05 08:46:05+00:00,Paradise 🇮🇩⚓️ #rajaampat #papuabaratdaya #fyp,9686,0.049067882472137794
rajaampat,2200000000,67200,597,57,162,2025-06-06 15:46:45+00:00,begini lah kondisi raja ampat yg sekarang #severajaampat,816,0.012142857142857143
rajaampat,2200000000,3600000,425100,2257,1316,2022-06-22 03:07:55+00:00,Aquaboy 🔱 #indonesia #papua #rajaampat,428673,0.11907583333333334
rajaampat,2200000000,4342,118,7,46,2024-04-24 11:56:46+00:00,"QUANTO CUSTA viajar para Raja Ampat?

Raja é um arquipélago na Indonésia formado por 1500 ilhas e ilhotas, sendo as 4 maiores delas: Waigeo, Misool, Batanta e Salawati.

Escolhemos dessa vez conhecer a Ilha de Misool e nada disso seria possível sem todo o suporte do @asrielkein da @rajaampattraveller 

Assiste o vídeo e volta aqui pra me contar o que achou do valor. Aproveita e já marca quem vai contigo nessa aventura. 

#rajaampat #misool #indonesia #asia #traveltheworld #dji #djiglobal #dicasdeviagem @Asriel Kein 
@Georgina Rodríguez",171,0.03938277291570705
rajaampat,2200000000,8336,471,52,40,2025-09-15 13:06:35+00:00,"meantime, this is us lost in the middle of the papuan sea in the most remote gem in the world : Kri, Raja Ampat 🫶

#rajaampat #travel #indonesia🇮🇩 #kri #girl @Megane",563,0.0675383877159309
rajaampat,2200000000,57900,2014,123,118,2025-04-20 03:58:29+00:00,"Sorido nya Raja Ampat
#everyone #fyp #rajaampat #papuabaratdaya",2255,0.03894645941278066
rajaampat,2200000000,2310,223,1,15,2026-03-31 08:52:26+00:00,Hello Raja Ampat🥰🤿🐟🐠,239,0.10346320346320347
rajaampat,2200000000,286300,9649,172,968,2025-02-01 10:37:30+00:00,#pointshark #conservation #island #amazing #relax #floating #papuabaratdaya #sorongtiktok #rajaampatislands ☺🏝🛥🏖,10789,0.03768424729304925
rajaampat,2200000000,3358,99,0,7,2026-03-01 10:00:00+00:00,"POV: You just arrived at the gates of heaven on earth—Raja Ampat 

Leave the crowds behind and step aboard Nayara, a boutique phinisi blending modern elegance with deep Indonesian roots. Imagine a daily adventure among the Wayag islands, then returning to your private bathroom with bathtub for a sunset soak. With a sprawling deck with comfort sofa, every second on this exclusive phinisi charter in Raja Ampat is pure indulgence. 

Choose Private Yacht Charter Raja Ampat 2026 for the ultimate escape.

#SailKomodoLuxury #LuxuryOceanLiving #PrivateYachtCharter #luxurytravel #rajaampat",106,0.03156640857653365
rajaampat,2200000000,797,66,2,0,2026-01-29 10:44:08+00:00,"Gam bay Raja Ampat 

#rajaampat #gambay",68,0.08531994981179424
rajaampat,2200000000,891500,29800,1451,2364,2025-06-08 03:13:27+00:00,#CapCut Papua bukan tanah kosong selamat Papua!! saverajaampat! #saverajaampat #fyp #foryou #,33615,0.03770611329220415
marotai,52700,108100,11200,66,1006,2026-02-09 08:54:42+00:00,"Morotai, Maluku Utara ✨
.
.
#morotai #malukuutara #dronevideo #dronefootage #aerialdrone",12272,0.1135245143385754
marotai,52700,12400,454,43,46,2026-05-30 14:43:57+00:00,🌪️ParoMaHoso##morotaipride🔥💫🏝 #fyp #morotai,543,0.043790322580645163
marotai,52700,40900,2536,97,507,2026-04-16 03:43:10+00:00,#morotai #morotaiisland #morotaipride🔥💫🏝 #pln #pln_indonesia,3140,0.07677261613691931
marotai,52700,201400,10600,499,1704,2025-04-05 05:31:12+00:00,"🥰🔥
#morotai #morotaipride🔥💫🏝 #pulaudodola",12803,0.06357000993048659
marotai,52700,425600,24000,358,3182,2025-03-23 02:53:47+00:00,"masi bnyk lgi wisata yg lain 😭
#wisata #morotai #healing 
#malukuutara #fypage #masukberanda #xybca",27540,0.06470864661654135
marotai,52700,74500,3152,145,559,2025-07-05 05:28:14+00:00,"tur kota❌
tur pulau✅

Sebenarnya bisa dapetin lebih dari 3 pulau kalau mau, tapi gue biasanya cukup eksplor 3 pulau ini aja. Masing-masing pulau punya cantik dan ciri khasnya tersendiri.
Pokoknya setiap pulang kampung ga pernah absen buat tur pulau🏝️

#morotai #morotaipride🔥💫🏝 #morotaiisland #exploremorotai #morotaibeach #exploremorotai #morotaibeach #exploremalukuutara #wisatamalukuutara",3856,0.05175838926174497
marotai,52700,24800,1395,50,231,2026-04-13 08:42:30+00:00,#morotaipride🔥💫🏝 #morotaiisland #morotai,1676,0.06758064516129032
marotai,52700,33200,2255,78,149,2026-04-26 04:17:52+00:00,"Masih ada satu klip di Morotai, pinggiran Kota Daruba😬
maaf tidak sempat ambil Video patung Presiden Soekarno🙏
Ada kah yang kangen Morotai? @💫IchaSweet🕊️ 
#tripmalukuutara #ternate #halmahera #morotai",2482,0.07475903614457831
marotai,52700,65900,6436,47,695,2026-03-27 00:25:07+00:00,pov : ada di provinsi paling bahagia di Indonesia #malukuutara #morotai #pulaudodola @Sherly Tjoanda,7178,0.1089226100151745
marotai,52700,2730,196,19,11,2026-05-06 13:53:28+00:00,"This is M O R O T A I

#morotai #freedive #apnea #fyp #CapCut",226,0.08278388278388278
marotai,52700,156900,9816,51,363,2025-10-11 12:37:14+00:00,"Bringing back this iconic song with a little hint of.. Morotai sharks 🦈🤩

#morotai #sharks",10230,0.06520076481835564
marotai,52700,131100,7437,60,984,2026-05-04 10:57:10+00:00,"Moro Ma Doto adalah resor selancar dan spa mewah yang terletak di Busobuso, Pulau Morotai, Maluku Utara. Resor eksklusif ini menawarkan pengalaman menginap di vila, suite, dan tenda, dikelilingi hutan tropis, perkebunan kelapa, dan gua batu kapur, menjadikannya destinasi yang tenang dan unik.

#malukuutara #moromadoto #morotai #pantaidodola #junglespa",8481,0.06469107551487414
marotai,52700,25900,2358,31,159,2025-12-26 17:02:26+00:00,Tanjung amerika di desa pangeo📍#morotai #fypシ゚viral🖤tiktok #tanjungamerika#fyppppppppppppppppppppppp ✌️😍,2548,0.09837837837837837
marotai,52700,9703,633,0,48,2026-05-31 04:04:26+00:00,"Udah pernah muterin pulau morotai? Gimana viewnya? 

Kalo aku “😮🥹🤩😍😅” 
Ga bisa berkata-kata, cobain dehhh

#morotaiisland #fypシ #malukuutara",681,0.07018447902710502
marotai,52700,151200,15900,255,1204,2026-01-21 00:41:47+00:00,"salah satu tempat estetik di Morotai 😍 

#morotai #dji #wonderfulindonesia #fyp #malukuutara",17359,0.11480820105820105
marotai,52700,45300,4777,53,475,2025-10-22 11:42:09+00:00,"Morotai Island

#wonderfulindonesia #morotai #fyp #dji #islandlife",5305,0.11710816777041942
marotai,52700,65600,2971,80,540,2025-10-06 10:28:57+00:00,"Intro dulu lah.. pake pembuka lagu, sisanya nanti kalo mood😂😂 #morotai #morotaiisland #dodola #jetski #jetskivideos",3591,0.054740853658536585
marotai,52700,10700,527,40,48,2026-01-31 14:41:00+00:00,@Cikgu Jai - Pemimpin Pembangunan Masyarakat N.72 Merotai 🔥,615,0.057476635514018694
marotai,52700,821,66,1,2,2026-05-21 23:55:29+00:00,"the place where I was born.
#fypmalukupride🏝🔥 #morotai #foryoupage #fypage",69,0.08404384896467722
marotai,52700,90700,3992,151,174,2026-02-22 13:20:33+00:00,"Replying to @Vhirtox Itachi 

Jalan yang lain udah aspal but rute libano ini yg agak creepy 🤏🏻🙂

#fyp #libano #pulaumorotai #indonesia #malukuutara",4317,0.04759647188533627
marotai,52700,49700,4297,59,613,2025-12-18 07:08:25+00:00,Batoboo #fyp #pantai #dodolaisland #pantaidodola #lewatbranda,4969,0.09997987927565392
marotai,52700,14000,1063,35,106,2026-05-18 09:11:25+00:00,"Membalas @iken439 Pulau Morotai pernah menjadi markas penting Perang Dunia Kedua di Indonesia timur. Kini Morotai dikenal dengan sejarah besar dan lautnya yang indah. 🌊⚔️

#Morotai #MalukuUtara #SejarahIndonesia #PerangDunia #IndonesiaTimur",1204,0.086
marotai,52700,4916,425,13,2,2025-12-20 06:23:20+00:00,Morotai pride😜💋 #morotai #tiktokviral,440,0.08950366151342555
marotai,52700,8353,416,13,1,2025-06-03 09:34:46+00:00,"Morotai 😍😍

#morotai #malukuutara #morotaiisland",430,0.05147851071471328
marotai,52700,39100,2564,30,424,2025-10-31 14:33:14+00:00,"Pulau Dodola 🤍

#morotai #dji #wonderfulindonesia #fyp #malukuutara",3018,0.07718670076726343
marotai,52700,5902,505,6,45,2026-05-29 23:57:55+00:00,"crystal blue water and white sand so biasa, 
yang ga biasa cuma harga tiket pesawatnya

#malukuutara #morotai #sherlytjoanda #morotaiisland",556,0.0942053541172484
marotai,52700,23500,557,15,56,2025-05-28 08:00:00+00:00,"Rahasia Bandara Pertama Indonesia di Morotai 

#HistoricalStories 
#Sejarah #kisahnyata",628,0.02672340425531915
marotai,52700,62000,6759,149,455,2026-05-30 15:27:41+00:00,"Masya allah, dapat momeng langkah ini😍🌪️ #morotaiisland #malukuutara",7363,0.11875806451612904
marotai,52700,37200,3767,43,180,2026-04-20 03:46:01+00:00,Morotai #morotai #explore #cinematicvideo #culture,3990,0.10725806451612903
marotai,52700,221100,10900,123,560,2024-07-24 09:33:35+00:00,izin membaca puisinya yah kak @Aksara Halmahera #morotai #aksara #puisi #menunggumudimorotai,11583,0.05238805970149254
marotai,52700,40200,4500,23,127,2026-04-08 22:43:51+00:00,"Our girls with Kiriti Marotai 

#rarotonga #teautu #cookislandsdancing #cookislands #ura",4650,0.11567164179104478
marotai,52700,8852,62,0,6,2025-08-09 05:02:59+00:00,tag lokasi Rosa hostel di marotai dekat Dom arena olahraga #nginepserudulu #hostel #rosahostel #penginapanmurah #staycation,68,0.0076818798011748755
marotai,52700,63000,6075,24,24,2025-06-14 18:17:39+00:00,"Morotai 🩵
 #fyp #sailing #traveltok #boatlife #cat",6123,0.09719047619047619
marotai,52700,8898,33,4,11,2025-09-29 05:18:33+00:00,klik tag lokasi Asoka luxury hotel di marotai dekat Antasari bandar Lampung #jelajahhotelakhirpekan #hotel #staycation #promohotel #bandarlampung,48,0.005394470667565745
marotai,52700,18800,2021,48,148,2026-02-06 01:39:36+00:00,"Sunset ✨
#fyp #sunset #senja #morotai #malukuutara",2217,0.11792553191489362
marotai,52700,98100,5596,97,301,2026-02-13 23:19:05+00:00,"Pangkalan Morotai: Rahasia Kemenangan Sekutu di      Pasifik! ✈️🇮🇩
Tahukah kamu kalau nasib Perang Dunia II pernah ditentukan di Morotai, Maluku Utara?
Jenderal legendaris MacArthur mengubah pulau ini menjadi benteng udara raksasa hanya dalam hitungan minggu. Rahasianya adalah teknologi logistik ""Marston Mat""—lempengan baja yang disulap jadi landasan pacu.
Lebih dari 3.000 pesawat tempur pernah beroperasi dari sini! Tanpa Morotai, peta sejarah dunia mungkin akan berbeda.
Mana nih basudara dari Maluku Utara? Bangga nggak punya sejarah segagah ini? Absen di kolom komentar! 👇🇮🇩
Morotai, Maluku Utara.
 #Labdahita #Morotai #MalukuUtara #SejarahPerangDunia #WWIIHistory #DouglasMacArthur #MiliterIndonesia #LogistikPerang #MarstonMat #ArkeologiBawahLaut #WonderfulIndonesia #NorthMaluku #FaktaSejarah #ScienceBehindHistory #NusantaraPride",5994,0.06110091743119266
marotai,52700,4710,326,2,24,2026-05-27 13:28:25+00:00,Morotai islands 🏝️ kerennn #moromadotoresort #moromadoto_morotaiisland #malukuutarapride🏝🔥fypシviral #sorgadunia,352,0.07473460721868365
marotai,52700,34400,2911,31,145,2026-01-31 09:22:15+00:00,Surganya maluku utara🏝️#beach #morotai #malukuutara #fypシ,3087,0.08973837209302325
marotai,52700,2259,157,5,19,2026-05-28 09:51:07+00:00,"Pulau Morotai tidak hanya memiliki peninggalan sejarah,tetapi Morotai juga mempunyai wisata Alam yang begitu Indah .

#morotai #malukuutara #morotaiisland #morotaipride🔥💫🏝 #halut",181,0.08012394864984507
marotai,52700,16600,733,36,20,2026-05-02 08:47:10+00:00,#morotaipride🔥💫🏝 #morotai #morotaiisland #wayasemalukuutara #wayase,789,0.04753012048192771
marotai,52700,2243,52,1,0,2026-05-27 06:35:17+00:00,Wisata Air Terjun yang jarang orang ketahui di Pulau morotai #wisataairterjun #natur #morotai #malukuutara #fyyyyyyyyyyyyyyyyyyy,53,0.023629068212215783
marotai,52700,1179,101,0,1,2026-04-27 01:50:06+00:00,"Keindahan morotai di bibir Pasifik 
#morotaiisland #beachvibes 
#mainbola #fyp #fypviralシviral",102,0.08651399491094147
marotai,52700,2504,106,11,0,2026-05-05 04:34:25+00:00,cooking class@moromadoto resort morotai#moromadoto_morotaiisland #healing ##honeymoon #relaxing #education,117,0.04672523961661342
marotai,52700,5335,240,6,13,2025-06-28 23:24:48+00:00,"Opa karass le 🔥 

📍 Pulau Saminyamau - Morotai
#saminyamau #pulausaminyamau #morotai #exploremorotai #wisatamorotai #janggalojo",259,0.04854732895970009
marotai,52700,5609,467,8,16,2026-01-27 22:06:40+00:00,"Wonderful Morotai 
#morotai #wonderfulindonesia #pesonaindonesia #cinematicvibes #malukuutara",491,0.08753788554109466
marotai,52700,10500,423,13,12,2025-07-17 10:39:14+00:00,Museum Perang Dunia 2 di Morotai #museum#perangdunia2 #morotai #fypシ #fyppppppppppppppppppppppp,448,0.042666666666666665
marotai,52700,30200,2197,124,56,2025-11-21 23:30:23+00:00,"OMG salah satu pulau yang masuk bucket list gw untuk gw kunjungi. Walaupun gak pure wisata karena tujuan utamanya kerja, but setidaknya udah pernah ke Morotai. Lets explore Morotai 😍
.
.
#morotai 
#daruba 
#wisatasejarah 
#malukuutara 
#indonesia",2377,0.07870860927152318
marotai,52700,76800,7370,58,289,2025-12-21 17:41:45+00:00,"Mutiara di bibir pasifik 

#explore #morotaiisland #morotai #cinematicvideo",7717,0.10048177083333333
marotai,52700,13700,1516,6,57,2025-07-15 10:30:31+00:00,"Lost in paradise, found in Morotai 🫀🙌🏻🌴 #rameramekemorotai #morotaivibeschallange #morofest #morofest2025 @Morotai Festival",1579,0.11525547445255474
marotai,52700,2893,196,9,9,2026-05-06 08:45:42+00:00,"Morotai 

#sunset #morotai #malukuutara #senja",214,0.07397165572070515
marotai,52700,1143,111,3,2,2026-02-19 02:23:28+00:00,"Pulau galo-galo kecil ! 
#fyp #island #viral #morotai",116,0.10148731408573929
marotai,52700,11500,1270,28,44,2026-01-29 11:04:54+00:00,"Terlalu indah 😍
#fyp #senja #sunset #morotai #malukuutara",1342,0.11669565217391305
marotai,52700,968,182,6,18,2026-04-10 11:56:42+00:00,"Menikmati Alam dan santai sejenak di Pulau Morotai

Pesona Biru Morotai,
Membawa bekal buah kenari, 
Sungguh memikat laut Morotai, Beningnya air bak cermin diri.

#laut
#alam
#morotai
#pulaumorotai
#malukuutara",206,0.2128099173553719
marotai,52700,740,70,5,0,2025-12-14 06:54:25+00:00,今日は気温が低いから湯気がもくもく暖かいね〜😊#可愛い猫 #cat #可愛い家族 #温泉 #japan,75,0.10135135135135136
marotai,52700,5088,247,1,4,2025-07-27 03:30:05+00:00,"#fyp lewat beranda 
sehat2 di kesatuan baru 822 satria magawe #morotai",252,0.049528301886792456
marotai,52700,3372,145,16,4,2023-10-28 00:50:03+00:00,"daerah paling enak buat tinggal Maluku Utara
#morotai 
#malukuutara 
#tempattinggal 
#malukupride",165,0.04893238434163701
marotai,52700,5511,36,1,235,2022-09-04 08:51:44+00:00,Sejaraj Morotai di era Perang dunia ke II #morotai #sejarahindonesia #pulaumorotai #fypシ゚viral #masukberandafyp #viral,272,0.04935583378697151
marotai,52700,7485,109,4,13,2025-07-31 04:56:07+00:00,tag lokasi Rosa hostel di marotai Antasari ambil promo nya tag lokasinya #rosahostel #hostel #penginapanmurah #penginapan #staycation,126,0.016833667334669337
marotai,52700,5404,8,7,14,2025-09-15 06:17:03+00:00,klik tag lokasi morest hotel pulau marotai bandar Lampung #jelajahhotelakhirpekan #hotel #staycation #bandarlampung #promoseruweekend,29,0.00536639526276832
marotai,52700,1314,20,0,1,2025-12-13 05:32:32+00:00,"ibu sherly di pulau marotai
pulau penuh kenangan

#pulau #sherly #malukuutara #sherly",21,0.01598173515981735
marotai,52700,4844,289,1,0,2026-04-07 11:51:47+00:00,Short trip to Morotai #fyppppppppppppppppppppppp #wonderfulindonesia #exploremorotai #dodolaisland #malukuutara,290,0.05986787778695293
marotai,52700,1061,58,0,3,2026-04-03 12:00:00+00:00,Morotai Surga tersembunyi di maluku utara,61,0.057492931196983975
marotai,52700,3387,226,9,9,2026-05-02 07:32:02+00:00,"Sunset 😍

#fyp #viral #sunset #senja #morotai",244,0.07204015352819604
marotai,52700,160400,8673,87,498,2026-02-15 23:01:14+00:00,"BESI PERANG YANG MENJADI ISTANA 🧜‍♂️⚓ Ternyata rahasia laut Morotai jauh lebih dalam dari sekadar sejarah. Ribuan kendaraan tempur yang tenggelam kini jadi ""pabrik"" kehidupan laut tercanggih di dunia. Sains membuktikan: Alam punya caranya sendiri untuk memaafkan masa lalu. Menurutmu, lebih baik diangkat ke museum atau biarkan jadi rumah ikan? Komen di bawah ya!",9258,0.057718204488778055
marotai,52700,4419,578,27,4,2026-04-28 09:32:56+00:00,"Weekend disini liat sunset sambil ngopi 😍

#fyp #viral #malukuutara #morotai #nonatimur",609,0.13781398506449424
marotai,52700,1337,111,2,1,2025-09-30 14:15:05+00:00,"Morotai island

#cinematicvideo #fyp #wonderfulindonesia",114,0.08526551982049364
marotai,52700,34700,2630,119,190,2026-04-24 13:09:26+00:00,"Mampi sejenak di Kab. Morotai
Yang rindu morotai
#tripmalukuutara #morotai",2939,0.08469740634005764
marotai,52700,17800,1754,16,87,2026-01-29 08:39:54+00:00,"Home!

#morotai #islandlife #fyp #malukuutara #wonderfulindonesia",1857,0.10432584269662921
marotai,52700,26700,2706,19,173,2026-01-23 16:26:47+00:00,"This is morotai
#expolore #morotaiisland #traveling #fyppppppppppppppppppppppp #pesonaindonesia",2898,0.10853932584269663
marotai,52700,8048,830,5,28,2026-03-06 09:45:47+00:00,"📍Pulau Mitita, Morotai - Maluku Utara.
#morotai #explore #indonesia",863,0.10723161033797217
marotai,52700,360,40,1,0,2026-01-09 05:33:51+00:00,"nginep disini cocok bngt buat kalian kalian yg cari hotel singgah soalnya budgetnya murrrrrah bgt 😍
#BestHotelEver #WinkOfWinner #explorelampung #rosahostel #hotellampung",41,0.11388888888888889
marotai,52700,1915,116,3,0,2025-08-16 00:09:08+00:00,"#Bagian1 Morotai, pulau perbatasan Indonesia dengan samudra Pasifik, pernah jadi Medan perang. dunia ke ll.",119,0.062140992167101824
marotai,52700,20000,1779,17,171,2026-04-26 11:43:50+00:00,"Morotai seindah ini dan kalian masih tetap dirumah, payah banget ! 
#island #fyp #viral #trending #morotai",1967,0.09835
marotai,52700,24900,769,19,107,2025-11-28 09:17:05+00:00,"kalau ada  yang punya rencana liburan atau kegiatan di Pulau Morotau Maluku utara,menginap di sini aja gaes,Moro Ma Doto Resort & Spa Pulau Morotai Maluku Utara,kebetulan ditiktok ada diskon 10% sampai desember dengan memasukkan kode AGDTTID, untuk pesan booking klik tag lokasi warna hijau dibawah ini dan tukarkan bukti pembayaran
#hoteltopnovember #moromadoto_morotaiisland #moromadoto #moromadotoresort #pulaumorotaimalukuutara",895,0.03594377510040161
marotai,52700,7448,172,5,21,2024-08-23 11:26:35+00:00,"THIS IS MOROTAI, MALUKU UTARA.

Indonesia Timur menyimpan begitu banyak keindahan alam yang masih alami dan memiliki pemandangan landscape yang sangat cantik.

#morotaipride🔥💫🏝 #pesonaindonesia #morotaipunya #fypシ゚viral #viraltiktok #morotai #CapCut",198,0.026584317937701395
marotai,52700,9712,1076,3,74,2026-04-25 15:40:10+00:00,A magical wonder awaits on Morotai Island.,1153,0.11871911037891268
marotai,52700,16400,431,21,52,2026-01-06 20:44:30+00:00,"Moro Ma Doto, Morotai Island",504,0.03073170731707317
marotai,52700,2689,53,1,21,2026-03-28 09:46:13+00:00,"The best Resort in Morotai 
🏝️🫶☀️🏄🏻‍♂️🛖😳

@Moro Ma Doto  
#moromadoto #morotaipride🔥💫🏝 #malukuutarapride🏝🔥fypシviral",75,0.027891409445890667
marotai,52700,6769,559,7,46,2026-02-11 15:23:02+00:00,"Morotai Maluku Utara 
#morotaipride🔥💫🏝 #fpy #wisataalam",612,0.09041217314226621
marotai,52700,11900,512,1,45,2025-12-12 06:52:09+00:00,"Dari Pantai yang indah hingga situs sejarahnya, Morotai siap memanjakan liburanmu! yuk rame rame ke Morotai @pemda.morotai 
#Morotai #WisataMorotai #PelatihanMediaHumas",558,0.04689075630252101
marotai,52700,1925,112,15,0,2026-02-02 05:54:37+00:00,"Terlalu indah 😍
#fyp #morotai #malukuutara #senja #sunset",127,0.06597402597402598
marotai,52700,78000,2839,70,199,2025-05-03 18:54:04+00:00,"Info untuk masyarakat kab Morotai kita di sini sampai tanggal 31 Mei ya ,yang belum mampir langsung buruan main” bareng kami #putraremaja #pasarmalammorotai #putraremajatidore #morotai #morotaipride🔥💫🏝",3108,0.039846153846153844
marotai,52700,555,35,7,0,2026-03-02 07:17:24+00:00,"#creatorsearchinsights 
Katanya cuma legenda, Tapi Kenapa lautnya bisa bercahaya sendiri 😨. Di Morotai, nelayan dulu sering lihat bayangan besar lewat dibawah perahu. Terus muncul cahaya misterius yang sempat Viral.
Itu beneran Hantu Laut atau cuma Plankton bercahaya ?😱🫣
#Fyp
#Morotai
#Faktaunik
#exlporMaluku",42,0.07567567567567568
marotai,52700,3748,94,9,52,2026-05-26 14:59:23+00:00,"jangan lupa beli doyy,lokasi di sebrang mie gacoan marotai #rparfum #fyp",155,0.04135538954108858
marotai,52700,722,113,11,1,2025-01-02 04:01:25+00:00,"長男マロくんは湯気が好き♨️
気持ちいいね〜
#cat #可愛い猫 #可愛い家族 #猫 #温泉 #japan",125,0.1731301939058172
marotai,52700,461,81,0,0,2023-01-02 11:49:54+00:00,#保護猫 #catsoftiktok #猫可愛い,81,0.175704989154013
marotai,52700,245,66,1,0,2021-02-28 03:07:10+00:00,長男マロ兄さん〜マタタビ大好き❤#猫きょうだい #catsoftiktok #可愛い猫 #保護猫 #猫 #楽しい毎日 #catlove #可愛い猫の動画 #kittensoftiktok #楽しい毎日を過ごそう #ねむねむにゃー #catlover,67,0.27346938775510204
marotai,52700,2310,72,9,2,2025-01-01 17:11:53+00:00,"エビ餅出来上がるよ〜
#餅つき #餅 #mochi #正月 #かき餅#japan",83,0.03593073593073593
marotai,52700,801,66,20,5,2026-03-31 21:14:00+00:00,nossa rs ☝🏻 #anygabriell #mulherdepreso🔓🕊👫💍 #viral #edit,91,0.1136079900124844
marotai,52700,3781,75,3,2,2023-12-28 01:48:02+00:00,"Morotai, pulau sejarah yang mempesona,
Tempat di mana jejak waktu merajut kisah nan indah.
Lautan biru memeluk pantainya dengan lembut,
Seolah mencium saksi bisu zaman yang terlewat.

Di bawah sinar matahari yang hangat,
Batu-batu purba bercerita tentang kejayaan masa silam.
Sejarah Morotai, seperti lukisan di dinding waktu,
Menghadirkan keagungan dan keajaiban yang tak terlupakan.

Dahulu, pulau ini saksi bisu panggung perang dunia,
Kini, pesonanya mengundang peluk alam yang damai.
Pulau Morotai, pelukan sejarah yang abadi,
Menyimpan rahasia dan keindahan dalam setiap deburan ombak.

Mari merenung di Morotai, pulau sejarah nan memikat,
Di mana masa lalu dan masa kini berdansa serasi.
Tempat yang mengajarkan kita tentang ketahanan dan perdamaian,
Morotai, pulau yang terpahat dalam hikayat indah Nusantara. 🏝️ #Morotai #SejarahMempesona",80,0.02115842369743454
marotai,52700,13600,1447,53,22,2025-02-01 03:31:43+00:00,#jjcapcut #malukuutara #morotai #fypシ゚,1522,0.11191176470588235
marotai,52700,438,23,2,2,2024-11-21 20:15:31+00:00,"Kata-kata untuk orang Morotai
""Perbedaan adalah Dasar untuk kita membangun Daerah""
#morotai 
#pilkadasehat",27,0.06164383561643835
marotai,52700,3344,288,26,3,2025-07-27 17:38:30+00:00,#MOROTAI,317,0.09479665071770335
marotai,52700,484,89,0,0,2023-01-02 11:57:15+00:00,#保護猫 #catsoftiktok #猫可愛い,89,0.18388429752066116
marotai,52700,872,91,3,0,2023-01-02 11:59:42+00:00,#保護猫 #catsoftiktok #猫可愛い,94,0.10779816513761468
marotai,52700,2455,35,1,12,2026-06-02 08:40:38+00:00,"🚨Tension reportedly erupted in Ibeju-Lekki after some men were allegedly found with cash, a dagger, and a bullet belt, sparking suspicions among residents 😭

Follow for more Exclusive updates! @cruizinc

#cruizinc #nigeriantiktok🇳🇬 #streamers #awareness #fypシ゚viral",48,0.019551934826883912
marotai,52700,1610,195,51,7,2026-02-02 07:20:09+00:00,OOTD in Yoruba. Ijesha edition #Marotana #ootd #yorubatiktok #fyp,253,0.15714285714285714
marotai,52700,8482,1065,92,43,2026-04-27 12:47:38+00:00,Respuesta a @🇳🇮💙start sky🇺🇸❤️ 🇳🇮💙 gracias por el apoyo #nicaragua🇳🇮 #rap,1200,0.14147606696533838
marotai,52700,5293,833,116,116,2026-05-23 12:39:27+00:00,Replying to @ermiasman16 @Johne Keyboaradst🎹 ዘማሪ Dani Ganata💐🎹💐🎹💐🎹💐🎹💐🎹💐🎹💐🎹💐🎹💐🎹💐🎹💐🎹💐🎹💐🎹💐🎹💐🎹,1065,0.20120914415265445
marotai,52700,589100,8671,76,212,2025-12-23 18:05:24+00:00,🎅🏻 #cosplay #ryukomatoi #animegirl,8959,0.015207944321846885
marotai,52700,1623,59,0,0,2021-02-01 01:20:02+00:00,#猫 #保護猫 #猫きょうだい #cat #catsoftiktok #kitten #catlover #kittensoftiktok,59,0.036352433764633395
marotai,52700,8324,200,2,21,2025-04-28 20:35:09+00:00,Wonderland in nature 🌳🍃🪾🍂 — #airkaca #airkacadaloha #airkacamorotai #wisataairkaca #wisatamorotai #morotai #northmoluccas #northmaluku #malukuutara #julsislife #julabels #julabelsid #julabelsindonesia #syimzhu,223,0.026790004805382028
marotai,52700,205,37,0,0,2021-03-06 02:33:51+00:00,もうなめなめお終い？#猫きょうだい #catsoftiktok #可愛い猫 #保護猫 #猫 #楽しい毎日 #catlove #可愛い猫の動画 #ねむねむにゃー #ねむねむ #子猫 #kittensoftiktok #楽しい毎日を過ごそう #catlover #ちょいちょいちょいちょい #猫添い寝 #,37,0.18048780487804877
marotai,52700,57500,2687,61,348,2025-05-12 10:01:31+00:00,"Explore the rich underwater world of North Maluku with me! 

#freedivetrip #northmaluku #ternate #morotai",3096,0.05384347826086956
marotai,52700,60800,2681,49,422,2025-04-16 15:33:00+00:00,Moro Ma Doto 🤩🤩 — #moromadoto #moromadotoresort #moromadotomorotai #moromadotoresorthotel #wisatamorotai #samudrapasifik #desabuhobuho #resort #resorthotel #cottage #cottagemorotai #morotai #malukuutara #northmoluccas #northmaluku #julabels #julabelsid #jalabelsindonesia #julsislife #syimzhu #ootd @JULABELS INDONESIA 💙,3152,0.0518421052631579
marotai,52700,23900,99,1,18,2023-12-31 17:53:01+00:00,#fypシ #tiktok #nature,118,0.004937238493723849
marotai,52700,195,11,0,0,2021-02-17 09:58:45+00:00,#vacationswitch #catsoftiktok #可愛い猫 #可愛い猫の動画 #保護猫 #猫 #楽しい毎日 #catsoftiktok,11,0.05641025641025641
marotai,52700,1614,57,4,4,2026-01-02 10:42:00+00:00,Welcome to Morotai Inn morotaiinn#penginapan #morotaiisland #CapCut #darame,65,0.040272614622057
marotai,52700,213,43,0,0,2021-02-11 03:47:10+00:00,仲良し兄弟ホシ兄さんとハルくん#猫 #保護猫 #catsoftiktok #猫のしっぽ #catlover #楽しい毎日 #ねむねむにゃー #cat #猫昼寝,43,0.20187793427230047
marotai,52700,1467,12,1,1,2025-11-12 15:23:11+00:00,"Black Sand Beach at Hino, East Morotai, Morotai Island Regency, North Maluku, Indonesia — #syimzhu #blacksandbeach #pantaimorotai #wisatamorotai #julabels",14,0.00954328561690525
marotai,52700,210,39,1,0,2021-02-11 00:09:39+00:00,ごろごろごろごろ楽しいね。#猫 #保護猫 #catsoftiktok #catlover #kittensoftiktok #楽しい毎日 #cat #子猫 #kitten #ねむねむにゃー,40,0.19047619047619047
marotai,52700,4013,357,6,7,2026-04-24 16:02:16+00:00,I knew Mrs Sherly Tjoanda @s_tjo when I was work at Metita Dive Resort located at Morotai Island 2021-2021 and during that time the regent of Morotai was Mr Benny Laos @benny.laos  his beloved husband.  Finally I can meet again Mrs Sherly Tjoanda Laos as North Maluku Governor,370,0.0922003488661849
marotai,52700,19400,1163,43,68,2025-09-22 10:12:11+00:00,"Moraitai | Basil Greg 🎤 Sing along!
#pngmusic #pngkaraokehits #pngtiktok🇵🇬 #pnglyrics #karaokepng #pngkaraokehits #shortsviral",1274,0.06567010309278351
marotai,52700,221,58,2,0,2021-02-10 15:23:27+00:00,仲良し兄弟愛#猫 #保護猫 #catsoftiktok #catlover #kittensoftiktok #kittensoftiktok #楽しい毎日 #cat #子猫 #kitten #眠りねこ #猫きょうだい #ねむねむにゃー,60,0.27149321266968324
marotai,52700,432,59,1,0,2023-01-02 11:46:46+00:00,"#保護猫  #catsoftiktok 
#猫可愛い",60,0.1388888888888889
marotai,52700,940,49,4,2,2024-12-20 17:48:26+00:00,"one of 17.000 Indonesia Island, The Dodola, Morotai
#surfing #pantai #malukuutara #indonesia #laut",55,0.05851063829787234
marotai,52700,267,30,0,0,2021-02-17 08:51:42+00:00,夜中に何やらしてます〜！#猫 #保護猫 #catsoftiktok #猫のしっぽ #猫のしっぽ #catlover #楽しい毎日 #kittensoftiktok,30,0.11235955056179775
marotai,52700,22900,1517,11,215,2025-06-15 08:09:20+00:00,📍Pantai Army Dock #malukuutara #morotai #sunset,1743,0.07611353711790393
marotai,52700,14700,284,21,47,2023-02-21 02:56:36+00:00,"Keliling 3 pulau dalam 1 hari di Morotai? Bisa dongggg.

#morotai #morotaiisland #pulaumorotai #exploremorotai #morotaimalukuutara #malukuutara #exploremalukuutara #wisatamorotai #wisatamalukuutara",352,0.02394557823129252
marotai,52700,5805,824,4,9,2025-05-31 19:21:02+00:00,"POV: You dive in North Moluccas | Ternate & Morotai Island °:•.🐠

One of the most breathtaking dives I've ever experienced!! Truly felt like I was diving in heaven 🩵

#MalukuUtara #Ternate #Morotai #Dive #Scuba",837,0.14418604651162792
marotai,52700,680,44,0,0,2023-01-02 11:51:56+00:00,#保護猫 #catsoftiktok #猫可愛い,44,0.06470588235294118
marotai,52700,17300,860,24,107,2025-04-20 01:32:31+00:00,"Seharian di Morotai bisa explore ke beberapa pulau indah dan bisa dive, freedive atau kalian yg cuman mau snorkeling sja,

Kalau kalian liburan ke Morotai dan mau trip ke semua pulau yg ada di sekitaran morotai bisa ya DM ke IG : Yomenpic 

Jangan sampai kelewatan, yuk seru-seruan explore Morotai!
#morotai #exploremorotai #malukuutara #indonesia #pantai #PantaiCantik",991,0.05728323699421965
marotai,52700,3787,274,17,28,2026-03-13 03:36:18+00:00,"🌎🫧🍃

📍Air Terjun Nakamura, Pulau Morotai, Maluku Utara

#morotai #pesonaindonesia #fyp",319,0.08423554264589385
marotai,52700,872,72,1,0,2023-01-02 11:54:56+00:00,#保護猫 #catsoftiktok #猫可愛い,73,0.08371559633027523
marotai,52700,8487,257,16,8,2025-11-17 14:16:35+00:00,"Maldives❌️
North Maluku Indonesia✔️

semoga kita ada rejeki lagi untuk kesini yaaaa... pantainya cantik2 banget MasyaAllah. 
minus nya cuma satu, ticket pesawatnya mahal polll🥲

#moromadoto #morotai #pesonaindonesia #resort #island",281,0.0331094615293979
marotai,52700,22,2,0,0,2026-05-29 00:32:15+00:00,#Siempre rifando en grande🥷🏻🤘,2,0.09090909090909091
marotai,52700,4729,381,5,11,2026-05-04 05:15:00+00:00,"la marota 
#lamarasalvatrucha #flowsalvatrucha #culturasalvatrucha #marasalvatrucha13 #salvatruchaculture",397,0.0839500951575386
marotai,52700,141500,3578,251,94,2024-07-19 19:44:52+00:00,Ryuko matoi vs deku #edits #anime #killlakil #myheroacademia #ryukomatoi #deku,3923,0.027724381625441698
marotai,52700,2595,59,6,15,2023-03-14 22:54:51+00:00,"This was always cravings when I was pregnant, NO I’m NOT pregnant 😂 🇵🇷but im craving 😅#elrinconcitode_ivy #marota #funche #arinademaiz #myway #fyp #formyfollowers #parati #tiktokfood #foryourpage #nursecooking #tiktokfoodies #foodiegirl#🖤🤍",80,0.030828516377649325
marotai,52700,714,88,11,0,2026-04-17 02:25:47+00:00,Little review for some perfumes I bought from Morari perfumes! @Vika #morariperfume #pefumetiktok #indieperfume,99,0.13865546218487396
marotai,52700,1609,152,12,7,2026-03-21 22:17:25+00:00,"Si creciste sin papá… sabes que esto no es música
es una herida que nunca se fue
¿o me equivoco?",171,0.10627719080174021
marotai,52700,1141,107,8,1,2026-02-18 01:52:09+00:00,#livehighlights #tiktoklive,116,0.1016652059596845
marotai,52700,579,29,3,0,2025-09-18 06:34:09+00:00,#m9tari #hsdxd #scalejugg #animejugg #viralfypシforyoupage,32,0.055267702936096716
marotai,52700,42800,3333,9,89,2026-05-02 23:44:54+00:00,"좀 더 사랑받고 싶어 오우 예
.
#MOTTAI #노래추천 
#번역기사용해서틀릴수도있어요 
#피드백환영 #추천떠라",3431,0.08016355140186916
marotai,52700,119300,1651,22,55,2025-10-05 21:11:37+00:00,BAHSHHAHAHAHAHAHAHAHHAHAHAHAHAHAHAHAHAHAH#fyp #ryukomatoi #music,1728,0.014484492875104778
marotai,52700,1996,116,14,11,2026-03-11 17:02:36+00:00,Participeeeeen. Ya saben la jugada #RapChallenge #tiktoklive #Marotarap #FreestyleRap #hiphop,141,0.07064128256513026
marotai,52700,1114,141,24,16,2024-12-11 01:08:45+00:00,"Hoy escribí esto por la tarde. Gracias a quienes me siguen por mi música. Si no fuera por ustedes ya lo hubiese dejado hace rato. El Viernes 13 hay video.
#Rap #Miami #Nicaragua #RapLatino #Freestyle #ArtistaIndependiente #Viral",181,0.16247755834829444
marotai,52700,1630,268,53,218,2026-05-30 13:38:37+00:00,Replying to @dev.man92 @👉Johne 🎹📖🎹📖🎹📖🎹📖🎹📖🎹📖🎹📖🎹📖🎹📖🎹📖📖🎹📖🎹📖🎹📖🎹📖🎹📖🎹📖🎹📖🎹💗🎹📖🎹,539,0.33067484662576685
marotai,52700,313,21,2,1,2026-06-02 13:08:38+00:00,@🦎𝗺𝗮𝗿𝗶𝗮.𝗺𝗮𝗿𝗼🅣777🅜🦎 Σας ευχαριστώ για τη συντροφιά σας στην πορεία.,24,0.07667731629392971
marotai,52700,427,17,0,0,2026-06-02 18:29:51+00:00,"Last night, I was talking to a Muay Thai athlete who recently had hernia repair surgery

He’s been avoiding the weights to allow the mesh to heal

But he’s still training muay thai and throwing switch kicks 

Make it make sense 

Combat sport athletes need to understand that the gym comes before the mats in injury rehab

Scared of controlled lifts at the gym? 

You are in no shape to be on the mats 

Pain is a poor indicator of whether or not an injury is healed 

You not taking the time to properly strengthen and test your body before getting back to training is why you keep getting hurt 

Here at The Grappling Doc, we make sure all of our athletes smash their recovery milestones and testing before we give them the OK to train again 

If you want to learn more about our process from injury rehab to being comp ready, DM us MAT RETURN and we will reach out!
#grapplingdoc #longevity #bjj #judo #strengthtraining",17,0.03981264637002342
marotai,52700,435,14,0,0,2026-02-19 17:44:25+00:00,Third Muatori Edit 🙇‍♂️ #Muatori #viralvideo #edit #fyp #foryoupage,14,0.03218390804597701
marotai,52700,112,0,0,0,2026-04-22 07:29:33+00:00,𝑰 𝒄𝒂𝒏’𝒕 𝒘𝒂𝒊𝒕 𝒕𝒐 𝒈𝒆𝒕 𝒂𝒘𝒂𝒚 𝒂𝒏𝒅 𝒓𝒆𝒔𝒕. 𝑰’𝒎 𝒓𝒆𝒂𝒍𝒍𝒚 𝒍𝒐𝒐𝒌𝒊𝒏𝒈 𝒇𝒐𝒓𝒘𝒂𝒓𝒅 𝒕𝒐 𝒃𝒆𝒊𝒏𝒈 𝒉𝒆𝒓𝒆 𝒂𝒈𝒂𝒊𝒏—𝒋𝒖𝒔𝒕 𝒂 𝒘𝒊𝒔𝒉 𝒇𝒐𝒓 𝒏𝒐𝒘.#elnidopalawanphilippines  #highlights  #summervibes  #rest  #lovethisplacesomuch  c,0,0.0
marotai,52700,14000,1102,68,24,2024-05-23 22:57:31+00:00,La tiradera más dura que ha hecho un Nicaragüense. Me retiro del rap. Disponible mañana. #Nicaragua #Rap #Tiradera #Miami #Freestyle #raplatino,1194,0.08528571428571428
marotai,52700,71300,9131,180,846,2026-04-01 23:16:34+00:00,✨👀✨ @twitch.tv/upminaa @jucyfox @Muatori @❦𝘚𝘬𝘺𝘦❦ @Bel / Bebilenok <3 @mikasa su casa ♡ @princess ❤︎ @smeeps @うらみく #teto #vocaloid #cosplayergirl #cosplayer #edit,10157,0.14245441795231417
marotai,52700,189400,35100,686,5770,2026-01-09 18:50:27+00:00,"filler post. im goinf to sleep.
 
i love the haikyuu fandom bro 😳😳 thanks for the idea 😳😳
 
i love that video of neteyam dancing @merl animation by hiku on twitter
THIS IS THE VIDEO I AM REFERENCINF BTW@😼 
 
TAGS :: #avatarthewayofwater #avatarfireandash #marotxo #funny #avatar 
 
tagging moots ! :: @tiri | ao’nung glazer @Liv 💿 | Neteyam's glazer @nete / teyam ! @riley @eren🪼 @ev🪼 (aonungs version) @Mikaᯓ★ @Lilo˚˖𓍢ִ໋❀ @eylα ✿ @𝐩𝐡𝐢𝐚 @izzi ᥫ᭡ @𝓠uinn idk who else i kinda forgot
 
engagesemmt bait :: loak lo’ak tsireya aonung aounung ao’nung aou’nung neteyam aonete aounete loreya im entering flowstate rn guys tuktirey tuk rotxo kiri kirtxo rotiri neytiri jakesully jake sully jeytiri nake neke idk tonowari ronal jawari tonake quaritch varang quarang quarjake quarake idk varytiri veytiri reytiri idfk anymore lyle norm grace wainfleet getmeoutofthiscycle",41556,0.21940865892291447
marotai,52700,139700,3472,97,63,2026-03-16 10:30:15+00:00,"Klu tra mau badan tagepe, Diet dulu baru bisa masuk kesini
#Morotai #pulaumorotai #malukupride🏝🔥 #Gua Aru Pangeo",3632,0.025998568360773085
marotai,52700,68600,6836,32,500,2025-07-27 00:14:39+00:00,#CapCut welcome to #morotai #fyp,7368,0.10740524781341108
marotai,52700,1233,99,3,0,2026-05-14 08:49:27+00:00,"#lalayonmalukuuatara 
#morotai 
#malukuutara 
#fyp #CapCut",102,0.0827250608272506
marotai,52700,46400,3603,51,245,2025-11-06 10:51:23+00:00,"Pantai Gorango. Morotai
.
.
#gorango #pantaigorango #morotai #dronefootage #malukuutara",3899,0.0840301724137931
marotai,52700,999,87,4,1,2026-04-20 14:21:21+00:00,Bumi moro.#morotai #daruba #fypage #tiktokviral,92,0.0920920920920921
marotai,52700,4267,113,0,7,2024-03-22 19:09:02+00:00,#hut #morotai #sailmorotai #malukuutara #morotai,120,0.028122802906022967
marotai,52700,3494,143,7,18,2026-05-12 02:42:56+00:00,#pestagacor🎉💃 #morotaipride🔥💫🏝 #lewatberandafyp#fypfyypシ,168,0.048082427017744706
marotai,52700,113700,10400,59,724,2025-05-11 13:22:47+00:00,#fyp #morotai #airterjun,11183,0.09835532102022868
marotai,52700,36100,2952,31,222,2026-01-11 08:01:50+00:00,Patung IR.soekarno di morotai📍🥳#patung#irsoekarno#daruba#viraltiktok #fypdongggggggg 🥳📍,3205,0.08878116343490304
marotai,52700,14900,190,10,58,2025-05-20 04:59:07+00:00,"MOROTAI, MALUKU UTARA - Pantai Army Dock #morotaiisland #morotai #armydockmorotai #armydock",258,0.01731543624161074
marotai,52700,58900,4586,157,319,2026-04-19 06:06:49+00:00,#pulaumorotai🇧🇷 #brazil🇧🇷 #vibes🤩 #halmaherautara #maluku,5062,0.08594227504244482
marotai,52700,18000,599,12,47,2026-04-24 07:19:20+00:00,#CapCut #malukuutara #ternatevideo #pulaumitita #morotai,658,0.036555555555555556
marotai,52700,15300,756,31,46,2026-02-13 02:27:20+00:00,Membalas @figri2000 #morotai #morotaipride🔥💫🏝 ##viral #fyopppppppppppppppppppp,833,0.05444444444444444
marotai,52700,77100,3704,29,1953,2026-06-01 06:20:43+00:00,"La venenito de temu de San Miguel Allende, Gto. 🤣🤣 #fiestaspatronalessantacruzdelvalle #marotas #sanmigueldeallende",5686,0.07374837872892348
marotai,52700,230800,7058,94,423,2025-08-17 19:58:33+00:00,"pra fazer aquela limpa marota 😗
#seguidores #fyp #follower #insta #chatgpt",7575,0.03282062391681109
marotai,52700,132700,7213,553,598,2026-04-26 15:46:07+00:00,No pude entrar a la casa de Frazier #nicaragua🇳🇮,8364,0.06302938960060286
marotai,52700,2233,255,7,2,2025-04-30 00:59:08+00:00,"La Marota \,,/ en grande 😈",264,0.11822660098522167
marotai,52700,1908,20,9,2,2026-03-30 00:47:37+00:00,#الشعب_الصيني_ماله_حل😂😂 #fortnite #lamarot #trading #stealabrainrot,31,0.016247379454926623
marotai,52700,506,17,2,0,2026-04-23 06:39:09+00:00,tysm for letting me buy #fypppppppppppppppppppppp #fypシ゚viral #adoptme #selling,19,0.037549407114624504
marotai,52700,95900000,5400000,59100,206700,2024-11-15 08:11:11+00:00,"New Zealand’s Parliament was temporarily suspended after Māori lawmakers performed a haka, a traditional group dance, demonstrating their community’s anger and fear over a bill that aims to reinterpret the country’s founding treaty with its Indigenous people. #NewZealand #Haka #Maori",5665800,0.05908029197080292
marotai,52700,5755,53,4,15,2026-03-18 14:08:56+00:00,"OMBAK BESAR MENGHANTAM PELABUHAN 
#foryou #fyppppppppppppppppppppppp #morotai #morotaipride🔥💫🏝",72,0.012510860121633362
marotai,52700,36700,1053,34,210,2025-06-07 02:23:12+00:00,Wow Visit Moromadoto Resort Morotai ✈️📸🏄‍♀️💶📆#moromadoto_morotaiisland #moromadoto #morotai,1297,0.03534059945504087
marotai,52700,4824,36,26,14,2026-03-12 22:22:58+00:00,#الشعب_الصيني_ماله_حل😂😂 #fortnite #lamarot #trading #stealabrainrot,76,0.015754560530679935
marotai,52700,1846,83,1,0,2026-03-25 21:32:50+00:00,"The Matori Matrix edit

#pokemon #animeedit #teamrocket #matori #pokemonbattle",84,0.04550379198266522
marotai,52700,1757,115,9,0,2026-02-19 14:19:59+00:00,Parte 2 #livehighlights #tiktoklive #RapLatino #Nicaragua,124,0.07057484348321001
marotai,52700,912,73,3,0,2026-05-01 15:00:03+00:00,#ootd #violinist,76,0.08333333333333333
marotai,52700,125900,3448,75,108,2025-07-09 13:47:09+00:00,My Mamori tai🙈#mygirl #foryou #mamoritai,3631,0.028840349483717234
marotai,52700,1006,105,1,0,2025-07-14 01:11:10+00:00,Yall still aint hearing cux tho 🥱💯#marotw #fyp #milwaukee #itiswhatitis #freecuznem⛓️ #icantgobac #foruoupageofficiall #fuckfamily,106,0.10536779324055666
marotai,52700,738,46,2,3,2025-10-18 20:36:16+00:00,#fyp #67,51,0.06910569105691057
marotai,52700,176,10,2,0,2026-05-27 20:45:12+00:00,"A thousand nights ~ MarOTW (Unreleased)

#viral #fyp #upcomingartist #snippet",12,0.06818181818181818
marotai,52700,1347,93,18,3,2025-12-22 05:00:48+00:00,@Ocron🧐,114,0.08463251670378619
marotai,52700,233600,14000,60,255,2026-03-20 18:19:49+00:00,MUATORI RÉVÈLE L'ORIGINE DE SON PSEUDO #muatori  #cosplay #anime #manga @Muatori @muatorigatoderiz,14315,0.061279965753424655
marotai,52700,1140,62,6,3,2026-03-16 04:25:49+00:00,#fyp,71,0.062280701754385964
marotai,52700,1589,103,20,165,2025-09-30 01:08:44+00:00,#raciallyunited,288,0.18124606670862178
marotai,52700,3417,28,9,3,2026-05-15 07:52:03+00:00,#lamarot #stealabrainrot #fortnite #explore  فيه اقوى مني؟ ما اعتقد😅,40,0.011706175007316359
marotai,52700,8729,655,37,359,2026-05-16 16:25:05+00:00,"Baile Da ViaShow o mais falado da cdd 🇧🇷 | Roblox!
.
.
.
.
.
.
.
.
.
.
.
.
.
.
.
.
#robloxfyp #baileroblox #viashowda13 #baile #cidadededeus",1051,0.1204032535227403
marotai,52700,4499,565,53,11,2024-10-04 23:16:34+00:00,"El que tenga oídos para oír, que oiga. Esto es el verdadero rap de Nicaragua.
#Rap #Nicaragua #Miami #Freestyle #Apoyo",629,0.1398088464103134
marotai,52700,1691,162,4,3,2026-03-09 00:57:11+00:00,#filo,169,0.09994086339444117
marotai,52700,736,48,21,1,2026-04-28 21:39:38+00:00,@juliaokillmon,70,0.09510869565217392
marotai,52700,932,59,9,1,2026-01-22 00:08:04+00:00,👳🏽‍♂️👍,69,0.0740343347639485
marotai,52700,31300,3182,35,195,2026-04-16 02:28:06+00:00,"Dodola, Mitita, Posi Posi Rao, Kokoya i'm coming🏄🏻‍♀️
#morotai #malukuutara",3412,0.10900958466453674
marotai,52700,127700,10000,418,773,2026-04-24 03:07:00+00:00,Typp#yg prna sampe air terjun sopi Spil foto2 di komentar👌🏽,11191,0.08763508222396241
marotai,52700,39400,1894,22,672,2022-07-20 13:03:14+00:00,#morotai,2588,0.06568527918781726
marotai,52700,705900,32100,187,1560,2023-05-19 10:53:33+00:00,"❤️💍
#mariagealgerien #wedding #photography #portrai #algerielesang #قسنطينة_غرامي #
#bride #groom #maroitte",33847,0.047948717948717946
marotai,52700,16000,583,27,61,2025-05-18 12:59:23+00:00,"diving bareng hiuuuu di morotai, maluku utara 🦈🦈 btw ini kita diving bareng pawang hiu nya yaa tiap orang ada buddy 1 hehe ❤️ 🤿#sharkdiving #morotai #scubadiving",671,0.0419375
marotai,52700,20100,417,6,33,2025-08-01 16:03:44+00:00,Satu satunya hotel dengan fasilitas terbaik yang ada di morotai🥰🥰🥰🥰#molokai,456,0.022686567164179106
marotai,52700,9575,85,1,4,2023-02-10 07:56:49+00:00,"Wisata Pulau Rao di Morotai Sangatlah Komplit, Ini Rute dan Biaya Transportasi. #wisatamorotai #pulaurao #tribunternate",90,0.009399477806788513
marotai,52700,1385,26,0,3,2025-04-27 11:04:32+00:00,"📍Moro Ma Doto, Morotai  |  Ga disangka ternyata ada resort secakep ini di salah satu ujung utara Indonesia. Lokasinya yang terpencil, bikin suasana makin tenang di tengah alam. Cocok juga buat yang suka surfing. Kalau kalian, mau ke tempat kayak gini juga kah? 

#travelmentor #solotravel #backpacking #scubadiving #freediving #halmahera #morotai #moromadoto #fyp #foryoupage #traveltok",29,0.020938628158844765
marotai,52700,3375,84,0,12,2023-10-03 11:58:12+00:00,"Spot buat snorkeling kalau kamu ada trip atau liburan ke Posi-Posi Rao 😊

#posiposirao #pulaurao #morotai #malukuutara #indonesia #wonderfullindonesia #paradise #travel #island #travelindonesia #snorkeling #fyp",96,0.028444444444444446
marotai,52700,30900,4547,49,311,2026-04-13 14:51:35+00:00,"Pulau Morotai keindahan di bibir pasifik 
#morotaiisland 
#sunset 🪐
#beachvibes",4907,0.15880258899676375
marotai,52700,5882,252,3,2,2026-05-04 02:40:37+00:00,Mengenali kelapa muda di morotai@moromadoto resort@morotai#moromadoto_morotaiisland #healing #honeymoon #relaxing #education,257,0.043692621557293435
marotai,52700,130,31,0,0,2023-01-02 11:53:36+00:00,#保護猫 #catsoftiktok #猫可愛い,31,0.23846153846153847
marotai,52700,884,39,2,3,2025-10-13 23:53:45+00:00,"📍Pantai Army Dock, Pulau Morotai, Maluku Utara 

#malukuutara #morotai #sunsetbeach #morotaipride🔥💫🏝 #sunset",44,0.049773755656108594
marotai,52700,692400,25500,403,2790,2025-07-09 09:27:57+00:00,"Khidmat Rakyat
Nasib baik jambatan ni rosak semasa saya buat pemantauan laluan jambatan😂 Kalau kena masa orang kampung saya lalu, risiko cedera lagi, dan memang pernah terjadi di sini.🥺

#AnakMerotai #fyp #merotai #tawau #sabah",28693,0.04143991912189486
marotai,52700,1226,90,3,0,2026-01-08 15:10:14+00:00,"Enjoy the beautiful island 
 

📍Pantai Batu Kopi Posi Posi Rao Kab.Pulau Morotai Maluku Utara 

#morotaiisland 
#malukutarapride🏜🔥",93,0.07585644371941272
marotai,52700,6539,169,2,30,2022-03-29 07:52:39+00:00,ayo ke morotai. #fypシ゚viral #videoviral #malukuutara #morotaiisland #morotaibeach .,201,0.03073864505276036
marotai,52700,5319,292,1,7,2025-02-14 11:13:56+00:00,"nonton sunset tiba2 banyak yang terbang🥹🥹🫶
Morotai sunset yang ga pernah fail, please do visit apalagi yang seneng dive!!
#nature #naturevibes #indonesia #morotaiisland #malukuutara",300,0.05640157924421884
marotai,52700,83700,6285,51,275,2025-10-14 01:21:10+00:00,📍wisata Morotai😳#malukuutara #fypシ゚ #jjtipis #morotaiisland #viraltiktok,6611,0.07898446833930704
marotai,52700,8378,310,4,15,2025-10-20 14:13:31+00:00,"Pulang Morotai, Maluku Utara • Hallo Amatooooo! 

𝘏𝘦𝘳𝘬𝘦𝘯 𝘫𝘪𝘫 𝘪𝘦𝘮𝘢𝘯𝘥 𝘰𝘱 𝘮𝘪𝘫𝘯 𝘳𝘦𝘦𝘭𝘴.ᐣ 𝘛𝘢𝘨 𝘻𝘦 𝘪𝘯 𝘥𝘦 𝘤𝘰𝘮𝘮𝘦𝘯𝘵𝘴 𝘻𝘰𝘥𝘢𝘵 𝘻𝘦 𝘩𝘦𝘵 𝘰𝘰𝘬 𝘻𝘪𝘦𝘯. 𝘋𝘢𝘯𝘬 𝘫𝘶𝘭𝘭𝘪𝘦 𝘸𝘦𝘭 🫶🏾

#letsdeauxthis #halloamato #fyp #morotai #malukuutara",329,0.03926951539746956
marotai,52700,284500,10500,671,3983,2023-06-11 11:10:04+00:00,Tempat baru Healing Waterfall guys😍😍 📍Ladang Merotai Tawau #healing #healingjourney #waterfall #tawau #tiktoktawau,15154,0.05326537785588752
marotai,52700,17500,1167,32,89,2025-05-29 15:50:33+00:00,"📍Dodola Island, Morotai.
🌊🏝️🫧🌴  #jetski #morotaipride🔥💫🏝 #morotaiisland 
yukk ke morotai",1288,0.0736
marotai,52700,37300,3298,20,238,2025-08-07 02:35:15+00:00,"Bumi moro mode premium🍃🌊🌴🏝️✨

#morotaipride🔥💫🏝 
#explorepage 
#beranda 
#fypシ゚ 
#malukuutara",3556,0.09533512064343164
marotai,52700,83600,4933,45,230,2025-05-17 11:05:23+00:00,HISTORY MOROTAI DALOHA TEMPO DULU🇲🇨,5208,0.06229665071770335
marotai,52700,8937,116,2,1,2022-05-30 10:42:03+00:00,Festa patronale Canna (CS) #santorsolafireworks  #festa  #patronale  #fuochidartificio  #fireworks #mortai  #sud #calabria @fireworks160,119,0.013315430233859237
marotai,52700,8638,982,49,24,2026-01-17 21:19:54+00:00,🤭😅#sunset🌅 #malukupride🏝🔥fypシviral #morotaipride🔥💫🏝 #fyppppppppppppppppppppppp,1055,0.12213475341514239
marotai,52700,21000,2794,1020,1303,2026-01-14 04:25:50+00:00,"wisata moromadoto 
pemandangan laut sangat indah dan pemandangan dari kamar sangat bagus kearah laut cocok untuk liburan keluarga.
pemandangan indah banget jangan lewatkan kesempatan ini yang mau berlibur d moromadoto, Morotai island discon s.d 50%-promo terbatas.
berada desa buho buho, kecamatan Morotai timur kabupaten Pulau Morotai Maluku Utara 97772.
#wisatamoromadoto 
#moromadotoresort 
#pemandanganindah
#desabuhobuho 
#contentcreator",5117,0.24366666666666667
marotai,52700,6018,248,39,20,2023-03-27 23:36:38+00:00,Membalas @GRD•Rya keindahan pulau rao & saminyamau p morotai#malukuutara🇮🇩 #fyp #capcut,307,0.05101362578929877
marotai,52700,8573,496,77,47,2026-05-08 12:51:19+00:00,"Ada orang Pangeo kah di disini? Ada video pangeo nih😅
@CT87 @Rafel tenang @Febrian_Kodobo @Yan🌻 @kessya @Ikhy.🐦‍🔥 @Awen MM @AND1🤠 @Tissa Mila @sella @desny🎀 @mariajulita #tripmalukuutara #morotai #ternate #pangeo",620,0.07232007465298029
marotai,52700,802000,61900,55,258,2024-01-25 13:19:38+00:00,💸😅 #yuqi #songyuqi #gidle #gidleyuqi #yuqigidle #fyp,62213,0.07757231920199502
marotai,52700,61,8,2,1,2026-05-24 05:35:47+00:00,#ootd #csd #fy,11,0.18032786885245902
marotai,52700,5342,652,45,8,2023-11-26 05:34:25+00:00,"Polres Pulau Morotai
#morotai #morotaiisland #malukuutara",705,0.1319730438038188
marotai,52700,1097,147,13,4,2026-05-29 17:37:52+00:00,"Si estás viendo este video. Tenés las mismas herramientas que yo cuando comencé a rapear. HACELO. Que no te limite lo que te falta, hacé con lo que ya tenés #nicaragua🇳🇮 #Hiphop #Rap #Música #ArtistaIndependiente",164,0.14949863263445762
marotai,52700,775,94,4,9,2026-04-08 03:40:28+00:00,"This is the other set of wings I made for my Morathi cosplay. They reach about 18ft wide and 8ft high. A massive wing build!
These are for her gorgon looking form with the snake tail
Cosplay character: Morathi Khaine
Character origin: Warhammer- daughters of Khaine- age of Sigmar 
#warhammer #morathi #cosplaygirls #cosplaywings #cosplaytutorial",107,0.13806451612903226
marotai,52700,1860,105,4,8,2026-05-11 15:33:27+00:00,"ZAZA vs NIKA

#Onepiece #onepiece1182 #digitalartwork #Onepieceart #anime #art",117,0.06290322580645161
marotai,52700,78000,1726,15,29,2024-05-15 04:30:00+00:00,Chef Renatta terpukau dengan kekayaan alam Morotai yang melimpah. Kalian pernah ke Morotai juga? #kisarasa #newseason #youtube #morotai #chefjuna #chefrenatta #diving,1770,0.022692307692307692
marotai,52700,202,57,0,0,2021-02-17 09:31:32+00:00,仲良し兄弟！#可愛い猫 #可愛い猫の動画 #ねむねむ #保護猫 #猫 #catsoftiktok #楽しい毎日 #catlover #楽しい毎日を過ごそう #catlover #cat #猫きょうだい #ねむねむにゃー,57,0.28217821782178215
marotai,52700,464,60,6,0,2025-12-06 23:01:32+00:00,長男マロくんはミストサウナ中〜あったかいね😊#可愛い猫 #cat #可愛い家族 #猫 #温泉,66,0.14224137931034483
marotai,52700,20100,797,11,8,2021-06-29 11:43:42+00:00,Spot Terbaik Menikmati #sunset … #molokaihotel #morotai #morotaiisland  #exploremalut #malukuutara #tiktoktravel #staycation #ayokemorotai,816,0.04059701492537313
marotai,52700,213,25,0,0,2021-02-18 21:50:54+00:00,#猫きょうだい #猫添い寝 #catsoftiktok #可愛い猫 #保護猫 #猫 #楽しい毎日 #catlove,25,0.11737089201877934
marotai,52700,13,6,0,0,2021-04-20 12:49:13+00:00,末っ子ハルくん大好き❤#猫三兄弟 #catsoftiktok #kittensoftiktok #楽しい毎日をありがとう #ちょいちょいちょいちょい #可愛い猫の動画 #catlove #楽しい毎日を過ごそう #可愛い猫,6,0.46153846153846156
marotai,52700,90600,5136,76,208,2025-11-11 01:26:26+00:00,"Morotai jaya. 
Sesepi itu, sejauh itu, seseru itu rutenya dan sepanas itu cuacanya 🤣😆🥵
.
.
#morotai #touring #sololeveling #motovlog #malukuutara",5420,0.0598233995584989
marotai,52700,11400,1229,6,51,2026-02-15 05:47:14+00:00,"Keren abis
#fyppppppppppppppppppppppp 
#morotai 
#storytimur #explore #morotaiisland",1286,0.11280701754385965
marotai,52700,38100,2942,43,212,2026-04-13 13:37:09+00:00,#morotaipunya,3197,0.08391076115485564
marotai,52700,15700,355,7,209,2025-01-17 09:00:23+00:00,"Ini loh jawabannya mba @Raisa Indahnya sunset di Pulau Morotai - Maluku Utara
#kota #raisa #cover #foryoupage #viraltiktok #fypシ゚ #morotai",571,0.036369426751592354
marotai,52700,117500,7852,89,638,2026-01-11 12:24:35+00:00,Taman Kota Morotai Daruba📍🥳#tamankotamorotai#fypdongggggggg #viraltiktok #morotaipride🔥💫🏝,8579,0.07301276595744681
marotai,52700,12400,656,29,15,2025-12-19 08:08:50+00:00,"izin kk nrul, org mrotai yg bbdaki m lewat dlu 🥹🙏 #viraltiktok #videovn #morotai",700,0.056451612903225805
marotai,52700,5810,224,10,11,2025-08-23 03:54:59+00:00,"Kase asekkk🔥
#fyppppppppppppppppppppppp #viral  #soundsystem #morotai #azssoundsystem",245,0.04216867469879518
marotai,52700,70600,1361,8,16,2026-04-21 00:03:01+00:00,Lucu banget sih ibu😂😂izin ibu🙏🏻@Sherly Tjoanda #sherlytjoanda #malut #morotai #fyp,1385,0.01961756373937677
marotai,52700,53100,2737,337,431,2025-04-14 08:11:33+00:00,suatu petang di #Merotai #Tawau,3505,0.0660075329566855
marotai,52700,8463,1159,46,6,2026-01-25 10:39:13+00:00,Udah tau yee #fypp,1211,0.14309346567411083
marotai,52700,16800,1126,126,144,2026-05-24 10:00:52+00:00,tumpang lalu.. #merotai,1396,0.0830952380952381
marotai,52700,15500,1360,14,181,2026-01-22 02:04:37+00:00,#airterjunrajamorotai #morotai #airterjun,1555,0.1003225806451613
marotai,52700,37700,822,8,990,2026-02-27 02:01:00+00:00,"Brand Marutai Jepang akhirnya buka cabang pertama nya diluar negeri dan di Batam! Semua bahan & topping dikurasu langsung oleh Marutai Jepang! Selain ramen, ada ricebowls juga dan lagi promo 15% all item!

📍Marutai, Mega Mall lantai 1, sebelah Fatmawati, Batam.

#batam #kulinerbatam #ramen",1820,0.04827586206896552
marotai,52700,13900,1265,6,117,2026-01-27 02:41:58+00:00,"Pasir timbul morotai🌊🏖️

#morotaiisland #fyp #malukuutara #morotaimalukuutara 
.
.
.
.",1388,0.09985611510791367
marotai,52700,24600,58,15,10,2025-11-09 10:39:03+00:00,"Japan Marutai Hokkaido Miso Ramen 🍜🇯🇵 Legit Japan taste sa bahay!
Rich, creamy, and authentic miso ramen na parang sa ramen shop!
Quick to cook, super flavorful — perfect for cozy nights or ramen cravings!
💥 Add to cart na — experience Japan in one bowl! 🛒 #japaneseramen #instantnoodles #marutai #ramenlovers #japanese",83,0.0033739837398373985
marotai,52700,2878,11,0,1,2021-08-02 09:41:55+00:00,LET'S COOK MARUTAI RAMEN #ShopeeFinds #marutairamen #KagoshimaKuroButaTonkotsu #Ramen,12,0.004169562195969423
marotai,52700,116200,11900,339,523,2022-03-18 15:34:01+00:00,#morotaiisland :●{klu kita orang morotai kng ngoni orang apa?},12762,0.10982788296041308
marotai,52700,14000,232,3,162,2026-05-15 07:53:01+00:00,"Jalan Lahad Datu - Kunak Ditutup Serta-Merta Akibat Jalan Runtuh

JALAN LAHAD DATU - KUNAK | 15 Mei 2026 — Satu kejadian jalan runtuh yang serius dilaporkan baru sahaja berlaku melibatkan laluan utama Jalan Lahad Datu - Kunak, berhampiran dengan Dewata.

#Merotai #ComfortSegredos",397,0.02835714285714286
marotai,52700,92900,4543,193,654,2025-10-18 10:01:08+00:00,"Pandai juga ya orang merotai berkata-kata🔥@boboisirent @Madodong food fest @Syazwann 

#fyp #tawau #merotai #madodongfoodfest #best",5390,0.05801937567276642
marotai,52700,743200,31900,131,444,2026-05-17 09:08:21+00:00,"Tragedi yang menewaskan suaminya menjadi titik balik bagi Sherly Tjoanda.

Pada Oktober 2024, sang suami, Benny Laos Bupati Pulau Morotai sekaligus calon gubernur Maluku Utara meninggal dunia setelah insiden kebakaran speedboat saat melakukan perjalanan kampanye di wilayah Pulau Taliabu.

Peristiwa itu bukan hanya meninggalkan duka mendalam, tapi juga membuka kenyataan pahit tentang keterbatasan fasilitas dan layanan kesehatan di wilayah Maluku Utara, terutama di daerah kepulauan yang jauh dari akses medis memadai.

Dari situlah tekad Sherly muncul.

Ia memutuskan melanjutkan perjuangan yang sempat dirintis bersama sang suami: mendorong pembangunan dan memperbaiki layanan publik, termasuk sektor kesehatan di Maluku Utara.

Bagi Sherly, tragedi itu bukan hanya kehilangan pribadi tetapi juga pengingat bahwa tak boleh ada lagi keluarga yang kehilangan orang tercinta karena keterbatasan akses layanan kesehatan.

#sherlytjoanda 
#gubernurmalukuutara 
#malukuutara 
#gubernur 
#politik",32475,0.04369617868675996
marotai,52700,25400,907,12,64,2025-12-03 15:05:13+00:00,Pulau Morotai: Peninggalan Perang Dunia II #tambahtahu #pulaumorotai #perangdunia2 #faktamenarik,983,0.0387007874015748
marotai,52700,152800,5508,199,1222,2024-12-27 06:42:56+00:00,"Replying to @Lemon ais 🍋 Lokasi ""Tagal"" Kampung Kijang Merotai Besar, Tawau. Mari berkunjung ke sini untuk beriadah😍 #tawau #tawausabah #fyp #tempatberiadahtawau #healingplace #tawaurian #tawautown #tawausabahtiktok",6929,0.04534685863874346
marotai,52700,13600,611,17,48,2025-09-08 13:34:41+00:00,Trotse MATUARIËR❤️ #viral #culturedance #matawai,676,0.049705882352941176
marotai,52700,2493,177,4,6,2026-04-16 20:46:37+00:00,"Sunset di pelabuhan morotai island 🌄
#morotaiisland #beachvibes #sunset #mega #fyp",187,0.07501002807862013
marotai,52700,2896,53,1,5,2024-08-21 19:09:54+00:00,"MELICUCCO 26 Agosto Piazza Sen.Domenico Romano ORE 22.00
il Gran Concerto degli ETNOSOUND #folklore #musica #live #etnosound #viral #video #like #melicucco #polistena #cittanova #anoia #maropati #laureana #estate #tradizioni #2024 #agosto",59,0.02037292817679558
marotai,52700,665,48,5,3,2026-05-18 13:46:12+00:00,#fyp #paratiii 😘,56,0.08421052631578947
marotai,52700,1532,125,7,0,2025-09-15 02:58:48+00:00,"Ravitaillement Maupiti tcheck ✅ 
13 Septembre 2025 
#Maupiti #weekend #Raromatai #tereutacrew #vaearai",132,0.08616187989556136
marotai,52700,909,68,2,4,2026-03-16 07:43:49+00:00,Would you?😜 #indonesia #borneo #komodo #maratua #travelcouple,74,0.0814081408140814
marotai,52700,44900,5205,51,582,2025-12-23 18:40:48+00:00,"Si petite,
et déjà tout ce mana ✨
🥹🌺

#matarii #papetee #tahiti",5838,0.13002227171492206
marotai,52700,42100,2021,84,70,2026-03-06 00:02:36+00:00,"Day 2 travelling West Africa 

#africa #mauritania #nouakchott",2175,0.05166270783847981
marotai,52700,282,15,1,5,2026-05-19 10:59:58+00:00,#fypシ #highlight #syrineamarota,21,0.07446808510638298
marotai,52700,1376,81,3,6,2025-05-09 02:18:37+00:00,e aquela risada marota KKKKKKKKKKK,90,0.06540697674418605
marotai,52700,1350,24,7,0,2026-04-16 21:59:55+00:00,#الشعب_الصيني_ماله_حل😂😂 #fortnite #lamarot #trading #stealabrainrot,31,0.022962962962962963
marotai,52700,1438,242,6,11,2026-05-12 21:24:11+00:00,maoritsu edit again bye. i made it for my oomf | ac: ritskun on X | #fyp #xyzbca #edit #enstars #maoritsu ritsu sakuma mao isara enstars ritsumao maoritsu,259,0.18011126564673158
marotai,52700,423,19,9,5,2026-05-03 00:25:33+00:00,Aura.,33,0.07801418439716312
marotai,52700,238,10,6,0,2025-12-14 18:08:42+00:00,#CapCut,16,0.06722689075630252
marotai,52700,1150,84,11,6,2026-01-16 00:26:22+00:00,🍓🤍,101,0.08782608695652173
marotai,52700,287,15,5,0,2026-05-17 01:10:50+00:00,yup,20,0.06968641114982578
marotai,52700,1285,115,24,10,2026-04-21 15:30:46+00:00,"🩶

#fyp",149,0.11595330739299611
marotai,52700,4207,191,5,62,2025-02-17 04:14:59+00:00,Idk what I’m doin🙂 #fyp #Polynesian,258,0.061326360827192776
marotai,52700,1073,96,28,9,2026-02-20 17:44:33+00:00,#jesusloveyou,133,0.1239515377446412
marotai,52700,2313,222,4,2,2026-05-22 23:31:28+00:00,Respuesta a @danielmarote1,228,0.09857328145265888
marotai,52700,182,7,0,0,2022-11-26 15:50:46+00:00,Mamori Tai (and you me),7,0.038461538461538464
marotai,52700,115900,8538,132,1995,2025-01-13 14:48:10+00:00,"🇵🇦 En Veraguas, sobretodo en el distrito de Mariato, tenemos playas que… #panama #veraguas #cocle #chiriqui #overland #camping #trip #4x4 #offroad #playa #dji",10665,0.09201898188093184
marotai,52700,2200000,50400,396,6660,2023-04-05 19:47:57+00:00,#fipシ #viralvideo #fyp ##fypシ゚viral #maruta #lamaruta,57456,0.026116363636363635
marotai,52700,8761,157,0,6,2026-02-21 08:50:03+00:00,"air terjun Nakamura, Morotai, Maluku Utara #airterjun  #morotai  #airterjunnakamura  #malukuutara  #malukuutarapride🏝🔥fypシviral",163,0.018605182056842827
marotai,52700,21100,133,5,43,2024-10-16 11:11:24+00:00,#CapCut #maruro,181,0.0085781990521327
marotai,52700,345,7,0,0,2022-01-23 14:27:22+00:00,#marote #percusión #flamenco #fusión #viral #parati #worl #concierto #universal,7,0.020289855072463767
marotai,52700,148000,2961,266,454,2026-02-16 15:48:55+00:00,"At a starting price of R350 000 with a manual gearbox the Tata Curvv has made itself hard money to justify… IF you’d like an automatic you’ll have to spend R420 000 and if you’re planning on checking yourself into mental asylum you can have the top of the range model for R520 000 🥴

I could’ve possibly forgiven some of the design flaws if the powertrain was more refined, but the motor vibrates like it’s trying to escape and the dual-clutch gearbox is far too laggy a combination for this underpowered engine. It constantly feels laborious. 

Overall the Curvv is a disappointing car, and it pains me to say that because it feels like it definitely had the potential to be great with how strong it’s chassis and build structure feel. 

I’m hoping that Tata can learn from this as they continue position themselves against the Chinese 👏

#tata #tatacurvv #maruticar #maruti #mahindra",3681,0.024871621621621622
marotai,52700,1500000,120700,405,5181,2024-05-27 20:03:59+00:00,Scoobidoo sur nous,126286,0.08419066666666666
marotai,52700,8112,228,3,32,2026-02-19 06:39:02+00:00,"No te mau animara Matari'i i nia Sem Manutahi Tipaerui Valley 2012
#matarii #polynesian #tahiti #semetua",263,0.03242110453648915
marotai,52700,7012,206,2,36,2025-04-22 14:59:10+00:00,Suasananya tenang sekali nih hotel 🍃 #morotai #malukuutara #travel #trip #staycation @Hotel Moloka'i Morotai,244,0.03479749001711352
